tree
version=v4
num_class=1
num_tree_per_iteration=1
label_index=0
max_feature_idx=90
objective=regression
feature_names=Column_0 Column_1 Column_2 Column_3 Column_4 Column_5 Column_6 Column_7 Column_8 Column_9 Column_10 Column_11 Column_12 Column_13 Column_14 Column_15 Column_16 Column_17 Column_18 Column_19 Column_20 Column_21 Column_22 Column_23 Column_24 Column_25 Column_26 Column_27 Column_28 Column_29 Column_30 Column_31 Column_32 Column_33 Column_34 Column_35 Column_36 Column_37 Column_38 Column_39 Column_40 Column_41 Column_42 Column_43 Column_44 Column_45 Column_46 Column_47 Column_48 Column_49 Column_50 Column_51 Column_52 Column_53 Column_54 Column_55 Column_56 Column_57 Column_58 Column_59 Column_60 Column_61 Column_62 Column_63 Column_64 Column_65 Column_66 Column_67 Column_68 Column_69 Column_70 Column_71 Column_72 Column_73 Column_74 Column_75 Column_76 Column_77 Column_78 Column_79 Column_80 Column_81 Column_82 Column_83 Column_84 Column_85 Column_86 Column_87 Column_88 Column_89 Column_90
feature_infos=[-1.7097273326586353:1.9957360868564857] [-1.1055175628210132:3.4915968849038057] [-1.6431439036117184:2.3053928889638544] [-1.6767715973373651:2.0046461062618808] [-1.5265368322634296:2.8150019277708878] [-0.78968055066019027:4.9893105551773358] [-0.57182677846666508:4.6112699533654276] [-0.491794446943768:4.2572540841859183] [-0.63890421550670884:5.9511919867360952] [-0.63651700654423538:4.1277644161498852] [-2.0078905086239653:3.1963129748306249] [-1.5362210392954825:3.6634521939291602] [-1.198727062278784:3.6738568030342864] [-0.8650084295043976:3.834766224821557] [-1.8175632697235427:2.3415920490805049] [-1.8130659200764392:2.456951568391931] [-1.9774606195301279:2.901849181013771] [-1.7178165199849194:2.6623990057903697] [-2.0776485975419758:2.9546020124077534] [-1.7489753614364327:2.501954590352113] [-1.7192569298633611:3.1655081042555717] [-1.5938948768131767:3.9834124686002284] [-2.4014503141928025:2.0053856796943506] [-0.85924807068443176:5.4067124258783865] [-2.2676927946316963:2.6246778007164875] [-0.26499844875426321:6.3229472232739985] [-1.9680944005923908:2.5906899899038889] [-5.1796070420927949:2.1248507880259409] [-2.3234994665058832:1.7956653465623633] [-3.4914488022923278:2.5326395864779343] [-1.526732656748371:3.2575179328195349] [-1.5222752807785529:2.595664730483465] [-2.6892476926059272:2.5249785479670117] [-2.345545407391679:2.3084715461530059] [-1.658554174151577:2.5174082709285646] [-1.0815271671392519:4.0636671620303089] [-2.6661917466223546:2.5843149162955878] [-4.001003114129194:2.8830072462079506] [-4.0899743868900877:1.3608320878716664] [-6.2632916611562433:0.89435096675183612] [-2.1152403031618072:2.3510362393619322] [-1.7852199962114685:1.9751849121246194] [-3.7692711066253892:1.7310297155007086] [-1.9232248336125148:2.1794463302651694] [-1.5689411568378029:2.051960676884188] [-2.310178494432404:1.6239491588097672] [-2.3992004887624923:2.6010552881233844] [-2.4706349460502524:2.3154966887321948] [-1.5836949709909995:3.3942526415425385] [-2.0092230354607414:2.3647408291410401] [-1.542736829821485:2.1290944501174898] [-2.3348546190196728:1.5901665515169074] [-2.2761889536943065:2.3281903681445022] [-1.9909680757808246:2.6696178095508651] [-2.0074445092710471:2.9780753603494832] [-2.0229557315371145:3.1943810150311611] [-1.5446565182429104:2.0110245220060721] [-1.918348524939536:1.6215610250354184] [-1.7170472112235908:3.292679944217308] [-5.5367498628474028:2.813863771424975] [-2.2261483685095218:1.6120406092252966] [-0.74747500336718453:5.6761065034874125] [-2.4528745956713975:1.2292974328364434] [-6.2788053015032004:0.59554211755515152] [-2.1046584327492099:2.8401683786517236] [-3.179619721229614:5.1423393266269066] [-1.479503053710725:4.4584870570110704] [-1.7098403655731713:2.6235154618172429] [-2.4973744246565914:1.8448670827314859] [-0.89900478124990046:5.2948322740407079] [-2.4722544281254009:1.8903659780091164] [-6.2278815127713534:0.66134040602378097] [-3.0133042368810665:2.3316425603875115] [-2.9735194809692644:4.8593998456022991] [-2.4247074807107056:1.8682862432522289] [-5.6483418897632696:2.1359907904882469] [-2.261580018972642:2.0615355865360021] [-1.8886887347226227:2.0769508750865078] [-2.0755026442105557:2.0640770413884391] [-2.0724230107920372:2.6670718541594822] [-1.1663342368205436:3.0437637401502213] [-1.5600747744535304:1.9619109102626806] [-1.8366578409174752:2.1915120786365643] [-1.1921961716159761:3.7997659047858465] [-1.4442896625022286:3.715047519949068] [-1.0471017135911838:3.6493585049924757] [-1.5970700226779491:2.1136911011109984] [-4.7707911896976691:1.461688796750537] [-2.4341691008369848:1.9050019050028539] [-1.743296500122258:1.9409899176618852] [-1.7116950245118094:1.5779688507218244]
tree_sizes=1199 1235 1267 1247 1260 1247 1248 1275 1259 1252 1273 1281 1260 1255 1174 1285 1285 1132 1132 1131 1079 1179 1174 1288 1293 1237 1196 1280 1185 1198 1198 1244 1215 1202 1283 1185 1253 1198 1293 1226 1275 1212 1294 1289 1264 1295 1300 1316 1262 1268 1294 1264 1299 1311 1325 1273 1171 1309 1313 1383 1206 1312 1287 1280 1306 1308 1189 1296 1309 1296 1236 1403 1345 1385 1237 1294 1323 1409 1262 1242 1419 1321 1438 1410 1399 1290 1413 1357 1217 1294 1439 1338 1398 1245 1312 1337 1329 1364 1390 1211 1352 1331 1346 1431 1324 1332 1422 1335 1380 1459 1347 1223 1321 1242 1339 1309 1337 1274 1453 1267 1336 1324 1357 1252 1357 1355 1336 1393 1304 1304 1462 1370 1314 1423 1306 1305 1324 1303 1220 1306 1199 1280 1345 1318 1203 1402 1306 1303 1303 1324 1336 1444 1371 1297 1341 1320 1356 1439 1309 1249 1287 1284 1445 1406 1342 1432 1350 1252 1308 1324 1253 1337 1410 1297 1333 1419 1340 1276 1272 1302 1457 1374 1349 1350 1261 1248 1383 1184 1409 1337 1336 1320 1215 1255 1321 1324 1360 1337 1343 1380 1366 1229 1357 1250 1307 1256 1252 1357 1124 1371 1245 1265 1380 1377 1337 1333 1424 1286 1283 1234 1185 1271 1287 1327 1233 1440 1248 1289 1359 1301 1356 1404 1447 1345 1430 1380 1167 1249 1359 1303 1356 1336 1244 1326 1322 1450 1430 1359 1360 1465 1264 1239 1136 1344 1468 1330 1436 1236 1244 1251 1243 1101 1366 1451 1431 1377 1249 1340 1270 1352 1389 1187 1336 1254 1467 1253 1354 1450 1412 1380 1324 1333 1361 1250 1365 1295 1467 1358 1288 1234 1382 1323 1472 1186 1266 1491 1248 1428 1254 1321

Tree=0
num_leaves=12
num_cat=0
split_feature=66 45 49 89 19 52 49 27 12 1 1
split_gain=11.6813 12.4452 5.11922 3.28256 2.79231 1.37619 0.669643 0.416667 0.190476 0.145833 0.0416667
threshold=-0.18755022858475526 0.55096213077797918 1.2633800705949241 1.0000000180025095e-35 0.45456369357610421 0.68637815552215431 -0.32783102073204329 0.13485984868228248 1.0000000180025095e-35 -0.18364188332673287 -1.0000000180025095e-35
decision_type=2 2 2 2 2 2 2 2 2 2 2
left_child=2 4 3 6 5 8 -1 -5 -2 -3 -9
right_child=1 9 -4 7 -6 -7 -8 10 -10 -11 -12
leaf_value=3.6471036583912082 3.6158536583912082 3.5491869917245418 3.5971036583912084 3.6908536583912084 3.6658536583912085 3.582520325057875 3.6158536583912082 3.665853658391208 3.6325203250578748 3.5346036598813244 3.6741869917245418
leaf_weight=4 4.0000000000000018 3 3.9999999999999991 3.9999999999999982 2.9999999999999991 3 3.0000000000000062 3.0000000000000036 3 3.9999999999999991 2.9999999999999964
leaf_count=4 4 3 4 4 3 3 3 3 3 4 3
internal_value=3.62195 3.5946 3.648 3.65997 3.62355 3.61085 3.63371 3.67835 3.623 3.54085 3.67002
internal_weight=41 20 21 17 13 10 7 10 7 7 6
internal_count=41 20 21 17 13 10 7 10 7 7 6
is_linear=0
shrinkage=1


Tree=1
num_leaves=12
num_cat=0
split_feature=66 45 49 89 23 52 49 42 26 0 0
split_gain=10.5424 11.2318 4.6201 2.96251 2.62564 1.21905 0.604353 0.382668 0.196878 0.151973 0.0416667
threshold=-0.18755022858475526 0.55096213077797918 1.2633800705949241 1.0000000180025095e-35 1.0000000180025095e-35 0.68637815552215431 -0.32783102073204329 0.42342200793948565 -1.0000000180025095e-35 -0.91461887957759636 0.67048036464423977
decision_type=2 2 2 2 2 2 2 2 2 2 2
left_child=2 4 3 6 5 8 -1 10 -2 -3 -5
right_child=1 9 -4 7 -6 -7 -8 -9 -10 -11 -12
leaf_value=0.023894816637039181 0.010318428402145701 -0.085549624760945617 -0.023605184257030488 0.065735093752543147 0.042540651684006059 -0.037459349632263175 -0.0057926829904317717 0.041603149473667139 -0.006626016274094578 -0.070662476122379303 0.057401759425799039
leaf_weight=4 3 3 3.9999999999999991 2.9999999999999982 2.9999999999999991 3 3.0000000000000062 4 4.0000000000000018 3.9999999999999991 3
leaf_count=4 3 3 4 3 3 3 3 4 4 4 3
internal_value=-3.54357e-10 -0.0259802 0.024743 0.0361191 0.00151501 -0.0107927 0.0111716 0.0535823 0.000635889 -0.0770427 0.0615684
internal_weight=41 20 21 17 13 10 7 10 7 7 6
internal_count=41 20 21 17 13 10 7 10 7 7 6
is_linear=0
shrinkage=0.05


Tree=2
num_leaves=12
num_cat=0
split_feature=66 45 49 89 30 52 49 27 49 1 9
split_gain=9.5145 10.1367 4.16964 2.67367 2.43539 1.08624 0.545428 0.351178 0.198037 0.137573 0.0416667
threshold=-0.18755022858475526 0.55096213077797918 1.2633800705949241 1.0000000180025095e-35 1.0000000180025095e-35 0.68637815552215431 -0.32783102073204329 0.13485984868228248 -0.98823507339741135 -0.18364188332673287 -0.48252770469306566
decision_type=2 2 2 2 2 2 2 2 2 2 2
left_child=2 4 3 6 5 8 -1 -5 -2 -3 -9
right_child=1 9 -4 7 -6 -7 -8 10 -10 -11 -12
leaf_value=0.022700076177716251 0.010084914416074751 -0.065096653501192717 -0.022424924373626712 0.062378898262977614 0.040950655688842139 -0.035586382945378608 -0.0055030487477779264 0.039086070656776377 -0.0069092987105250324 -0.079260970652103427 0.047419404983520555
leaf_weight=4 3 3 3.9999999999999991 3.9999999999999982 2.9999999999999991 3 3.0000000000000062 3.0000000000000036 4.0000000000000018 3.9999999999999991 2.9999999999999964
leaf_count=4 3 3 4 4 3 3 3 3 4 4 3
internal_value=1.09033e-10 -0.0246812 0.0235059 0.0343131 0.00143926 -0.0104142 0.010613 0.0509032 0.000373935 -0.0731905 0.0432527
internal_weight=41 20 21 17 13 10 7 10 7 7 6
internal_count=41 20 21 17 13 10 7 10 7 7 6
is_linear=0
shrinkage=0.05


Tree=3
num_leaves=12
num_cat=0
split_feature=66 45 53 23 78 52 74 77 12 0 6
split_gain=8.58684 9.14836 3.91781 2.22857 1.21644 0.973933 0.348051 0.194358 0.158928 0.142939 0.122961
threshold=-0.18755022858475526 0.55096213077797918 0.26087094406271599 1.0000000180025095e-35 0.79187513870965531 0.68637815552215431 -0.14562624662257653 0.66826173592948757 -0.23056763232619609 -0.91461887957759636 -0.13677497563562044
decision_type=2 2 2 2 2 2 2 2 2 2 2
left_child=2 3 4 5 6 7 10 -2 -6 -3 -1
right_child=1 9 -4 -5 8 -7 -8 -9 -10 -11 -12
leaf_value=0.045540959636370282 -0.0069717330858111342 -0.077781242132186873 -0.01630230650305748 0.039163751651843388 0.0084674160927534076 -0.033807063102722155 0.033657889813184717 0.0098639051119486475 0.024742551147937775 -0.063343358784914025 0.059856496254603056
leaf_weight=3.0000000000000036 4.0000000000000018 3 4.9999999999999991 2.9999999999999991 3 3 4.0000000000000018 3 2.9999999999999991 3.9999999999999991 3
leaf_count=3 4 3 5 3 3 3 4 3 3 4 3
internal_value=-4.08873e-10 -0.0234471 0.0223306 0.0013673 0.0344034 -0.00997164 0.0450824 0.00024354 0.016605 -0.069531 0.0526987
internal_weight=41 20 21 13 16 10 10 7 6 7 6
internal_count=41 20 21 13 16 10 10 7 6 7 6
is_linear=0
shrinkage=0.05


Tree=4
num_leaves=12
num_cat=0
split_feature=66 45 49 89 19 52 49 27 12 1 16
split_gain=7.74962 8.25639 3.62738 2.23366 2.09676 0.861477 0.438935 0.319176 0.188161 0.129773 0.036572
threshold=-0.18755022858475526 0.55096213077797918 1.2633800705949241 1.0000000180025095e-35 0.45456369357610421 0.68637815552215431 -0.32783102073204329 0.13485984868228248 1.0000000180025095e-35 -0.18364188332673287 -0.13447803545466069
decision_type=2 2 2 2 2 2 2 2 2 2 2
left_child=2 4 3 6 5 8 -1 -5 -2 -3 -9
right_child=1 9 -4 7 -6 -7 -8 10 -10 -11 -12
leaf_value=0.020474843308329577 -0.0071915355511009658 -0.058193388581275922 -0.021626124158501625 0.057398055493831646 0.0379605973760287 -0.032116710146268206 -0.0048256097982327037 0.035260522365570021 0.009373525778452553 -0.071950280666351327 0.043067785104115845
leaf_weight=4 4.0000000000000018 3 3.9999999999999991 3.9999999999999982 2.9999999999999991 3 3.0000000000000062 3.0000000000000036 3 3.9999999999999991 2.9999999999999964
leaf_count=4 4 3 4 4 3 3 3 3 3 4 3
internal_value=0 -0.0222748 0.0212141 0.0312941 0.00129893 -0.00969957 0.00963179 0.0464577 -9.22236e-05 -0.0660545 0.0391642
internal_weight=41 20 21 17 13 10 7 10 7 7 6
internal_count=41 20 21 17 13 10 7 10 7 7 6
is_linear=0
shrinkage=0.05


Tree=5
num_leaves=12
num_cat=0
split_feature=66 45 53 30 78 52 74 77 23 0 8
split_gain=6.99403 7.4514 3.34282 1.94769 0.997298 0.766443 0.279979 0.188827 0.15432 0.13445 0.102239
threshold=-0.18755022858475526 0.55096213077797918 0.26087094406271599 1.0000000180025095e-35 0.79187513870965531 0.68637815552215431 -0.14562624662257653 0.66826173592948757 -0.26602746868202626 -0.91461887957759636 -0.22051637116984457
decision_type=2 2 2 2 2 2 2 2 2 2 2
left_child=2 3 4 5 6 7 10 -2 -6 -3 -1
right_child=1 9 -4 -5 8 -7 -8 -9 -10 -11 -12
leaf_value=0.041278651356697026 -0.0074162565171718544 -0.070753228664398177 -0.015532136261463166 0.036568365246057513 0.007170725117127099 -0.030510874589284254 0.030727871134877183 0.0091781180351972556 0.02320818901062012 -0.056750634312629701 0.054332309961318964
leaf_weight=3.0000000000000036 4.0000000000000018 3 4.9999999999999991 2.9999999999999991 3 3 4.0000000000000018 3 2.9999999999999991 3.9999999999999991 3
leaf_count=3 4 3 5 3 3 3 4 3 3 4 3
internal_value=1.54463e-10 -0.021161 0.0201534 0.00123398 0.0313051 -0.00936633 0.0409744 -0.000304382 0.0151895 -0.0627517 0.0478055
internal_weight=41 20 21 13 16 10 10 7 6 7 6
internal_count=41 20 21 13 16 10 10 7 6 7 6
is_linear=0
shrinkage=0.05


Tree=6
num_leaves=12
num_cat=0
split_feature=66 45 49 89 19 52 49 42 49 1 48
split_gain=6.31212 6.72488 3.15862 1.865 1.78167 0.687027 0.351844 0.294298 0.184756 0.122407 0.0511618
threshold=-0.18755022858475526 0.55096213077797918 1.2633800705949241 1.0000000180025095e-35 0.45456369357610421 0.68637815552215431 -0.32783102073204329 0.42342200793948565 -0.98823507339741135 -0.18364188332673287 -0.5387443204516108
decision_type=2 2 2 2 2 2 2 2 2 2 2
left_child=2 4 3 6 5 8 -1 10 -2 -3 -5
right_child=1 9 -4 7 -6 -7 -8 -9 -10 -11 -12
leaf_value=0.018465746939182279 0.0089931427190701151 -0.051979437470436089 -0.020830715447664263 0.044794230659802689 0.034967227280139922 -0.02898533046245574 -0.0041861033687988821 0.031902437657117838 -0.0074213524349033781 -0.065340200066566476 0.054028385877609331
leaf_weight=4 3 3 3.9999999999999991 3.0000000000000036 2.9999999999999991 3 3.0000000000000062 4 4.0000000000000018 3.9999999999999991 2.9999999999999947
leaf_count=4 3 3 4 3 3 3 3 4 4 4 3
internal_value=2.9984e-10 -0.020103 0.0191457 0.0285519 0.00117229 -0.0089662 0.00875781 0.0424078 -0.000386569 -0.0596142 0.0494113
internal_weight=41 20 21 17 13 10 7 10 7 7 6
internal_count=41 20 21 17 13 10 7 10 7 7 6
is_linear=0
shrinkage=0.05


Tree=7
num_leaves=12
num_cat=0
split_feature=66 45 80 89 23 9 52 27 41 0 48
split_gain=5.69669 6.06921 2.92598 1.86321 1.67925 0.762862 0.606347 0.346359 0.178339 0.126472 0.0571598
threshold=-0.18755022858475526 0.55096213077797918 -0.9077348392975686 -1.0000000180025095e-35 1.0000000180025095e-35 -0.043900471536619426 0.68637815552215431 0.13485984868228248 0.086519904674862189 -0.91461887957759636 -0.5387443204516108
decision_type=2 2 2 2 2 2 2 2 2 2 2
left_child=2 4 -1 5 6 -4 8 -5 -2 -3 -9
right_child=1 9 3 7 -6 -7 -8 10 -10 -11 -12
leaf_value=-0.027527974049250253 0.0085464349637428844 -0.064393917719523103 0.019936835020780558 0.050377447158098276 0.033922843386729559 -0.013417440777023601 -0.027536063392957045 0.028020765259861913 -0.0075804789550602426 -0.05081310272216797 0.037150828043619827
leaf_weight=3.0000000000000027 3.0000000000000018 3 4 3.9999999999999947 2.9999999999999991 3.0000000000000062 3 4.0000000000000036 4 3.9999999999999991 2.9999999999999964
leaf_count=3 3 3 4 4 3 3 3 4 4 4 3
internal_value=-1.36291e-10 -0.0190978 0.0181884 0.0258078 0.00111367 0.00564215 -0.00872908 0.0386405 -0.000668944 -0.0566335 0.0319336
internal_weight=41 20 21 18 13 7 10 11 7 7 7
internal_count=41 20 21 18 13 7 10 11 7 7 7
is_linear=0
shrinkage=0.05


Tree=8
num_leaves=12
num_cat=0
split_feature=66 45 49 30 89 52 49 42 49 1 21
split_gain=5.14126 5.47746 2.72863 1.56127 1.46507 0.538681 0.268776 0.247002 0.178539 0.115452 0.0453344
threshold=-0.18755022858475526 0.55096213077797918 1.2633800705949241 1.0000000180025095e-35 1.0000000180025095e-35 0.68637815552215431 -0.32783102073204329 0.42342200793948565 -0.98823507339741135 -0.18364188332673287 -1.0000000180025095e-35
decision_type=2 2 2 2 2 2 2 2 2 2 2
left_child=2 3 4 5 6 8 -1 10 -2 -3 -6
right_child=1 9 -4 -5 7 -7 -8 -9 -10 -11 -12
leaf_value=0.01696254666894674 0.0083849452435970275 -0.046387114127477001 -0.019876833260059359 0.032693639894326526 0.040372211734453781 -0.026159260670344027 -0.0028355750565727486 0.028678025305271145 -0.0077510348521172947 -0.059362776577472687 0.049064583579699277
leaf_weight=4 3 3 3.9999999999999991 2.9999999999999991 3.0000000000000036 3 3.0000000000000062 4 4.0000000000000018 3.9999999999999991 2.9999999999999947
leaf_count=4 3 3 4 3 3 3 3 4 4 4 3
internal_value=2.27152e-11 -0.0181429 0.017279 0.00105799 0.0260215 -0.00843271 0.00847764 0.0383022 -0.000835615 -0.0538018 0.0447184
internal_weight=41 20 21 13 17 10 7 10 7 7 6
internal_count=41 20 21 13 17 10 7 10 7 7 6
is_linear=0
shrinkage=0.05


Tree=9
num_leaves=12
num_cat=0
split_feature=66 45 53 23 78 52 74 77 12 0 6
split_gain=4.63999 4.94341 2.51153 1.42854 0.679972 0.482578 0.177783 0.174547 0.125377 0.118974 0.0652789
threshold=-0.18755022858475526 0.55096213077797918 0.26087094406271599 1.0000000180025095e-35 0.79187513870965531 0.68637815552215431 -0.14562624662257653 0.66826173592948757 -0.23056763232619609 -0.91461887957759636 -0.13677497563562044
decision_type=2 2 2 2 2 2 2 2 2 2 2
left_child=2 3 4 5 6 7 10 -2 -6 -3 -1
right_child=1 9 -4 -5 8 -7 -8 -9 -10 -11 -12
leaf_value=0.034293484687805124 -0.0077202692627906747 -0.058638602495193461 -0.014516741111874582 0.031266095489263533 0.0055464733392000184 -0.024851297338803605 0.025900313258171066 0.00823427600165208 0.020001962780952454 -0.045466505736112599 0.044724124670028675
leaf_weight=3.0000000000000036 4.0000000000000018 3 4.9999999999999991 2.9999999999999991 3 3 4.0000000000000018 3 2.9999999999999991 3.9999999999999991 3
leaf_count=3 4 3 5 3 3 3 4 3 3 4 3
internal_value=-2.72582e-11 -0.0172358 0.016415 0.00100509 0.0260812 -0.00807321 0.0340654 -0.000882607 0.0127742 -0.0511117 0.0395088
internal_weight=41 20 21 13 16 10 10 7 6 7 6
internal_count=41 20 21 13 16 10 10 7 6 7 6
is_linear=0
shrinkage=0.05


Tree=10
num_leaves=12
num_cat=0
split_feature=66 45 49 19 89 52 27 49 12 1 16
split_gain=4.18759 4.46143 2.37822 1.34707 1.21882 0.425138 0.230637 0.212393 0.16764 0.108886 0.0242005
threshold=-0.18755022858475526 0.55096213077797918 1.2633800705949241 0.45456369357610421 1.0000000180025095e-35 0.68637815552215431 0.13485984868228248 -0.32783102073204329 1.0000000180025095e-35 -0.18364188332673287 -0.13447803545466069
decision_type=2 2 2 2 2 2 2 2 2 2 2
left_child=2 3 4 5 7 8 -6 -1 -2 -3 -8
right_child=1 9 -4 -5 6 -7 10 -9 -10 -11 -12
leaf_value=0.015297064185142515 -0.0078127190470695437 -0.041355365514755243 -0.019093851000070574 0.030340309441089633 0.044257342815399184 -0.023608733216921484 0.025581992665926579 -0.0023023461923003144 0.0078229935218890496 -0.053956660628318789 0.031932910283406606
leaf_weight=4 4.0000000000000018 3 3.9999999999999991 2.9999999999999991 3.9999999999999982 3 3.0000000000000036 3.0000000000000062 3 3.9999999999999991 2.9999999999999964
leaf_count=4 4 3 4 3 4 3 3 3 3 4 3
internal_value=-2.86211e-10 -0.016374 0.0155943 0.000954833 0.0237562 -0.00786081 0.0349574 0.00775446 -0.0011117 -0.0485561 0.0287575
internal_weight=41 20 21 13 17 10 10 7 7 7 6
internal_count=41 20 21 13 17 10 10 7 7 7 6
is_linear=0
shrinkage=0.05


Tree=11
num_leaves=12
num_cat=0
split_feature=66 45 80 89 30 1 49 27 24 0 7
split_gain=3.7793 4.02644 2.21252 1.30137 1.25444 0.628266 0.400742 0.245407 0.143821 0.111927 0.0321682
threshold=-0.18755022858475526 0.55096213077797918 -0.9077348392975686 -1.0000000180025095e-35 1.0000000180025095e-35 -0.27481233249325943 -0.98823507339741135 0.13485984868228248 -1.0000000180025095e-35 -0.91461887957759636 -1.0000000180025095e-35
decision_type=2 2 2 2 2 2 2 2 2 2 2
left_child=2 4 -1 5 6 -4 -2 -5 -8 -3 -9
right_child=1 9 3 7 -6 -7 8 10 -10 -11 -12
leaf_value=-0.024939348641782971 0.0076893384257952354 -0.053428884347279854 0.017559570074081418 0.042044476419687317 0.029264296591281894 -0.012709579182167819 -0.022428297003110245 0.023584115505218481 -0.0079459545202553213 -0.040652863681316376 0.030433346827824937
leaf_weight=3.0000000000000027 3 3 4 3.9999999999999947 2.9999999999999991 3.0000000000000062 3 4.0000000000000036 4.0000000000000018 3.9999999999999991 2.9999999999999964
leaf_count=3 3 3 4 4 3 3 3 4 4 4 3
internal_value=-1.65821e-10 -0.0155553 0.0148146 0.0214402 0.000907092 0.00458708 -0.00760007 0.0321649 -0.0141527 -0.0461283 0.0265195
internal_weight=41 20 21 18 13 7 10 11 7 7 7
internal_count=41 20 21 18 13 7 10 11 7 7 7
is_linear=0
shrinkage=0.05


Tree=12
num_leaves=12
num_cat=0
split_feature=66 45 49 19 89 68 42 49 1 24 21
split_gain=3.41082 3.63386 2.0565 1.14725 0.951086 0.365279 0.19278 0.157942 0.102688 0.0931663 0.0463258
threshold=-0.18755022858475526 0.55096213077797918 1.2633800705949241 0.45456369357610421 1.0000000180025095e-35 0.56413097921210509 0.42342200793948565 -0.32783102073204329 -0.18364188332673287 -1.0000000180025095e-35 -1.0000000180025095e-35
decision_type=2 2 2 2 2 2 2 2 2 2 2
left_child=2 3 4 5 7 9 10 -1 -3 -2 -6
right_child=1 8 -4 -5 6 -7 -8 -9 -10 -11 -12
leaf_value=0.014032597281038759 -0.021306881308555597 -0.036829086144765204 -0.018182843178510665 0.027980250616868336 0.032833268245061192 0.0044300093315541742 0.023055884987115857 -0.0011440909622857942 -0.049066485464572908 -0.0088458529363075813 0.04162017305692043
leaf_weight=4 3 3 3.9999999999999991 2.9999999999999991 3.0000000000000036 4 4 3.0000000000000062 3.9999999999999991 3.0000000000000018 2.9999999999999947
leaf_count=4 3 3 4 3 3 4 4 3 4 3 3
internal_value=-1.57871e-10 -0.0147775 0.0140738 0.000861737 0.0216636 -0.00727382 0.0315584 0.0075283 -0.0438219 -0.0150764 0.0372267
internal_weight=41 20 21 13 17 10 10 7 7 6 6
internal_count=41 20 21 13 17 10 10 7 7 6 6
is_linear=0
shrinkage=0.05


Tree=13
num_leaves=12
num_cat=0
split_feature=66 45 53 23 78 49 74 0 23 23 6
split_gain=3.07826 3.27956 1.89564 1.08518 0.454981 0.344556 0.112165 0.105302 0.105032 0.0980754 0.0415539
threshold=-0.18755022858475526 0.55096213077797918 0.26087094406271599 1.0000000180025095e-35 0.79187513870965531 -0.62668985471883287 -0.14562624662257653 -0.91461887957759636 -0.26602746868202626 -0.26602746868202626 -0.13677497563562044
decision_type=2 2 2 2 2 2 2 2 2 2 2
left_child=2 3 4 5 6 -2 10 -3 -7 -6 -1
right_child=1 7 -4 -5 9 8 -8 -9 -10 -11 -12
leaf_value=0.028461590409278828 0.0070833719025055544 -0.048712027072906477 -0.013502682847902179 0.027193370958169302 0.0044902902717391634 -0.020241819073756533 0.021813432872295369 -0.0363198634237051 -0.0078655784949660246 0.017275398969650271 0.036783641576766959
leaf_weight=3.0000000000000036 3 3 4.9999999999999991 2.9999999999999991 3 3 4.0000000000000018 3.9999999999999991 4.0000000000000018 2.9999999999999991 3
leaf_count=3 3 3 5 3 3 3 4 4 4 3 3
internal_value=8.29104e-11 -0.0140387 0.0133701 0.000818651 0.0217679 -0.00709377 0.0282989 -0.0416308 -0.0131697 0.0108828 0.0326226
internal_weight=41 20 21 13 16 10 10 7 7 6 6
internal_count=41 20 21 13 16 10 10 7 7 6 6
is_linear=0
shrinkage=0.05


Tree=14
num_leaves=11
num_cat=0
split_feature=84 66 45 6 14 53 48 78 0 2
split_gain=2.78201 2.90468 2.22231 1.16994 1.01989 1.34252 0.529986 0.284403 0.0925823 0.0890858
threshold=-0.88348069040742161 1.0000000180025095e-35 -1.0000000180025095e-35 -0.4432917908718364 -0.80725400430963468 0.66476490494561713 -0.61382592734994035 -1.0000000180025095e-35 0.90718378348810547 0.77228694941171161
decision_type=2 2 2 2 2 2 2 2 2 2
left_child=3 4 6 -1 -2 7 -3 8 -6 -9
right_child=1 2 -4 -5 5 -7 -8 9 -10 -11
leaf_value=-0.0051010939603050535 0.040124270319938662 -0.0091908392496406997 -0.038814140856266027 -0.046406817436218266 0.020572862327098845 -0.018290199219093969 0.016547885071486235 0.0042461577802896423 0.031683353583017979 0.016431246449549988
leaf_weight=3 3.9999999999999991 4.0000000000000009 4.9999999999999991 3.9999999999999991 5 2.9999999999999991 3.9999999999999991 3.0000000000000044 3 3
leaf_count=3 4 4 5 4 5 3 4 3 3 3
internal_value=-9.56877e-11 0.00590972 -0.0126648 -0.0287044 0.0174082 0.0120633 0.00367852 0.0185676 0.0247393 0.0103387
internal_weight=41 34 13 7 21 17 8 14 8 6
internal_count=41 34 13 7 21 17 8 14 8 6
is_linear=0
shrinkage=0.05


Tree=15
num_leaves=12
num_cat=0
split_feature=84 24 29 29 6 18 53 11 65 83 11
split_gain=2.51077 2.62915 2.16202 1.7931 1.05587 0.714671 0.471287 0.343662 0.159504 0.107931 0.0491701
threshold=-0.88348069040742161 0.30998131197583778 0.15364598432043311 0.0568402524729602 -0.4432917908718364 0.13953907075525215 1.0000000180025095e-35 -0.31459641053639026 0.10176485034996111 -0.45464716744924999 -0.50076965058740375
decision_type=2 2 2 2 2 2 2 2 2 2 2
left_child=4 2 6 -3 -1 -5 8 -4 10 -7 -2
right_child=1 3 7 5 -6 9 -8 -9 -10 -11 -12
leaf_value=-0.0048460394454499078 0.01992865577340127 -0.045960499842961633 0.0031536221504211421 0.014484330452978615 -0.044086476415395738 -0.019506313155094782 0.03923416316509247 -0.020778979857762656 0.030079431335131319 -0.0060941944519678718 0.011460690200328806
leaf_weight=3 3.9999999999999973 2.9999999999999991 3 3.9999999999999982 3.9999999999999991 2.9999999999999991 4.9999999999999991 2.9999999999999991 3 3.0000000000000009 3.0000000000000044
leaf_count=3 4 3 3 4 4 3 5 3 3 3 3
internal_value=1.43106e-10 0.00561424 0.0165538 -0.0120574 -0.0272691 -0.00188642 0.0267004 -0.00881268 0.0204335 -0.0128003 0.0162995
internal_weight=41 34 21 13 7 10 15 6 10 6 7
internal_count=41 34 21 13 7 10 15 6 10 6 7
is_linear=0
shrinkage=0.05


Tree=16
num_leaves=12
num_cat=0
split_feature=84 24 29 29 6 18 53 11 65 83 11
split_gain=2.26597 2.3728 1.95122 1.61827 0.952924 0.64499 0.425336 0.310155 0.143952 0.0974077 0.044376
threshold=-0.88348069040742161 0.30998131197583778 0.15364598432043311 0.0568402524729602 -0.4432917908718364 0.13953907075525215 1.0000000180025095e-35 -0.31459641053639026 0.10176485034996111 -0.45464716744924999 -0.50076965058740375
decision_type=2 2 2 2 2 2 2 2 2 2 2
left_child=4 2 6 -3 -1 -5 8 -4 10 -7 -2
right_child=1 3 7 5 -6 9 -8 -9 -10 -11 -12
leaf_value=-0.0046037375926971423 0.018932222947478303 -0.043662476539611819 0.0029959410429000848 0.013760113902390007 -0.041882152110338217 -0.018530997385581335 0.037272455096244814 -0.019740030666192374 0.028575460116068513 -0.0057894845803578669 0.01088765636086462
leaf_weight=3 3.9999999999999973 2.9999999999999991 3 3.9999999999999982 3.9999999999999991 2.9999999999999991 4.9999999999999991 2.9999999999999991 3 3.0000000000000009 3.0000000000000044
leaf_count=3 4 3 3 4 4 3 5 3 3 3 3
internal_value=1.63549e-10 0.00533352 0.0157261 -0.0114545 -0.0259057 -0.0017921 0.0253654 -0.00837204 0.0194118 -0.0121602 0.0154846
internal_weight=41 34 21 13 7 10 15 6 10 6 7
internal_count=41 34 21 13 7 10 15 6 10 6 7
is_linear=0
shrinkage=0.05


Tree=17
num_leaves=10
num_cat=0
split_feature=13 65 29 24 67 53 63 11 83
split_gain=2.06116 2.06282 1.62365 1.01626 0.624595 0.480779 0.25133 0.0539558 0.0272071
threshold=-0.73374735116923129 0.073140366057238046 0.15364598432043311 0.30998131197583778 0.39499991137619112 1.0000000180025095e-35 0.10177512295040166 -0.50076965058740375 -1.0000000180025095e-35
decision_type=2 2 2 2 2 2 2 2 2
left_child=1 -1 3 5 6 7 -4 -2 -8
right_child=2 -3 4 -5 -6 -7 8 -9 -10
leaf_value=-0.042549535632133491 0.018825082480907453 0.005623790994286536 0.011962332452336952 -0.0032786476984620096 -0.023523679934442043 0.035408832430839539 -0.008934541791677476 0.010343272984027842 -0.0026355724781751623
leaf_weight=4.9999999999999982 4.9999999999999964 4 2.9999999999999982 4.9999999999999991 3.9999999999999991 4.9999999999999991 2.9999999999999991 3.0000000000000053 4.0000000000000009
leaf_count=5 5 4 3 5 4 5 3 3 4
internal_value=7.72316e-11 -0.0211392 0.00594539 0.0158781 -0.00682526 0.0232461 -0.000145892 0.0156444 -0.00533513
internal_weight=41 9 32 18 14 13 10 8 7
internal_count=41 9 32 18 14 13 10 8 7
is_linear=0
shrinkage=0.05


Tree=18
num_leaves=10
num_cat=0
split_feature=13 65 29 24 67 53 63 10 83
split_gain=1.8602 1.86169 1.46534 0.917172 0.563697 0.433903 0.226825 0.050868 0.0245544
threshold=-0.73374735116923129 0.073140366057238046 0.15364598432043311 0.30998131197583778 0.39499991137619112 1.0000000180025095e-35 0.10177512295040166 -0.18650719772965199 -1.0000000180025095e-35
decision_type=2 2 2 2 2 2 2 2 2
left_child=1 -1 3 5 6 7 -4 -2 -8
right_child=2 -3 4 -5 -6 -7 8 -9 -10
leaf_value=-0.040422058701515211 0.0097149744629860015 0.0053426011465489854 0.011364215612411502 -0.0031147149205207826 -0.022347495704889298 0.033638389706611635 -0.0084878149131933853 0.017950509786605812 -0.0025037938612513235
leaf_weight=4.9999999999999982 2.9999999999999964 4 2.9999999999999982 4.9999999999999991 3.9999999999999991 4.9999999999999991 2.9999999999999991 5.0000000000000053 4.0000000000000009
leaf_count=5 3 4 3 5 4 5 3 5 4
internal_value=2.8394e-11 -0.0200822 0.00564812 0.0150842 -0.006484 0.0220838 -0.000138597 0.0148622 -0.00506837
internal_weight=41 9 32 18 14 13 10 8 7
internal_count=41 9 32 18 14 13 10 8 7
is_linear=0
shrinkage=0.05


Tree=19
num_leaves=10
num_cat=0
split_feature=13 65 29 24 67 53 63 12 83
split_gain=1.67883 1.68018 1.32247 0.827748 0.508737 0.391597 0.20471 0.0475075 0.0221604
threshold=-0.73374735116923129 0.073140366057238046 0.15364598432043311 0.30998131197583778 0.39499991137619112 1.0000000180025095e-35 0.10177512295040166 -0.23056763232619609 -1.0000000180025095e-35
decision_type=2 2 2 2 2 2 2 2 2
left_child=1 -1 3 5 6 7 -4 -2 -8
right_child=2 -3 4 -5 -6 -7 8 -9 -10
leaf_value=-0.038400955796241767 0.0091447944442431227 0.0050754710100591174 0.010796005154649421 -0.002958979457616806 -0.021230120770633222 0.03195647120475769 -0.0080634241302808118 0.017103643119335155 -0.0023786041769199066
leaf_weight=4.9999999999999982 2.9999999999999964 4 2.9999999999999982 4.9999999999999991 3.9999999999999991 4.9999999999999991 2.9999999999999991 5.0000000000000053 4.0000000000000009
leaf_count=5 3 4 3 5 4 5 3 5 4
internal_value=1.46513e-10 -0.0190781 0.00536572 0.01433 -0.0061598 0.0209796 -0.000131667 0.0141191 -0.00481496
internal_weight=41 9 32 18 14 13 10 8 7
internal_count=41 9 32 18 14 13 10 8 7
is_linear=0
shrinkage=0.05


Tree=20
num_leaves=10
num_cat=0
split_feature=13 65 29 24 32 53 12 0 44
split_gain=1.51514 1.51636 1.19353 0.747042 0.463183 0.353416 0.203619 0.0449984 0.0183854
threshold=-0.73374735116923129 0.073140366057238046 0.15364598432043311 0.30998131197583778 0.86987905957234979 1.0000000180025095e-35 0.49896907496584936 0.61531171326305711 0.36784840575575484
decision_type=2 2 2 2 2 2 2 2 2
left_child=1 -1 3 5 6 7 8 -2 -4
right_child=2 -3 4 -5 -6 -7 -8 -9 -10
leaf_value=-0.036480908393859868 0.0085719800243774982 0.0048216973431408393 -0.0084638591855764403 -0.0028110306337475778 -0.023266594111919406 0.030358647108078004 0.0078968447167426341 0.016317805349826811 -0.003285820099214712
leaf_weight=4.9999999999999982 3.0000000000000018 4 3.9999999999999982 4.9999999999999991 2.9999999999999991 4.9999999999999991 4 5 3
leaf_count=5 3 4 4 5 3 5 4 5 3
internal_value=-9.54038e-11 -0.0181242 0.00509743 0.0136135 -0.00585181 0.0199306 -0.00110232 0.0134131 -0.0062447
internal_weight=41 9 32 18 14 13 11 8 7
internal_count=41 9 32 18 14 13 11 8 7
is_linear=0
shrinkage=0.05


Tree=21
num_leaves=11
num_cat=0
split_feature=13 76 29 24 55 12 53 12 11 44
split_gain=1.36742 1.40292 1.07716 0.674206 0.428384 0.372875 0.318958 0.181385 0.0421775 0.0155778
threshold=-0.73374735116923129 0.20150020092632473 0.15364598432043311 0.30998131197583778 -0.67618647809882038 -0.69135926082626498 1.0000000180025095e-35 0.49896907496584936 -0.50076965058740375 0.36784840575575484
decision_type=2 2 2 2 2 2 2 2 2 2
left_child=1 5 3 6 -4 -1 8 9 -2 -6
right_child=2 -3 4 -5 7 -7 -8 -9 -10 -11
leaf_value=-0.018712324897448215 0.015554632842540751 0.010699768861134844 -0.02230703681707381 -0.0026704785600304604 -0.0078878363594412863 -0.043641399343808507 0.028840714693069459 0.0075020025367848568 0.0080555188159147743 -0.0031215291470289221
leaf_weight=3 4.9999999999999964 3 3.0000000000000009 4.9999999999999991 3.9999999999999964 2.9999999999999982 4.9999999999999991 4 3.0000000000000053 3
leaf_count=3 5 3 3 5 4 3 5 4 3 3
internal_value=4.88376e-11 -0.017218 0.00484256 0.0129328 -0.00555922 -0.0311769 0.0189341 -0.000991629 0.0127425 -0.00584513
internal_weight=41 9 32 18 14 6 13 11 8 7
internal_count=41 9 32 18 14 6 13 11 8 7
is_linear=0
shrinkage=0.05


Tree=22
num_leaves=11
num_cat=0
split_feature=84 66 45 6 14 53 48 78 39 0
split_gain=1.2665 1.36091 1.19732 0.578403 0.52228 0.742305 0.256393 0.192821 0.0496072 0.0353725
threshold=-0.88348069040742161 1.0000000180025095e-35 -1.0000000180025095e-35 -0.4432917908718364 -0.80725400430963468 0.66476490494561713 -0.61382592734994035 -1.0000000180025095e-35 0.15775280667305555 0.90718378348810547
decision_type=2 2 2 2 2 2 2 2 2 2
left_child=3 4 6 -1 -2 7 -3 9 -9 -6
right_child=1 2 -4 -5 5 -7 -8 8 -10 -11
leaf_value=-0.002771290391683578 0.028113716468214991 -0.0056815505959093545 -0.027920556813478471 -0.031814429536461832 0.01537605971097946 -0.014537336654029787 0.012220713496208192 0.0015475668013095829 0.01064034377535184 0.022243611514568325
leaf_weight=3 3.9999999999999991 4.0000000000000009 4.9999999999999991 3.9999999999999991 5 2.9999999999999991 3.9999999999999991 3.0000000000000044 3 3
leaf_count=3 4 4 5 4 5 3 4 3 3 3
internal_value=-2.55546e-11 0.0039874 -0.00872663 -0.0193674 0.011858 0.00803311 0.00326958 0.0128696 0.00609396 0.0179514
internal_weight=41 34 13 7 21 17 8 14 6 8
internal_count=41 34 13 7 21 17 8 14 6 8
is_linear=0
shrinkage=0.05


Tree=23
num_leaves=12
num_cat=0
split_feature=84 24 29 29 6 18 70 11 9 30 12
split_gain=1.14301 1.2465 1.06018 1.00473 0.522008 0.411005 0.253146 0.176553 0.108437 0.0604433 0.0359338
threshold=-0.88348069040742161 0.30998131197583778 0.15364598432043311 0.0568402524729602 -0.4432917908718364 0.13953907075525215 0.27192474102019931 -0.31459641053639026 -0.36454500721419214 -0.13894510335237895 -0.23056763232619609
decision_type=2 2 2 2 2 2 2 2 2 2 2
left_child=4 2 6 -3 -1 -5 8 -4 10 -7 -2
right_child=1 3 7 5 -6 9 -8 -9 -10 -11 -12
leaf_value=-0.0026327259217699362 0.0071426978955666277 -0.033758136630058291 0.0021343456581234925 0.011648414283990863 -0.030223708227276803 -0.0040244697282711666 0.029197278618812564 -0.015019526953498522 0.022615634898344637 -0.014061339447895678 0.01406452417373657
leaf_weight=3 2.9999999999999973 2.9999999999999991 3 3.9999999999999982 3.9999999999999991 2.9999999999999991 3.9999999999999991 2.9999999999999991 3.0000000000000044 3.0000000000000009 5
leaf_count=3 3 3 3 4 4 3 4 3 3 3 5
internal_value=-2.72582e-11 0.00378803 0.0113205 -0.00837986 -0.018399 -0.000766377 0.0184258 -0.00644259 0.0145089 -0.0090429 0.0114688
internal_weight=41 34 21 13 7 10 15 6 11 6 8
internal_count=41 34 21 13 7 10 15 6 11 6 8
is_linear=0
shrinkage=0.05


Tree=24
num_leaves=12
num_cat=0
split_feature=84 24 29 29 6 18 70 11 9 83 63
split_gain=1.03157 1.12497 0.956809 0.906768 0.471113 0.370932 0.228464 0.159339 0.0978647 0.0565271 0.0340574
threshold=-0.88348069040742161 0.30998131197583778 0.15364598432043311 0.0568402524729602 -0.4432917908718364 0.13953907075525215 0.27192474102019931 -0.31459641053639026 -0.36454500721419214 -0.45464716744924999 0.13184610945243469
decision_type=2 2 2 2 2 2 2 2 2 2 2
left_child=4 2 6 -3 -1 -5 8 -4 10 -7 -2
right_child=1 3 7 5 -6 9 -8 -9 -10 -11 -12
leaf_value=-0.0025010896225770309 0.013422402441501622 -0.032070228457450868 0.0020276282603542005 0.011065993690863255 -0.028712522238492966 -0.013443900520602861 0.027737414091825487 -0.014268550276756288 0.021484853327274286 -0.0037376185258229549 0.0066837221384048453
leaf_weight=3 4.9999999999999973 2.9999999999999991 3 3.9999999999999982 3.9999999999999991 2.9999999999999991 3.9999999999999991 2.9999999999999991 3.0000000000000044 3.0000000000000009 3
leaf_count=3 5 3 3 4 4 3 4 3 3 3 3
internal_value=8.17747e-11 0.00359863 0.0107545 -0.00796087 -0.0174791 -0.000728058 0.0175045 -0.00612046 0.0137834 -0.00859076 0.0108954
internal_weight=41 34 21 13 7 10 15 6 11 6 8
internal_count=41 34 21 13 7 10 15 6 11 6 8
is_linear=0
shrinkage=0.05


Tree=25
num_leaves=11
num_cat=0
split_feature=13 42 29 24 67 70 63 12 38 31
split_gain=0.94087 1.04605 0.711342 0.442719 0.298476 0.216797 0.109515 0.0533535 0.0183004 0.00667897
threshold=-0.73374735116923129 1.0000000180025095e-35 0.15364598432043311 0.30998131197583778 0.39499991137619112 0.27192474102019931 0.10177512295040166 -0.23056763232619609 -0.26348979886666951 -0.032763000073689937
decision_type=2 2 2 2 2 2 2 2 2 2
left_child=1 -1 3 5 6 7 -4 -2 -9 -8
right_child=2 -3 4 -5 -6 -7 9 8 -10 -11
leaf_value=-0.033340365067124372 0.0063390654822190655 0.00096424899995326994 0.0081740101178487175 -0.0020526346936821939 -0.015979354642331602 0.027243110537528994 -0.0045816976577043537 0.017260797321796435 0.012094741873443098 -0.0014607729079822692
leaf_weight=3.9999999999999982 2.9999999999999964 5 2.9999999999999982 4.9999999999999991 3.9999999999999991 2.9999999999999991 3.9999999999999991 2.9999999999999964 4.0000000000000089 3.0000000000000009
leaf_count=4 3 5 3 5 4 3 4 3 4 3
internal_value=2.95297e-11 -0.0142822 0.00401688 0.0105914 -0.00443604 0.0154545 0.000181292 0.0119179 0.0143088 -0.00324416
internal_weight=41 9 32 18 14 13 10 10 7 7
internal_count=41 9 32 18 14 13 10 10 7 7
is_linear=0
shrinkage=0.05


Tree=26
num_leaves=11
num_cat=0
split_feature=76 79 8 28 29 58 51 48 12 30
split_gain=0.878448 1.27901 0.73795 0.539446 0.490009 0.412484 0.134124 0.0988846 0.0412827 0.0160876
threshold=0.20150020092632473 1.0000000180025095e-35 0.4588211163806864 0.34021421858357476 0.15364598432043311 -0.41409886781040078 -0.33102071998422694 -1.0000000180025095e-35 1.0000000180025095e-35 -0.40302351960654509
decision_type=2 2 2 2 2 2 2 2 2 2
left_child=1 5 4 -3 6 -1 9 -7 -6 -2
right_child=2 3 -4 -5 8 7 -8 -9 -10 -11
leaf_value=-0.0095658713951706897 0.011554097943007935 -0.03507684245705605 -0.015363473196824393 -0.010441963225603102 -0.0041072364896535879 0.017275419831275941 0.025107265263795836 0.0057929945364594421 0.0041876139584928742 0.01639775733153025
leaf_weight=3.9999999999999991 4.0000000000000036 3.9999999999999982 2.9999999999999991 5 2.9999999999999991 2.9999999999999991 4.0000000000000018 5.0000000000000027 3 3
leaf_count=4 4 4 3 5 3 3 4 5 3 3
internal_value=-4.20231e-11 -0.00714235 0.00749947 -0.0213908 0.0115341 0.00354398 0.0178035 0.0100989 4.01887e-05 0.01363
internal_weight=41 21 20 9 17 12 11 8 6 7
internal_count=41 21 20 9 17 12 11 8 6 7
is_linear=0
shrinkage=0.05


Tree=27
num_leaves=12
num_cat=0
split_feature=76 79 8 28 29 58 13 51 11 12 30
split_gain=0.792799 1.15431 0.665999 0.491671 0.442233 0.372267 0.141411 0.121047 0.0899794 0.0372577 0.014519
threshold=0.20150020092632473 1.0000000180025095e-35 0.4588211163806864 0.55770104220558381 0.15364598432043311 -0.41409886781040078 -0.78379358577405578 -0.33102071998422694 -1.0000000180025095e-35 1.0000000180025095e-35 -0.40302351960654509
decision_type=2 2 2 2 2 2 2 2 2 2 2
left_child=1 5 4 6 7 -1 -3 10 -7 -6 -2
right_child=2 3 -4 -5 9 8 -8 -9 -10 -11 -12
leaf_value=-0.009087578346952797 0.01097639314830302 -0.020908869802951809 -0.014595299214124681 -0.0037939956411719312 -0.0039018746465444565 0.013701406866312028 -0.036260909835497554 0.023851902410387978 0.0027482125287254622 0.003978233272209762 0.015577869117259974
leaf_weight=3.9999999999999991 4.0000000000000036 3 2.9999999999999991 3 2.9999999999999991 4.9999999999999991 2.9999999999999982 4.0000000000000018 3.0000000000000027 3 3
leaf_count=4 4 3 3 3 3 5 3 4 3 3 3
internal_value=1.24934e-11 -0.00678524 0.0071245 -0.0203213 0.0109574 0.00336678 -0.0285849 0.0169133 0.00959396 3.81793e-05 0.0129485
internal_weight=41 21 20 9 17 12 6 11 8 6 7
internal_count=41 21 20 9 17 12 6 11 8 6 7
is_linear=0
shrinkage=0.05


Tree=28
num_leaves=11
num_cat=0
split_feature=84 66 45 6 14 53 48 78 6 9
split_gain=0.719315 0.77458 0.714169 0.346024 0.29221 0.415501 0.137552 0.126241 0.028882 0.020199
threshold=-0.88348069040742161 1.0000000180025095e-35 -1.0000000180025095e-35 -0.4432917908718364 -0.80725400430963468 0.66476490494561713 -0.61382592734994035 -1.0000000180025095e-35 -0.25629244785933919 -0.36454500721419214
decision_type=2 2 2 2 2 2 2 2 2 2
left_child=3 4 6 -1 -2 7 -3 9 -9 -6
right_child=1 2 -4 -5 5 -7 -8 8 -10 -11
leaf_value=-0.0017593942582607262 0.021101948246359827 -0.0038782606832683075 -0.021410583555698397 -0.024223120883107185 0.011299780011177062 -0.010804460950506231 0.0092343500815331939 0.0076869129513700788 0.00074885593106349181 0.016324599087238309
leaf_weight=3 3.9999999999999991 4.0000000000000009 4.9999999999999991 3.9999999999999991 4 2.9999999999999991 3.9999999999999991 3 3.0000000000000044 4
leaf_count=3 4 4 5 4 4 3 4 3 3 4
internal_value=1.62981e-10 0.00300502 -0.00658681 -0.0145958 0.00894282 0.00608185 0.00267804 0.00970034 0.00421788 0.0138122
internal_weight=41 34 13 7 21 17 8 14 6 8
internal_count=41 34 13 7 21 17 8 14 6 8
is_linear=0
shrinkage=0.05


Tree=29
num_leaves=11
num_cat=0
split_feature=76 79 8 28 29 19 51 48 12 30
split_gain=0.668799 0.97164 0.53252 0.420116 0.362796 0.301219 0.104493 0.075367 0.0323425 0.0111585
threshold=0.20150020092632473 1.0000000180025095e-35 0.4588211163806864 0.34021421858357476 0.15364598432043311 0.45456369357610421 -0.33102071998422694 -1.0000000180025095e-35 1.0000000180025095e-35 -0.40302351960654509
decision_type=2 2 2 2 2 2 2 2 2 2
left_child=1 5 4 -3 6 7 9 -1 -6 -2
right_child=2 3 -4 -5 8 -7 -8 -9 -10 -11
leaf_value=0.014948897063732147 0.0099529061466455352 -0.03072874546051026 -0.012878022529184819 -0.0089886863529682146 -0.0035899865130583444 -0.0081209361553192146 0.021812271326780305 0.0049244604632258382 0.0037519569974392639 0.013986870398124055
leaf_weight=2.9999999999999991 4.0000000000000036 3.9999999999999982 2.9999999999999991 5 2.9999999999999991 3.9999999999999991 4.0000000000000018 5.0000000000000027 3 3
leaf_count=3 4 4 3 5 3 4 4 5 3 3
internal_value=5.6788e-12 -0.00623206 0.00654366 -0.0186509 0.00997101 0.0030821 0.0153656 0.00868362 8.09852e-05 0.0116817
internal_weight=41 21 20 9 17 12 11 8 6 7
internal_count=41 21 20 9 17 12 11 8 6 7
is_linear=0
shrinkage=0.05


Tree=30
num_leaves=11
num_cat=0
split_feature=76 79 8 28 29 58 51 48 12 30
split_gain=0.603591 0.876905 0.480599 0.379154 0.327423 0.277032 0.0943054 0.06687 0.0291891 0.0100706
threshold=0.20150020092632473 1.0000000180025095e-35 0.4588211163806864 0.34021421858357476 0.15364598432043311 -0.41409886781040078 -0.33102071998422694 -1.0000000180025095e-35 1.0000000180025095e-35 -0.40302351960654509
decision_type=2 2 2 2 2 2 2 2 2 2
left_child=1 5 4 -3 6 -1 9 -7 -6 -2
right_child=2 3 -4 -5 8 7 -8 -9 -10 -11
leaf_value=-0.007815837953239679 0.0094552608206868068 -0.02919230796396733 -0.012234121623138588 -0.008539251871407031 -0.0034104871874054278 0.014201452334721885 0.020721658319234837 0.0047589960694313024 0.003564358999331791 0.013287527362505592
leaf_weight=3.9999999999999991 4.0000000000000036 3.9999999999999982 2.9999999999999991 5 2.9999999999999991 2.9999999999999991 4.0000000000000018 5.0000000000000027 3 3
leaf_count=4 4 4 3 5 3 3 4 5 3 3
internal_value=8.63177e-11 -0.00592045 0.00621648 -0.0177184 0.00947246 0.002928 0.0145973 0.00829992 7.69359e-05 0.0110977
internal_weight=41 21 20 9 17 12 11 8 6 7
internal_count=41 21 20 9 17 12 11 8 6 7
is_linear=0
shrinkage=0.05


Tree=31
num_leaves=12
num_cat=0
split_feature=84 24 55 29 6 16 70 10 11 9 11
split_gain=0.550855 0.600745 0.545601 0.463087 0.278899 0.212999 0.128444 0.0920841 0.0658758 0.0528335 0.0196523
threshold=-0.88348069040742161 0.30998131197583778 0.56217704107498567 0.15364598432043311 -0.4432917908718364 0.39793128512517634 0.27192474102019931 -0.14461635678850343 -0.31459641053639026 -0.36454500721419214 -0.50076965058740375
decision_type=2 2 2 2 2 2 2 2 2 2 2
left_child=4 3 5 6 -1 -3 9 -4 -5 10 -2
right_child=1 2 7 8 -6 -7 -8 -9 -10 -11 -12
leaf_value=-0.0012485509117444353 0.009562384635210041 -0.026302131017049164 0.010287746538718539 0.0013582195310542977 -0.021416049078106882 -0.0074607481559117624 0.020227540284395218 -0.0013005781220272181 -0.0091199991603692371 0.015423441429932886 0.0044434969623883555
leaf_weight=3 4.9999999999999973 2.9999999999999982 3 3 3.9999999999999991 3 3.9999999999999991 4 2.9999999999999991 3.0000000000000044 3
leaf_count=3 5 3 3 3 4 3 4 4 3 3 3
internal_value=2.8394e-11 0.0026297 -0.00581752 0.00785893 -0.0127728 -0.0168814 0.0125549 0.00366585 -0.00388089 0.00976479 0.0076428
internal_weight=41 34 13 21 7 6 15 7 6 11 8
internal_count=41 34 13 21 7 6 15 7 6 11 8
is_linear=0
shrinkage=0.05


Tree=32
num_leaves=11
num_cat=0
split_feature=13 65 28 83 20 67 13 8 49 30
split_gain=0.507598 0.560404 0.360325 0.24863 0.214699 0.108509 0.101487 0.0934244 0.0417696 0.00936333
threshold=-0.73374735116923129 0.073140366057238046 1.4397366160453238 -0.59014462182629646 -0.32987583569473361 0.96044845770644816 -0.45238055094380542 -0.22630721464228828 -0.62668985471883287 -0.50457643785524731
decision_type=2 2 2 2 2 2 2 2 2 2
left_child=1 -1 3 7 6 8 -5 -2 -6 -8
right_child=2 -3 -4 4 5 -7 9 -9 -10 -11
leaf_value=-0.021649885475635535 0.0074821094051003428 0.0034589690621942277 -0.01354564925034841 -0.00050471354431162285 0.0042205277364701036 -0.010568038560450077 0.0085683645680546764 0.019960385064284006 -0.0026344577223062497 0.01198949832469224
leaf_weight=4.9999999999999982 3 4 2.9999999999999991 2.9999999999999991 3.9999999999999991 2.9999999999999991 3.9999999999999991 2.9999999999999991 5.0000000000000027 4.0000000000000027
leaf_count=5 3 4 3 3 4 3 4 3 5 4
internal_value=5.1677e-11 -0.0104904 0.00295042 0.00465691 0.00229231 -0.00233286 0.00733794 0.0137212 0.000412202 0.0102789
internal_weight=41 9 32 29 23 12 11 6 9 8
internal_count=41 9 32 29 23 12 11 6 9 8
is_linear=0
shrinkage=0.05


Tree=33
num_leaves=11
num_cat=0
split_feature=76 79 8 28 29 19 51 17 12 30
split_gain=0.473768 0.677361 0.342776 0.314444 0.241108 0.21001 0.0758838 0.0503155 0.0223153 0.00706673
threshold=0.20150020092632473 1.0000000180025095e-35 0.4588211163806864 0.34021421858357476 0.15364598432043311 0.45456369357610421 -0.33102071998422694 -0.29511975248625238 1.0000000180025095e-35 -0.40302351960654509
decision_type=2 2 2 2 2 2 2 2 2 2
left_child=1 5 4 -3 6 7 9 -1 -6 -2
right_child=2 3 -4 -5 8 -7 -8 -9 -10 -11
leaf_value=0.0020895573620994885 0.0081399464979767713 -0.026063328608870513 -0.010074518341571094 -0.0072551116347312917 -0.0028545311962564785 -0.0068228194490075117 0.018148765712976446 0.010280239805579178 0.0032440051048373171 0.011350188155968981
leaf_weight=2.9999999999999991 4.0000000000000036 3.9999999999999982 2.9999999999999991 5 2.9999999999999991 3.9999999999999991 4.0000000000000018 5.0000000000000027 3 3
leaf_count=3 4 4 3 5 3 4 4 5 3 3
internal_value=1.76043e-11 -0.00524525 0.00550751 -0.0156143 0.00825728 0.00253155 0.012655 0.00720873 0.000194737 0.00951576
internal_weight=41 21 20 9 17 12 11 8 6 7
internal_count=41 21 20 9 17 12 11 8 6 7
is_linear=0
shrinkage=0.05


Tree=34
num_leaves=12
num_cat=0
split_feature=76 79 8 28 29 19 13 51 17 12 30
split_gain=0.427576 0.611318 0.309355 0.285718 0.2176 0.189534 0.0847803 0.0684851 0.0454097 0.0201395 0.00637773
threshold=0.20150020092632473 1.0000000180025095e-35 0.4588211163806864 0.55770104220558381 0.15364598432043311 0.45456369357610421 -0.78379358577405578 -0.33102071998422694 -0.29511975248625238 1.0000000180025095e-35 -0.40302351960654509
decision_type=2 2 2 2 2 2 2 2 2 2 2
left_child=1 5 4 6 7 8 -3 10 -1 -6 -2
right_child=2 3 -4 -5 9 -7 -8 -9 -10 -11 -12
leaf_value=0.0019850795467694598 0.0077329488471150317 -0.015189553797245021 -0.0095707921699310361 -0.0022347159683704372 -0.0027118046457568806 -0.006481678364798427 -0.027076540390650439 0.017241327092051496 0.0097662277519702852 0.0030818049795925608 0.010782678673664725
leaf_weight=2.9999999999999991 4.0000000000000036 3 2.9999999999999991 3 2.9999999999999991 3.9999999999999991 2.9999999999999982 4.0000000000000018 5.0000000000000027 3 3
leaf_count=3 4 3 3 3 3 4 3 4 5 3 3
internal_value=-5.50843e-11 -0.00498299 0.00523214 -0.0148336 0.00784442 0.00240497 -0.021133 0.0120223 0.0068483 0.000185 0.00903998
internal_weight=41 21 20 9 17 12 6 11 8 6 7
internal_count=41 21 20 9 17 12 6 11 8 6 7
is_linear=0
shrinkage=0.05


Tree=35
num_leaves=11
num_cat=0
split_feature=76 79 30 28 29 58 51 63 26 30
split_gain=0.385887 0.551714 0.282856 0.257899 0.194782 0.174688 0.0618078 0.0434068 0.0187884 0.0057559
threshold=0.20150020092632473 1.0000000180025095e-35 1.7041442647576723 0.34021421858357476 0.15364598432043311 -0.41409886781040078 -0.33102071998422694 0.13184610945243469 -0.05518378045427539 -0.40302351960654509
decision_type=2 2 2 2 2 2 2 2 2 2
left_child=1 5 4 -3 6 -1 9 -7 -6 -2
right_child=2 3 -4 -5 8 7 -8 -9 -10 -11
leaf_value=-0.0062467955984175207 0.0073463017120957291 -0.023554922640323647 -0.0091842085918566845 -0.0065215234830975528 -0.0025762143855293587 0.011305236940582584 0.016379260644316662 0.0036976304650306693 0.0030196711032961805 0.010243544479211169
leaf_weight=3.9999999999999991 4.0000000000000036 3.9999999999999982 2.9999999999999991 5 3 3.0000000000000018 4.0000000000000018 5 2.9999999999999991 3
leaf_count=4 4 4 3 5 3 3 4 5 3 3
internal_value=4.2591e-13 -0.00473384 0.00497053 -0.0140919 0.00746843 0.00228472 0.0114212 0.00655048 0.000221728 0.00858798
internal_weight=41 21 20 9 17 12 11 8 6 7
internal_count=41 21 20 9 17 12 11 8 6 7
is_linear=0
shrinkage=0.05


Tree=36
num_leaves=12
num_cat=0
split_feature=13 65 28 83 10 29 8 75 3 0 9
split_gain=0.353784 0.398293 0.268811 0.17633 0.141594 0.0675507 0.0634961 0.0577807 0.0255786 0.00921331 0.00685756
threshold=-0.73374735116923129 0.073140366057238046 1.4397366160453238 -0.59014462182629646 0.088216746022511006 0.1809514937462057 -0.22630721464228828 -0.015148603741321081 1.0000000180025095e-35 0.90718378348810547 -0.21733934860294632
decision_type=2 2 2 2 2 2 2 2 2 2 2
left_child=1 -1 3 6 5 8 -2 -6 -5 -9 -10
right_child=2 -3 -4 4 7 -7 -8 9 10 -11 -12
leaf_value=-0.018165876418352132 0.0064269731442133564 0.0030020260717719786 -0.01178492633237814 0.0029677391673127739 -0.0086129177361726744 -0.0015592976162830988 0.016714191933472951 0.0018449714717765657 0.0072475713491439806 -0.0020736393829186755 0.010271378854910529
leaf_weight=4.9999999999999982 3 4 2.9999999999999991 3.0000000000000062 3 2.9999999999999991 2.9999999999999991 2.9999999999999982 5 3 3
leaf_count=5 3 4 3 3 3 3 3 3 5 3 3
internal_value=-1.33452e-11 -0.00875792 0.00246316 0.00393711 0.00194576 0.00509124 0.0115706 -0.0029472 0.00690502 -0.000114334 0.0083815
internal_weight=41 9 32 29 23 14 6 9 11 6 8
internal_count=41 9 32 29 23 14 6 9 11 6 8
is_linear=0
shrinkage=0.05


Tree=37
num_leaves=11
num_cat=0
split_feature=76 79 30 28 29 59 51 25 6 30
split_gain=0.331857 0.46356 0.231639 0.227357 0.156482 0.147193 0.054473 0.0537135 0.0172355 0.0048212
threshold=0.20150020092632473 1.0000000180025095e-35 1.7041442647576723 0.34021421858357476 0.15364598432043311 0.22983327920623622 -0.33102071998422694 -0.15093332106607085 -0.25629244785933919 -0.40302351960654509
decision_type=2 2 2 2 2 2 2 2 2 2
left_child=1 5 4 -3 6 7 9 -1 -6 -2
right_child=2 3 -4 -5 8 -7 -8 -9 -10 -11
leaf_value=0.0017857524380087853 0.0066166081465780669 -0.021852893009781844 -0.0081998298099885385 -0.0058598633296787737 -0.0023052075256903958 -0.0075479360607763127 0.015067392215132702 0.0095592791214585224 0.003054448760425051 0.0092681951820850345
leaf_weight=4.9999999999999991 4.0000000000000036 3.9999999999999982 2.9999999999999991 5 3 2.9999999999999991 4.0000000000000018 4.0000000000000027 2.9999999999999991 3
leaf_count=5 4 4 3 5 3 3 4 4 3 3
internal_value=7.49601e-11 -0.00438994 0.00460944 -0.0129679 0.0068699 0.00204351 0.0104128 0.00524065 0.000374621 0.007753
internal_weight=41 21 20 9 17 12 11 9 6 7
internal_count=41 21 20 9 17 12 11 9 6 7
is_linear=0
shrinkage=0.05


Tree=38
num_leaves=12
num_cat=0
split_feature=76 79 8 28 29 19 13 51 48 12 30
split_gain=0.299501 0.418363 0.213495 0.208762 0.139327 0.136063 0.0599781 0.0491619 0.0320308 0.0166961 0.00435113
threshold=0.20150020092632473 1.0000000180025095e-35 0.4588211163806864 0.55770104220558381 0.15364598432043311 0.45456369357610421 -0.78379358577405578 -0.33102071998422694 -1.0000000180025095e-35 1.0000000180025095e-35 -0.40302351960654509
decision_type=2 2 2 2 2 2 2 2 2 2 2
left_child=1 5 4 6 7 8 -3 10 -1 -6 -2
right_child=2 3 -4 -5 9 -7 -8 -9 -10 -11 -12
leaf_value=0.009790511180957159 0.0062857777811586787 -0.012705070773760475 -0.0079184240816781923 -0.0015501334642370537 -0.0022173733140031498 -0.0055881378240883357 -0.022703244288762418 0.014314022660255424 0.0032553965970873811 0.0030577382693688067 0.0088047854602336852
leaf_weight=2.9999999999999991 4.0000000000000036 3 2.9999999999999991 3 2.9999999999999991 3.9999999999999991 2.9999999999999982 4.0000000000000018 5.0000000000000027 3 3
leaf_count=3 4 3 3 3 3 4 3 4 5 3 3
internal_value=1.02218e-11 -0.00417045 0.00437897 -0.0123195 0.0065491 0.00194133 -0.0177042 0.00989214 0.00570606 0.000420182 0.00736535
internal_weight=41 21 20 9 17 12 6 11 8 6 7
internal_count=41 21 20 9 17 12 6 11 8 6 7
is_linear=0
shrinkage=0.05


Tree=39
num_leaves=11
num_cat=0
split_feature=49 24 27 29 70 70 17 51 9 10
split_gain=0.273192 0.336056 0.286467 0.230292 0.0847687 0.0643751 0.0298166 0.0276893 0.0276327 0.00781055
threshold=1.6637015459767368 0.30998131197583778 1.0000000180025095e-35 0.15364598432043311 0.52779937724279347 0.27192474102019931 -0.18619640579903343 -0.16682701105926959 -0.36454500721419214 -0.18650719772965199
decision_type=2 2 2 2 2 2 2 2 2 2
left_child=1 3 -3 5 -4 8 -6 -5 9 -1
right_child=-2 2 4 7 6 -7 -8 -9 -10 -11
leaf_value=0.003124533159037433 -0.014525914750993253 -0.014290178418159487 -0.0056626529665663857 0.00039156025741249317 0.00063571184873580935 0.014083181321620942 0.0072298380235830909 -0.0059629842638969427 0.010768397649129215 0.0063516163080930693
leaf_weight=2.9999999999999973 2.9999999999999991 4.9999999999999991 3.9999999999999982 4 3.9999999999999991 3.9999999999999991 3.0000000000000009 2.9999999999999991 3.0000000000000044 5
leaf_count=3 3 5 4 4 4 4 3 3 3 5
internal_value=1.81721e-11 0.00114678 -0.00436682 0.00515668 0.000143795 0.00865131 0.00346177 -0.00233182 0.00667608 0.00514146
internal_weight=41 38 16 22 11 15 7 7 11 8
internal_count=41 38 16 22 11 15 7 7 11 8
is_linear=0
shrinkage=0.05


Tree=40
num_leaves=12
num_cat=0
split_feature=59 66 44 89 69 12 86 12 14 75 83
split_gain=0.250843 0.341464 0.274258 0.0963975 0.0881079 0.0590269 0.050326 0.0362364 0.0360916 0.0044424 0.00235762
threshold=0.29141876784438431 1.0000000180025095e-35 1.0000000180025095e-35 1.0000000180025095e-35 1.0000000180025095e-35 -0.69135926082626498 0.53207036284089892 -1.0000000180025095e-35 1.5886387839805127 -0.015148603741321081 1.0000000180025095e-35
decision_type=2 2 2 2 2 2 2 2 2 2 2
left_child=1 3 5 4 7 -3 9 -1 10 -5 -4
right_child=-2 2 8 6 -6 -7 -8 -9 -10 -11 -12
leaf_value=-0.0062024490442126974 -0.013919060428937279 -0.0079053383320569978 -0.0019157532602548607 0.0065164888277649911 0.0072633689735084762 -0.017183319727579752 0.011993494778871535 0.0015689073440929239 0.0057921146042644971 0.0039711997844278793 6.6509532431761409e-05
leaf_weight=3 2.9999999999999991 4 2.9999999999999982 3.9999999999999973 4 2.9999999999999991 5 3.0000000000000018 3 3.0000000000000009 3
leaf_count=3 3 4 3 4 4 3 5 3 3 3 3
internal_value=-4.42946e-11 0.00109887 -0.00445892 0.0051409 0.00151529 -0.0118816 0.00816225 -0.00231677 0.00131429 0.00542565 -0.000924622
internal_weight=41 38 16 22 10 7 12 6 9 7 6
internal_count=41 38 16 22 10 7 12 6 9 7 6
is_linear=0
shrinkage=0.05


Tree=41
num_leaves=11
num_cat=0
split_feature=84 66 45 6 71 81 48 58 47 58
split_gain=0.229398 0.246359 0.231724 0.129979 0.0922227 0.0667508 0.0344158 0.033896 0.0109475 0.00902933
threshold=-0.88348069040742161 1.0000000180025095e-35 -1.0000000180025095e-35 -0.4432917908718364 -0.16160430034313275 0.50506800921698547 -0.61382592734994035 -1.0000000180025095e-35 0.36773009643994053 0.76292358488311807
decision_type=2 2 2 2 2 2 2 2 2 2
left_child=3 4 6 -1 -2 7 -3 -6 -7 -9
right_child=1 2 -4 -5 5 8 -8 9 -10 -11
leaf_value=-0.00037525271375974008 -0.0030705336481332782 -0.001714466069824993 -0.012156353984028102 -0.014143078401684762 0.011695681065320965 0.0042281381785869597 0.0048444757936522368 0.0042319614440202635 -4.3372856453061097e-05 0.0078607043251395208
leaf_weight=3 2.9999999999999991 4.0000000000000009 4.9999999999999991 3.9999999999999991 5.0000000000000009 2.9999999999999991 3.9999999999999991 3.0000000000000044 3 4
leaf_count=3 3 4 5 4 5 3 4 3 3 4
internal_value=-1.93079e-11 0.001697 -0.00371244 -0.00824258 0.0050457 0.00639841 0.001565 0.00855143 0.00209238 0.00630553
internal_weight=41 34 13 7 21 18 8 12 6 7
internal_count=41 34 13 7 21 18 8 12 6 7
is_linear=0
shrinkage=0.05


Tree=42
num_leaves=12
num_cat=0
split_feature=49 24 55 29 88 70 13 14 42 9 10
split_gain=0.212642 0.265724 0.211346 0.169266 0.124984 0.0511818 0.0404242 0.0259416 0.0204086 0.0196664 0.00598392
threshold=1.6637015459767368 0.30998131197583778 0.56217704107498567 0.15364598432043311 -1.0000000180025095e-35 0.27192474102019931 -0.84030226908762662 0.19881003868425337 0.25752366751975903 -0.36454500721419214 -0.18650719772965199
decision_type=2 2 2 2 2 2 2 2 2 2 2
left_child=1 3 4 5 6 9 -3 -4 -5 10 -1
right_child=-2 2 7 8 -6 -7 -8 -9 -10 -11 -12
leaf_value=0.0027521901763975639 -0.012815456371754408 -0.0088967253764470414 0.0061396089692910515 -0.0049600810122986637 -0.017291826506455742 0.012416847050189972 -0.00068857495983441655 -1.1126603931188582e-05 0.0004954193369485437 0.0092646350463231244 0.0055768258124589912
leaf_weight=2.9999999999999973 2.9999999999999991 2.9999999999999991 2.9999999999999991 2.9999999999999991 2.9999999999999991 3.9999999999999991 3 4 4 3.0000000000000044 5
leaf_count=3 3 3 3 3 3 4 3 4 4 3 5
internal_value=-4.65661e-11 0.00101175 -0.00389107 0.00457743 -0.00895904 0.00757347 -0.00479265 0.0026249 -0.00184265 0.00581224 0.00451759
internal_weight=41 38 16 22 9 15 6 7 7 11 8
internal_count=41 38 16 22 9 15 6 7 7 11 8
is_linear=0
shrinkage=0.05


Tree=43
num_leaves=12
num_cat=0
split_feature=76 79 87 30 59 29 28 51 25 26 30
split_gain=0.195723 0.278592 0.148108 0.134297 0.082452 0.0807484 0.0416262 0.0323298 0.0280549 0.011802 0.001771
threshold=0.20150020092632473 1.0000000180025095e-35 0.42461049097032288 1.7041442647576723 0.22983327920623622 0.15364598432043311 0.55770104220558381 -0.33102071998422694 -0.15093332106607085 -0.05518378045427539 -0.40302351960654509
decision_type=2 2 2 2 2 2 2 2 2 2 2
left_child=1 4 -3 5 8 7 -4 10 -1 -7 -2
right_child=3 2 6 -5 -6 9 -8 -9 -10 -11 -12
leaf_value=0.0015120501071214678 0.0050682995468378017 -0.019092204670111343 -0.0096504010260105109 -0.0062133866051832833 -0.0055625508228937786 -0.0016223261753718053 -0.00132111394777894 0.011391982622444624 0.0071300403680652318 0.0028127561478565139 0.0066753799716631548
leaf_weight=4.9999999999999991 4.0000000000000036 2.9999999999999982 3 2.9999999999999991 2.9999999999999991 3 3 4.0000000000000018 4.0000000000000027 2.9999999999999991 3
leaf_count=5 4 3 3 3 3 3 3 4 4 3 3
internal_value=-1.70364e-11 -0.00337135 -0.0100212 0.00353992 0.00161606 0.00526109 -0.00548576 0.00780612 0.00400893 0.000595215 0.00575705
internal_weight=41 21 9 20 12 17 6 11 9 6 7
internal_count=41 21 9 20 12 17 6 11 9 6 7
is_linear=0
shrinkage=0.05


Tree=44
num_leaves=12
num_cat=0
split_feature=43 11 9 27 66 29 44 48 67 29 64
split_gain=0.178897 0.16442 0.219943 0.145433 0.103442 0.0820063 0.0356753 0.0352227 0.0222461 0.00760431 0.00594253
threshold=-1.0672818183078967 1.0000000180025095e-35 -0.21733934860294632 0.090045453813672516 1.0000000180025095e-35 0.15364598432043311 0.36784840575575484 1.0000000180025095e-35 -1.0000000180025095e-35 0.1848003585040433 -0.096856475598105909
decision_type=2 2 2 2 2 2 2 2 2 2 2
left_child=3 5 4 -1 7 6 8 -3 -2 -7 -8
right_child=1 2 -4 -5 -6 9 10 -9 -10 -11 -12
leaf_value=-0.015761371701955795 0.012490369379520413 0.0091169854005177849 -0.012738742120563985 -0.0001925649431844552 -0.0050943148205988102 -0.0013589346315711734 0.0025095112000902502 0.0014550987010200815 0.0064013009270032194 0.0017241456662304697 0.0054533494636416404
leaf_weight=2.9999999999999991 3 2.9999999999999982 3.9999999999999991 3 4 4 2.9999999999999982 3 3.0000000000000018 4 4.0000000000000018
leaf_count=3 3 3 4 3 4 4 3 3 3 4 4
internal_value=2.72582e-11 0.00136748 -0.00282971 -0.00797697 0.0011339 0.00416561 0.00661669 0.00528604 0.00944584 0.000182606 0.0041917
internal_weight=41 35 14 6 10 21 13 6 6 8 7
internal_count=41 35 14 6 10 21 13 6 6 8 7
is_linear=0
shrinkage=0.05


Tree=45
num_leaves=12
num_cat=0
split_feature=49 24 55 29 88 70 13 14 42 9 10
split_gain=0.167447 0.201805 0.154082 0.121837 0.0961515 0.0383492 0.0280555 0.0202311 0.0171192 0.0144642 0.00405905
threshold=1.6637015459767368 0.30998131197583778 0.56217704107498567 0.15364598432043311 -1.0000000180025095e-35 0.27192474102019931 -0.84030226908762662 0.19881003868425337 0.25752366751975903 -0.36454500721419214 -0.18650719772965199
decision_type=2 2 2 2 2 2 2 2 2 2 2
left_child=1 3 4 5 6 9 -3 -4 -5 10 -1
right_child=-2 2 7 8 -6 -7 -8 -9 -10 -11 -12
leaf_value=0.0024582249422868113 -0.011372275821243723 -0.0074667453765869148 0.0052926525473594669 -0.0042968328421314561 -0.015010805428028108 0.010739496536552907 -0.00062868303308884297 -0.00013908247929066419 0.00069971511256881045 0.0079832741369803614 0.0047846111655235283
leaf_weight=2.9999999999999973 2.9999999999999991 2.9999999999999991 2.9999999999999991 2.9999999999999991 2.9999999999999991 3.9999999999999991 3 4 4 3.0000000000000044 5
leaf_count=3 3 3 3 3 3 4 3 4 4 3 5
internal_value=-2.8394e-12 0.000897811 -0.00337482 0.00400518 -0.00770208 0.00654704 -0.00404771 0.0021888 -0.00144166 0.0050225 0.00391222
internal_weight=41 38 16 22 9 15 6 7 7 11 8
internal_count=41 38 16 22 9 15 6 7 7 11 8
is_linear=0
shrinkage=0.05


Tree=46
num_leaves=12
num_cat=0
split_feature=59 66 45 89 12 12 82 61 22 75 21
split_gain=0.154879 0.18996 0.152848 0.05472 0.0504455 0.0384976 0.0296152 0.0226638 0.0188543 0.0039645 0.00204547
threshold=0.29141876784438431 1.0000000180025095e-35 -1.0000000180025095e-35 1.0000000180025095e-35 -0.63272149801129818 -0.69135926082626498 0.14148874925816046 -0.109085032512417 -1.0000000180025095e-35 -0.015148603741321081 -0.26915416382707241
decision_type=2 2 2 2 2 2 2 2 2 2 2
left_child=1 3 7 4 -1 -4 -5 10 -6 -8 -3
right_child=-2 2 5 6 8 -7 9 -9 -10 -11 -12
leaf_value=-0.0042779957565168532 -0.010937197118376693 -0.0016693650434414548 -0.0056119747692719088 0.009667406789958477 0.0064678397029638282 -0.013104792932669321 0.005260404199361802 0.0045763947380085788 0.001224184804596006 0.0029612745779256 0.00017701258572439349
leaf_weight=3 2.9999999999999991 2.9999999999999991 4 3.9999999999999991 3 2.9999999999999991 4.9999999999999982 2.9999999999999991 4.0000000000000018 3.0000000000000018 3
leaf_count=3 3 3 4 4 3 3 5 3 4 3 3
internal_value=1.36291e-11 0.000863463 -0.00328188 0.00387826 0.00114663 -0.00882318 0.00615462 0.00102801 0.00347147 0.00439823 -0.000746176
internal_weight=41 38 16 22 10 7 12 9 7 8 6
internal_count=41 38 16 22 10 7 12 9 7 8 6
is_linear=0
shrinkage=0.05


Tree=47
num_leaves=12
num_cat=0
split_feature=49 24 32 29 87 70 13 7 84 9 10
split_gain=0.140198 0.169384 0.126972 0.0996713 0.0815533 0.0324305 0.0239243 0.0168984 0.0154247 0.0118704 0.00305343
threshold=1.6637015459767368 0.30998131197583778 -0.072479256268767736 0.15364598432043311 0.31283216343908632 0.27192474102019931 -0.45238055094380542 -0.25608656488088311 1.0000000180025095e-35 -0.36454500721419214 -0.18650719772965199
decision_type=2 2 2 2 2 2 2 2 2 2 2
left_child=1 3 7 5 -4 9 -6 -3 -5 10 -1
right_child=-2 2 4 8 6 -7 -8 -9 -10 -11 -12
leaf_value=0.0022985371140142297 -0.010405912324010086 -0.00016988988500088451 -0.013752138614654554 -0.0039683415244023005 -0.0068128094077110294 0.009822783432900906 -0.00049823885783553104 0.0047943278526266396 0.00077447221847251049 0.0072476403166850285 0.0043162686377763741
leaf_weight=2.9999999999999973 2.9999999999999991 4 2.9999999999999964 2.9999999999999991 2.9999999999999991 3.9999999999999991 3.0000000000000009 3.0000000000000009 4 3.0000000000000044 5
leaf_count=3 3 4 3 3 3 4 3 3 4 3 5
internal_value=-1.98758e-12 0.000821519 -0.00309288 0.00366836 -0.00702106 0.0059674 -0.00365552 0.00195763 -0.00125816 0.00456544 0.00355962
internal_weight=41 38 16 22 9 15 6 7 7 11 8
internal_count=41 38 16 22 9 15 6 7 7 11 8
is_linear=0
shrinkage=0.05


Tree=48
num_leaves=12
num_cat=0
split_feature=59 24 32 29 87 70 0 7 29 9 10
split_gain=0.133747 0.154899 0.117815 0.0835314 0.0736019 0.0292685 0.0215917 0.0159844 0.0123844 0.010713 0.00275572
threshold=0.29141876784438431 0.30998131197583778 -0.072479256268767736 0.15364598432043311 0.31283216343908632 0.27192474102019931 -0.95312166137165455 -0.25608656488088311 0.1848003585040433 -0.36454500721419214 -0.18650719772965199
decision_type=2 2 2 2 2 2 2 2 2 2 2
left_child=1 3 7 5 -4 9 -6 -3 -5 10 -1
right_child=-2 2 4 8 6 -7 -8 -9 -10 -11 -12
leaf_value=0.0021836103716244295 -0.010163674134916317 -6.1937007121741768e-05 -0.013064531981945042 -0.0035830153152346614 -0.00047332691028714166 0.0093316443264484412 -0.0064721689869960131 0.0045546115065614344 0.00096018078426520013 0.0068852582325537913 0.0041004551947116845
leaf_weight=3 2.9999999999999991 5 2.9999999999999982 2.9999999999999991 3 3.9999999999999991 3 3.0000000000000018 3 3.0000000000000027 5
leaf_count=3 3 5 3 3 3 4 3 3 3 3 5
internal_value=-2.58385e-11 0.000802395 -0.00274564 0.00367462 -0.00667001 0.00566903 -0.00347275 0.00166927 -0.00131142 0.00433717 0.00338164
internal_weight=41 38 17 21 9 15 6 8 6 11 8
internal_count=41 38 17 21 9 15 6 8 6 11 8
is_linear=0
shrinkage=0.05


Tree=49
num_leaves=12
num_cat=0
split_feature=59 24 32 29 87 70 0 10 11 9 11
split_gain=0.120706 0.139797 0.106328 0.0753871 0.0664257 0.0264148 0.0194865 0.0145096 0.0118106 0.00966851 0.00262184
threshold=0.29141876784438431 0.30998131197583778 -0.072479256268767736 0.15364598432043311 0.31283216343908632 0.27192474102019931 -0.95312166137165455 -0.14461635678850343 -0.31459641053639026 -0.36454500721419214 -0.50076965058740375
decision_type=2 2 2 2 2 2 2 2 2 2 2
left_child=1 3 7 5 -4 9 -6 -3 -5 10 -1
right_child=-2 2 4 8 6 -7 -8 -9 -10 -11 -12
leaf_value=0.0039136948436498632 -0.0096554907349248736 0.0043348236319919421 -0.012411305059989297 0.00097250849939882727 -0.00044966051355004293 0.0088650621473789215 -0.0061485604693492235 -6.3605820760130851e-05 -0.0034642013876388469 0.0065409952153762108 0.0020439922343939536
leaf_weight=5 2.9999999999999991 3 2.9999999999999982 3 3 3.9999999999999991 3 5.0000000000000018 2.9999999999999991 3.0000000000000027 3
leaf_count=5 3 3 3 3 3 4 3 5 3 3 3
internal_value=-4.99734e-11 0.000762276 -0.00260836 0.00349089 -0.00633651 0.00538558 -0.00329911 0.00158581 -0.00124585 0.00412031 0.00321256
internal_weight=41 38 17 21 9 15 6 8 6 11 8
internal_count=41 38 17 21 9 15 6 8 6 11 8
is_linear=0
shrinkage=0.05


Tree=50
num_leaves=12
num_cat=0
split_feature=49 24 55 29 88 70 13 14 48 9 10
split_gain=0.115275 0.127725 0.0952219 0.0680227 0.0591974 0.0238394 0.0168862 0.0142418 0.0129692 0.00872583 0.0023693
threshold=1.6637015459767368 0.30998131197583778 0.56217704107498567 0.15364598432043311 -1.0000000180025095e-35 0.27192474102019931 -0.84030226908762662 0.19881003868425337 0.90110714834168493 -0.36454500721419214 -0.18650719772965199
decision_type=2 2 2 2 2 2 2 2 2 2 2
left_child=1 3 4 5 6 9 -3 -4 -5 10 -1
right_child=-2 2 7 8 -6 -7 -8 -9 -10 -11 -12
leaf_value=0.0019410684239119303 -0.0094357513667394713 -0.0058411323775847757 0.0043237105011940001 0.0010109736700542272 -0.011790739744901657 0.0084218090400099751 -0.00053606855993469551 -0.00023362800711765883 -0.003337979704762498 0.006213945522904385 0.0037184446677565571
leaf_weight=2.9999999999999973 2.9999999999999991 2.9999999999999991 2.9999999999999991 3.9999999999999991 2.9999999999999991 3.9999999999999991 3 4 3 3.0000000000000044 5
leaf_count=3 3 3 3 4 3 4 3 4 3 3 5
internal_value=5.6788e-12 0.000744928 -0.0026542 0.00321702 -0.00605598 0.0051163 -0.0031886 0.00171952 -0.000852863 0.0039143 0.00305193
internal_weight=41 38 16 22 9 15 6 7 7 11 8
internal_count=41 38 16 22 9 15 6 7 7 11 8
is_linear=0
shrinkage=0.05


Tree=51
num_leaves=12
num_cat=0
split_feature=59 24 32 29 87 70 0 7 29 9 11
split_gain=0.104331 0.113265 0.0894919 0.0603854 0.0535752 0.0215151 0.0153783 0.0121995 0.00992907 0.00787506 0.00225701
threshold=0.29141876784438431 0.30998131197583778 -0.072479256268767736 0.15364598432043311 0.31283216343908632 0.27192474102019931 -0.95312166137165455 -0.25608656488088311 0.1848003585040433 -0.36454500721419214 -0.50076965058740375
decision_type=2 2 2 2 2 2 2 2 2 2 2
left_child=1 3 7 5 -4 9 -6 -3 -5 10 -1
right_child=-2 2 4 8 6 -7 -8 -9 -10 -11 -12
leaf_value=0.003549861721694469 -0.0089766701372961215 1.0107299312949178e-05 -0.011201202869415287 -0.0031085535263021789 -0.00048641106113791452 0.0080007186159491549 -0.0055490755786498369 0.0040432170033454862 0.00095942532643675769 0.0059032481163740092 0.0018151163201158241
leaf_weight=5 2.9999999999999991 5 2.9999999999999982 2.9999999999999991 3 3.9999999999999991 3 3.0000000000000018 3 3.0000000000000027 3
leaf_count=5 3 5 3 3 3 4 3 3 3 3 3
internal_value=8.51819e-12 0.000708684 -0.00232529 0.00316476 -0.00574556 0.00486049 -0.00301774 0.00152252 -0.00107456 0.00371858 0.00289933
internal_weight=41 38 17 21 9 15 6 8 6 11 8
internal_count=41 38 17 21 9 15 6 8 6 11 8
is_linear=0
shrinkage=0.05


Tree=52
num_leaves=12
num_cat=0
split_feature=49 24 55 29 88 70 13 14 0 9 63
split_gain=0.0994165 0.105531 0.07773 0.0531336 0.0481069 0.0194173 0.0136525 0.0123712 0.0115227 0.00710725 0.00208866
threshold=1.6637015459767368 0.30998131197583778 0.56217704107498567 0.15364598432043311 -1.0000000180025095e-35 0.27192474102019931 -0.84030226908762662 0.19881003868425337 0.90718378348810547 -0.36454500721419214 0.13184610945243469
decision_type=2 2 2 2 2 2 2 2 2 2 2
left_child=1 3 4 5 6 9 -3 -4 -5 10 -1
right_child=-2 2 7 8 -6 -7 -8 -9 -10 -11 -12
leaf_value=0.0033801636099815382 -0.0087627120316028598 -0.0052716219176848732 0.0039808579410115881 0.001098695187829435 -0.010641142725944519 0.0076006827875971794 -0.00050149522721767406 -0.00026665939949452875 -0.0030005714856088154 0.0056080856670935849 0.0017113687509360408
leaf_weight=4.9999999999999973 2.9999999999999991 2.9999999999999991 2.9999999999999991 3.9999999999999991 2.9999999999999991 3.9999999999999991 3 4 3 3.0000000000000044 3
leaf_count=5 3 3 3 4 3 4 3 4 3 3 3
internal_value=-1.78882e-11 0.000691793 -0.00239793 0.00293886 -0.00547142 0.00461746 -0.00288656 0.00155371 -0.000658133 0.00353265 0.00275437
internal_weight=41 38 16 22 9 15 6 7 7 11 8
internal_count=41 38 16 22 9 15 6 7 7 11 8
is_linear=0
shrinkage=0.05


Tree=53
num_leaves=12
num_cat=0
split_feature=59 24 32 29 87 70 0 38 55 7 10
split_gain=0.0902743 0.0916809 0.0754506 0.04837 0.0431856 0.0175241 0.012109 0.00994609 0.00856744 0.00642429 0.00193966
threshold=0.29141876784438431 0.30998131197583778 -0.072479256268767736 0.15364598432043311 0.31283216343908632 0.27192474102019931 -0.95312166137165455 -1.0000000180025095e-35 -1.0000000180025095e-35 1.0000000180025095e-35 -0.18650719772965199
decision_type=2 2 2 2 2 2 2 2 2 2 2
left_child=1 3 7 5 -4 9 -6 -3 -5 10 -1
right_child=-2 2 4 8 6 -7 -8 -9 -10 -11 -12
leaf_value=0.0016109650954604154 -0.0083500934764742848 0.0037386893294751632 -0.010109085589647297 0.00096411099657416315 -0.00051563559100031842 0.0072206483222544198 -0.0050080408652623488 9.706168435513968e-05 -0.0028146532985071342 0.0053292173892259603 0.0032191351056098912
leaf_weight=2.9999999999999982 2.9999999999999991 3 2.9999999999999982 3 3 3.9999999999999991 3 5.0000000000000018 2.9999999999999991 2.9999999999999991 5.0000000000000036
leaf_count=3 3 3 3 3 3 4 3 5 3 3 5
internal_value=-1.93079e-11 0.000659218 -0.00207041 0.00286891 -0.00521092 0.00438659 -0.00276184 0.00146267 -0.000925271 0.00335602 0.00261607
internal_weight=41 38 17 21 9 15 6 8 6 11 8
internal_count=41 38 17 21 9 15 6 8 6 11 8
is_linear=0
shrinkage=0.05


Tree=54
num_leaves=12
num_cat=0
split_feature=49 24 32 47 87 70 13 10 17 5 28
split_gain=0.0870753 0.0869024 0.0642366 0.0433884 0.038975 0.0201063 0.0109284 0.00981068 0.00721888 0.00442014 0.000598916
threshold=1.6637015459767368 0.30998131197583778 -0.072479256268767736 -0.82019935782048536 0.31283216343908632 0.27192474102019931 -0.45238055094380542 -0.14461635678850343 0.14826395812449597 0.073221033026868512 -0.32494222338260798
decision_type=2 2 2 2 2 2 2 2 2 2 2
left_child=1 3 7 -1 -4 8 -6 -3 9 10 -5
right_child=-2 2 4 5 6 -7 -8 -9 -10 -11 -12
leaf_value=-0.0020237802600604482 -0.0082008085213601586 0.0035973732670148205 -0.0096036309997240797 0.0022761172925432516 -0.0047576387723286956 0.0068596160970628263 -0.00048985381921132383 -0.00018511735834181301 0.0046352493576705461 0.00051623630958298825 0.0032106863334774925
leaf_weight=3.9999999999999991 2.9999999999999991 3 2.9999999999999964 3 2.9999999999999991 3.9999999999999991 3.0000000000000009 4.0000000000000009 3.9999999999999991 3 4.0000000000000053
leaf_count=4 3 3 3 3 3 4 3 4 4 3 4
internal_value=2.31411e-11 0.000647432 -0.00215636 0.00268655 -0.00495037 0.00373329 -0.00262375 0.00143595 0.00284006 0.00212198 0.00281016
internal_weight=41 38 16 22 9 18 6 7 14 10 7
internal_count=41 38 16 22 9 18 6 7 14 10 7
is_linear=0
shrinkage=0.05


Tree=55
num_leaves=12
num_cat=0
split_feature=59 24 32 29 87 70 0 38 29 9 12
split_gain=0.0787741 0.0742874 0.0626425 0.0390562 0.035175 0.0141652 0.00986287 0.00921315 0.00719388 0.00548081 0.00159478
threshold=0.29141876784438431 0.30998131197583778 -0.072479256268767736 0.15364598432043311 0.31283216343908632 0.27192474102019931 -0.95312166137165455 -1.0000000180025095e-35 0.1848003585040433 -0.36454500721419214 -0.23056763232619609
decision_type=2 2 2 2 2 2 2 2 2 2 2
left_child=1 3 7 5 -4 9 -6 -3 -5 10 -1
right_child=-2 2 4 8 6 -7 -8 -9 -10 -11 -12
leaf_value=0.0014472353407957899 -0.0078001142789920173 0.0035685226010779532 -0.0091234497725963624 -0.0025358236550043029 -0.00046536112204194054 0.0065166353248059753 -0.0045197568833827964 6.3639562577009166e-05 0.00092680474820857218 0.004864626315732791 0.0029054422304034232
leaf_weight=3 2.9999999999999991 3 2.9999999999999982 2.9999999999999991 3 3.9999999999999991 3 5.0000000000000018 3 3.0000000000000027 5
leaf_count=3 3 3 3 3 3 4 3 5 3 3 5
internal_value=3.54925e-12 0.000615798 -0.00184129 0.00260487 -0.00470286 0.00396862 -0.00249256 0.00137797 -0.000804509 0.00304207 0.00235861
internal_weight=41 38 17 21 9 15 6 8 6 11 8
internal_count=41 38 17 21 9 15 6 8 6 11 8
is_linear=0
shrinkage=0.05


Tree=56
num_leaves=11
num_cat=0
split_feature=49 32 12 16 17 27 60 53 2 89
split_gain=0.0763265 0.0725607 0.039606 0.0339376 0.0254607 0.0147558 0.017276 0.00543171 0.00397361 0.00349737
threshold=1.6637015459767368 0.86987905957234979 -0.69135926082626498 0.39793128512517634 0.72445606065423152 -0.52768757511097386 -0.4210582136098821 -0.53232456097043812 -1.0000000180025095e-35 1.0000000180025095e-35
decision_type=2 2 2 2 2 2 2 2 2 2
left_child=1 2 4 -3 -1 -4 8 -8 -7 -9
right_child=-2 3 5 -5 -6 6 7 9 -10 -11
leaf_value=0.0013262166408821937 -0.0076779778115451339 -0.0082000332574049643 0.0058479828760027892 -0.00067921318113803851 -0.0043152306461706749 0.0055029326428969686 -0.0004720393939351196 0.00077297748066484917 0.0030956829432398055 0.0026431044563651083
leaf_weight=4 2.9999999999999991 2.9999999999999991 2.9999999999999991 3 4 3 4.0000000000000009 5 4.0000000000000027 5
leaf_count=4 3 3 3 3 4 3 4 5 4 5
internal_value=4.06744e-11 0.000606156 0.00155224 -0.00443962 -0.00149451 0.00256782 0.00209923 0.00108516 0.00412736 0.00170804
internal_weight=41 38 32 6 8 24 21 14 7 10
internal_count=41 38 32 6 8 24 21 14 7 10
is_linear=0
shrinkage=0.05


Tree=57
num_leaves=12
num_cat=0
split_feature=49 24 55 47 88 70 14 13 17 5 28
split_gain=0.0688846 0.0661878 0.0498667 0.0324549 0.0286449 0.0158997 0.00833807 0.00777949 0.00507176 0.00335288 0.000372221
threshold=1.6637015459767368 0.30998131197583778 0.56217704107498567 -0.82019935782048536 -1.0000000180025095e-35 0.27192474102019931 0.19881003868425337 -0.84030226908762662 0.14826395812449597 0.073221033026868512 -0.32494222338260798
decision_type=2 2 2 2 2 2 2 2 2 2 2
left_child=1 3 4 -1 7 8 -4 -3 9 10 -5
right_child=-2 2 6 5 -6 -7 -8 -9 -10 -11 -12
leaf_value=-0.0017184283965661963 -0.0072940788542230923 -0.0041386077801386515 0.0032866498455405239 0.0020428727691372234 -0.0083220221102237712 0.0060408293269574647 -0.00020042420946992929 -0.00053780026112993545 0.0039711242076009515 0.00046600163138161091 0.002779637835919853
leaf_weight=3.9999999999999991 2.9999999999999991 2.9999999999999991 2.9999999999999991 3 2.9999999999999991 3.9999999999999991 4 3 3.9999999999999991 3 4.0000000000000053
leaf_count=4 3 3 3 3 3 4 4 3 4 3 4
internal_value=1.89951e-11 0.000575848 -0.00187106 0.00235542 -0.00433281 0.00326072 0.00129404 -0.0023382 0.00246641 0.00186452 0.00246388
internal_weight=41 38 16 22 9 18 7 6 14 10 7
internal_count=41 38 16 22 9 18 7 6 14 10 7
is_linear=0
shrinkage=0.05


Tree=58
num_leaves=12
num_cat=0
split_feature=59 24 32 29 87 70 38 0 55 7 21
split_gain=0.065761 0.0550579 0.0490161 0.0289979 0.0262936 0.0114283 0.00840082 0.00742355 0.00550805 0.0044305 0.00118838
threshold=0.29141876784438431 0.30998131197583778 -0.072479256268767736 0.15364598432043311 0.31283216343908632 0.27192474102019931 -1.0000000180025095e-35 -0.95312166137165455 -1.0000000180025095e-35 1.0000000180025095e-35 -0.26915416382707241
decision_type=2 2 2 2 2 2 2 2 2 2 2
left_child=1 3 6 5 -4 9 -3 -6 -5 10 -1
right_child=-2 2 4 8 7 -7 -8 -9 -10 -11 -12
leaf_value=0.0024754342064261443 -0.0071267804130911829 0.0033867653459310528 -0.0079059210916360249 0.00085222463967511415 -0.00041420903677741674 0.0057387880049645902 3.9962846785783746e-05 -0.0039316773414611803 -0.0021776416610615949 0.0042565300439794864 0.0012166640197392537
leaf_weight=4.9999999999999982 2.9999999999999991 3 2.9999999999999982 3 3 3.9999999999999991 5.0000000000000018 3 2.9999999999999991 2.9999999999999991 3.0000000000000036
leaf_count=5 3 3 3 3 3 4 5 3 3 3 3
internal_value=1.95564e-11 0.000562641 -0.00155267 0.00227503 -0.00408394 0.00345013 0.00129501 -0.00217294 -0.000662709 0.00261789 0.0020034
internal_weight=41 38 17 21 9 15 8 6 6 11 8
internal_count=41 38 17 21 9 15 8 6 6 11 8
is_linear=0
shrinkage=0.05


Tree=59
num_leaves=13
num_cat=0
split_feature=61 32 16 11 10 11 58 29 23 6 9 55
split_gain=0.0612968 0.0561749 0.0246565 0.0221808 0.0342783 0.0158106 0.0103378 0.00678089 0.00242484 0.00205272 0.00082978 1.93412e-05
threshold=-0.71348124950225811 0.86987905957234979 0.39793128512517634 1.0000000180025095e-35 -1.0000000180025095e-35 -0.13103451500160451 1.0000000180025095e-35 0.0568402524729602 -1.0000000180025095e-35 -0.40463999091224817 1.0000000180025095e-35 0.42551177277413149
decision_type=2 2 2 2 2 2 2 2 2 2 2 2
left_child=-1 3 -3 5 7 6 9 -5 11 -2 -11 -8
right_child=1 2 -4 4 -6 -7 8 -9 -10 10 -12 -13
leaf_value=-0.006880631546179454 0.0016379266356428464 -0.0071016800900300346 -0.00069120787084102613 0.0003189975817804224 -0.0041355554567417139 0.005688926825920735 0.0022964309900999065 0.0034636441618204113 0.0041271921868125611 -0.00055191298597492215 0.00062408326193690283 0.0024759727840622261
leaf_weight=2.9999999999999991 2.9999999999999991 2.9999999999999991 3 4 3.9999999999999982 3.0000000000000027 3 3 2.9999999999999982 3.0000000000000027 3 3
leaf_count=3 3 3 3 4 4 3 3 3 3 3 3 3
internal_value=3.80479e-11 0.000543208 -0.00389644 0.00137564 -0.000443209 0.00232837 0.00176828 0.0016667 0.00296653 0.000570032 3.60851e-05 0.0023862
internal_weight=41 38 6 32 11 21 18 7 9 9 6 6
internal_count=41 38 6 32 11 21 18 7 9 9 6 6
is_linear=0
shrinkage=0.05


Tree=60
num_leaves=11
num_cat=0
split_feature=49 32 12 16 17 27 60 53 89 2
split_gain=0.0576782 0.0509598 0.0267794 0.0222525 0.0158602 0.0115705 0.0113592 0.00467973 0.00239786 8.55315e-05
threshold=1.6637015459767368 0.86987905957234979 -0.69135926082626498 0.39793128512517634 0.72445606065423152 -0.52768757511097386 -0.79721040112886554 -0.53232456097043812 -1.0000000180025095e-35 0.83005469575250879
decision_type=2 2 2 2 2 2 2 2 2 2
left_child=1 2 4 -3 -1 -4 -7 -8 -9 -10
right_child=-2 3 5 -5 -6 6 7 8 9 -11
leaf_value=0.0010407844500150531 -0.0066744432474176094 -0.0067465959737698245 0.0050595027084151907 -0.00065664754559596359 -0.0034117752569727596 0.0038201474770903562 -0.00039122727011999762 0.00074727026978507576 0.0023322662338614479 0.0019790900250275926
leaf_weight=4 2.9999999999999991 2.9999999999999991 2.9999999999999991 3 4 5.0000000000000027 4.0000000000000044 5.0000000000000036 3.9999999999999964 3
leaf_count=4 3 3 3 3 4 5 4 5 4 3
internal_value=-1.80124e-11 0.00052693 0.00131978 -0.00370162 -0.0011855 0.00215488 0.00173993 0.00108986 0.00158356 0.00218091
internal_weight=41 38 32 6 8 24 21 16 12 7
internal_count=41 38 32 6 8 24 21 16 12 7
is_linear=0
shrinkage=0.05


Tree=61
num_leaves=12
num_cat=0
split_feature=59 24 32 29 87 70 38 0 29 7 21
split_gain=0.0539607 0.0418973 0.0367015 0.0217805 0.020775 0.0101497 0.00687983 0.00605239 0.00412058 0.00331493 0.000793604
threshold=0.29141876784438431 0.30998131197583778 -0.072479256268767736 0.15364598432043311 0.31283216343908632 0.27192474102019931 -1.0000000180025095e-35 -0.95312166137165455 0.1848003585040433 1.0000000180025095e-35 -0.26915416382707241
decision_type=2 2 2 2 2 2 2 2 2 2 2
left_child=1 3 6 5 -4 9 -3 -6 -5 10 -1
right_child=-2 2 4 8 7 -7 -8 -9 -10 -11 -12
leaf_value=0.0020917717739939693 -0.0064557718113064768 0.0030214879661798468 -0.0069232270121574423 -0.0018529008608311416 -0.00023924747171501313 0.005178694520145655 -7.2266394272446591e-06 -0.0034153003245592111 0.00076771610183641288 0.0036549624055624008 0.0010631129407556712
leaf_weight=4.9999999999999982 2.9999999999999991 3 2.9999999999999982 2.9999999999999991 3 3.9999999999999991 5.0000000000000018 3 3 2.9999999999999991 3.0000000000000036
leaf_count=5 3 3 3 3 3 4 5 3 3 3 3
internal_value=-1.08607e-11 0.000509666 -0.00133559 0.00200344 -0.00352592 0.00302186 0.00112854 -0.00182727 -0.000542592 0.00223755 0.00170602
internal_weight=41 38 17 21 9 15 8 6 6 11 8
internal_count=41 38 17 21 9 15 8 6 6 11 8
is_linear=0
shrinkage=0.05


Tree=62
num_leaves=12
num_cat=0
split_feature=49 24 55 47 88 50 67 18 13 5 32
split_gain=0.0506178 0.0426951 0.0321052 0.019476 0.0176364 0.0112496 0.00620665 0.00494639 0.00445686 0.00204087 7.13483e-05
threshold=1.6637015459767368 0.30998131197583778 0.56217704107498567 -0.82019935782048536 -1.0000000180025095e-35 0.31546732276894557 -1.0000000180025095e-35 0.13953907075525215 -0.84030226908762662 0.073221033026868512 -0.49773651131233448
decision_type=2 2 2 2 2 2 2 2 2 2 2
left_child=1 3 4 -1 8 6 -5 -4 -3 10 -7
right_child=-2 2 7 5 -6 9 -8 -9 -10 -11 -12
leaf_value=-0.0012329406272328924 -0.0062526013702154165 -0.0032445352524518968 0.0022190560819581153 0.0054144040681421745 -0.0065770658353964499 0.001789478647212187 0.0026290289591997824 -0.00046673705801367747 -0.00051908039798339201 0.000415082041096563 0.0021120457444339996
leaf_weight=3.9999999999999991 2.9999999999999991 2.9999999999999991 3.9999999999999991 4 2.9999999999999991 3 4.0000000000000053 3 3 3 3.9999999999999982
leaf_count=4 3 3 4 4 3 3 4 3 3 3 4
internal_value=-1.8811e-11 0.000493626 -0.00147163 0.0019229 -0.00344689 0.0026242 0.00402172 0.001068 -0.00188181 0.00150619 0.0019738
internal_weight=41 38 16 22 9 18 8 7 6 10 7
internal_count=41 38 16 22 9 18 8 7 6 10 7
is_linear=0
shrinkage=0.05


Tree=63
num_leaves=12
num_cat=0
split_feature=59 24 32 29 87 70 38 0 55 9 0
split_gain=0.0474226 0.0338645 0.0309566 0.0175494 0.0168041 0.00828733 0.00635105 0.00482053 0.00336988 0.00279719 0.000658297
threshold=0.29141876784438431 0.30998131197583778 -0.072479256268767736 0.15364598432043311 0.31283216343908632 0.27192474102019931 -1.0000000180025095e-35 -0.95312166137165455 -1.0000000180025095e-35 -0.36454500721419214 0.67048036464423977
decision_type=2 2 2 2 2 2 2 2 2 2 2
left_child=1 3 6 5 -4 9 -3 -6 -5 10 -1
right_child=-2 2 4 8 7 -7 -8 -9 -10 -11 -12
leaf_value=0.001084393062046729 -0.0060520409916838018 0.0029006550088524815 -0.0062482121090094269 0.00072031533733631157 -0.00024783909320831289 0.0046838566660881041 -9.3395030125975576e-06 -0.0030823085457086555 -0.0016495934971317184 0.0033282365649938543 0.0019915153738111254
leaf_weight=4 2.9999999999999991 3 2.9999999999999982 3 3 3.9999999999999991 5.0000000000000018 3 2.9999999999999991 3.0000000000000027 4
leaf_count=4 3 3 3 3 3 4 5 3 3 3 4
internal_value=2.23425e-11 0.000477793 -0.00118117 0.00182076 -0.00319279 0.00273492 0.00108191 -0.00166507 -0.000464639 0.00202621 0.00153795
internal_weight=41 38 17 21 9 15 8 6 6 11 8
internal_count=41 38 17 21 9 15 8 6 6 11 8
is_linear=0
shrinkage=0.05


Tree=64
num_leaves=12
num_cat=0
split_feature=24 24 32 89 87 70 38 0 86 9 26
split_gain=0.0446551 0.0309415 0.0279384 0.0157183 0.0151657 0.00945497 0.00573182 0.00435053 0.0038704 0.00212409 0.000213895
threshold=-1.6512441192927725 0.30998131197583778 -0.072479256268767736 -1.374867858343843 0.31283216343908632 0.27192474102019931 -1.0000000180025095e-35 -0.95312166137165455 0.53207036284089892 -0.36454500721419214 0.519159800556248
decision_type=2 2 2 2 2 2 2 2 2 2 2
left_child=-1 3 6 -2 -4 8 -3 -6 9 10 -5
right_child=1 2 4 5 7 -7 -8 -9 -10 -11 -12
leaf_value=-0.0058727932473023742 -0.0016033811795447624 0.002755622379481792 -0.0059358016898234701 0.0018848446756601325 -0.00023544711681703723 0.0044496637303382157 -8.8725192472338643e-06 -0.0029281931618849429 0.0032851785421371461 0.00012449983817835648 0.0013508100373049573
leaf_weight=2.9999999999999991 3.0000000000000027 3 2.9999999999999982 5.0000000000000018 3 3.9999999999999991 5.0000000000000018 3 2.9999999999999991 2.9999999999999991 3
leaf_count=3 3 3 3 5 3 4 5 3 3 3 3
internal_value=-2.66194e-11 0.000463642 -0.00112211 0.00174734 -0.00303315 0.0023058 0.00102781 -0.00158182 0.00169326 0.0012591 0.00168458
internal_weight=41 38 17 21 9 18 8 6 14 11 8
internal_count=41 38 17 21 9 18 8 6 14 11 8
is_linear=0
shrinkage=0.05


Tree=65
num_leaves=12
num_cat=0
split_feature=49 32 12 16 27 17 41 34 75 58 49
split_gain=0.0432742 0.0330757 0.0176922 0.012432 0.00893395 0.0086841 0.0071641 0.00272003 0.00133942 0.000677249 6.07643e-05
threshold=1.6637015459767368 0.86987905957234979 -0.69135926082626498 0.39793128512517634 -0.52768757511097386 0.72445606065423152 0.89776769475408524 0.98135195598132419 0.066343133931716536 -0.099132243696238603 0.54686124812298742
decision_type=2 2 2 2 2 2 2 2 2 2 2
left_child=1 2 5 -3 -4 -1 7 8 9 -6 -11
right_child=-2 3 4 -5 6 -7 -8 -9 -10 10 -12
leaf_value=0.00070620376500301046 -0.0057812788834174476 -0.0052262302488088608 0.0043262643739581108 -0.00067430327956875152 0.0010730969021096818 -0.002588508318876847 0.0036714525272448862 -0.00034207035011301441 0.0005236641096416861 0.0017610894981771677 0.0020587715630729989
leaf_weight=4 2.9999999999999991 2.9999999999999991 2.9999999999999991 3 4.0000000000000027 4 2.9999999999999991 2.9999999999999991 3.9999999999999991 4.0000000000000062 3
leaf_count=4 3 3 3 3 4 4 3 3 4 4 3
internal_value=2.27152e-11 0.000456417 0.00109517 -0.00295027 0.00177394 -0.000941152 0.00140933 0.00103231 0.00130718 0.0015921 0.00188867
internal_weight=41 38 32 6 24 8 21 18 15 11 7
internal_count=41 38 32 6 24 8 21 18 15 11 7
is_linear=0
shrinkage=0.05


Tree=66
num_leaves=11
num_cat=0
split_feature=59 24 32 29 31 70 38 29 9 0
split_gain=0.0391242 0.025774 0.0234566 0.0135561 0.0129623 0.00643796 0.00530385 0.00280197 0.00236885 0.000494213
threshold=0.29141876784438431 0.30998131197583778 -0.072479256268767736 0.15364598432043311 -0.65768967809081003 0.27192474102019931 -1.0000000180025095e-35 0.1848003585040433 -0.36454500721419214 0.67048036464423977
decision_type=2 2 2 2 2 2 2 2 2 2
left_child=1 3 6 5 -4 8 -3 -5 9 -1
right_child=-2 2 4 7 -6 -7 -8 -9 -10 -11
leaf_value=0.00094208421578514381 -0.0054970783491929374 0.0026186921944220854 -0.00064285516127711147 -0.0014835325224945943 -0.0044615777954459205 0.004126810329034925 -4.0594218298792818e-05 0.00067747522844001633 0.0029825904717047974 0.0017280651722103354
leaf_weight=4 2.9999999999999991 3 4 2.9999999999999991 4.9999999999999982 3.9999999999999991 5.0000000000000018 3 3.0000000000000027 4
leaf_count=4 3 3 4 3 5 4 5 3 3 4
internal_value=-1.8953e-11 0.00043398 -0.00101331 0.00160559 -0.00276437 0.00240904 0.000956638 -0.000403029 0.0017844 0.00133507
internal_weight=41 38 17 21 9 15 8 6 11 8
internal_count=41 38 17 21 9 15 8 6 11 8
is_linear=0
shrinkage=0.05


Tree=67
num_leaves=12
num_cat=0
split_feature=49 24 55 47 88 50 67 18 6 5 32
split_gain=0.0380279 0.027804 0.0205419 0.0115717 0.0108974 0.00743762 0.00391035 0.00332847 0.00248233 0.00132505 5.48645e-05
threshold=1.6637015459767368 0.30998131197583778 0.56217704107498567 -0.82019935782048536 -1.0000000180025095e-35 0.31546732276894557 -1.0000000180025095e-35 0.13953907075525215 -0.4432917908718364 0.073221033026868512 -0.49773651131233448
decision_type=2 2 2 2 2 2 2 2 2 2 2
left_child=1 3 4 -1 8 6 -5 -4 -3 10 -7
right_child=-2 2 7 5 -6 9 -8 -9 -10 -11 -12
leaf_value=-0.00085129682302067524 -0.0054195161908864977 -0.00049081379547715191 0.0018175856675952673 0.0043635940644890063 -0.0051985832552115122 0.0014279115634659922 0.0021527247969061101 -0.00038559807580895711 -0.0025248279174168897 0.00033358656801283352 0.0017107733525335792
leaf_weight=3.9999999999999991 2.9999999999999991 2.9999999999999991 3.9999999999999991 4 2.9999999999999991 3 4.0000000000000053 3 3 3 3.9999999999999982
leaf_count=4 3 3 4 4 3 3 4 3 3 3 4
internal_value=2.25377e-11 0.000427857 -0.00115807 0.00158126 -0.00273807 0.00212183 0.00325816 0.000873364 -0.00150782 0.00121276 0.00158955
internal_weight=41 38 16 22 9 18 8 7 6 10 7
internal_count=41 38 16 22 9 18 8 7 6 10 7
is_linear=0
shrinkage=0.05


Tree=68
num_leaves=12
num_cat=0
split_feature=24 24 32 89 87 70 38 0 86 9 26
split_gain=0.035286 0.0209343 0.0198407 0.0108314 0.0106814 0.00665257 0.00490257 0.00297803 0.00276456 0.00134586 0.000149104
threshold=-1.6512441192927725 0.30998131197583778 -0.072479256268767736 -1.374867858343843 0.31283216343908632 0.27192474102019931 -1.0000000180025095e-35 -0.95312166137165455 0.53207036284089892 -0.36454500721419214 0.519159800556248
decision_type=2 2 2 2 2 2 2 2 2 2 2
left_child=-1 3 6 -2 -4 8 -3 -6 9 10 -5
right_child=1 2 4 5 7 -7 -8 -9 -10 -11 -12
leaf_value=-0.0052204810703794166 -0.0013134492988077289 0.0025174965461095167 -0.0049386541048685728 0.0015567783452570432 -0.00017072301707230506 0.0037299259565770626 -3.9212112314999088e-05 -0.0023985865215460454 0.002763234203060468 0.00014774910523556174 0.0011109023199727135
leaf_weight=2.9999999999999991 3.0000000000000027 3 2.9999999999999982 5.0000000000000018 3 3.9999999999999991 5.0000000000000018 3 2.9999999999999991 2.9999999999999991 3
leaf_count=3 3 3 3 5 3 4 5 3 3 3 3
internal_value=-1.27773e-11 0.000412143 -0.000892204 0.00146804 -0.00250265 0.00193163 0.000919554 -0.00128465 0.00141782 0.0010509 0.00138957
internal_weight=41 38 17 21 9 18 8 6 14 11 8
internal_count=41 38 17 21 9 18 8 6 14 11 8
is_linear=0
shrinkage=0.05


Tree=69
num_leaves=12
num_cat=0
split_feature=49 32 12 16 27 2 60 28 53 60 10
split_gain=0.0334335 0.0232882 0.0126796 0.00802077 0.00685482 0.00551861 0.00489347 0.00188645 0.00176684 0.000574725 0.000148913
threshold=1.6637015459767368 0.86987905957234979 -0.69135926082626498 0.39793128512517634 -0.52768757511097386 -0.67064670716018837 -0.4210582136098821 1.0000000180025095e-35 -0.53232456097043812 0.83147456896626093 -0.027248473057771949
decision_type=2 2 2 2 2 2 2 2 2 2 2
left_child=1 2 5 -3 -4 -1 7 -6 -8 10 -10
right_child=-2 3 4 -5 6 -7 8 -9 9 -11 -12
leaf_value=0.00023049145762342951 -0.0050815998887022342 -0.0042854772259791696 0.0037474738433957103 -0.00062925607586900381 0.0015609594993293272 -0.0024820985893408459 -0.00023542733251815653 0.0032195964828133578 0.00098980770756800949 0.0004289366382484634 0.001455816510133445
leaf_weight=5.0000000000000009 2.9999999999999991 2.9999999999999991 2.9999999999999991 3 4.0000000000000027 2.9999999999999991 4.0000000000000009 3 3 3 4
leaf_count=5 3 3 3 3 4 3 4 3 3 3 4
internal_value=1.63975e-11 0.000401179 0.000937156 -0.00245737 0.00151178 -0.00078673 0.0011924 0.0022718 0.000652699 0.00100795 0.0012561
internal_weight=41 38 32 6 24 8 21 7 14 10 7
internal_count=41 38 32 6 24 8 21 7 14 10 7
is_linear=0
shrinkage=0.05


Tree=70
num_leaves=11
num_cat=0
split_feature=59 24 32 29 40 70 38 1 72 78
split_gain=0.0314936 0.0175329 0.0171912 0.0093086 0.00897084 0.00452333 0.00440395 0.00217894 0.00188208 0.000282495
threshold=0.29141876784438431 0.30998131197583778 -0.072479256268767736 0.15364598432043311 -0.80930564314367259 0.27192474102019931 -1.0000000180025095e-35 -0.41170648260761583 -0.70571127134616884 -1.0000000180025095e-35
decision_type=2 2 2 2 2 2 2 2 2 2
left_child=1 3 6 5 -4 8 -3 -5 -1 -10
right_child=-2 2 4 7 -6 -7 -8 -9 9 -11
leaf_value=0.0025658969767391685 -0.0049319672087828319 0.0023966391881306958 -0.00053849435062147666 0.00064406198604653265 -0.0037153150886297236 0.0034613259136676792 -2.6568598113954056e-05 -0.0012616052874363959 0.0013944958103820687 0.00080025809875223705
leaf_weight=2.9999999999999991 2.9999999999999991 3 4 3 4.9999999999999982 3.9999999999999991 5.0000000000000018 2.9999999999999991 3.9999999999999982 4.0000000000000036
leaf_count=3 3 3 4 3 5 4 5 3 4 4
internal_value=1.02218e-11 0.000389366 -0.000804322 0.00135568 -0.00230339 0.00202147 0.000882134 -0.000308772 0.00149788 0.00109738
internal_weight=41 38 17 21 9 15 8 6 11 8
internal_count=41 38 17 21 9 15 8 6 11 8
is_linear=0
shrinkage=0.05


Tree=71
num_leaves=13
num_cat=0
split_feature=61 32 27 12 37 27 60 16 53 47 60 53
split_gain=0.0300764 0.0193458 0.00945969 0.00912428 0.0119713 0.00653405 0.00447854 0.00213411 0.00140905 0.00103356 0.000399539 8.5302e-05
threshold=-0.71348124950225811 0.86987905957234979 -0.52768757511097386 -0.52809821615336261 -0.087852392459645171 0.13485984868228248 -0.4210582136098821 0.10575727134121447 -0.53232456097043812 0.36773009643994053 0.83147456896626093 -0.14481749218138013
decision_type=2 2 2 2 2 2 2 2 2 2 2 2
left_child=-1 2 -2 4 9 -3 7 -5 -8 -4 11 -10
right_child=1 5 3 6 -6 -7 8 -9 10 -11 -12 -13
leaf_value=-0.0048197251521438986 0.0035418458903829254 -0.0038748787095149364 0.0012161007771889366 0.0014712529443204397 -0.0033084823439518624 -0.00057486674437920242 -0.00036188755572463078 0.003158108579615751 0.001313451646516721 -9.6377156053980165e-05 0.00041822502777601271 0.00093639738236864277
leaf_weight=2.9999999999999991 2.9999999999999991 2.9999999999999991 3 5.0000000000000018 2.9999999999999982 3 2.9999999999999991 3 2.9999999999999982 3 3 3.0000000000000036
leaf_count=3 3 3 3 5 3 3 3 3 3 3 3 3
internal_value=-8.58918e-12 0.000380505 0.000869013 0.000592513 -0.000729586 -0.00222487 0.00118746 0.00210382 0.000576547 0.000559862 0.000889358 0.00112492
internal_weight=41 38 32 29 9 6 20 8 12 6 9 6
internal_count=41 38 32 29 9 6 20 8 12 6 9 6
is_linear=0
shrinkage=0.05


Tree=72
num_leaves=12
num_cat=0
split_feature=49 24 55 70 88 74 18 65 13 82 8
split_gain=0.0283748 0.0176937 0.0129937 0.00711025 0.00709425 0.00479731 0.00205073 0.00191765 0.00130795 0.0009333 3.78098e-05
threshold=1.6637015459767368 0.30998131197583778 0.56217704107498567 0.27192474102019931 -1.0000000180025095e-35 1.1351107992770995 0.13953907075525215 0.10176485034996111 -0.84030226908762662 0.14148874925816046 -0.16845927682153791
decision_type=2 2 2 2 2 2 2 2 2 2 2
left_child=1 3 4 5 8 7 -4 9 -3 -1 -11
right_child=-2 2 6 -5 -6 -7 -8 -9 -10 10 -12
leaf_value=0.00032472857856191641 -0.0046814029415448511 -0.0018977726188798745 0.0014612493570894003 0.0031964947935193781 -0.0041374341895182931 -0.0009592797374352813 -0.00026809792810430122 0.002361674016962449 -0.00042132022790610782 0.0011759279668331142 0.0014004566085835299
leaf_weight=4.0000000000000062 2.9999999999999991 2.9999999999999991 3.9999999999999991 3.9999999999999991 2.9999999999999991 2.9999999999999991 3 2.9999999999999991 3 5.0000000000000009 2.9999999999999991
leaf_count=4 3 3 4 4 3 3 3 3 3 5 3
internal_value=-7.38244e-12 0.000369584 -0.000895555 0.00128969 -0.00215218 0.00086595 0.000720101 0.001231 -0.00115955 0.000948327 0.00126013
internal_weight=41 38 16 22 9 18 7 15 6 12 8
internal_count=41 38 16 22 9 18 7 15 6 12 8
is_linear=0
shrinkage=0.05


Tree=73
num_leaves=13
num_cat=0
split_feature=59 24 32 87 29 66 67 38 47 1 1 46
split_gain=0.0273947 0.0126931 0.0126619 0.00713909 0.00692975 0.00379637 0.00389032 0.00366439 0.00183993 0.00157222 0.000279833 4.12217e-05
threshold=0.29141876784438431 0.30998131197583778 -0.072479256268767736 0.31283216343908632 0.15364598432043311 -0.44507048971623475 -1.0000000180025095e-35 -1.0000000180025095e-35 0.36773009643994053 -0.41170648260761583 -0.27481233249325943 0.11051740677291906
decision_type=2 2 2 2 2 2 2 2 2 2 2 2
left_child=1 4 7 -4 5 10 -7 -3 -5 -6 -1 -12
right_child=-2 2 3 8 9 6 -8 -9 -10 -11 11 -13
leaf_value=0.00071602577421193319 -0.0045998397593696918 0.0021763310767710202 -0.0039305623620748539 -0.0018188576834897196 0.00055860599192480238 0.0040071746955315261 0.0014608302929749076 -3.4064115025103074e-05 -6.7699762682119977e-05 -0.001060148549731821 0.0011764008241395155 0.0014385129945973553
leaf_weight=2.9999999999999991 2.9999999999999991 3 2.9999999999999982 3 3 3 3.0000000000000027 5.0000000000000018 3 2.9999999999999991 2.9999999999999991 3
leaf_count=3 3 3 3 3 3 3 3 5 3 3 3 3
internal_value=5.6788e-13 0.000363145 -0.000652511 -0.00193904 0.00118534 0.00175979 0.002734 0.000794834 -0.000943279 -0.000250771 0.00111031 0.00130746
internal_weight=41 38 17 9 21 15 6 8 6 6 9 6
internal_count=41 38 17 9 21 15 6 8 6 6 9 6
is_linear=0
shrinkage=0.05


Tree=74
num_leaves=11
num_cat=0
split_feature=24 24 32 89 31 27 38 70 58 26
split_gain=0.0258695 0.0116439 0.0114274 0.00659552 0.00649939 0.00403393 0.00330711 0.00289114 0.000517707 4.15782e-05
threshold=-1.6512441192927725 0.30998131197583778 -0.072479256268767736 -1.374867858343843 -0.65768967809081003 -0.52768757511097386 -1.0000000180025095e-35 0.27192474102019931 -1.0000000180025095e-35 0.25292726897159495
decision_type=2 2 2 2 2 2 2 2 2 2
left_child=-1 3 6 -2 -4 -5 -3 8 -7 -10
right_child=1 2 4 5 -6 7 -8 -9 9 -11
leaf_value=-0.0044699527633686861 -0.0010301269435634205 0.0020675145710508025 -0.00033984482288360588 0.0031758477911353056 -0.0030438823997974403 0.00035585643490776393 -3.2360912300646284e-05 0.0025557006398836757 0.0011408221162855642 0.00090537009139855676
leaf_weight=2.9999999999999991 3.0000000000000027 3 4 3.0000000000000044 4.9999999999999982 4.0000000000000027 5.0000000000000018 3.0000000000000009 4.999999999999992 3
leaf_count=3 3 3 4 3 5 4 5 3 5 3
internal_value=1.53327e-11 0.000352891 -0.000619885 0.00114038 -0.00184209 0.00150213 0.000755092 0.00116738 0.000820304 0.00105253
internal_weight=41 38 17 21 9 18 8 15 12 8
internal_count=41 38 17 21 9 18 8 15 12 8
is_linear=0
shrinkage=0.05


Tree=75
num_leaves=12
num_cat=0
split_feature=49 24 55 88 47 50 38 18 72 5 15
split_gain=0.024298 0.0136676 0.00976528 0.00534086 0.00522697 0.00365155 0.002593 0.00161297 0.00107037 0.000613717 6.17487e-05
threshold=1.6637015459767368 0.30998131197583778 0.56217704107498567 -1.0000000180025095e-35 -0.82019935782048536 0.31546732276894557 -0.033750304569540097 0.13953907075525215 0.53215664918212624 0.073221033026868512 -0.15511539556729223
decision_type=2 2 2 2 2 2 2 2 2 2 2
left_child=1 4 3 8 -1 6 -6 -4 -3 10 -7
right_child=-2 2 7 -5 5 9 -8 -9 -10 -11 -12
leaf_value=-0.00048421847459394489 -0.0043320622295141224 -0.0016658552922308445 0.0012880153954029083 -0.0035818400482336681 0.0011480771005153653 0.0013049239292740819 0.0030074677616357768 -0.000245686473014454 -0.00033020667421321064 0.00027868738009904817 0.00100484024733305
leaf_weight=3.9999999999999991 2.9999999999999991 2.9999999999999991 3.9999999999999991 2.9999999999999991 3 3 5.0000000000000053 3 3 3 3.9999999999999982
leaf_count=4 3 3 4 3 3 3 5 3 3 3 4
internal_value=1.36291e-11 0.000342005 -0.000769919 -0.0018593 0.00115068 0.00151399 0.0023102 0.000630715 -0.000998031 0.000877019 0.00113345
internal_weight=41 38 16 9 22 18 8 7 6 10 7
internal_count=41 38 16 9 22 18 8 7 6 10 7
is_linear=0
shrinkage=0.05


Tree=76
num_leaves=12
num_cat=0
split_feature=59 76 31 36 62 16 16 88 16 79 60
split_gain=0.0233162 0.00952197 0.0107573 0.00491644 0.00470414 0.0038303 0.00316626 0.00179144 0.00119631 0.00055043 0.000245183
threshold=0.29141876784438431 0.20150020092632473 1.0000000180025095e-35 -0.075226369772536092 -1.1279752011279853 -1.0000000180025095e-35 0.10575727134121447 0.60325060325090507 0.39793128512517634 -0.82980013973434696 -0.01138156236253105
decision_type=2 2 2 2 2 2 2 2 2 2 2
left_child=1 2 4 8 -1 10 -4 9 -3 -6 -5
right_child=-2 3 6 5 7 -7 -8 -9 -10 -11 -12
leaf_value=-0.0013847133843228221 -0.0042436330889662113 0.00063950502662919403 -0.0033562801778316501 0.001242097769863903 0.00094660818576812748 0.0027977646514773381 -0.0010590867760280765 0.0018950064045687512 -0.00068133710495506706 5.0666939932852944e-05 0.00064413541695103034
leaf_weight=2.9999999999999991 2.9999999999999991 4.0000000000000027 2.9999999999999991 4.0000000000000009 2.9999999999999991 4.9999999999999973 3 3 3 4.0000000000000027 3
leaf_count=3 3 4 3 4 3 5 3 3 3 4 3
internal_value=1.53327e-11 0.000335024 -0.000456459 0.00112651 0.000351798 0.0017408 -0.00220768 0.000872751 7.34298e-05 0.000434642 0.000985828
internal_weight=41 38 19 19 13 12 6 10 7 7 7
internal_count=41 38 19 19 13 12 6 10 7 7 7
is_linear=0
shrinkage=0.05


Tree=77
num_leaves=13
num_cat=0
split_feature=61 32 27 12 37 27 60 16 53 47 60 53
split_gain=0.0214244 0.0115806 0.00617843 0.00570018 0.00659023 0.00380786 0.00291266 0.00164489 0.000882019 0.00054405 0.000171244 1.82698e-05
threshold=-0.71348124950225811 0.86987905957234979 -0.52768757511097386 -0.52809821615336261 -0.087852392459645171 0.13485984868228248 -0.4210582136098821 0.10575727134121447 -0.53232456097043812 0.36773009643994053 0.83147456896626093 -0.14481749218138013
decision_type=2 2 2 2 2 2 2 2 2 2 2 2
left_child=-1 2 -2 4 9 -3 7 -5 -8 -4 11 -10
right_child=1 5 3 6 -6 -7 8 -9 10 -11 -12 -13
leaf_value=-0.0040678415757914388 0.0028591963772972425 -0.0029542367284496624 0.00086349837171534674 0.0011295369453728193 -0.002482773953427872 -0.00043502533808350554 -0.00028924996731802824 0.0026104760045806558 0.00094217980901400284 -8.8735611643642171e-05 0.00039226943238948771 0.00076768137514591106
leaf_weight=2.9999999999999991 2.9999999999999991 2.9999999999999991 3 5.0000000000000018 2.9999999999999982 3 2.9999999999999991 3 2.9999999999999982 3 3 3.0000000000000036
leaf_count=3 3 3 3 5 3 3 3 3 3 3 3 3
internal_value=-1.67524e-11 0.000321145 0.000699103 0.000475646 -0.000569337 -0.00169463 0.000945888 0.00168489 0.00045322 0.000387381 0.00070071 0.000854931
internal_weight=41 38 32 29 9 6 20 8 12 6 9 6
internal_count=41 38 32 29 9 6 20 8 12 6 9 6
is_linear=0
shrinkage=0.05


Tree=78
num_leaves=11
num_cat=0
split_feature=24 24 32 61 70 89 38 33 58 76
split_gain=0.0208294 0.00778072 0.00763774 0.00521104 0.0044134 0.00287704 0.00246455 0.00148398 0.000293764 2.84124e-05
threshold=-1.6512441192927725 0.30998131197583778 -0.072479256268767736 -0.42002062214995012 0.27192474102019931 -1.374867858343843 -1.0000000180025095e-35 0.82853782517570373 -1.0000000180025095e-35 -1.0000000180025095e-35
decision_type=2 2 2 2 2 2 2 2 2 2
left_child=-1 4 6 -4 5 -2 -3 8 -7 -10
right_child=1 2 3 -5 -6 7 -8 -9 9 -11
leaf_value=-0.0040109575105210151 -0.00079636732116341452 0.0017785289014379179 -0.00013260303530842065 -0.0025538469105958945 0.0024546962697058919 0.00029923359979875367 -3.4223520196974263e-05 0.0018956079768637805 0.00072005537804216088 0.00092361066490411869
leaf_weight=2.9999999999999991 3.0000000000000044 3 4 4.9999999999999982 3.9999999999999991 4.0000000000000018 5.0000000000000018 3.0000000000000009 3.0000000000000018 3.9999999999999947
leaf_count=3 3 3 4 5 4 4 5 3 3 4
internal_value=2.8394e-12 0.000316655 -0.00047854 -0.00147774 0.000960383 0.00060878 0.000645559 0.000909883 0.000641049 0.000836373
internal_weight=41 38 17 9 21 17 8 14 11 7
internal_count=41 38 17 9 21 17 8 14 11 7
is_linear=0
shrinkage=0.05


Tree=79
num_leaves=11
num_cat=0
split_feature=49 24 52 37 27 74 53 24 4 24
split_gain=0.0198881 0.00951474 0.00712089 0.00403193 0.00368263 0.00247899 0.0019045 0.00166982 0.000253079 1.24087e-05
threshold=1.6637015459767368 0.30998131197583778 -0.46036128874141297 -1.0000000180025095e-35 -0.52768757511097386 1.1351107992770995 1.0000000180025095e-35 0.64286568603343619 0.64521295139850721 -0.32869963333576996
decision_type=2 2 2 2 2 2 2 2 2 2
left_child=1 4 7 -4 -1 6 8 -3 9 -6
right_child=-2 2 3 -5 5 -7 -8 -9 -10 -11
leaf_value=0.0026121380118032298 -0.0039192744841178261 -0.00049608534512420488 -0.00055065699853002999 -0.0027956313453614714 0.00091115718241780894 -0.00059186803021778667 0.001919237175025046 0.00099603432230651353 0.00038775330642238254 0.00077663574678202318
leaf_weight=2.9999999999999991 2.9999999999999991 3 4.0000000000000009 3.9999999999999991 4.0000000000000036 2.9999999999999991 3.9999999999999991 5 5 3.0000000000000053
leaf_count=3 3 3 4 4 4 3 4 5 5 3
internal_value=-2.55546e-12 0.000309416 -0.000618327 -0.00167314 0.000984139 0.000727087 0.000974391 0.000436489 0.000659442 0.000853505
internal_weight=41 38 16 8 22 19 16 8 12 7
internal_count=41 38 16 8 22 19 16 8 12 7
is_linear=0
shrinkage=0.05


Tree=80
num_leaves=13
num_cat=0
split_feature=59 76 31 36 19 16 16 73 59 10 11 24
split_gain=0.0193942 0.00675478 0.00751474 0.00356091 0.00325004 0.00302729 0.00228057 0.00115309 0.000802206 0.000519144 0.000396664 8.30203e-05
threshold=0.29141876784438431 0.20150020092632473 1.0000000180025095e-35 -0.075226369772536092 0.45456369357610421 -0.060205267779525416 0.10575727134121447 -0.013707029071032998 0.15187654861783237 -1.0000000180025095e-35 0.22539959053665082 -0.32869963333576996
decision_type=2 2 2 2 2 2 2 2 2 2 2 2
left_child=1 2 4 8 7 11 -4 10 -3 -7 -1 -5
right_child=-2 3 6 5 -6 9 -8 -9 -10 -11 -12 -13
leaf_value=0.0007219505845569075 -0.0038703018799424171 0.00053950508590787599 -0.0027995598192016285 0.00088680579016605959 -0.0011289180877308051 0.0018240399037798242 -0.00084995816772182758 0.001567627210170029 -0.00054210643672073866 0.0027542227258284904 -3.8620604512592144e-05 0.00051482838268081331
leaf_weight=3.9999999999999991 2.9999999999999991 4.0000000000000027 2.9999999999999991 3.0000000000000009 2.9999999999999991 3 3 3.0000000000000027 3 2.9999999999999973 3 3
leaf_count=4 3 4 3 3 3 3 3 3 3 3 3 3
internal_value=-6.53062e-12 0.00030555 -0.000361078 0.000972178 0.000314467 0.00149497 -0.00182476 0.000747482 7.59573e-05 0.00228913 0.000395992 0.000700817
internal_weight=41 38 19 19 13 12 6 10 7 6 7 6
internal_count=41 38 19 19 13 12 6 10 7 6 7 6
is_linear=0
shrinkage=0.05


Tree=81
num_leaves=12
num_cat=0
split_feature=19 32 27 31 13 27 60 16 40 79 0
split_gain=0.0178198 0.00804704 0.00461087 0.00552744 0.00286748 0.00275784 0.00142189 0.00169305 0.000241627 6.63482e-05 7.83443e-06
threshold=-1.410243707062665 0.86987905957234979 -0.52768757511097386 1.844318609866801 -0.73374735116923129 0.13485984868228248 -0.4210582136098821 -0.060205267779525416 0.30382579202794685 0.78318565206396695 0.61531171326305711
decision_type=2 2 2 2 2 2 2 2 2 2 2
left_child=-1 2 -2 4 -4 -3 7 -6 9 10 -8
right_child=1 5 3 -5 6 -7 8 -9 -10 -11 -12
leaf_value=-0.0037098843759546677 0.0024740053340792656 -0.0024594102675716085 -0.00080451962227622584 -0.0016172582283616066 0.00071597348432987922 -0.00031548754001657159 0.00067842891439795516 0.002096075168810782 0.00019538693013601007 0.00045846372377127392 0.00078531769104301914
leaf_weight=2.9999999999999991 2.9999999999999991 2.9999999999999991 3.0000000000000027 2.9999999999999991 5 3 2.9999999999999982 4.0000000000000053 3.9999999999999991 3 4
leaf_count=3 3 3 3 3 5 3 3 4 4 3 4
internal_value=9.65395e-12 0.000292886 0.000607948 0.000414908 0.000649389 -0.00138745 0.000839029 0.00132935 0.000523821 0.000655195 0.000739508
internal_weight=41 38 32 29 26 6 23 9 14 10 7
internal_count=41 38 32 29 26 6 23 9 14 10 7
is_linear=0
shrinkage=0.05


Tree=82
num_leaves=13
num_cat=0
split_feature=59 76 31 36 48 16 16 48 59 10 23 24
split_gain=0.0172579 0.00549128 0.00641734 0.00297819 0.00283834 0.00248432 0.00199974 0.000930596 0.000648522 0.000420524 0.00020091 7.92533e-05
threshold=0.29141876784438431 0.20150020092632473 1.0000000180025095e-35 -0.075226369772536092 0.90110714834168493 -0.060205267779525416 0.10575727134121447 -1.0000000180025095e-35 0.15187654861783237 -1.0000000180025095e-35 -0.26602746868202626 -0.32869963333576996
decision_type=2 2 2 2 2 2 2 2 2 2 2 2
left_child=1 2 4 8 7 11 -4 -1 -3 -7 -9 -5
right_child=-2 3 6 5 -6 9 -8 10 -10 -11 -12 -13
leaf_value=0.0014528910939892135 -0.0036509305549164619 0.00048645736824255394 -0.0025782287120819092 0.00082969691914816653 -0.0010374208834643165 0.0016682268741230165 -0.00075260438024997694 0.0006323266308754683 -0.00048604512897630522 0.0025054090345899283 9.1037309418121851e-05 0.00046625655765334751
leaf_weight=2.9999999999999991 2.9999999999999991 4.0000000000000027 2.9999999999999991 3.0000000000000009 2.9999999999999991 3 3 3.9999999999999991 3 2.9999999999999973 3.0000000000000036 3
leaf_count=3 3 4 3 3 3 3 3 4 3 3 3 3
internal_value=9.37001e-12 0.000288231 -0.000312825 0.000889287 0.000311448 0.0013674 -0.00166542 0.000716109 6.96706e-05 0.00208682 0.000400345 0.000647977
internal_weight=41 38 19 19 13 12 6 10 7 6 7 6
internal_count=41 38 19 19 13 12 6 10 7 6 7 6
is_linear=0
shrinkage=0.05


Tree=83
num_leaves=13
num_cat=0
split_feature=49 24 55 27 88 70 29 18 72 78 4 89
split_gain=0.0163692 0.00710764 0.00490235 0.00304888 0.00278183 0.00179168 0.00101796 0.000727454 0.000530628 0.000223016 6.7185e-05 4.33654e-05
threshold=1.6637015459767368 0.30998131197583778 0.56217704107498567 -0.52768757511097386 -1.0000000180025095e-35 0.27192474102019931 0.45281153969218457 0.13953907075525215 0.53215664918212624 0.79187513870965531 0.64521295139850721 0.83570399232664472
decision_type=2 2 2 2 2 2 2 2 2 2 2 2
left_child=1 3 4 -1 8 6 9 -4 -3 11 -11 -5
right_child=-2 2 7 5 -6 -7 -8 -9 -10 10 -12 -13
leaf_value=0.0023451822499434157 -0.0035556819910804432 -0.0011416239353517692 0.00091268063988536596 0.00094675874958435402 -0.0025361655900875729 0.001751285915573438 -0.00041046757445049783 -0.0001173050918926795 -0.00020120951036612189 0.00055495261525114359 0.00022032601215566194 0.00069528059102594839
leaf_weight=2.9999999999999991 2.9999999999999991 2.9999999999999991 3.9999999999999991 3.0000000000000089 2.9999999999999991 2.9999999999999991 2.9999999999999991 3 3 3 3 4
leaf_count=3 3 3 4 3 3 3 3 3 3 3 3 4
internal_value=1.14996e-11 0.000280712 -0.000521137 0.000863874 -0.001293 0.000629984 0.000419739 0.000471258 -0.000671417 0.000611326 0.000387639 0.000803057
internal_weight=41 38 16 22 9 19 16 7 6 13 6 7
internal_count=41 38 16 22 9 19 16 7 6 13 6 7
is_linear=0
shrinkage=0.05


Tree=84
num_leaves=13
num_cat=0
split_feature=24 27 76 76 31 36 16 16 20 59 33 67
split_gain=0.0157902 0.0049654 0.00455371 0.00546038 0.00375107 0.00191019 0.00186277 0.000555772 0.000330038 0.000184204 5.42777e-05 1.80543e-05
threshold=-1.6512441192927725 -0.52768757511097386 0.20150020092632473 -1.0021555194464102 -0.65768967809081003 1.0000000180025095e-35 -1.0000000180025095e-35 0.39793128512517634 -1.0000000180025095e-35 0.21697052283566562 0.55724696650925043 0.73338311128725076
decision_type=2 2 2 2 2 2 2 2 2 2 2 2
left_child=-1 -2 3 9 -5 7 10 -4 -6 11 -7 -3
right_child=1 2 5 4 8 6 -8 -9 -10 -11 -12 -13
leaf_value=-0.0034922298354407156 0.0022279231188197931 0.00067165371341009958 0.00044757365540135612 0.0001268448463330666 -0.0024093573912978166 0.00043108635776055329 0.0019744484219700108 -0.00045270428527146564 -0.0016676948405802236 0.0001050711842253804 0.00073185670189559451 0.00049818765061597015
leaf_weight=2.9999999999999991 2.9999999999999991 2.9999999999999982 4.0000000000000027 3 3 3.0000000000000009 3.9999999999999973 3 3.0000000000000018 3 3 3
leaf_count=3 3 3 4 3 3 3 4 3 3 3 3 3
internal_value=-7.0985e-13 0.000275702 0.000108369 -0.000445882 -0.00131674 0.000695224 0.00113866 6.17403e-05 -0.00203853 0.000424971 0.000581472 0.000584921
internal_weight=41 38 35 18 9 17 10 7 6 9 6 6
internal_count=41 38 35 18 9 17 10 7 6 9 6 6
is_linear=0
shrinkage=0.05


Tree=85
num_leaves=12
num_cat=0
split_feature=61 32 27 12 37 27 60 16 23 47 11
split_gain=0.0149455 0.00565589 0.00332302 0.00300979 0.00319895 0.00199382 0.00161787 0.00113248 0.000391484 0.000242404 2.93238e-05
threshold=-0.71348124950225811 0.86987905957234979 -0.52768757511097386 -0.52809821615336261 -0.087852392459645171 0.13485984868228248 -0.4210582136098821 -0.060205267779525416 -0.3351227017202944 0.36773009643994053 -0.31459641053639026
decision_type=2 2 2 2 2 2 2 2 2 2 2
left_child=-1 2 -2 4 9 -3 7 -5 10 -4 -8
right_child=1 5 3 6 -6 -7 8 -9 -10 -11 -12
leaf_value=-0.0033975390872607626 0.0021165269737442333 -0.0020519627879063292 0.00059351538463185216 0.00066606112523004402 -0.0017239640311648456 -0.00022904581079880392 0.00064067068742588149 0.0018558535724878299 -6.087521760491649e-05 -4.209919134154915e-05 0.0004492163250688463
leaf_weight=2.9999999999999991 2.9999999999999991 2.9999999999999991 3 4 2.9999999999999982 3 4 4.0000000000000018 4.0000000000000027 3 4
leaf_count=3 3 3 3 4 3 3 4 4 4 3 4
internal_value=7.80834e-12 0.000268227 0.000532364 0.000368485 -0.000390849 -0.0011405 0.000710185 0.00126096 0.000343004 0.000275708 0.000544944
internal_weight=41 38 32 29 9 6 20 8 12 6 8
internal_count=41 38 32 29 9 6 20 8 12 6 8
is_linear=0
shrinkage=0.05


Tree=86
num_leaves=13
num_cat=0
split_feature=59 76 31 36 19 16 16 81 59 10 31 24
split_gain=0.014417 0.00389095 0.00448295 0.00213102 0.0019906 0.0019734 0.00128857 0.000679242 0.000425888 0.000304218 0.000170044 4.50349e-05
threshold=0.29141876784438431 0.20150020092632473 1.0000000180025095e-35 -0.075226369772536092 0.45456369357610421 -0.060205267779525416 0.10575727134121447 0.2654013701299951 0.15187654861783237 -1.0000000180025095e-35 -0.51953905238872966 -0.32869963333576996
decision_type=2 2 2 2 2 2 2 2 2 2 2 2
left_child=1 2 4 8 7 11 -4 10 -3 -7 -1 -5
right_child=-2 3 6 5 -6 9 -8 -9 -10 -11 -12 -13
leaf_value=0.00056179582607001071 -0.0033369247180720174 0.0004138316930038851 -0.0021057453627387683 0.00066961493963996535 -0.00085035043302923447 0.0014589813227454819 -0.00064027165062725529 0.001247610912347833 -0.00037425910122692576 0.002171041257679464 6.3818763010203771e-05 0.00039564744996217381
leaf_weight=3.9999999999999991 2.9999999999999991 4.0000000000000027 2.9999999999999991 3.0000000000000009 2.9999999999999991 3 3 3 3 2.9999999999999973 3.0000000000000027 3
leaf_count=4 3 4 3 3 3 3 3 3 3 3 3 3
internal_value=5.25289e-12 0.000263441 -0.000242507 0.00076939 0.000279263 0.00117382 -0.00137301 0.000618147 7.60785e-05 0.00181501 0.000348377 0.000532631
internal_weight=41 38 19 19 13 12 6 10 7 6 7 6
internal_count=41 38 19 19 13 12 6 10 7 6 7 6
is_linear=0
shrinkage=0.05


Tree=87
num_leaves=12
num_cat=0
split_feature=19 32 27 31 27 13 60 16 40 42 31
split_gain=0.0137954 0.00476065 0.00301639 0.00323738 0.00175316 0.0016204 0.000883061 0.00110707 0.000130482 3.5598e-05 3.47856e-06
threshold=-1.410243707062665 0.86987905957234979 -0.52768757511097386 1.844318609866801 0.13485984868228248 -0.73374735116923129 -0.4210582136098821 -0.060205267779525416 0.30382579202794685 0.25752366751975903 -1.0000000180025095e-35
decision_type=2 2 2 2 2 2 2 2 2 2 2
left_child=-1 2 -2 5 -3 -4 7 -7 9 -8 -11
right_child=1 4 3 -5 -6 6 8 -9 -10 10 -12
leaf_value=-0.0032642019136498372 0.0020093384509285292 -0.0018894252056876821 -0.00056959598635633721 -0.0012113291459778944 -0.00018005681534608202 0.00055631172843277447 0.00036993925459682958 0.0016723102657124377 0.00017614866665098818 0.00054527523461729251 0.00061649948668976646
leaf_weight=2.9999999999999991 2.9999999999999991 2.9999999999999991 3.0000000000000027 2.9999999999999991 3 5 2.9999999999999982 4.0000000000000053 3.9999999999999991 4.0000000000000018 2.9999999999999982
leaf_count=3 3 3 3 3 3 5 3 4 4 4 3
internal_value=-7.66637e-12 0.0002577 0.000500033 0.000343898 -0.00103474 0.000523347 0.000665905 0.00105231 0.000417501 0.000514042 0.0005758
internal_weight=41 38 32 29 6 26 23 9 14 10 7
internal_count=41 38 32 29 6 26 23 9 14 10 7
is_linear=0
shrinkage=0.05


Tree=88
num_leaves=11
num_cat=0
split_feature=49 24 55 47 85 29 0 1 27 33
split_gain=0.0130915 0.0046236 0.00306875 0.00202362 0.00189837 0.00106067 0.000742561 0.0004913 0.000304077 1.68356e-05
threshold=1.6637015459767368 0.30998131197583778 0.56217704107498567 0.55752239412534155 0.28428735458491317 0.15364598432043311 0.81783464012756568 1.0000000180025095e-35 -0.16916832142131538 1.0000000180025095e-35
decision_type=2 2 2 2 2 2 2 2 2 2
left_child=1 3 4 5 -3 6 9 -4 -7 -1
right_child=-2 2 7 -5 -6 8 -8 -9 -10 -11
leaf_value=0.00047154169529676381 -0.0031798273324966432 -0.001655880939215422 0.00075224712491035468 0.0019281958229839802 -0.00019448850071057675 0.000336888040571163 0.0013514669262804091 -9.4203689756492759e-05 -0.0003750074150351187 0.00060916451038792716
leaf_weight=5.0000000000000053 2.9999999999999991 4.9999999999999982 3.9999999999999991 2.9999999999999991 4 3 3.9999999999999991 3 2.9999999999999991 4
leaf_count=5 3 5 4 3 4 3 4 3 3 4
internal_value=7.38244e-12 0.000251039 -0.000395686 0.000721385 -0.00100637 0.000530836 0.000784633 0.000389482 -1.90597e-05 0.000532707
internal_weight=41 38 16 22 9 19 13 7 6 9
internal_count=41 38 16 22 9 19 13 7 6 9
is_linear=0
shrinkage=0.05


Tree=89
num_leaves=12
num_cat=0
split_feature=24 27 76 76 31 26 16 59 20 79 25
split_gain=0.0127244 0.00323017 0.00291953 0.00368842 0.00245568 0.00125703 0.00125203 0.000365766 0.000231267 9.67697e-05 5.07266e-06
threshold=-1.6512441192927725 -0.52768757511097386 0.20150020092632473 -1.0021555194464102 -0.65768967809081003 0.25292726897159495 -1.0000000180025095e-35 0.15187654861783237 -1.0000000180025095e-35 1.0000000180025095e-35 -0.15093332106607085
decision_type=2 2 2 2 2 2 2 2 2 2 2
left_child=-1 -2 3 9 -5 7 -7 -4 -6 10 -3
right_child=1 2 5 4 8 6 -8 -9 -10 -11 -12
leaf_value=-0.0031349362495044866 0.0018220739439129829 0.00054638118793567036 0.00038827907526865584 0.00012101867857078708 -0.0019414302582542097 0.00046031753183342508 0.0016471319831907754 -0.00031006749874601755 -0.0013205875953038522 0.0001526110417520006 0.00045443315369387459
leaf_weight=2.9999999999999991 2.9999999999999991 2.9999999999999982 5.0000000000000018 3 3 5 3.9999999999999982 3 3.0000000000000018 3 3
leaf_count=3 3 3 5 3 3 5 4 3 3 3 3
internal_value=4.40107e-12 0.000247495 0.000112531 -0.000331262 -0.001047 0.00058243 0.000987791 0.000126399 -0.00163101 0.000384475 0.000500407
internal_weight=41 38 35 18 9 17 9 8 6 9 6
internal_count=41 38 35 18 9 17 9 8 6 9 6
is_linear=0
shrinkage=0.05


Tree=90
num_leaves=13
num_cat=0
split_feature=59 76 31 36 16 19 16 10 16 10 21 9
split_gain=0.0120042 0.00273386 0.00313995 0.00159176 0.00153587 0.00149145 0.000906351 0.000433209 0.000283015 0.000225662 0.000105753 3.94189e-05
threshold=0.29141876784438431 0.20150020092632473 1.0000000180025095e-35 -0.075226369772536092 -0.060205267779525416 0.45456369357610421 0.10575727134121447 -0.26721504564662563 0.39793128512517634 -1.0000000180025095e-35 -1.0000000180025095e-35 -0.48252770469306566
decision_type=2 2 2 2 2 2 2 2 2 2 2 2
left_child=1 2 5 8 11 7 -4 -1 -3 -6 -9 -5
right_child=-2 3 6 4 9 -7 -8 10 -10 -11 -12 -13
leaf_value=0.0010489990624288719 -0.0030449224635958672 0.00034061531769111723 -0.001744368299841881 0.00057651771542926598 0.0012730477067331471 -0.00072481739334762096 -0.0005153099540621041 0.00049916401039808991 -0.0003018254685836533 0.0018863203004002582 0.00010645197859654808 0.00032020117214415217
leaf_weight=2.9999999999999991 2.9999999999999991 4.0000000000000027 2.9999999999999991 3.0000000000000009 3 2.9999999999999991 3 3.9999999999999991 3 2.9999999999999973 3.0000000000000036 3
leaf_count=3 3 4 3 3 3 3 3 4 3 3 3 3
internal_value=9.29903e-12 0.000240389 -0.000183709 0.000664487 0.00101402 0.000252966 -0.00112984 0.000546301 6.52836e-05 0.00157968 0.000330859 0.000448359
internal_weight=41 38 19 19 12 13 6 10 7 6 7 6
internal_count=41 38 19 19 12 13 6 10 7 6 7 6
is_linear=0
shrinkage=0.05


Tree=91
num_leaves=12
num_cat=0
split_feature=19 32 27 31 27 60 89 17 22 41 32
split_gain=0.01149 0.00326682 0.00222703 0.0023247 0.00131511 0.00120821 0.000813562 0.000670386 9.71195e-05 1.47046e-05 6.80841e-06
threshold=-1.410243707062665 0.86987905957234979 -0.52768757511097386 1.844318609866801 0.13485984868228248 -0.23876442207300247 -1.374867858343843 0.14826395812449597 0.41667746019635316 -0.48282761155681625 -0.32609537928750049
decision_type=2 2 2 2 2 2 2 2 2 2 2
left_child=-1 2 -2 5 -3 7 -7 9 -8 -4 -10
right_child=1 4 3 -5 -6 6 8 -9 10 -11 -12
leaf_value=-0.002978989474164943 0.0017327969272931416 -0.0015756941710909208 0.00057380128030975639 -0.0010161266351739566 -9.5204108705123237e-05 -0.0005745083559304476 0.00017776305845472953 0.0012794403824955224 0.00052322512492537505 0.00041725221090018719 0.00042358110658824428
leaf_weight=2.9999999999999991 2.9999999999999991 2.9999999999999991 3 2.9999999999999991 3 2.9999999999999991 5.0000000000000018 5 2.9999999999999991 3.0000000000000018 4.0000000000000009
leaf_count=3 3 3 3 3 3 3 5 5 3 3 4
internal_value=6.38865e-13 0.000235183 0.000435927 0.000301768 -0.000835449 0.000453833 0.000161953 0.000851851 0.000346068 0.000495527 0.000466286
internal_weight=41 38 32 29 6 26 15 11 12 6 7
internal_count=41 38 32 29 6 26 15 11 12 6 7
is_linear=0
shrinkage=0.05


Tree=92
num_leaves=13
num_cat=0
split_feature=61 32 27 12 37 27 60 19 1 47 40 65
split_gain=0.0110057 0.00298757 0.00198383 0.00160024 0.0018492 0.00118689 0.00083526 0.000734209 0.00026379 0.000115215 2.96777e-05 7.02465e-06
threshold=-0.71348124950225811 0.86987905957234979 -0.52768757511097386 -0.52809821615336261 -0.087852392459645171 0.13485984868228248 -0.4210582136098821 0.34010418208278431 -1.0000000180025095e-35 0.36773009643994053 0.25458891268831424 -0.035566923083764128
decision_type=2 2 2 2 2 2 2 2 2 2 2 2
left_child=-1 2 -2 4 9 -3 7 -5 10 -4 11 -8
right_child=1 5 3 6 -6 -7 8 -9 -10 -11 -12 -13
leaf_value=-0.0029155385447666052 0.0016461571057637533 -0.001496909372508526 0.00046773766322682288 0.00056938941590487934 -0.0012717282554755615 -9.0443886195619872e-05 0.0004262993422647319 0.0015588062194486455 -0.00012518889367735619 2.9530512013783053e-05 0.00028779426356777542 0.00053450168731311945
leaf_weight=2.9999999999999991 2.9999999999999991 2.9999999999999991 3 5.0000000000000018 2.9999999999999982 3 2.9999999999999982 3 3.0000000000000027 3 3 3
leaf_count=3 3 3 3 5 3 3 3 3 3 3 3 3
internal_value=1.46939e-11 0.000230174 0.000422146 0.000295524 -0.000258153 -0.000793677 0.000544679 0.000940421 0.000280852 0.000248634 0.000416198 0.000480401
internal_weight=41 38 32 29 9 6 20 8 12 6 9 6
internal_count=41 38 32 29 9 6 20 8 12 6 9 6
is_linear=0
shrinkage=0.05


Tree=93
num_leaves=11
num_cat=0
split_feature=59 32 11 8 7 49 16 47 42 37
split_gain=0.0104992 0.0020192 0.00132799 0.00184497 0.000775134 0.000543778 0.00089703 0.00034491 0.000204117 1.20945e-05
threshold=0.29141876784438431 0.86987905957234979 1.0000000180025095e-35 -0.18743545086472327 -0.47676677398645534 0.39363667033338207 -0.060205267779525416 -0.19989592430754391 -0.36741044717360277 -1.0000000180025095e-35
decision_type=2 2 2 2 2 2 2 2 2 2
left_child=1 2 4 7 -1 8 -7 -4 -6 -10
right_child=-2 -3 3 -5 5 6 -8 -9 9 -11
leaf_value=0.001337870148320993 -0.0028476560488343242 -0.00071153756231069577 0.00056896347552537897 -0.0011393123422749341 2.474394394084811e-05 0.00033308158745057873 0.0014768336278696856 -0.00010918097880979379 0.00051891311692694813 0.00038610543124377667
leaf_weight=2.9999999999999991 2.9999999999999991 4.9999999999999991 5.0000000000000009 2.9999999999999991 5 4 2.9999999999999991 2.9999999999999991 3 4.0000000000000053
leaf_count=3 3 5 5 3 5 4 3 3 3 4
internal_value=-1.70364e-12 0.000224815 0.000366687 -8.18784e-05 0.000590969 0.000473037 0.000823261 0.000314659 0.00026874 0.000443023
internal_weight=41 38 33 11 22 19 7 8 12 7
internal_count=41 38 33 11 22 19 7 8 12 7
is_linear=0
shrinkage=0.05


Tree=94
num_leaves=12
num_cat=0
split_feature=49 24 52 47 37 29 0 24 63 73 6
split_gain=0.0101492 0.00282634 0.00192648 0.00138188 0.00129559 0.000597798 0.000522174 0.000374431 0.000150287 1.72755e-05 1.67616e-06
threshold=1.6637015459767368 0.30998131197583778 -0.46036128874141297 0.55752239412534155 -1.0000000180025095e-35 0.15364598432043311 0.81783464012756568 0.64286568603343619 0.10998882247946699 -0.089319396366813519 1.0000000180025095e-35
decision_type=2 2 2 2 2 2 2 2 2 2 2
left_child=1 3 7 5 -4 6 9 -3 -7 -1 -11
right_child=-2 2 4 -5 -6 8 -8 -9 -10 10 -12
leaf_value=0.0005085545436789591 -0.0027997862547636033 -0.00017756432838117079 -0.00019695629598572842 0.001586037998398145 -0.0014695462305098772 0.0002687253096761803 0.0010971785988658667 0.00052900551818311212 -0.00023175317546701984 0.00033517704190065399 0.00038803160811463986
leaf_weight=3 2.9999999999999991 3 4.0000000000000009 2.9999999999999991 3.9999999999999991 2.9999999999999991 3.9999999999999991 5 3 3.0000000000000053 3
leaf_count=3 3 3 4 3 4 3 4 5 3 3 3
internal_value=2.67968e-12 0.000221036 -0.000284605 0.000588774 -0.000833251 0.000431312 0.000621846 0.000264042 1.84861e-05 0.000410588 0.000361604
internal_weight=41 38 16 22 8 19 13 8 6 9 6
internal_count=41 38 16 22 8 19 13 8 6 9 6
is_linear=0
shrinkage=0.05


Tree=95
num_leaves=12
num_cat=0
split_feature=24 27 76 76 31 85 16 20 20 30 85
split_gain=0.00972981 0.00212402 0.00171976 0.00232342 0.00151175 0.000809938 0.000795295 0.000284666 0.000159114 0.000123508 6.62937e-05
threshold=-1.6512441192927725 -0.52768757511097386 0.20150020092632473 -1.0021555194464102 -0.65768967809081003 -0.57033384223542949 0.39793128512517634 -0.5123198651645724 -1.0000000180025095e-35 -1.0000000180025095e-35 1.0000000180025095e-35
decision_type=2 2 2 2 2 2 2 2 2 2 2
left_child=-1 -2 3 10 -5 6 -4 -7 -6 -9 -3
right_child=1 2 5 4 8 7 -8 9 -10 -11 -12
leaf_value=-0.0027413301790754005 0.0014932442146042982 0.00045580797363072641 0.00035927097002665164 0.00011474408674985167 -0.0015173980966210361 0.00054921715636737625 0.0015105707570910449 0.00020234727708157144 -0.0010024325611690671 -0.00022205366694834106 0.00018271385924890633
leaf_weight=2.9999999999999991 2.9999999999999991 4.9999999999999982 3.0000000000000027 3 3 4.0000000000000009 3 4.0000000000000009 3.0000000000000018 2.9999999999999964 4
leaf_count=3 3 5 3 3 3 4 3 4 3 3 4
internal_value=-9.441e-12 0.000216421 0.000106979 -0.000233631 -0.000801696 0.000467625 0.000934921 0.000212736 -0.00125992 2.04612e-05 0.000334433
internal_weight=41 38 35 18 9 17 6 11 6 7 9
internal_count=41 38 35 18 9 17 6 11 6 7 9
is_linear=0
shrinkage=0.05


Tree=96
num_leaves=12
num_cat=0
split_feature=14 32 27 76 48 27 19 85 47 18 67
split_gain=0.00930632 0.00198955 0.0014606 0.000991682 0.0018653 0.000928117 0.000643113 0.000217119 9.83753e-05 4.90902e-05 1.98651e-05
threshold=-1.5149172292099589 0.86987905957234979 -0.52768757511097386 0.20150020092632473 -0.61382592734994035 0.13485984868228248 0.34010418208278431 0.28428735458491317 0.36773009643994053 -0.54356665987825592 0.73338311128725076
decision_type=2 2 2 2 2 2 2 2 2 2 2
left_child=-1 2 -2 4 -4 -3 8 10 9 -5 -6
right_child=1 5 3 6 7 -7 -8 -9 -10 -11 -12
leaf_value=-0.0026810083887539807 0.0014185819774866105 -0.0012457226092616718 -0.0011481164799382283 0.00034034337382763644 0.00045548376627266404 -1.9936667134364442e-06 0.0010850600927369669 -0.00010432709629336988 0.00010054243806128698 0.00059618246741592834 0.0002927359969665606
leaf_weight=2.9999999999999991 2.9999999999999991 2.9999999999999991 3.0000000000000009 4.9999999999999964 5 3 3.9999999999999991 3.0000000000000009 3 3.0000000000000018 3
leaf_count=3 3 3 3 5 5 3 4 3 3 3 3
internal_value=-2.8394e-13 0.000211659 0.000368318 0.00025967 -4.29789e-05 -0.000623858 0.000542142 0.000258422 0.000344717 0.000436283 0.000394453
internal_weight=41 38 32 29 14 6 15 11 11 8 8
internal_count=41 38 32 29 14 6 15 11 11 8 8
is_linear=0
shrinkage=0.05


Tree=97
num_leaves=12
num_cat=0
split_feature=19 32 27 31 27 60 16 89 40 58 0
split_gain=0.00899445 0.00182741 0.0012963 0.00121398 0.000837626 0.000707578 0.000715042 0.000512405 8.8633e-05 2.64235e-05 4.93872e-06
threshold=-1.410243707062665 0.86987905957234979 -0.52768757511097386 1.844318609866801 0.13485984868228248 -0.4210582136098821 -0.060205267779525416 -1.374867858343843 0.30382579202794685 -0.30736410990225332 -1.0000000180025095e-35
decision_type=2 2 2 2 2 2 2 2 2 2 2
left_child=-1 2 -2 5 -3 6 -4 -7 9 -9 -11
right_child=1 4 3 -5 -6 7 -8 8 -10 10 -12
leaf_value=-0.0026357029797509316 0.0013476529158651829 -0.0011834365005294481 0.00032562168780714273 -0.00069649483290656162 -1.8939531097809468e-06 -0.00041703368381907475 0.0012225175974890582 0.00045363006182014921 6.2137685017660236e-05 0.0002526344653839864 0.00034336044918745808
leaf_weight=2.9999999999999991 2.9999999999999991 2.9999999999999991 5 2.9999999999999991 3 3.0000000000000044 4.0000000000000018 5.0000000000000018 3.0000000000000009 3.0000000000000018 2.9999999999999947
leaf_count=3 3 3 5 3 3 3 4 5 3 3 3
internal_value=-4.04614e-12 0.000208082 0.000358222 0.000255867 -0.000592665 0.000365755 0.000724242 0.000175967 0.000303039 0.00036874 0.000297997
internal_weight=41 38 32 29 6 26 9 17 14 11 6
internal_count=41 38 32 29 6 26 9 17 14 11 6
is_linear=0
shrinkage=0.05


Tree=98
num_leaves=12
num_cat=0
split_feature=59 32 12 84 29 22 54 31 11 48 17
split_gain=0.00856571 0.00127376 0.000731124 0.00114192 0.000590615 0.000397878 0.00037151 0.000137587 7.68613e-05 2.11633e-05 1.18699e-05
threshold=0.29141876784438431 0.86987905957234979 -0.52809821615336261 0.46788573460597732 -0.025714897007415027 -0.92571704371299057 -0.3927994502840329 0.51869648489913478 0.88926641763010217 -0.5387443204516108 -1.0000000180025095e-35
decision_type=2 2 2 2 2 2 2 2 2 2 2
left_child=1 2 3 6 -4 -6 -1 9 -8 -7 -11
right_child=-2 -3 4 -5 5 7 8 -9 -10 10 -12
leaf_value=0.00074031761226554717 -0.0025721186616768439 -0.00054063081741333012 0.00096798581536859283 -0.0008404011236658941 0.00086445240303873914 0.00022564904793398455 0.00023781450387711325 -7.1339017692177248e-05 -0.0001200992284187426 0.00044445105207463107 0.00030379861903687274
leaf_weight=2.9999999999999991 2.9999999999999991 4.9999999999999991 4.9999999999999991 2.9999999999999991 3.0000000000000027 3.9999999999999991 2.9999999999999991 2.9999999999999991 3 2.9999999999999991 3.0000000000000036
leaf_count=3 3 5 5 3 3 4 3 3 3 3 3
internal_value=-8.34073e-12 0.000203062 0.000315743 4.40794e-06 0.000493648 0.000345418 0.000286011 0.000225641 5.88576e-05 0.000314735 0.000374125
internal_weight=41 38 33 12 21 16 9 13 6 10 6
internal_count=41 38 33 12 21 16 9 13 6 10 6
is_linear=0
shrinkage=0.05


Tree=99
num_leaves=11
num_cat=0
split_feature=49 24 52 47 37 29 9 24 27 68
split_gain=0.00811719 0.00184278 0.00127785 0.000927708 0.000879502 0.000369344 0.000414724 0.000226363 9.28754e-05 1.95913e-05
threshold=1.6637015459767368 0.30998131197583778 -0.46036128874141297 0.55752239412534155 -1.0000000180025095e-35 0.15364598432043311 -0.36454500721419214 0.64286568603343619 -0.16916832142131538 1.0000000180025095e-35
decision_type=2 2 2 2 2 2 2 2 2 2
left_child=1 3 7 5 -4 6 9 -3 -7 -1
right_child=-2 2 4 -5 -6 8 -8 -9 -10 -11
leaf_value=0.00026110436301678418 -0.002503871358931065 -0.0001071379675219456 -0.00013319420540938148 0.0013117201005419096 -0.0011817063204944134 0.00023781856289133423 0.00093897139304317421 0.0004422409366816282 -0.00015561791369691493 0.0004095638345461338
leaf_weight=5 2.9999999999999991 3 4.0000000000000009 2.9999999999999991 3.9999999999999991 3 4.0000000000000044 5 2.9999999999999991 4
leaf_count=5 3 3 4 3 4 3 4 5 3 4
internal_value=-1.03638e-11 0.000197674 -0.000210613 0.00049461 -0.00065745 0.000365593 0.000515359 0.000236224 4.11003e-05 0.000327086
internal_weight=41 38 16 22 8 19 13 8 6 9
internal_count=41 38 16 22 8 19 13 8 6 9
is_linear=0
shrinkage=0.05


Tree=100
num_leaves=12
num_cat=0
split_feature=24 27 37 12 77 14 66 16 16 11 2
split_gain=0.00780829 0.00141301 0.00112181 0.00140668 0.000757407 0.000731053 0.000412046 0.000288103 2.90501e-05 2.03819e-05 3.33073e-06
threshold=-1.6512441192927725 -0.52768757511097386 1.0000000180025095e-35 -0.52809821615336261 -0.76482437014031623 1.1205564647595587 0.16011499462980897 0.10575727134121447 -0.2155807628963152 -0.032952316262001742 0.83005469575250879
decision_type=2 2 2 2 2 2 2 2 2 2 2
left_child=-1 -2 5 -4 -5 6 7 8 10 -6 -3
right_child=1 2 3 4 9 -7 -8 -9 -10 -11 -12
leaf_value=-0.0024557671509683136 0.0012352936590711277 0.00033722671990593276 -0.0010252011707052588 -0.00060778900127237041 0.0002619832148775458 0.0010693619803835948 -0.00022100210335338489 0.00078906112660964342 0.0001260180513781959 0.00042683406112094713 0.00026272018440067759
leaf_weight=2.9999999999999991 2.9999999999999991 2.9999999999999991 3.9999999999999991 2.9999999999999991 5 2.9999999999999991 3.9999999999999991 2.9999999999999991 4.0000000000000062 3 3
leaf_count=3 3 3 4 3 5 3 4 3 4 3 3
internal_value=-1.91659e-12 0.000193876 0.000104612 -0.00022225 6.97319e-05 0.000349759 0.00022277 0.000359315 0.000230391 0.000323802 0.000299973
internal_weight=41 38 35 15 11 20 17 13 10 8 6
internal_count=41 38 35 15 11 20 17 13 10 8 6
is_linear=0
shrinkage=0.05


Tree=101
num_leaves=12
num_cat=0
split_feature=61 27 76 76 19 31 53 20 19 66 3
split_gain=0.00748345 0.0012608 0.00120816 0.00135657 0.00104161 0.000851706 0.000268052 0.000129796 4.41156e-05 3.3919e-05 2.9027e-06
threshold=-0.71348124950225811 -0.52768757511097386 0.20150020092632473 -1.0021555194464102 0.34010418208278431 -0.65768967809081003 0.093983393932960027 0.2081857937303567 -0.20604255699229013 -1.0000000180025095e-35 0.73564041780086586
decision_type=2 2 2 2 2 2 2 2 2 2 2
left_child=-1 -2 3 9 6 -5 8 -7 10 -3 -4
right_child=1 2 4 5 -6 7 -8 -9 -10 -11 -12
leaf_value=-0.0024041425514345367 0.0011735289668043456 0.00037989976699464017 0.00026294573520620673 6.9969050431003158e-05 0.0010042690602131189 -0.0011943964598079527 -0.00018548114385339432 -0.00072928648442029944 0.00046299702177445028 0.0001739901643304619 0.00019339118540907894
leaf_weight=2.9999999999999991 2.9999999999999991 4 2.9999999999999982 3 4.9999999999999991 2.9999999999999982 3.9999999999999991 3 3.0000000000000036 4.0000000000000018 3
leaf_count=3 3 4 3 3 5 3 4 3 3 4 3
internal_value=-3.83319e-12 0.000189801 0.000105481 -0.000196799 0.000390968 -0.000617905 0.000155083 -0.000961841 0.000306445 0.000276945 0.000228168
internal_weight=41 38 35 17 18 9 13 6 9 8 6
internal_count=41 38 35 17 18 9 13 6 9 8 6
is_linear=0
shrinkage=0.05


Tree=102
num_leaves=12
num_cat=0
split_feature=19 27 76 76 85 31 9 37 1 60 58
split_gain=0.00727068 0.00112144 0.00108207 0.00126194 0.000782685 0.000768665 0.000596711 0.000189249 0.000119329 6.99527e-05 2.108e-05
threshold=-1.410243707062665 -0.52768757511097386 0.20150020092632473 -1.0021555194464102 -0.57033384223542949 -0.65768967809081003 -0.40915103860823521 0.46807772870816255 -0.18364188332673287 -1.0000000180025095e-35 -0.30736410990225332
decision_type=2 2 2 2 2 2 2 2 2 2 2
left_child=-1 -2 3 10 6 -5 -4 9 -7 -6 -3
right_child=1 2 4 5 7 8 -8 -9 -10 -11 -12
leaf_value=-0.0023697191344884535 0.0011148525091509024 0.00040829726494848721 0.0002497984562069177 6.6470603148142493e-05 0.00038806926459074049 -0.001136730487147967 0.0011826454661786558 -0.00022633948052922884 -0.00069076828658580763 0.00010753979673609125 0.00023296437575481832
leaf_weight=2.9999999999999991 2.9999999999999991 3 3 2.9999999999999991 3.9999999999999964 2.9999999999999991 3.9999999999999991 2.9999999999999991 3 5.0000000000000053 3.9999999999999991
leaf_count=3 3 3 3 3 4 3 4 3 3 5 4
internal_value=-6.24668e-12 0.000187083 0.00010756 -0.000195396 0.000362681 -0.000587009 0.000782854 0.00011758 -0.000913749 0.00023222 0.000308107
internal_weight=41 38 35 16 19 9 7 12 6 9 7
internal_count=41 38 35 16 19 9 7 12 6 9 7
is_linear=0
shrinkage=0.05


Tree=103
num_leaves=13
num_cat=0
split_feature=80 32 27 31 27 60 10 88 22 78 27 4
split_gain=0.00695065 0.00103069 0.000771749 0.000678949 0.00055632 0.000447559 0.000565965 0.000301338 4.15787e-05 2.69891e-05 2.49345e-05 2.1423e-05
threshold=-0.9077348392975686 0.86987905957234979 -0.52768757511097386 1.844318609866801 0.13485984868228248 -0.4210582136098821 -0.14461635678850343 -1.1324177990850319 0.41667746019635316 -0.091639553065548149 0.11683106831262474 0.60319121347822435
decision_type=2 2 2 2 2 2 2 2 2 2 2 2
left_child=-1 2 -2 5 -3 6 11 -7 10 -10 -9 -4
right_child=1 4 3 -5 -6 7 -8 8 9 -11 -12 -13
leaf_value=-0.002316978092615803 0.0010591098728279273 -0.00089990547858178618 0.00039809984154999252 -0.00049552230630069973 6.3007154191533715e-05 -0.00030681442003697101 0.0011447249911725511 4.3960813006075696e-05 0.00022817197022959566 0.00041184658184647589 0.00024781746712202824 0.00020914223277941342
leaf_weight=2.9999999999999991 2.9999999999999991 2.9999999999999991 3 2.9999999999999991 3 3.0000000000000044 3.0000000000000018 3.0000000000000009 4.0000000000000036 3.9999999999999964 3 3
leaf_count=3 3 3 3 3 3 3 3 3 4 4 3 3
internal_value=1.05768e-11 0.000182919 0.000295676 0.0002167 -0.000418449 0.000298879 0.000583989 0.000147939 0.000245386 0.000320009 0.000145889 0.000303621
internal_weight=41 38 32 29 6 26 9 17 14 8 6 6
internal_count=41 38 32 29 6 26 9 17 14 8 6 6
is_linear=0
shrinkage=0.05


Tree=104
num_leaves=12
num_cat=0
split_feature=59 76 77 26 17 36 87 35 9 18 29
split_gain=0.00679908 0.000779407 0.00107559 0.000631451 0.000611248 0.000542292 0.000343638 0.000142014 0.000101604 6.36017e-05 4.08038e-06
threshold=0.29141876784438431 0.20150020092632473 0.66826173592948757 0.71339678803145223 0.14826395812449597 -0.075226369772536092 0.064319306629817233 -0.013563473985330234 -1.0000000180025095e-35 -1.0000000180025095e-35 0.10420437847348581
decision_type=2 2 2 2 2 2 2 2 2 2 2
left_child=1 2 3 -1 8 -6 -4 -8 10 -7 -3
right_child=-2 4 6 -5 5 9 7 -9 -10 -11 -12
leaf_value=-0.00081667429767548992 -0.0022915765022238094 0.0002867303943882385 0.00075908591970801379 2.6167687610723076e-05 0.00015741180007656412 0.00081794665505488691 0.00031451921095140281 -0.00014056658449893188 -0.00010513867503808181 0.0011435275276501977 0.00020959057146683333
leaf_weight=5.0000000000000018 2.9999999999999991 3 2.9999999999999982 4 3 3 3.9999999999999991 3.0000000000000009 3.0000000000000018 2.9999999999999982 4
leaf_count=5 3 3 3 4 3 3 4 3 3 3 4
internal_value=-7.0985e-14 0.000180914 -4.55298e-05 -0.000442078 0.000407358 0.000706295 0.000311363 0.000119482 0.000138314 0.000980737 0.00024265
internal_weight=41 38 19 9 19 9 10 7 10 6 7
internal_count=41 38 19 9 19 9 10 7 10 6 7
is_linear=0
shrinkage=0.05


Tree=105
num_leaves=12
num_cat=0
split_feature=1 27 76 76 31 19 26 53 20 71 19
split_gain=0.00653226 0.000920905 0.000754916 0.00110705 0.000615937 0.000558055 0.000313978 0.000188089 0.000106728 3.78117e-05 2.26596e-05
threshold=-0.87479638997235565 -0.52768757511097386 0.20150020092632473 -1.0021555194464102 -0.65768967809081003 0.34010418208278431 -1.0000000180025095e-35 0.093983393932960027 0.2081857937303567 0.17684759319999463 -0.20604255699229013
decision_type=2 2 2 2 2 2 2 2 2 2 2
left_child=-1 -2 3 9 -5 7 -7 10 -6 -3 -4
right_child=1 2 5 4 8 6 -8 -9 -10 -11 -12
leaf_value=-0.0022461607314956684 0.0010180634756882987 0.00015394841902889299 0.00020886730402708059 7.0878921542316654e-05 -0.0010174519692858063 0.00036295876489020876 0.0010863511512676876 -0.000145872089342447 -0.0005956939732035 0.00037848265375941989 0.00038268542848527375
leaf_weight=2.9999999999999991 2.9999999999999991 3.0000000000000018 4.9999999999999982 3 2.9999999999999982 3 2.9999999999999991 3.9999999999999991 3 5 3.0000000000000036
leaf_count=3 3 3 5 3 3 3 3 4 3 5 3
internal_value=-2.62644e-12 0.000177328 0.000105265 -0.000133679 -0.000514089 0.000330935 0.000724655 0.000134075 -0.000806573 0.000294282 0.000274049
internal_weight=41 38 35 17 9 18 6 12 6 8 8
internal_count=41 38 35 17 9 18 6 12 6 8 8
is_linear=0
shrinkage=0.05


Tree=106
num_leaves=13
num_cat=0
split_feature=49 24 46 32 47 2 6 53 64 43 9 31
split_gain=0.00613964 0.00100254 0.00079557 0.000598654 0.000473129 0.00022282 0.000261953 0.000104426 6.39489e-05 1.8764e-05 1.87386e-05 3.58089e-07
threshold=1.6637015459767368 0.30998131197583778 -1.0000000180025095e-35 0.86987905957234979 0.55752239412534155 0.8880976967561518 -0.32116387703434074 0.66476490494561713 0.91706835852050228 -0.43235999795456559 -0.21733934860294632 0.26769772388793583
decision_type=2 2 2 2 2 2 2 2 2 2 2 2
left_child=1 4 3 7 5 8 -7 10 9 -1 -3 -11
right_child=-2 2 -4 -5 -6 6 -8 -9 -10 11 -12 -13
leaf_value=0.00034783368464559312 -0.0021776131975154082 0.00044626952148973963 -0.00086317096526424084 -0.00057933839658896131 0.00097446599975228312 0.00022046084607912531 0.00088120969012379653 2.8093604487366972e-05 -1.9994926212045054e-05 0.00018858055991586268 0.00026954644126817576 0.00021143252961337562
leaf_weight=3 2.9999999999999991 2.9999999999999982 2.9999999999999991 2.9999999999999991 2.9999999999999991 3 2.9999999999999991 4 2.9999999999999991 4.0000000000000053 3 3
leaf_count=3 3 3 3 3 3 3 3 4 3 4 3 3
internal_value=8.28749e-12 0.000171917 -0.000129232 4.0139e-05 0.000390934 0.000298797 0.000550835 0.000225982 0.000182472 0.000243212 0.000357908 0.000198374
internal_weight=41 38 16 13 22 19 6 10 13 10 6 7
internal_count=41 38 16 13 22 19 6 10 13 10 6 7
is_linear=0
shrinkage=0.05


Tree=107
num_leaves=12
num_cat=0
split_feature=11 32 27 31 10 27 66 21 28 0 78
split_gain=0.0059899 0.000748011 0.000566573 0.000496819 0.000471372 0.000394249 0.000281809 9.92361e-05 4.22756e-05 5.92304e-06 2.22779e-06
threshold=-1.1974538801251808 0.86987905957234979 -0.52768757511097386 1.844318609866801 0.92829222330411121 0.13485984868228248 0.16011499462980897 -0.11914848818786826 1.0000000180025095e-35 0.4704289632436664 0.79187513870965531
decision_type=2 2 2 2 2 2 2 2 2 2 2
left_child=-1 2 -2 4 6 -3 7 9 -9 -4 -11
right_child=1 5 3 -5 -6 -7 -8 8 -10 10 -12
leaf_value=-0.0021508932307672999 0.00091999126598238954 -0.00074780421952406573 0.00012006328615825601 -0.00041105401857445642 0.00085797453454385195 6.2801898457109909e-05 -0.00014046716896700672 0.00026672019545609702 0.00050413847900927062 0.0002366056588167945 0.00017960689147002992
leaf_weight=2.9999999999999991 2.9999999999999991 2.9999999999999991 3.0000000000000053 2.9999999999999991 2.9999999999999991 3 4.9999999999999991 3.0000000000000053 5 3 4
leaf_count=3 3 3 3 3 3 3 5 3 5 3 4
internal_value=5.55457e-12 0.000169807 0.000265865 0.000198197 0.000268495 -0.000342501 0.000191607 0.000283849 0.000415107 0.000178843 0.000204035
internal_weight=41 38 32 29 26 6 23 18 8 10 7
internal_count=41 38 32 29 26 6 23 18 8 10 7
is_linear=0
shrinkage=0.05


Tree=108
num_leaves=12
num_cat=0
split_feature=24 27 37 12 77 14 47 16 41 67 24
split_gain=0.00581688 0.000650596 0.000641845 0.000675369 0.00047871 0.000385979 0.000199358 0.000104367 2.53367e-05 2.48708e-05 6.66521e-06
threshold=-1.6512441192927725 -0.52768757511097386 1.0000000180025095e-35 -0.52809821615336261 -0.76482437014031623 1.1205564647595587 -0.73173738213992279 0.55664355447904434 -0.24113302292180988 0.39499991137619112 -1.0000000180025095e-35
decision_type=2 2 2 2 2 2 2 2 2 2 2
left_child=-1 -2 5 -4 -5 6 -3 8 -8 -6 -10
right_child=1 2 3 4 9 -7 7 -9 10 -11 -12
leaf_value=-0.0021196012307579319 0.00087399169181784006 0.00056980873923748697 -0.00069684133632108569 -0.00047679354435482921 0.00035198854748159643 0.00081507581441352768 0.00029234203102532777 -0.00014074651990085831 0.000176847618422471 0.00017566918686497953 7.8257038452041538e-05
leaf_weight=2.9999999999999991 2.9999999999999991 3.0000000000000009 3.9999999999999991 2.9999999999999991 4 2.9999999999999991 3.9999999999999991 3.0000000000000009 3.9999999999999991 4 3.0000000000000036
leaf_count=3 3 3 4 3 4 3 4 3 4 4 3
internal_value=3.81988e-12 0.000167337 0.000106767 -0.000140474 6.18409e-05 0.000292197 0.000199924 0.000120664 0.000191957 0.000263829 0.000134595
internal_weight=41 38 35 15 11 20 17 14 11 8 7
internal_count=41 38 35 15 11 20 17 14 11 8 7
is_linear=0
shrinkage=0.05


Tree=109
num_leaves=13
num_cat=0
split_feature=19 32 27 31 27 60 10 13 33 1 22 19
split_gain=0.00559388 0.000595216 0.000446219 0.000425651 0.000358218 0.000301371 0.000416866 0.000150484 3.10411e-05 1.80756e-05 1.52746e-05 4.97785e-06
threshold=-1.410243707062665 0.86987905957234979 -0.52768757511097386 1.844318609866801 0.13485984868228248 -0.4210582136098821 -0.14461635678850343 -0.73374735116923129 0.82853782517570373 0.24445565244095926 0.17195979822944232 -1.0000000180025095e-35
decision_type=2 2 2 2 2 2 2 2 2 2 2 2
left_child=-1 2 -2 5 -3 6 9 -7 10 -4 -9 -12
right_child=1 4 3 -5 -6 7 -8 8 -10 -11 11 -13
leaf_value=-0.0020785749521261706 0.00083029209636151799 -0.00067923941339055702 0.00033492334187030788 -0.00037419573248674478 9.3438212449351929e-05 -0.00019042005296796526 0.00096999933011829775 6.4708591283609481e-05 0.00034236891660839299 0.0001613551401533186 0.00016645346302539101 0.00024792208181073286
leaf_weight=2.9999999999999991 2.9999999999999991 2.9999999999999991 3 2.9999999999999991 3 3.0000000000000044 3.0000000000000018 2.9999999999999991 3.0000000000000009 3 5.0000000000000027 2.9999999999999973
leaf_count=3 3 3 3 3 3 3 3 3 3 3 5 3
internal_value=-1.4197e-13 0.000164098 0.000249785 0.000189733 -0.000292901 0.000254802 0.000488759 0.000130942 0.000199805 0.000248139 0.000160924 0.000197004
internal_weight=41 38 32 29 6 26 9 17 14 6 11 8
internal_count=41 38 32 29 6 26 9 17 14 6 11 8
is_linear=0
shrinkage=0.05


Tree=110
num_leaves=12
num_cat=0
split_feature=80 32 26 27 71 60 16 0 11 42 33
split_gain=0.00544388 0.000554903 0.000584855 0.000470399 0.000417933 0.000212823 0.000201735 8.28427e-05 6.80543e-05 5.65059e-05 2.65721e-05
threshold=-0.9077348392975686 0.77221827085690042 -0.26376296914843095 -0.26563660646404763 1.0000000180025095e-35 -0.79721040112886554 0.10575727134121447 -0.95312166137165455 0.47162126146546213 -1.0000000180025095e-35 -1.0000000180025095e-35
decision_type=2 2 2 2 2 2 2 2 2 2 2
left_child=-1 3 7 8 -5 6 -6 -3 -2 -7 -11
right_child=1 2 -4 4 5 9 -8 -9 -10 10 -12
leaf_value=-0.002050518469574551 0.00083098509348928935 -0.00065189160717030355 0.00038892354350537076 -0.00029905068222433278 0.00021966013591736503 -6.7844881414202885e-06 0.00079950986740489781 -0.00028031235560774796 0.00049420061986893405 0.00012302017930778663 0.00029591795057058409
leaf_weight=2.9999999999999991 2.9999999999999991 3 2.9999999999999982 4.0000000000000062 3.0000000000000062 4.0000000000000044 3 3 3 4.0000000000000027 4.9999999999999867
leaf_count=3 3 3 3 4 3 4 3 3 3 4 5
internal_value=6.63709e-12 0.000161883 -0.000181093 0.000268324 0.000165471 0.000263265 0.000509585 -0.000466102 0.000662593 0.000149579 0.000219074
internal_weight=41 38 9 29 23 19 6 6 6 13 9
internal_count=41 38 9 29 23 19 6 6 6 13 9
is_linear=0
shrinkage=0.05


Tree=111
num_leaves=11
num_cat=0
split_feature=61 41 20 1 1 31 87 19 11 59
split_gain=0.00527777 0.000590172 0.000484936 0.000592627 0.000308953 0.000237212 0.000213494 0.000159426 8.50415e-05 1.39964e-05
threshold=-0.71348124950225811 1.0000000180025095e-35 -0.42666312954629709 0.24445565244095926 -0.18364188332673287 -0.032763000073689937 0.42461049097032288 -1.0000000180025095e-35 0.47162126146546213 0.087910860692973422
decision_type=2 2 2 2 2 2 2 2 2 2
left_child=-1 4 -3 6 5 8 -4 -7 9 -2
right_child=1 2 3 -5 -6 7 -8 -9 -10 -11
leaf_value=-0.0020189912524074317 0.00024707843549549564 0.00037015766371041511 -0.00080960726675887926 0.00021776072680950161 -0.0001214768077867725 0.00042403884387264636 -0.00027607252122834324 0.0009395089621345202 0.00047485236427746708 0.00010421006688072033
leaf_weight=2.9999999999999991 4.0000000000000018 5.0000000000000027 2.9999999999999982 5 3.0000000000000027 3 5 2.9999999999999991 4 3
leaf_count=3 4 5 3 5 3 3 5 3 4 3
internal_value=4.47205e-12 0.000159394 -4.83107e-05 -0.00020926 0.000346328 0.000428882 -0.000476148 0.000681774 0.000290941 0.000185849
internal_weight=41 38 18 13 20 17 8 6 11 7
internal_count=41 38 18 13 20 17 8 6 11 7
is_linear=0
shrinkage=0.05


Tree=112
num_leaves=12
num_cat=0
split_feature=1 32 67 27 67 60 33 36 31 77 29
split_gain=0.00510719 0.000492334 0.000473381 0.000357197 0.00038932 0.000271676 0.000114008 9.91092e-05 6.70833e-05 3.63539e-05 7.16273e-06
threshold=-0.87479638997235565 0.77221827085690042 0.73338311128725076 -0.26563660646404763 0.96044845770644816 -0.79721040112886554 -0.14267244920369929 -0.4884421823307819 -0.65768967809081003 0.66826173592948757 0.10420437847348581
decision_type=2 2 2 2 2 2 2 2 2 2 2
left_child=-1 3 8 7 5 -5 -7 -2 -3 10 -8
right_child=1 2 -4 4 -6 6 9 -9 -10 -11 -12
leaf_value=-0.0019860967450464769 0.00035090473635743052 -0.00025549089768901458 0.00034656018639604242 0.00060778234037570556 -0.00037125773184622327 -0.00013167257517731417 0.00019871517142746611 0.00073108135256916285 -0.00058986431298156596 0.0003360164817422628 0.00010409266651549841
leaf_weight=2.9999999999999991 3 3 3 4.0000000000000062 2.9999999999999991 3.0000000000000044 3.9999999999999964 3.9999999999999991 2.9999999999999982 4 4
leaf_count=3 3 3 3 4 3 3 4 4 3 4 4
internal_value=7.45342e-13 0.000156797 -0.000166265 0.000257058 0.000158074 0.000241653 0.000144019 0.000568149 -0.000422678 0.000212941 0.000151404
internal_weight=41 38 9 29 22 19 15 7 6 12 8
internal_count=41 38 9 29 22 19 15 7 6 12 8
is_linear=0
shrinkage=0.05


Tree=113
num_leaves=11
num_cat=0
split_feature=59 40 32 49 31 20 46 24 10 34
split_gain=0.00495036 0.000473067 0.000608374 0.000346618 0.00028972 0.000153652 8.71531e-05 7.12841e-05 4.77416e-05 4.5903e-06
threshold=0.29141876784438431 0.59231307091017282 0.86987905957234979 1.2633800705949241 -0.032763000073689937 -0.66669068273420196 -0.11719093069336718 0.17867042634644989 0.92829222330411121 -0.37493300608227148
decision_type=2 2 2 2 2 2 2 2 2 2
left_child=1 2 3 5 -3 -1 8 -8 9 -7
right_child=-2 4 -4 -5 -6 6 7 -9 -10 -11
leaf_value=0.00047308032866567309 -0.0019553638451422256 0.00019510550009727004 -0.00051078263786621394 -0.00027655888989102094 0.00079689488047733907 0.00012757318036165063 0.00017682201772307367 -0.0001678617583820596 0.0003791769500821828 0.00020939120634769394
leaf_weight=5.0000000000000062 2.9999999999999991 4.0000000000000009 3.9999999999999991 3.9999999999999991 3.9999999999999991 4.0000000000000071 2.9999999999999973 3 4 3
leaf_count=5 3 4 4 4 4 4 3 3 4 3
internal_value=1.06832e-11 0.000154371 6.32697e-05 0.000151585 0.000496 0.00022943 0.000157768 4.48013e-06 0.000241379 0.000162638
internal_weight=41 38 30 26 8 22 17 6 11 7
internal_count=41 38 30 26 8 22 17 6 11 7
is_linear=0
shrinkage=0.05


Tree=114
num_leaves=12
num_cat=0
split_feature=11 41 32 2 34 68 42 25 5 59 13
split_gain=0.00470025 0.000440435 0.000392359 0.000478288 0.000234223 0.000161073 0.000126894 8.5469e-05 7.36025e-05 3.65939e-05 1.60122e-05
threshold=-1.1974538801251808 1.0000000180025095e-35 0.86987905957234979 0.72252392132897059 1.1595355694033607 -0.069629819588492584 -0.71112550021514387 -0.15876703176308338 -0.042406543651037472 0.21697052283566562 -0.33671898563755198
decision_type=2 2 2 2 2 2 2 2 2 2 2
left_child=-1 4 3 6 5 8 -3 -7 -2 10 -8
right_child=1 2 -4 -5 -6 7 9 -9 -10 -11 -12
leaf_value=-0.0019053288114567598 0.0002042567823082208 0.00046339687833096789 -0.00053824946905175846 -0.00039614971901755783 0.00066728096571750945 0.00020129911135882136 -2.8037667895356791e-05 0.00055434635723941009 -0.00012336643279316678 0.00026751779951155179 0.00013532382048045592
leaf_weight=2.9999999999999991 4.0000000000000009 4.0000000000000027 2.9999999999999991 3.9999999999999991 3.9999999999999991 3 3.0000000000000018 4.0000000000000009 3 3 3
leaf_count=3 4 4 3 4 4 3 3 4 3 3 3
internal_value=2.65306e-12 0.000150421 -1.10674e-05 8.19647e-05 0.000329852 0.000233444 0.000229077 0.00040304 6.38468e-05 0.000124935 5.36431e-05
internal_weight=41 38 20 17 18 14 13 7 7 9 6
internal_count=41 38 20 17 18 14 13 7 7 9 6
is_linear=0
shrinkage=0.05


Tree=115
num_leaves=12
num_cat=0
split_feature=69 41 71 46 65 68 83 29 66 27 27
split_gain=0.00454977 0.000424326 0.000377345 0.000273974 0.000271494 0.00020153 0.000163748 0.000103666 7.52269e-05 3.12091e-05 5.02611e-06
threshold=-0.74818257057888882 1.0000000180025095e-35 0.14667245990519676 0.6524426172621004 1.0000000180025095e-35 0.35703749303279475 1.0000000180025095e-35 1.0000000180025095e-35 -0.18755022858475526 -0.26563660646404763 0.13485984868228248
decision_type=2 2 2 2 2 2 2 2 2 2 2
left_child=-1 3 -3 5 7 8 -6 -4 10 -7 -2
right_child=1 2 4 -5 6 9 -8 -9 -10 -11 -12
leaf_value=-0.0018745807542776068 0.00023521344022204473 -0.0003866848500911144 0.00056446328138311708 0.00076029999181628229 -0.00031031443504616609 0.00057536956543723734 0.00014210744921001604 0.00017564545269124207 -0.00011719810669698432 0.00034730106902619204 0.0001436883467249572
leaf_weight=2.9999999999999991 3 5.0000000000000027 2.9999999999999991 2.9999999999999991 4 3 4 4 3.0000000000000018 2.9999999999999991 3
leaf_count=3 3 5 3 3 4 3 4 4 3 3 3
internal_value=2.87489e-12 0.000147993 -1.0514e-05 0.000324112 0.000114876 0.000236875 -8.41035e-05 0.000342282 8.72346e-05 0.000461335 0.000189451
internal_weight=41 38 20 18 15 15 8 7 9 6 6
internal_count=41 38 20 18 15 15 8 7 9 6 6
is_linear=0
shrinkage=0.05


Tree=116
num_leaves=12
num_cat=0
split_feature=80 41 32 84 37 2 54 22 9 58 31
split_gain=0.00440836 0.000419169 0.000345432 0.000351213 0.000266679 0.000139337 0.000125047 8.54054e-05 7.24168e-05 1.10868e-05 3.31812e-06
threshold=-0.9077348392975686 -0.24113302292180988 0.86987905957234979 0.46788573460597732 0.31174457957850127 -0.74174001747287732 -0.13038224076311566 -0.30503181777029448 -0.40915103860823521 -0.099132243696238603 0.86853729573652683
decision_type=2 2 2 2 2 2 2 2 2 2 2
left_child=-1 4 3 5 6 7 9 -3 10 -2 -7
right_child=1 2 -4 -5 -6 8 -8 -9 -10 -11 -12
leaf_value=-0.0018452177833144863 0.00039209838335712752 0.0001777147524990141 -0.00049454842228442437 -0.00041366971757573383 3.7629212893079971e-05 0.0001198475365526973 0.00066269703209400179 0.00055499758260945384 -0.00014395623390252388 0.00025616443405548727 0.00018940992110098398
leaf_weight=2.9999999999999991 2.9999999999999991 3 2.9999999999999991 2.9999999999999991 4.9999999999999991 4.0000000000000036 4.9999999999999991 3.0000000000000044 3 3 3
leaf_count=3 3 3 3 3 5 4 5 3 3 3 3
internal_value=2.94588e-12 0.000145675 4.05608e-06 8.27831e-05 0.000340401 0.000175868 0.000478025 0.000366356 6.15751e-05 0.000324131 0.00014966
internal_weight=41 38 22 19 16 16 11 6 10 6 7
internal_count=41 38 22 19 16 16 11 6 10 6 7
is_linear=0
shrinkage=0.05


Tree=117
num_leaves=11
num_cat=0
split_feature=61 41 20 88 1 48 36 68 64 43
split_gain=0.0042709 0.000451408 0.000315086 0.000370978 0.000199044 0.000162301 0.000121117 8.75908e-05 4.40137e-05 3.31752e-05
threshold=-0.71348124950225811 1.0000000180025095e-35 -0.42666312954629709 0.60325060325090507 -0.18364188332673287 -0.61382592734994035 1.1352898281787425 -0.069629819588492584 -0.30573579136824486 -0.097169383063797243
decision_type=2 2 2 2 2 2 2 2 2 2
left_child=-1 4 -3 5 6 -4 7 -2 -7 -9
right_child=1 2 3 -5 -6 8 -8 9 -10 -11
leaf_value=-0.0018162217301627001 0.00014356360334204501 0.000299048062879592 -0.00032940115003536136 -0.0006556567425529163 -6.861233753928286e-05 0.00025493393574530876 0.00066144037991762168 0.00031871170736849294 1.5831457858439539e-06 0.00051190084777772468
leaf_weight=2.9999999999999991 5.0000000000000027 5.0000000000000027 3 2.9999999999999991 3.0000000000000027 3 2.9999999999999991 5.0000000000000018 3.9999999999999982 3.9999999999999964
leaf_count=3 5 5 3 3 3 3 3 5 4 4
internal_value=-2.23603e-12 0.000143386 -3.82666e-05 -0.000168003 0.000306873 -2.17069e-05 0.000373135 0.000311356 0.000110162 0.000404574
internal_weight=41 38 18 13 20 10 17 14 7 9
internal_count=41 38 18 13 20 10 17 14 7 9
is_linear=0
shrinkage=0.05


Tree=118
num_leaves=13
num_cat=0
split_feature=19 41 35 1 32 37 29 36 83 36 8 43
split_gain=0.00414422 0.00032147 0.000362773 0.000250682 0.000240048 0.000189632 0.000110833 0.000110314 7.53214e-05 2.82965e-05 2.03497e-05 1.18028e-05
threshold=-1.410243707062665 1.0000000180025095e-35 -0.23636798757674085 -1.0000000180025095e-35 0.77221827085690042 0.46807772870816255 1.0000000180025095e-35 1.1352898281787425 1.0000000180025095e-35 -0.075226369772536092 1.0000000180025095e-35 -1.0000000180025095e-35
decision_type=2 2 2 2 2 2 2 2 2 2 2 2
left_child=-1 5 3 -3 6 7 -4 8 11 -10 -8 -2
right_child=1 2 4 -5 -6 -7 10 -9 9 -11 -12 -13
leaf_value=-0.00178908344435816 0.00023213283081228531 -0.00064896636952956499 0.00053562071795264894 -2.5888963136821956e-06 -0.00017804133240133526 -7.8122857181976246e-05 0.00025549179020648195 0.00062836833919088049 0.00031636719941161549 0.00051950686611235174 7.1328473859466591e-05 9.1878119807612592e-05
leaf_weight=2.9999999999999991 3 3 2.9999999999999982 3.0000000000000027 3.9999999999999991 2.9999999999999991 3 2.9999999999999991 4.0000000000000027 2.9999999999999973 3 3.0000000000000053
leaf_count=3 3 3 3 3 4 3 3 3 4 3 3 3
internal_value=4.38332e-12 0.000141243 -4.18464e-06 -0.000325778 0.000144243 0.000286672 0.00028748 0.00035507 0.000292002 0.000403427 0.00016341 0.000162005
internal_weight=41 38 19 6 13 19 9 16 13 7 6 6
internal_count=41 38 19 6 13 19 9 16 13 7 6 6
is_linear=0
shrinkage=0.05


Tree=119
num_leaves=11
num_cat=0
split_feature=24 10 32 41 67 13 3 10 20 29
split_gain=0.00401975 0.000370773 0.000391034 0.000234151 0.000199624 0.000103989 5.32344e-05 5.10391e-05 1.32709e-05 1.23492e-05
threshold=-1.6512441192927725 -0.60895736155703284 0.86987905957234979 -1.3463647516705222 0.96044845770644816 -0.5048693837833601 -0.85936613441409504 0.92829222330411121 1.0000000180025095e-35 0.12787406548596109
decision_type=2 2 2 2 2 2 2 2 2 2
left_child=-1 6 3 -3 5 -5 -2 8 9 -7
right_child=1 2 -4 4 -6 7 -8 -9 -10 -11
leaf_value=-0.0017620118606525164 0.00030856314891328408 0.00054970801187058231 -0.0003964792471379042 -9.3691085203317676e-05 -0.00030033943282129866 0.0001334182592108845 0.0005871910834684968 0.00034584102686494592 7.7698320801573579e-05 0.00026173672328392661
leaf_weight=2.9999999999999991 3 3.0000000000000027 3.9999999999999991 4.0000000000000098 2.9999999999999991 5.0000000000000018 3.9999999999999991 3.9999999999999991 4.9999999999999991 3
leaf_count=3 3 3 4 4 3 5 4 4 5 3
internal_value=-5.27285e-12 0.000139106 6.48897e-05 0.000133241 8.11823e-05 0.000135685 0.000467779 0.000189656 0.000141599 0.000181538
internal_weight=41 38 31 27 24 21 7 17 13 8
internal_count=41 38 31 27 24 21 7 17 13 8
is_linear=0
shrinkage=0.05


Tree=120
num_leaves=12
num_cat=0
split_feature=49 24 46 32 27 70 41 63 52 29 10
split_gain=0.00390557 0.000336029 0.000371931 0.00022579 0.000158777 8.54504e-05 4.03132e-05 1.8724e-05 1.34183e-05 5.80401e-06 5.9726e-07
threshold=1.6637015459767368 0.30998131197583778 -1.0000000180025095e-35 0.77221827085690042 -0.26563660646404763 0.27192474102019931 -0.85289465923710661 0.09843632237247045 -0.80298328244584616 0.15364598432043311 -0.027248473057771949
decision_type=2 2 2 2 2 2 2 2 2 2 2
left_child=1 4 3 8 6 7 -1 -6 -3 10 -9
right_child=-2 2 -4 -5 5 -7 -8 9 -10 -11 -12
leaf_value=0.00035366057418286792 -0.0017368060691903037 0.00030806548311375083 -0.00053905703437825048 -0.00018500554142519829 0.0002161606520530764 0.00042219418101012711 0.00061286829101542641 9.8763805969307789e-05 0.00017855528276413681 2.9362671921262507e-05 0.00013031430232028171
leaf_weight=3 2.9999999999999991 3.9999999999999991 2.9999999999999991 5 4.0000000000000062 2.9999999999999991 2.9999999999999991 3 3.9999999999999991 3 2.9999999999999982
leaf_count=3 3 4 3 5 4 3 3 3 4 3 3
internal_value=3.24756e-12 0.000137116 -3.72322e-05 7.85735e-05 0.000263915 0.000181659 0.000483264 0.000126151 0.00024331 8.61469e-05 0.000114539
internal_weight=41 38 16 13 22 16 6 13 8 9 6
internal_count=41 38 16 13 22 16 6 13 8 9 6
is_linear=0
shrinkage=0.05


Tree=121
num_leaves=12
num_cat=0
split_feature=78 41 82 1 36 68 43 5 89 15 73
split_gain=0.00375719 0.000311692 0.000292354 0.000260326 0.00014532 0.000125357 7.48829e-05 3.38205e-05 3.22201e-05 1.93814e-05 9.48646e-06
threshold=-1.6093343878249822 1.0000000180025095e-35 -0.51416591627228647 1.0000000180025095e-35 1.1352898281787425 -0.069629819588492584 -1.2510673405531196 -0.042406543651037472 0.83570399232664472 1.0000000180025095e-35 -0.02756935224371887
decision_type=2 2 2 2 2 2 2 2 2 2 2
left_child=-1 4 6 -4 5 7 -3 -2 9 -7 -5
right_child=1 2 3 10 -6 8 -8 -9 -10 -11 -12
leaf_value=-0.0017034952693696444 0.00014661663735751059 4.73074847832322e-05 -0.00044365949928760535 -1.8030286688978464e-05 0.0005911718665932616 0.00045812358730472618 0.00037776821409352091 -7.5467971934509953e-05 0.00019022181319693719 0.00029000303087135148 0.00010771061060950161
leaf_weight=2.9999999999999991 4 3 4.9999999999999982 3.0000000000000009 2.9999999999999991 4 4.0000000000000027 3.0000000000000044 3 3 2.9999999999999991
leaf_count=3 4 3 5 3 3 4 4 3 3 3 3
internal_value=2.26265e-12 0.000134486 -1.6459e-05 -0.000177205 0.000270337 0.00021372 0.000236142 5.14375e-05 0.000327317 0.000386072 4.48402e-05
internal_weight=41 38 18 11 20 17 7 7 10 7 6
internal_count=41 38 18 11 20 17 7 7 10 7 6
is_linear=0
shrinkage=0.05


Tree=122
num_leaves=12
num_cat=0
split_feature=11 6 76 71 31 19 70 20 66 53 27
split_gain=0.00367806 0.00025868 0.000257053 0.000257885 0.000174329 0.000146697 0.000133656 4.67911e-05 3.63614e-05 1.66908e-05 1.19722e-05
threshold=-1.1974538801251808 -0.48774014351021105 0.20150020092632473 0.2016032029669034 -0.65768967809081003 0.45456369357610421 0.52779937724279347 -1.0000000180025095e-35 -0.18755022858475526 -0.40407029956727669 0.090045453813672516
decision_type=2 2 2 2 2 2 2 2 2 2 2
left_child=-1 6 3 4 -3 8 10 -6 9 -4 -2
right_child=1 2 5 -5 7 -7 -8 -9 -10 -11 -12
leaf_value=-0.0016854606258372468 0.00030161768663674606 2.8947758255526424e-05 0.00026194092351943275 0.00030182565096765758 -0.00053681773133575918 0.00045679956092499198 0.00063973027281463138 -0.0002575594776620464 -1.5927454847997057e-05 0.00011276186909526586 0.00016036035570626454
leaf_weight=2.9999999999999991 2.9999999999999982 3.9999999999999991 2.9999999999999964 2.9999999999999991 2.9999999999999991 3.9999999999999991 3 3.0000000000000036 4.0000000000000018 5 3
leaf_count=3 3 4 3 3 3 4 3 3 4 5 3
internal_value=-7.99135e-13 0.000133063 6.03882e-05 -0.000104759 -0.000226734 0.00019457 0.000367236 -0.000397189 0.00010716 0.000168704 0.000230989
internal_weight=41 38 29 13 10 16 9 6 12 8 6
internal_count=41 38 29 13 10 16 9 6 12 8 6
is_linear=0
shrinkage=0.05


Tree=123
num_leaves=11
num_cat=0
split_feature=69 7 24 46 32 19 27 51 26 31
split_gain=0.00353863 0.000223368 0.000217896 0.000250401 0.000146758 0.000128846 0.000128775 4.74731e-05 2.0022e-05 1.19781e-05
threshold=-0.74818257057888882 -0.49017742945928588 0.30998131197583778 -1.0000000180025095e-35 0.77221827085690042 0.45456369357610421 0.090045453813672516 -0.20442529797353867 -0.4191161141795739 -0.90500894454278313
decision_type=2 2 2 2 2 2 2 2 2 2
left_child=-1 6 5 4 9 7 -2 8 -3 -4
right_child=1 2 3 -5 -6 -7 -8 -9 -10 -11
leaf_value=-0.0016532059215630095 0.00064210928976535806 0.00025720623671077208 0.00013658504467457534 -0.00047482844674959782 -0.00015954945469275116 0.00040879365638829773 0.000178833104049166 -3.3193890465099645e-05 0.00010712377727031706 0.00027787721871087948
leaf_weight=2.9999999999999991 2.9999999999999991 3.9999999999999964 2.9999999999999991 2.9999999999999991 5 4.9999999999999991 3 4.0000000000000044 5 2.9999999999999991
leaf_count=3 3 4 3 3 5 5 3 4 5 3
internal_value=3.57254e-12 0.000130516 7.80247e-05 -6.99176e-05 4.05127e-05 0.000193091 0.000410471 0.000110128 0.000173827 0.000207231
internal_weight=41 38 32 14 11 18 6 13 9 6
internal_count=41 38 32 14 11 18 6 13 9 6
is_linear=0
shrinkage=0.05


Tree=124
num_leaves=12
num_cat=0
split_feature=80 41 32 49 37 54 30 8 30 58 11
split_gain=0.00344085 0.000236728 0.000179525 0.000187654 0.000143504 7.9014e-05 7.27164e-05 5.42753e-05 4.03962e-05 7.74824e-06 6.64161e-06
threshold=-0.9077348392975686 -0.24113302292180988 0.86987905957234979 1.2633800705949241 0.31174457957850127 -0.13038224076311566 1.0000000180025095e-35 1.0000000180025095e-35 -0.13894510335237895 -0.099132243696238603 -0.31459641053639026
decision_type=2 2 2 2 2 2 2 2 2 2 2
left_child=-1 4 3 6 5 9 8 -8 10 -2 -3
right_child=1 2 -4 -5 -6 -7 7 -9 -10 -11 -12
leaf_value=-0.0016302057386686404 0.00031048182863742114 8.8114455866161636e-05 -0.00033717535746594275 -0.0002838585428738346 5.2934783197997604e-05 0.00052278985735028979 0.00043506213308622439 0.00013429835283507898 -8.9003211663414865e-05 0.00019684321402261651 0.00018653028722231583
leaf_weight=2.9999999999999991 2.9999999999999991 4.0000000000000036 2.9999999999999991 2.9999999999999991 4.9999999999999991 4.9999999999999991 2.9999999999999991 3 3.0000000000000053 3 3
leaf_count=3 3 4 3 3 5 5 3 3 3 3 3
internal_value=-1.91216e-12 0.0001287 2.22736e-05 7.90287e-05 0.000275037 0.000375993 0.00014707 0.00028468 6.45039e-05 0.000253663 0.000130293
internal_weight=41 38 22 19 16 11 16 6 10 6 7
internal_count=41 38 22 19 16 11 16 6 10 6 7
is_linear=0
shrinkage=0.05


Tree=125
num_leaves=12
num_cat=0
split_feature=61 41 71 83 65 68 16 18 29 5 89
split_gain=0.00331568 0.000258504 0.000164179 0.000113828 0.000109833 8.85147e-05 6.51559e-05 6.47864e-05 4.54749e-05 1.63816e-05 1.26675e-05
threshold=-0.71348124950225811 1.0000000180025095e-35 0.14667245990519676 1.0000000180025095e-35 1.0000000180025095e-35 -0.069629819588492584 -1.0000000180025095e-35 -0.20263654042245971 0.10420437847348581 -0.042406543651037472 -1.0000000180025095e-35
decision_type=2 2 2 2 2 2 2 2 2 2 2
left_child=-1 3 -3 5 8 9 -6 -5 -4 -2 -7
right_child=1 2 4 7 6 10 -8 -9 -10 -11 -12
leaf_value=-0.0016002792787427706 9.9483058632661873e-05 -0.00025461536832153779 0.00037715189779798206 0.00028593218885362141 0.00012411402227977905 0.00036110812798142424 -0.00018413754005450756 0.00057984005349377796 0.00010184930288232861 -6.5752120402369949e-05 0.00021580696726838729
leaf_weight=2.9999999999999991 3 5.0000000000000027 2.9999999999999982 5.0000000000000009 3.0000000000000009 3 3.9999999999999991 2.9999999999999991 3 3 3.0000000000000018
leaf_count=3 3 5 3 5 3 3 4 3 3 3 3
internal_value=8.78439e-13 0.000126338 -1.11267e-05 0.000250056 8.25227e-05 0.000152662 -5.20297e-05 0.000396148 0.000239501 1.68655e-05 0.000288458
internal_weight=41 38 18 20 13 12 7 8 6 6 6
internal_count=41 38 18 20 13 12 7 8 6 6 6
is_linear=0
shrinkage=0.05


Tree=126
num_leaves=12
num_cat=0
split_feature=59 6 76 76 19 70 30 13 20 47 53
split_gain=0.00322144 0.000206552 0.000177965 0.000249127 0.000104877 0.000103739 0.000103026 3.15093e-05 2.94831e-05 1.76408e-05 1.62004e-05
threshold=0.29141876784438431 -0.48774014351021105 0.20150020092632473 -1.0021555194464102 0.45456369357610421 0.52779937724279347 -0.10877441746686083 -0.5048693837833601 -1.0000000180025095e-35 -0.52364744618556514 -0.40407029956727669
decision_type=2 2 2 2 2 2 2 2 2 2 2
left_child=1 5 3 -3 8 9 7 -5 10 -1 -4
right_child=-2 2 4 6 -6 -7 -8 -9 -10 -11 -12
leaf_value=0.000299482000991702 -0.0015773717702055974 0.000214357782388106 0.00024150972021743679 -0.00022079088957980276 0.00039849684108048681 0.00057385006609062341 -0.00046507259830832429 8.3716644439846247e-06 -3.4148105199468141e-05 0.00012801369690957173 9.4538509147241696e-05
leaf_weight=3 2.9999999999999991 4.9999999999999991 2.9999999999999964 2.9999999999999991 3.9999999999999991 3 3.0000000000000027 3 3.0000000000000018 2.9999999999999982 5
leaf_count=3 3 5 3 3 4 3 3 3 3 3 5
internal_value=4.34339e-12 0.000124529 5.95889e-05 -6.86205e-05 0.000179251 0.000333782 -0.000225831 -0.00010621 9.95252e-05 0.000213748 0.000149653
internal_weight=41 38 29 14 15 9 9 6 11 6 8
internal_count=41 38 29 14 15 9 9 6 11 6 8
is_linear=0
shrinkage=0.05


Tree=127
num_leaves=12
num_cat=0
split_feature=1 10 32 11 83 10 13 81 42 39 2
split_gain=0.00310497 0.000180962 0.000222486 0.000148484 0.000134549 0.000126742 5.75621e-05 3.08713e-05 1.63517e-05 5.40631e-06 1.97133e-07
threshold=-0.87479638997235565 -0.60895736155703284 0.86987905957234979 -1.0000000180025095e-35 0.29063875625630925 1.0000000180025095e-35 1.6299292415860136 -0.63806887853312622 -0.36741044717360277 0.11193214171185796 -1.0000000180025095e-35
decision_type=2 2 2 2 2 2 2 2 2 2 2
left_child=-1 7 3 4 6 -5 8 -2 -3 -10 -11
right_child=1 2 -4 5 -6 -7 -8 -9 9 10 -12
leaf_value=-0.0015485958196222783 0.00025747008621692649 -9.749879063747341e-06 -0.00028123730444349352 0.00013096962939016505 0.00044413909199647605 -0.00032863599869112164 0.0003173422223577897 0.00046035373428215585 0.00016655321232974515 7.5283801803986057e-05 9.340987696001944e-05
leaf_weight=2.9999999999999991 5.0000000000000009 4.0000000000000062 3.9999999999999991 3.0000000000000027 3.9999999999999991 3 2.9999999999999991 2.9999999999999991 3.0000000000000018 3.0000000000000062 2.9999999999999938
leaf_count=3 5 4 4 3 4 3 3 3 3 3 3
internal_value=1.01154e-12 0.000122258 6.59125e-05 0.00011932 0.000184766 -9.88332e-05 0.000119923 0.000333551 7.43647e-05 0.000111749 8.43468e-05
internal_weight=41 38 30 26 20 6 16 8 13 9 6
internal_count=41 38 30 26 20 6 16 8 13 9 6
is_linear=0
shrinkage=0.05


Tree=128
num_leaves=11
num_cat=0
split_feature=36 32 69 11 69 16 48 65 6 47
split_gain=0.00300831 0.000222676 0.000162817 0.000137077 9.16593e-05 8.18801e-05 5.40464e-05 3.22878e-05 1.9125e-05 1.13101e-05
threshold=1.4113210195067174 0.77221827085690042 -0.33812465084032223 1.0000000180025095e-35 -0.63697287031417382 -1.0000000180025095e-35 -0.74232672986200965 -0.12927130117565461 -0.13677497563562044 -0.6266203210856095
decision_type=2 2 2 2 2 2 2 2 2 2
left_child=1 2 4 6 9 -3 -4 -8 -9 -1
right_child=-2 5 3 -5 -6 -7 7 8 -10 -11
leaf_value=0.00032429551550497594 -0.0015242999012116344 9.2462881002575116e-05 1.6063547736848687e-05 -0.00021593986311927438 0.00057162242010235724 -0.00023795130196958782 7.4435087541739037e-05 0.00020689702243544144 0.0003665842426319925 0.00020149450167082248
leaf_weight=3.0000000000000009 2.9999999999999991 3.0000000000000009 5.0000000000000044 2.9999999999999991 3.0000000000000027 4.9999999999999991 3.0000000000000036 5.0000000000000036 2.9999999999999929 4.9999999999999991
leaf_count=3 3 3 5 3 3 5 3 5 3 5
internal_value=-7.98581e-14 0.000120339 0.000182842 9.42127e-05 0.00033593 -0.000114046 0.000152366 0.000214322 0.00026678 0.000247545
internal_weight=41 38 30 19 11 8 16 11 8 8
internal_count=41 38 30 19 11 8 16 11 8 8
is_linear=0
shrinkage=0.05


Tree=129
num_leaves=12
num_cat=0
split_feature=19 41 35 1 32 30 68 29 10 2 29
split_gain=0.00294148 0.000165218 0.000172681 0.00011067 0.000102107 0.000100869 6.06074e-05 4.67899e-05 2.16085e-05 2.1219e-05 1.56513e-05
threshold=-1.410243707062665 1.0000000180025095e-35 -0.23636798757674085 -1.0000000180025095e-35 0.77221827085690042 -0.74616892872661211 -0.069629819588492584 1.0000000180025095e-35 -1.0000000180025095e-35 0.8880976967561518 0.94814323241452259
decision_type=2 2 2 2 2 2 2 2 2 2 2
left_child=-1 5 3 -3 7 -2 8 -4 -7 -8 -9
right_child=1 2 4 -5 -6 6 9 10 -10 -11 -12
leaf_value=-0.0015072751091793181 0.00044634626246988759 -0.00042187688716997692 0.00037178914062678829 7.5998289200166776e-06 -9.3049668066669255e-05 0.00013239569962024688 0.00019469908205792307 4.91926223427678e-05 -4.5121456181126e-05 0.00036290118005126708 0.00021070248913019891
leaf_weight=2.9999999999999991 4.0000000000000009 3 2.9999999999999982 3.0000000000000027 3.9999999999999991 4 5 3 3.0000000000000009 3 3
leaf_count=3 4 3 3 3 4 4 5 3 3 3 3
internal_value=2.92813e-13 0.000118995 1.4738e-05 -0.000207139 0.000117143 0.000223253 0.000163761 0.000210561 5.63169e-05 0.000257775 0.000129948
internal_weight=41 38 19 6 13 19 15 9 7 8 6
internal_count=41 38 19 6 13 19 15 9 7 8 6
is_linear=0
shrinkage=0.05


Tree=130
num_leaves=13
num_cat=0
split_feature=11 6 76 68 31 19 16 20 20 23 53 89
split_gain=0.00281788 0.000184487 0.000146284 0.000161891 9.65959e-05 7.9272e-05 6.26396e-05 2.89195e-05 2.1363e-05 1.03385e-05 8.25722e-06 1.99282e-06
threshold=-1.1974538801251808 -0.48774014351021105 0.20150020092632473 0.77838100417639244 -0.65768967809081003 0.45456369357610421 -0.60718949840488246 -1.0000000180025095e-35 -1.0000000180025095e-35 -0.060945946183797096 -0.40407029956727669 0.83570399232664472
decision_type=2 2 2 2 2 2 2 2 2 2 2 2
left_child=-1 6 3 4 -3 8 9 -6 10 -2 -4 -12
right_child=1 2 5 -5 7 -7 -8 -9 -10 -11 11 -13
leaf_value=-0.00147526563766102 0.0002865881659090518 2.4193713034037501e-05 0.00019830913515761516 0.00025265489239245653 -0.0004027855582535267 0.00034908389789052309 0.00050077543904383998 -0.00018324241585408621 -2.3487894213758383e-05 0.0001553219160996377 0.00012552989646792413 6.7898596171289669e-05
leaf_weight=2.9999999999999991 3 3.9999999999999991 2.9999999999999956 2.9999999999999991 2.9999999999999991 3.9999999999999991 2.9999999999999982 3.0000000000000036 3.0000000000000027 3 2.9999999999999991 3
leaf_count=3 3 4 3 3 3 4 3 3 3 3 3 3
internal_value=1.20674e-12 0.000116468 5.50945e-05 -6.9488e-05 -0.000166131 0.000156318 0.000314229 -0.000293014 9.20624e-05 0.000220955 0.000130579 9.67142e-05
internal_weight=41 38 29 13 10 16 9 6 12 6 9 6
internal_count=41 38 29 13 10 16 9 6 12 6 9 6
is_linear=0
shrinkage=0.05


Tree=131
num_leaves=12
num_cat=0
split_feature=80 41 71 1 7 28 68 31 9 14 2
split_gain=0.00274945 0.000165205 0.000106666 0.000127684 8.78939e-05 7.78058e-05 6.02503e-05 4.42162e-05 3.67172e-05 2.91529e-05 1.80524e-05
threshold=-0.9077348392975686 -0.24113302292180988 0.14667245990519676 -0.18364188332673287 -0.3244563402974518 0.34021421858357476 -0.069629819588492584 -0.90500894454278313 -0.45418738966214112 -1.0000000180025095e-35 -0.67064670716018837
decision_type=2 2 2 2 2 2 2 2 2 2 2
left_child=-1 4 3 -3 8 9 -6 -7 -2 -4 -9
right_child=1 2 5 -5 6 7 -8 10 -10 -11 -12
leaf_value=-0.0014572434127330782 0.00027151028625667085 -0.00038430282147601237 5.6902661162894214e-05 7.7007204527035272e-05 1.3816655118716875e-05 3.4066584582130135e-05 0.00029724879811207454 0.00035589125473052286 0.00049277094658464196 -0.00014928809444730482 0.00018243443531294637
leaf_weight=2.9999999999999991 5.0000000000000009 3 4 3.0000000000000027 5.0000000000000009 2.9999999999999973 2.9999999999999991 2.9999999999999973 2.9999999999999991 2.9999999999999991 3.0000000000000036
leaf_count=3 5 3 4 3 5 3 3 3 3 3 3
internal_value=9.05058e-13 0.000115046 2.6138e-05 -0.000153648 0.000237293 9.35577e-05 0.000120104 0.000190797 0.000354483 -3.14648e-05 0.000269163
internal_weight=41 38 22 6 16 16 8 9 8 7 6
internal_count=41 38 22 6 16 16 8 9 8 7 6
is_linear=0
shrinkage=0.05


Tree=132
num_leaves=12
num_cat=0
split_feature=55 41 1 36 68 88 18 10 89 42 15
split_gain=0.00263369 0.000180548 0.000156278 7.70303e-05 7.60576e-05 6.8327e-05 3.66728e-05 1.65886e-05 1.2617e-05 9.44847e-06 5.15913e-06
threshold=-1.3401506650763437 1.0000000180025095e-35 -0.058590785479054296 1.1352898281787425 -0.069629819588492584 0.60325060325090507 0.98218221908150138 -1.0000000180025095e-35 0.83570399232664472 -1.0000000180025095e-35 1.0000000180025095e-35
decision_type=2 2 2 2 2 2 2 2 2 2 2
left_child=-1 3 5 4 7 -3 9 -2 10 -4 -6
right_child=1 2 6 -5 8 -7 -8 -9 -10 -11 -12
leaf_value=-0.0014262354496167974 0.00011502270644996314 -5.1684479694813448e-05 1.7245066119357939e-05 0.00044957897625863552 0.00033719565253704782 -0.00036734805520003029 0.00026432526453087723 -4.0513940136103512e-05 0.00017746436448457336 0.00012948569298411417 0.00025045621829728279
leaf_weight=2.9999999999999991 4 4.0000000000000027 5.0000000000000009 2.9999999999999991 4 3 3 3.0000000000000044 3 2.9999999999999973 3
leaf_count=3 4 4 5 3 4 3 3 3 3 3 3
internal_value=1.52618e-12 0.000112598 -2.28466e-06 0.000215992 0.00017477 -0.000186969 0.000115242 4.83641e-05 0.000263254 5.93353e-05 0.000300022
internal_weight=41 38 18 20 17 7 11 7 10 8 7
internal_count=41 38 18 20 17 7 11 7 10 8 7
is_linear=0
shrinkage=0.05


Tree=133
num_leaves=13
num_cat=0
split_feature=61 6 53 13 19 70 63 18 56 7 27 2
split_gain=0.00257822 0.000170297 0.000146805 8.29108e-05 6.66502e-05 5.71473e-05 5.56718e-05 3.24421e-05 1.89071e-05 1.03715e-05 6.39063e-06 1.77568e-06
threshold=-0.71348124950225811 -0.48774014351021105 0.87828047446686108 -0.78379358577405578 0.7909725286830912 0.52779937724279347 0.10998882247946699 0.48432196536385735 1.2097649065000671 1.0000000180025095e-35 0.090045453813672516 -0.61485306157833086
decision_type=2 2 2 2 2 2 2 2 2 2 2 2
left_child=-1 5 3 -3 6 10 8 11 9 -5 -2 -8
right_child=1 2 -4 4 -6 -7 7 -9 -10 -11 -12 -13
leaf_value=-0.0014111381916639707 0.00026391984429210432 -0.00015657225934167685 -0.00027874299169828497 6.5177017434810394e-05 0.00034266572135190169 0.00047958952685197187 5.7578466658014717e-05 -9.9114191289118009e-05 0.00028464800367752701 0.00019665251020342108 0.00016071595406780636 0.00010846586277087553
leaf_weight=2.9999999999999991 2.9999999999999982 3.0000000000000027 2.9999999999999991 3.0000000000000089 2.9999999999999991 3 4.0000000000000053 4 3 3 3 2.9999999999999929
leaf_count=3 3 3 3 3 3 3 4 4 3 3 3 3
internal_value=2.32476e-12 0.000111406 5.24393e-05 9.06526e-05 0.000122899 0.000301408 8.99344e-05 1.44777e-05 0.000182159 0.000130915 0.000212318 7.93874e-05
internal_weight=41 38 29 26 23 9 20 11 9 6 6 7
internal_count=41 38 29 26 23 9 20 11 9 6 6 7
is_linear=0
shrinkage=0.05


Tree=134
num_leaves=12
num_cat=0
split_feature=24 6 37 1 12 70 47 42 65 87 22
split_gain=0.00250979 0.000146821 0.000123821 8.84574e-05 7.19921e-05 5.15754e-05 4.1753e-05 3.25022e-05 2.4624e-05 1.77276e-05 6.11226e-06
threshold=-1.6512441192927725 -0.48774014351021105 -1.0000000180025095e-35 -0.50298442762762074 0.49896907496584936 0.52779937724279347 0.26790534700367247 0.57459416280552478 -1.0000000180025095e-35 0.170635795192593 -1.0000000180025095e-35
decision_type=2 2 2 2 2 2 2 2 2 2 2
left_child=-1 5 6 -4 8 10 7 -3 -5 -8 -2
right_child=1 2 3 4 -6 -7 9 -9 -10 -11 -12
leaf_value=-0.0013922843267209829 0.00015123641739288963 -2.7506084006745371e-05 0.00011684346682159231 -0.00034674066118896009 5.4534620721824462e-05 0.0004556100427483518 0.00013692166345814861 0.00019020709636000292 -0.00014415724047770086 0.00029066423885524271 0.00025216757785528909
leaf_weight=2.9999999999999991 3 3.9999999999999991 4.9999999999999991 2.9999999999999991 3 3 3 3 3.0000000000000027 5 2.9999999999999982
leaf_count=3 3 4 5 3 3 3 3 3 3 5 3
internal_value=-5.78527e-12 0.000109917 5.51659e-05 -5.17766e-05 -0.000145454 0.000286338 0.000154979 6.57996e-05 -0.000245449 0.000233011 0.000201702
internal_weight=41 38 29 14 9 9 15 7 6 8 6
internal_count=41 38 29 14 9 9 15 7 6 8 6
is_linear=0
shrinkage=0.05


Tree=135
num_leaves=12
num_cat=0
split_feature=78 41 82 1 83 73 68 18 64 42 10
split_gain=0.00241606 0.000128436 0.000127817 8.78803e-05 5.8513e-05 4.48623e-05 4.44827e-05 2.75779e-05 2.58866e-05 1.38804e-05 1.03583e-05
threshold=-1.6093343878249822 1.0000000180025095e-35 -0.51416591627228647 -0.18364188332673287 0.29063875625630925 -0.082908108965505239 -0.069629819588492584 -0.20263654042245971 0.15306972653340764 0.57459416280552478 0.088216746022511006
decision_type=2 2 2 2 2 2 2 2 2 2 2
left_child=-1 4 5 -4 6 -3 10 -6 -5 -8 -2
right_child=1 2 3 8 7 -7 9 -9 -10 -11 -12
leaf_value=-0.0013660396604488294 9.808954588758446e-05 6.8352544622030104e-05 -0.00032611972807596111 -0.0001249078505982956 0.00022565105173271146 0.00032413400088747305 0.00013662299218898007 0.00042619475473960238 6.087561254389583e-05 0.00027889802586287258 -3.3302213220546634e-05
leaf_weight=2.9999999999999991 3 4 3.0000000000000009 2.9999999999999973 4 3.0000000000000027 3.0000000000000018 2.9999999999999991 5 4 3
leaf_count=3 3 4 3 3 4 3 3 3 5 4 3
internal_value=1.84561e-12 0.000107845 1.09504e-05 -9.53368e-05 0.000195051 0.000177973 0.000132294 0.000311598 -8.79319e-06 0.000217923 3.23937e-05
internal_weight=41 38 18 11 20 7 13 7 8 7 6
internal_count=41 38 18 11 20 7 13 7 8 7 6
is_linear=0
shrinkage=0.05


Tree=136
num_leaves=12
num_cat=0
split_feature=69 7 24 46 37 48 64 27 26 19 29
split_gain=0.00235637 0.000104367 9.57166e-05 0.000114408 7.03077e-05 4.82229e-05 4.21323e-05 4.08427e-05 2.27472e-05 1.08539e-05 9.41647e-06
threshold=-0.74818257057888882 -0.49017742945928588 0.30998131197583778 -1.0000000180025095e-35 -0.12231412644560079 -0.74232672986200965 0.47644639660299531 0.090045453813672516 -0.26376296914843095 0.45456369357610421 0.12787406548596109
decision_type=2 2 2 2 2 2 2 2 2 2 2
left_child=-1 7 5 4 -4 -3 9 -2 -6 -7 -8
right_child=1 2 3 -5 8 6 10 -9 -10 -11 -12
leaf_value=-0.0013490590926570198 0.00042832052956024813 -6.2192653786041779e-06 0.00021443778823595496 -0.00030112573876976971 -0.00012639777269214393 0.00020547879782194874 5.3671150089940051e-05 0.00016741586538652575 5.5736972717568259e-05 0.00033129032817669207 0.00017085629127298787
leaf_weight=2.9999999999999991 2.9999999999999991 3.9999999999999991 3.9999999999999991 2.9999999999999991 3.9999999999999991 3.0000000000000018 4 3 3 4 3
leaf_count=3 3 4 4 3 4 3 4 3 3 4 3
internal_value=-5.12866e-12 0.000106505 7.0624e-05 -2.7429e-05 4.72155e-05 0.000146887 0.000190632 0.000297868 -4.834e-05 0.000277371 0.000103893
internal_weight=41 38 32 14 11 18 14 6 7 7 7
internal_count=41 38 32 14 11 18 14 6 7 7 7
is_linear=0
shrinkage=0.05


Tree=137
num_leaves=12
num_cat=0
split_feature=66 6 22 7 48 8 12 19 5 29 37
split_gain=0.00228347 0.000110966 0.000100929 7.94162e-05 5.41599e-05 5.71948e-05 3.92341e-05 1.9594e-05 1.46646e-05 3.95806e-06 2.92634e-06
threshold=-0.86704174366281228 -0.48774014351021105 -0.30503181777029448 -0.3244563402974518 -0.74232672986200965 -0.32663596048205096 -0.12858355370482955 0.19291435100899693 -0.042406543651037472 0.1848003585040433 1.0000000180025095e-35
decision_type=2 2 2 2 2 2 2 2 2 2 2
left_child=-1 6 3 -3 -4 -6 -2 10 -5 -9 -7
right_child=1 2 4 8 5 7 -8 9 -10 -11 -12
leaf_value=-0.0013280284474603832 0.00018213691510027272 -0.00023513240739703176 -3.3409063325962026e-05 0.00010682271895348093 8.5530336946248974e-06 0.00019789737416431327 0.00042133632426460585 0.00033137155696749682 -3.9416327490471275e-05 0.00025015103941162419 0.00012806023393447196
leaf_weight=2.9999999999999991 4 4 4.0000000000000027 4 4.0000000000000009 2.9999999999999964 2.9999999999999991 3 3.0000000000000018 3 3
leaf_count=3 4 4 4 4 4 3 3 3 3 3 3
internal_value=1.20674e-12 0.000104844 6.42429e-05 -5.7408e-05 0.000131151 0.000172291 0.000284651 0.00022687 4.41488e-05 0.000290761 0.000162979
internal_weight=41 38 31 11 20 16 7 12 7 6 6
internal_count=41 38 31 11 20 16 7 12 7 6 6
is_linear=0
shrinkage=0.05


Tree=138
num_leaves=11
num_cat=0
split_feature=49 22 20 71 28 41 64 37 6 65
split_gain=0.00220398 0.000106364 0.00010314 5.05203e-05 4.84967e-05 4.77662e-05 2.45086e-05 1.56218e-05 8.47485e-06 8.33798e-06
threshold=1.6637015459767368 -0.30503181777029448 -0.32987583569473361 0.15617600107783722 -0.17532460662617125 -0.24113302292180988 0.47644639660299531 -0.23677806502199736 -0.40463999091224817 -1.0000000180025095e-35
decision_type=2 2 2 2 2 2 2 2 2 2
left_child=1 2 7 -4 5 -3 9 -1 -7 -6
right_child=-2 4 3 -5 6 8 -8 -9 -10 -11
leaf_value=0.00021543873008340593 -0.0013047067293276392 0.00020376258064061403 -0.00029733908983568358 -2.5907011695380783e-05 0.00032608758192509434 5.3936072314778955e-05 0.00014543374767526986 6.4502289751544589e-05 -6.4911499309043116e-05 0.00022064893273636652
leaf_weight=3 2.9999999999999991 5 2.9999999999999982 4 4.9999999999999964 3 4.9999999999999991 4 2.9999999999999982 3.0000000000000053
leaf_count=3 3 5 3 4 5 3 5 4 3 3
internal_value=-2.1118e-12 0.000103003 -6.52285e-06 -0.000142235 0.000166893 8.96261e-05 0.000232273 0.000129189 -5.48771e-06 0.000286548
internal_weight=41 38 14 7 24 11 13 7 6 8
internal_count=41 38 14 7 24 11 13 7 6 8
is_linear=0
shrinkage=0.05


Tree=139
num_leaves=12
num_cat=0
split_feature=19 6 22 7 48 8 24 19 5 29 37
split_gain=0.00214698 0.000118988 8.47727e-05 6.71499e-05 3.74862e-05 4.73957e-05 3.58215e-05 1.61399e-05 1.17017e-05 3.05233e-06 2.44595e-06
threshold=-1.410243707062665 -0.48774014351021105 -0.30503181777029448 -0.3244563402974518 -0.74232672986200965 -0.32663596048205096 -1.0000000180025095e-35 0.19291435100899693 -0.042406543651037472 0.1848003585040433 1.0000000180025095e-35
decision_type=2 2 2 2 2 2 2 2 2 2 2
left_child=-1 6 3 -3 -4 -6 -2 10 -5 -9 -7
right_child=1 2 4 8 5 7 -8 9 -10 -11 -12
leaf_value=-0.0012877262546680869 0.00018990043608937409 -0.0002152946399291977 -1.5966786304488764e-05 9.7499882394913562e-05 6.1123275372665352e-06 0.00017878651463737108 0.00041846039239317183 0.00029849859420210117 -3.3133115600018425e-05 0.00022717391063148773 0.00011493835190776732
leaf_weight=2.9999999999999991 4 4 4.0000000000000027 4 4.0000000000000009 2.9999999999999964 2.9999999999999991 3 3.0000000000000018 3 3
leaf_count=3 4 4 4 4 4 3 3 3 3 3 3
internal_value=1.45519e-12 0.000101663 5.96192e-05 -5.18708e-05 0.000120939 0.000155165 0.000287855 0.000204849 4.15143e-05 0.000262836 0.000146862
internal_weight=41 38 31 11 20 16 7 12 7 6 6
internal_count=41 38 31 11 20 16 7 12 7 6 6
is_linear=0
shrinkage=0.05


Tree=140
num_leaves=11
num_cat=0
split_feature=59 6 22 7 53 79 41 15 29 37
split_gain=0.00209242 0.000135092 6.68654e-05 6.06028e-05 4.00678e-05 3.16492e-05 3.01487e-05 1.65061e-05 1.20576e-05 1.0588e-05
threshold=0.29141876784438431 -0.48774014351021105 -0.30503181777029448 -0.3244563402974518 1.0000000180025095e-35 1.0000000180025095e-35 -0.24113302292180988 0.089490473385022404 0.12787406548596109 0.22391334639158519
decision_type=2 2 2 2 2 2 2 2 2 2
left_child=1 5 3 -3 6 -1 -4 -8 -6 -5
right_child=-2 2 4 9 8 -7 7 -9 -10 -11
leaf_value=0.00037441988242790112 -0.0012712566143212221 -0.0002045299101155251 0.00014821859775111077 0.00011044498435997718 0.00028357366099953654 0.00018572621745988725 5.3957738418830475e-05 -0.00010119193854431308 0.00014181323834539696 -1.3816195860272272e-05
leaf_weight=3.9999999999999982 2.9999999999999991 4 5 2.9999999999999982 2.9999999999999991 5 4.0000000000000053 3 3 4
leaf_count=4 3 4 5 3 3 5 4 3 3 4
internal_value=3.12334e-12 0.000100362 4.78434e-05 -4.92772e-05 0.000107195 0.00026959 5.44457e-05 -1.2535e-05 0.000212693 3.94386e-05
internal_weight=41 38 29 11 18 9 12 7 6 7
internal_count=41 38 29 11 18 9 12 7 6 7
is_linear=0
shrinkage=0.05


Tree=141
num_leaves=12
num_cat=0
split_feature=11 6 24 52 19 79 7 30 9 23 7
split_gain=0.00203409 0.000116508 7.66717e-05 8.77879e-05 3.42037e-05 2.86905e-05 1.93482e-05 1.83078e-05 1.66268e-05 9.84495e-06 1.57677e-06
threshold=-1.1974538801251808 -0.48774014351021105 0.30998131197583778 -0.46036128874141297 0.7909725286830912 0.30434706145579377 -0.11253470158697988 -0.10877441746686083 -0.21733934860294632 -0.3351227017202944 -0.3244563402974518
decision_type=2 2 2 2 2 2 2 2 2 2 2
left_child=-1 5 4 8 6 -2 10 -5 -4 -8 -3
right_child=1 2 3 7 -6 -7 9 -9 -10 -11 -12
leaf_value=-0.0012534118490293623 0.00033595830667763958 4.8090612593417354e-05 0.00016926095704548059 -9.3015675277759603e-05 0.0002756432086850206 0.00015630087800673205 0.00021328782119477783 -0.00026769549197827781 1.354505438939668e-05 9.3466231919592108e-05 -3.1729670202669989e-06
leaf_weight=2.9999999999999991 4.9999999999999982 3 3 3 2.9999999999999991 4 3 2.9999999999999982 4 4.0000000000000053 3
leaf_count=3 5 3 3 3 3 4 3 3 4 4 3
internal_value=9.58297e-13 9.89536e-05 5.01807e-05 -4.00131e-05 0.000123463 0.000256111 8.83447e-05 -0.000180356 8.02804e-05 0.000144818 2.24588e-05
internal_weight=41 38 29 13 16 9 13 6 7 7 6
internal_count=41 38 29 13 16 9 13 6 7 7 6
is_linear=0
shrinkage=0.05


Tree=142
num_leaves=12
num_cat=0
split_feature=55 41 37 7 9 28 0 48 84 66 65
split_gain=0.00198087 9.55814e-05 7.96101e-05 4.84787e-05 3.01702e-05 2.95598e-05 2.85598e-05 2.44732e-05 1.29316e-05 1.13648e-05 4.93317e-06
threshold=-1.3401506650763437 1.0000000180025095e-35 1.0000000180025095e-35 -0.47676677398645534 1.0000000180025095e-35 0.55770104220558381 0.61531171326305711 -0.74232672986200965 -0.33551213398685481 -1.0000000180025095e-35 0.073140366057238046
decision_type=2 2 2 2 2 2 2 2 2 2 2
left_child=-1 3 5 8 -4 -3 -5 -8 -2 -7 -9
right_child=1 2 4 6 -6 9 7 10 -10 -11 -12
leaf_value=-0.0012369083027200154 0.0002183858149995406 -1.0483430378371844e-05 -0.00020764844666700812 -1.4829213614575557e-05 2.1089518365139756e-06 8.6339225526899051e-05 3.7425339784628407e-05 0.00024414690560661253 0.00036519413503507752 0.00021507794444914908 0.0001656200620345771
leaf_weight=2.9999999999999991 3 4.0000000000000018 3.9999999999999991 3.0000000000000009 3 3.0000000000000009 2.9999999999999991 4 3.0000000000000009 3.9999999999999991 4
leaf_count=3 3 4 4 3 3 3 3 4 3 4 4
internal_value=-1.77462e-13 9.76507e-05 1.40627e-05 0.00017288 -0.000117752 9.79451e-05 0.000121918 0.000159213 0.00029179 0.000159904 0.000204883
internal_weight=41 38 18 20 7 11 14 11 6 7 8
internal_count=41 38 18 20 7 11 14 11 6 7 8
is_linear=0
shrinkage=0.05


Tree=143
num_leaves=12
num_cat=0
split_feature=36 6 22 7 29 7 16 53 63 22 32
split_gain=0.00191223 0.000107974 6.23004e-05 4.68922e-05 3.8204e-05 3.5023e-05 2.96393e-05 1.23665e-05 8.31405e-06 2.80418e-06 2.33577e-06
threshold=1.4113210195067174 -0.48774014351021105 -0.30503181777029448 -0.3244563402974518 0.1809514937462057 -0.11253470158697988 -0.60718949840488246 -0.40407029956727669 0.10998882247946699 1.0000000180025095e-35 1.0000000180025095e-35
decision_type=2 2 2 2 2 2 2 2 2 2 2
left_child=1 6 3 -3 5 7 9 -4 -5 -1 -6
right_child=-2 2 4 8 10 -7 -8 -9 -10 -11 -12
leaf_value=0.00014889346202835436 -0.0012152887609166406 -0.00018132175173377616 -8.5882594188054352e-05 9.6203217011255551e-05 0.00024049330968409777 0.00017557405808474839 0.00037555701564997448 4.2525434982962908e-05 -1.3908770051784812e-05 0.00021725749829784032 0.00017809974960982796
leaf_weight=3 2.9999999999999991 4 3.0000000000000009 2.9999999999999982 2.9999999999999991 4.0000000000000062 2.9999999999999982 4.9999999999999991 4 3 3
leaf_count=3 3 4 3 3 3 4 3 5 4 3 3
internal_value=2.8394e-13 9.59438e-05 4.89911e-05 -4.47557e-05 0.000106281 5.4773e-05 0.000247236 -5.62758e-06 3.32821e-05 0.000183075 0.000209297
internal_weight=41 38 29 11 18 12 9 8 7 6 6
internal_count=41 38 29 11 18 12 9 8 7 6 6
is_linear=0
shrinkage=0.05


Tree=144
num_leaves=11
num_cat=0
split_feature=80 6 22 52 15 13 79 42 9 9
split_gain=0.00185148 8.34879e-05 6.76159e-05 4.27428e-05 3.53815e-05 3.8324e-05 3.18661e-05 1.49523e-05 4.63321e-06 3.7801e-06
threshold=-0.9077348392975686 -0.48774014351021105 -0.30503181777029448 -0.46036128874141297 -0.24838186631224973 1.6299292415860136 1.0000000180025095e-35 -1.0000000180025095e-35 1.0000000180025095e-35 -0.45418738966214112
decision_type=2 2 2 2 2 2 2 2 2 2
left_child=-1 6 3 8 -4 7 -2 -6 -3 -9
right_child=1 2 4 -5 5 -7 -8 9 -10 -11
leaf_value=-0.0011958271614275874 0.00036675417019675166 9.1393057179326795e-05 0.00022742356639355405 -0.00015048605040647082 -3.4584903041832141e-05 0.00023088362067937853 0.00016062772599980234 4.280202071337649e-05 3.5180952788020168e-06 0.00012217561209884787
leaf_weight=2.9999999999999991 3 3 5.0000000000000027 5.0000000000000018 5 2.9999999999999991 5 3 3 2.9999999999999982
leaf_count=3 3 3 5 5 5 3 5 3 3 3
internal_value=-1.49068e-12 9.44074e-05 5.6136e-05 -4.25179e-05 0.000113251 7.24757e-05 0.000237925 2.92735e-05 4.74556e-05 8.24888e-05
internal_weight=41 38 30 11 19 14 8 11 6 6
internal_count=41 38 30 11 19 14 8 11 6 6
is_linear=0
shrinkage=0.05


Tree=145
num_leaves=13
num_cat=0
split_feature=61 6 24 55 70 19 68 34 59 12 27 9
split_gain=0.00178853 9.00365e-05 8.07009e-05 4.77269e-05 3.20944e-05 2.46341e-05 1.95992e-05 1.70409e-05 1.09086e-05 7.60964e-06 2.29351e-06 1.21851e-06
threshold=-0.71348124950225811 -0.48774014351021105 0.30998131197583778 0.56217704107498567 0.52779937724279347 0.7909725286830912 0.35703749303279475 -0.86219898513190329 0.1306590405032752 0.49896907496584936 0.090045453813672516 -0.40915103860823521
decision_type=2 2 2 2 2 2 2 2 2 2 2 2
left_child=-1 4 5 7 10 6 8 -4 11 -5 -2 -3
right_child=1 2 3 9 -6 -7 -8 -9 -10 -11 -12 -13
leaf_value=-0.0011753226475169263 0.000195091551480194 4.1660264105303217e-05 -6.4814129533867024e-05 -5.9566218017910903e-06 0.0003644730585316816 0.00025001225682596363 0.00020541034949322543 -0.00023334177676588306 0.0001271016903046984 0.00010666105566391098 0.0001332650892436504 -4.9415636264408519e-07
leaf_weight=2.9999999999999991 2.9999999999999982 3.9999999999999991 3 3 3 2.9999999999999991 2.9999999999999991 2.9999999999999982 4 3 3 3.0000000000000062
leaf_count=3 3 4 3 3 3 3 3 3 4 3 3 3
internal_value=-2.30701e-12 9.27886e-05 4.99131e-05 -4.93629e-05 0.000230943 0.00011999 9.21283e-05 -0.000149078 6.12332e-05 5.03522e-05 0.000164178 2.35941e-05
internal_weight=41 38 29 12 9 17 14 6 11 6 6 7
internal_count=41 38 29 12 9 17 14 6 11 6 6 7
is_linear=0
shrinkage=0.05


Tree=146
num_leaves=12
num_cat=0
split_feature=69 6 22 7 29 53 70 66 72 38 18
split_gain=0.00173453 6.90074e-05 5.65555e-05 4.08715e-05 3.42425e-05 3.49595e-05 2.68521e-05 1.31415e-05 8.48972e-06 1.76322e-06 4.70989e-07
threshold=-0.74818257057888882 -0.48774014351021105 -0.30503181777029448 -0.3244563402974518 0.1809514937462057 1.0000000180025095e-35 0.52779937724279347 0.16011499462980897 0.62111881951717118 0.76301582908459442 -1.0000000180025095e-35
decision_type=2 2 2 2 2 2 2 2 2 2 2
left_child=-1 6 3 -3 5 7 -2 10 -5 -6 -4
right_child=1 2 4 8 9 -7 -8 -9 -10 -11 -12
leaf_value=-0.0011574430701633295 0.00014836237096460536 -0.00015920250880299133 6.3504613353870793e-05 -6.5355510741937867e-06 0.00017686990322545172 0.00018442662985762581 0.00034624940405289322 -7.8671474087362473e-05 0.00010473370299829788 0.00022757856640964738 3.5487078518296249e-05
leaf_weight=2.9999999999999991 3.9999999999999991 4 3 4.0000000000000018 3.9999999999999991 3.9999999999999991 3 3 3 3 3.0000000000000018
leaf_count=3 4 4 3 4 4 4 3 3 3 3 3
internal_value=-3.90417e-12 9.13771e-05 5.93591e-05 -3.17046e-05 0.000109444 6.14359e-05 0.000233171 6.77341e-06 4.11513e-05 0.000198602 4.94958e-05
internal_weight=41 38 31 11 20 13 7 9 7 7 6
internal_count=41 38 31 11 20 13 7 9 7 7 6
is_linear=0
shrinkage=0.05


Tree=147
num_leaves=12
num_cat=0
split_feature=19 6 22 32 29 53 71 16 66 38 18
split_gain=0.00166863 7.43456e-05 5.10414e-05 3.6932e-05 3.09039e-05 3.1551e-05 2.52176e-05 1.99323e-05 1.18602e-05 1.59131e-06 4.25068e-07
threshold=-1.410243707062665 -0.48774014351021105 -0.30503181777029448 0.17191186503224185 0.1809514937462057 1.0000000180025095e-35 0.15617600107783722 -0.60718949840488246 0.16011499462980897 0.76301582908459442 -1.0000000180025095e-35
decision_type=2 2 2 2 2 2 2 2 2 2 2
left_child=-1 7 3 -3 5 8 -5 -2 10 -6 -4
right_child=1 2 4 6 9 -7 -8 -9 -10 -11 -12
leaf_value=-0.0011352432270844779 0.00016373223043046888 7.0241804351098809e-05 6.0329383510785789e-05 -0.00021625901960457361 0.00016802640457171949 0.00017520530127512757 -1.1248515996461111e-05 0.0003342253466447195 -7.4737903196364622e-05 0.00021619964390993116 3.3712724689394206e-05
leaf_weight=2.9999999999999991 4 5.0000000000000018 3 3 3.9999999999999991 3.9999999999999991 3 2.9999999999999991 3 3 3.0000000000000018
leaf_count=3 4 5 3 3 4 4 3 3 3 3 3
internal_value=1.59716e-12 8.96245e-05 5.63911e-05 -3.01194e-05 0.000103972 5.83641e-05 -0.000113754 0.000236801 6.43474e-06 0.000188672 4.70211e-05
internal_weight=41 38 31 11 20 13 6 7 9 7 6
internal_count=41 38 31 11 20 13 6 7 9 7 6
is_linear=0
shrinkage=0.05


Tree=148
num_leaves=12
num_cat=0
split_feature=55 6 22 7 29 53 66 31 6 39 18
split_gain=0.00162251 8.15474e-05 4.60648e-05 3.43835e-05 2.78908e-05 2.84747e-05 1.07038e-05 9.89194e-06 7.56011e-06 1.43616e-06 3.83624e-07
threshold=-1.3401506650763437 -0.48774014351021105 -0.30503181777029448 -0.3244563402974518 0.1809514937462057 1.0000000180025095e-35 0.16011499462980897 -0.22559576834473472 1.0000000180025095e-35 0.14367154181019873 -1.0000000180025095e-35
decision_type=2 2 2 2 2 2 2 2 2 2 2
left_child=-1 7 3 -3 5 6 10 -2 -5 -6 -4
right_child=1 2 4 8 9 -7 -8 -9 -10 -11 -12
leaf_value=-0.0011194464459549636 0.00019104275270365176 -0.00014555470115737987 5.7312913122586884e-05 -6.7902001319453086e-06 0.00020538965472951534 0.00016644503357383656 -7.1001006290316568e-05 0.00031114995945245031 9.8210563495134285e-05 0.00015962508623488245 3.2027088066873425e-05
leaf_weight=2.9999999999999991 4 4 3 4.0000000000000018 2.9999999999999991 3.9999999999999991 3 2.9999999999999991 3 4 3.0000000000000018
leaf_count=3 4 4 3 4 3 4 3 3 3 4 3
internal_value=1.57942e-12 8.83774e-05 5.35716e-05 -2.86134e-05 9.87733e-05 5.54459e-05 6.113e-06 0.000242517 3.82101e-05 0.000179238 4.467e-05
internal_weight=41 38 31 11 20 13 9 7 7 7 6
internal_count=41 38 31 11 20 13 9 7 7 7 6
is_linear=0
shrinkage=0.05


Tree=149
num_leaves=12
num_cat=0
split_feature=59 6 6 30 60 76 16 66 9 22 32
split_gain=0.00158552 9.54357e-05 3.91783e-05 3.43359e-05 3.12989e-05 2.30235e-05 1.66577e-05 1.18949e-05 5.76373e-06 3.34437e-06 8.61844e-07
threshold=0.29141876784438431 -0.48774014351021105 -0.32116387703434074 -0.10877441746686083 0.83147456896626093 0.62475254766422983 -0.60718949840488246 0.16011499462980897 -0.40915103860823521 1.0000000180025095e-35 -0.32609537928750049
decision_type=2 2 2 2 2 2 2 2 2 2 2
left_child=1 6 3 8 5 7 9 10 -3 -1 -4
right_child=-2 2 4 -5 -6 -7 -8 -9 -10 -11 -12
leaf_value=0.00014417174970731135 -0.0011066121437276403 7.6157420213955127e-05 6.2437094553994638e-05 -0.00017841003815798715 0.00019276662729680538 0.00014841434312984347 0.00032579986533770973 -7.6819638100763144e-05 -1.5523778029091772e-05 0.00021883063018321989 2.6984935902873939e-05
leaf_weight=3 2.9999999999999991 3 2.9999999999999991 2.9999999999999982 4.9999999999999991 3.9999999999999991 2.9999999999999982 3 4 3 4.0000000000000062
leaf_count=3 3 3 3 3 5 4 3 3 4 3 4
internal_value=-9.62733e-13 8.73641e-05 4.32217e-05 -3.68853e-05 8.53833e-05 4.70321e-05 0.000229601 6.47921e-06 2.37682e-05 0.000181501 4.21787e-05
internal_weight=41 38 29 10 19 14 9 10 7 6 7
internal_count=41 38 29 10 19 14 9 10 7 6 7
is_linear=0
shrinkage=0.05


Tree=150
num_leaves=12
num_cat=0
split_feature=1 10 83 53 25 21 66 38 31 84 43
split_gain=0.00153652 7.636e-05 4.6831e-05 4.05379e-05 2.63433e-05 2.54907e-05 1.39947e-05 5.82821e-06 4.34188e-06 3.30929e-06 1.28333e-07
threshold=-0.87479638997235565 -0.60895736155703284 0.29063875625630925 0.87828047446686108 -0.15876703176308338 -1.1613846848418459 0.16011499462980897 0.42361119935729896 -1.0000000180025095e-35 -0.45383819149035443 0.87351600050211309
decision_type=2 2 2 2 2 2 2 2 2 2 2
left_child=-1 9 3 5 -4 -3 7 10 -8 -2 -7
right_child=1 2 4 -5 -6 6 8 -9 -10 -11 -12
leaf_value=-0.0010893778565029303 0.000191099802032113 0.00017501963302493054 5.0638020426655795e-05 -0.00015645348418426392 0.00024664153461344539 2.4038333140197173e-05 -3.1847525860939636e-06 0.00011319805247088271 -8.2758072918901843e-05 0.00025541632203385234 3.7718689418397838e-05
leaf_weight=2.9999999999999991 4.0000000000000009 3.0000000000000062 3 2.9999999999999991 3.9999999999999991 4.0000000000000053 4 3 2.9999999999999991 3.9999999999999991 3
leaf_count=3 4 3 3 3 4 4 4 3 3 4 3
internal_value=-2.38687e-12 8.60035e-05 4.94023e-05 1.49386e-05 0.00016264 4.06475e-05 1.69347e-05 5.48904e-05 -3.72876e-05 0.000223258 2.99013e-05
internal_weight=41 38 30 23 7 20 17 10 7 8 7
internal_count=41 38 30 23 7 20 17 10 7 8 7
is_linear=0
shrinkage=0.05


Tree=151
num_leaves=13
num_cat=0
split_feature=11 6 10 53 76 16 72 66 38 6 23 8
split_gain=0.00149757 8.85224e-05 4.56892e-05 3.75401e-05 1.93147e-05 1.70777e-05 9.80996e-06 7.99096e-06 7.84003e-06 2.29959e-06 1.39717e-06 3.94994e-07
threshold=-1.1974538801251808 -0.48774014351021105 -0.60895736155703284 0.87828047446686108 0.62475254766422983 -0.60718949840488246 0.79077291582214515 0.16011499462980897 0.13828780416414868 -0.40463999091224817 -0.060945946183797096 -0.22630721464228828
decision_type=2 2 2 2 2 2 2 2 2 2 2 2
left_child=-1 5 -3 4 6 10 7 11 -6 -9 -2 -4
right_child=1 2 3 -5 8 -7 -8 9 -10 -11 -12 -13
leaf_value=-0.0010754796559922398 0.00019732005506133035 0.00019929087429773065 4.7588646217870202e-05 -0.00014863081062988688 0.00017357389830673737 0.00031929852751394125 9.2724783462472268e-05 -1.0783901476922111e-05 5.9264140630451329e-05 -6.8693955836352045e-05 0.00014906424330547448 2.1930844620025309e-05
leaf_weight=2.9999999999999991 3 3.9999999999999991 3 2.9999999999999991 2.9999999999999991 2.9999999999999982 2.9999999999999991 3.0000000000000062 3 3.9999999999999938 3 3.0000000000000124
leaf_count=3 3 4 3 3 3 3 3 3 3 4 3 3
internal_value=-3.19432e-13 8.49063e-05 4.23928e-05 1.72891e-05 3.99145e-05 0.000221894 1.12253e-05 -7.58224e-06 0.000116419 -4.38754e-05 0.000173192 3.47597e-05
internal_weight=41 38 29 25 22 9 16 13 6 7 6 6
internal_count=41 38 29 25 22 9 16 13 6 7 6 6
is_linear=0
shrinkage=0.05


Tree=152
num_leaves=12
num_cat=0
split_feature=78 6 41 61 22 53 16 7 53 2 51
split_gain=0.00144591 7.65289e-05 4.09929e-05 2.96505e-05 2.71914e-05 1.67061e-05 1.54126e-05 7.45582e-06 4.32438e-06 1.34932e-06 8.75535e-07
threshold=-1.6093343878249822 -0.48774014351021105 -0.24113302292180988 -0.59710188348983417 -0.1892565499973036 0.87828047446686108 -0.60718949840488246 -0.19312432408456301 -0.40407029956727669 -0.61485306157833086 -0.33102071998422694
decision_type=2 2 2 2 2 2 2 2 2 2 2
left_child=-1 6 4 -4 -3 8 9 -6 -5 -2 -10
right_child=1 2 3 5 7 -7 -8 -9 10 -11 -12
leaf_value=-0.0010567685550389192 0.00018824367240692175 -1.5707742810870211e-05 0.00013660308031830927 -5.9282238362357026e-05 0.00020899059891235086 -0.00014119926587833706 0.00030333360967536779 0.00011740569374524058 2.392223977949471e-05 0.00014082141569815573 -1.0244706330316437e-05
leaf_weight=2.9999999999999991 3 2.9999999999999991 3.0000000000000009 2.9999999999999991 3.9999999999999991 3.0000000000000009 2.9999999999999982 4.9999999999999991 4.9999999999999982 3 3.0000000000000036
leaf_count=3 3 3 3 3 4 3 3 5 5 3 3
internal_value=-3.11446e-12 8.34291e-05 4.39003e-05 -6.0446e-06 0.000114656 -3.6612e-05 0.0002108 0.00015811 -8.08815e-06 0.000164533 1.11096e-05
internal_weight=41 38 29 17 12 14 9 9 11 6 8
internal_count=41 38 29 17 12 14 9 9 11 6 8
is_linear=0
shrinkage=0.05


Tree=153
num_leaves=12
num_cat=0
split_feature=80 6 60 24 31 58 16 5 1 6 79
split_gain=0.00139273 5.96007e-05 3.91931e-05 3.62836e-05 2.58305e-05 1.59227e-05 1.38805e-05 1.0187e-05 6.74932e-06 1.13622e-06 9.18315e-07
threshold=-0.9077348392975686 -0.48774014351021105 0.83147456896626093 0.30998131197583778 -0.65768967809081003 0.46752140919359592 -0.60718949840488246 1.5342592108777258 1.0000000180025095e-35 -0.23848341611596011 0.30434706145579377
decision_type=2 2 2 2 2 2 2 2 2 2 2
left_child=-1 6 3 5 9 10 -2 -7 -4 -5 -3
right_child=1 2 8 4 -6 7 -8 -9 -10 -11 -12
leaf_value=-0.0010371517273597419 0.0001521254144608974 9.5290791553755404e-07 0.00019565575348678976 -9.7324715170543621e-06 -0.00015200694615487016 0.00019801560944567118 0.00028816692841549717 6.7714388812116017e-05 9.6445111557841268e-05 3.3784274031252897e-05 3.7548120599240054e-05
leaf_weight=2.9999999999999991 5.0000000000000009 3.0000000000000053 3.9999999999999991 3 3.9999999999999982 3 2.9999999999999991 3 3 3 4
leaf_count=3 5 3 4 3 4 3 3 3 3 3 4
internal_value=-3.70896e-12 8.18804e-05 4.95442e-05 1.8016e-05 -5.35872e-05 7.30955e-05 0.000203141 0.000132865 0.000153137 1.20259e-05 2.18645e-05
internal_weight=41 38 30 23 10 13 8 6 7 6 7
internal_count=41 38 30 23 10 13 8 6 7 6 7
is_linear=0
shrinkage=0.05


Tree=154
num_leaves=12
num_cat=0
split_feature=24 6 37 47 23 70 62 42 8 17 27
split_gain=0.00135335 6.37802e-05 4.40679e-05 2.98119e-05 2.37256e-05 1.2341e-05 9.16585e-06 5.22372e-06 3.89904e-06 2.14879e-06 2.07713e-06
threshold=-1.6512441192927725 -0.48774014351021105 -1.0000000180025095e-35 0.26790534700367247 1.0000000180025095e-35 0.52779937724279347 0.90621078957858281 0.57459416280552478 -1.0000000180025095e-35 -0.18619640579903343 0.090045453813672516
decision_type=2 2 2 2 2 2 2 2 2 2 2
left_child=-1 5 3 7 6 10 9 -3 -5 -4 -2
right_child=1 2 4 8 -6 -7 -8 -9 -10 -11 -12
leaf_value=-0.001022386058078458 0.00018501102846736714 -8.5874769865768037e-06 -4.132991598453373e-05 0.00019714837428182368 -0.00012208703737996986 0.00027979481189201264 9.5117327388531193e-05 7.8693235506458804e-05 0.00012504619468624385 1.4649131389887758e-05 0.00012617331813089545
leaf_weight=2.9999999999999991 2.9999999999999982 3.9999999999999991 2.9999999999999991 4.9999999999999982 3.9999999999999991 3 3 3 3.0000000000000018 4.0000000000000027 3
leaf_count=3 3 4 3 5 4 3 3 3 3 4 3
internal_value=4.03727e-12 8.07147e-05 4.46283e-05 0.000104174 -1.91707e-05 0.000196993 2.19959e-05 2.88185e-05 0.00017011 -9.34189e-06 0.000155592
internal_weight=41 38 29 15 14 9 10 7 8 7 6
internal_count=41 38 29 15 14 9 10 7 8 7 6
is_linear=0
shrinkage=0.05


Tree=155
num_leaves=12
num_cat=0
split_feature=49 10 83 21 76 71 28 11 31 84 26
split_gain=0.00131294 4.9352e-05 3.84009e-05 4.66494e-05 1.68273e-05 1.45727e-05 9.67401e-06 2.33926e-06 1.07822e-06 9.57115e-07 1.38999e-07
threshold=1.6637015459767368 -0.60895736155703284 1.0000000180025095e-35 -1.1613846848418459 0.20150020092632473 0.17920996167510836 -0.17532460662617125 0.88926641763010217 -0.1741568345093932 -0.45383819149035443 -1.0000000180025095e-35
decision_type=2 2 2 2 2 2 2 2 2 2 2
left_child=1 7 3 -3 5 -5 -4 -1 -8 -6 -11
right_child=-2 2 6 4 9 -7 8 -9 -10 10 -12
leaf_value=0.00021078676218166945 -0.0010070036999726049 0.00019185317990680513 6.9845452708250369e-05 -0.00016188692728367912 4.795604424240683e-05 -2.2494219301734116e-05 0.00014903449142972627 0.0001549385992499689 0.00019142590075110403 5.7568438933230876e-06 2.0977401679071331e-05
leaf_weight=5 2.9999999999999991 3.0000000000000027 4 3.0000000000000053 3.0000000000000027 5 3 3 2.9999999999999982 3.0000000000000027 2.9999999999999929
leaf_count=5 3 3 4 3 3 5 3 3 3 3 3
internal_value=6.56611e-13 7.95003e-05 5.00754e-05 1.00749e-05 -2.20036e-05 -7.47665e-05 0.000130076 0.000189844 0.00017023 2.48968e-05 1.33671e-05
internal_weight=41 38 30 20 17 8 10 8 6 9 6
internal_count=41 38 30 20 17 8 10 8 6 9 6
is_linear=0
shrinkage=0.05


Tree=156
num_leaves=12
num_cat=0
split_feature=61 6 24 46 29 53 70 37 47 67 32
split_gain=0.00126964 5.42095e-05 4.6897e-05 2.39337e-05 1.83497e-05 1.56209e-05 1.46397e-05 8.11396e-06 1.77149e-06 1.5544e-06 2.72611e-07
threshold=-0.71348124950225811 -0.48774014351021105 0.30998131197583778 -1.0000000180025095e-35 0.1809514937462057 1.0000000180025095e-35 0.52779937724279347 -0.087852392459645171 -0.52364744618556514 -1.0555545824178758 -0.74313586396029108
decision_type=2 2 2 2 2 2 2 2 2 2 2
left_child=-1 6 4 7 5 10 8 -4 -2 -9 -3
right_child=1 2 3 -5 -6 -7 -8 9 -10 -11 -12
leaf_value=-0.00099025988020002838 0.00016745449587081865 3.6376005058021593e-05 7.7138438549203184e-05 -0.00015307498591331145 0.0001788061228580773 0.00014547526516253128 0.00027556223794817915 -4.9020540609490132e-05 0.000113117692914481 1.8779750765437101e-06 1.7310826224274909e-05
leaf_weight=2.9999999999999991 3 2.9999999999999991 2.9999999999999991 2.9999999999999991 4.9999999999999991 3.9999999999999991 3 2.9999999999999991 2.9999999999999982 3 5.0000000000000062
leaf_count=3 3 3 3 3 5 4 3 3 3 3 5
internal_value=2.97915e-12 7.81784e-05 4.49095e-05 -3.07698e-05 9.83302e-05 6.47986e-05 0.000185378 9.99862e-06 0.000140286 -2.35713e-05 2.44603e-05
internal_weight=41 38 29 12 17 12 9 9 6 6 8
internal_count=41 38 29 12 17 12 9 9 6 6 8
is_linear=0
shrinkage=0.05


Tree=157
num_leaves=13
num_cat=0
split_feature=55 83 24 46 33 62 37 16 61 48 12 12
split_gain=0.0012379 5.29392e-05 3.92235e-05 2.16002e-05 1.95292e-05 1.36548e-05 7.32285e-06 5.8267e-06 4.31097e-06 3.14339e-06 1.41839e-06 4.98168e-07
threshold=-1.3401506650763437 0.29063875625630925 0.30998131197583778 -1.0000000180025095e-35 -0.61487205784247878 0.488061090185886 -0.087852392459645171 0.55664355447904434 -0.109085032512417 -0.31998969877121719 -0.52809821615336261 -0.12858355370482955
decision_type=2 2 2 2 2 2 2 2 2 2 2 2
left_child=-1 2 5 6 -3 8 -4 11 -2 -7 -8 -6
right_child=1 4 3 -5 7 9 10 -9 -10 -11 -12 -13
leaf_value=-0.00097780331270769238 9.8030153215707653e-05 5.3584045478298015e-05 7.3281516476223868e-05 -0.00014542123729673526 0.0001580353166597585 1.5562082990072667e-05 -4.6703088931584112e-05 0.00025778525353719787 0.00017731965635903158 8.3268154897571823e-05 1.9176529652516664e-06 0.00018684988220532734
leaf_weight=2.9999999999999991 2.9999999999999973 2.9999999999999991 2.9999999999999991 2.9999999999999991 2.9999999999999991 4 2.9999999999999991 3 4.0000000000000044 3 3 2.9999999999999991
leaf_count=3 3 3 3 3 3 4 3 3 4 3 3 3
internal_value=-8.07454e-13 7.7195e-05 3.71018e-05 -2.92313e-05 0.000164064 9.39587e-05 9.49869e-06 0.00020089 0.000143338 4.4579e-05 -2.23927e-05 0.000172443
internal_weight=41 38 26 12 12 14 9 9 7 7 6 6
internal_count=41 38 26 12 12 14 9 9 7 7 6 6
is_linear=0
shrinkage=0.05


Tree=158
num_leaves=12
num_cat=0
split_feature=19 6 22 29 71 53 24 32 24 11 1
split_gain=0.00120715 4.64164e-05 2.96809e-05 2.83175e-05 1.80009e-05 1.69899e-05 1.28252e-05 3.74365e-06 2.45504e-06 4.11104e-07 1.97044e-07
threshold=-1.410243707062665 -0.48774014351021105 -0.30503181777029448 0.1809514937462057 0.15617600107783722 1.0000000180025095e-35 -1.0000000180025095e-35 1.0000000180025095e-35 1.0000000180025095e-35 -0.13103451500160451 -0.18364188332673287
decision_type=2 2 2 2 2 2 2 2 2 2 2
left_child=-1 6 4 5 -3 8 -2 -6 10 -5 -4
right_child=1 2 3 9 7 -7 -8 -9 -10 -11 -12
leaf_value=-0.00096558530349284417 0.00013390970125328749 -0.00010061246612167445 3.2016965754640592e-05 0.00015683934616390611 7.4573726063438992e-05 0.00012833734479045233 0.0002706702604579429 6.8534882302628819e-07 -3.2440838306987034e-05 0.00018132457043975594 1.3894963679679968e-05
leaf_weight=2.9999999999999991 4 4.0000000000000018 3 4 3 3.9999999999999991 2.9999999999999991 4 3 2.9999999999999991 3.0000000000000018
leaf_count=3 4 4 3 4 3 4 3 4 3 3 3
internal_value=3.25422e-12 7.62304e-05 4.99712e-05 8.62547e-05 -1.59988e-05 4.25971e-05 0.000192521 3.23518e-05 4.49036e-06 0.000167333 2.2956e-05
internal_weight=41 38 31 20 11 13 7 7 9 7 6
internal_count=41 38 31 20 11 13 7 7 9 7 6
is_linear=0
shrinkage=0.05


Tree=159
num_leaves=11
num_cat=0
split_feature=36 6 83 21 53 79 33 0 18 72
split_gain=0.00116819 5.60575e-05 2.58555e-05 3.04805e-05 1.56035e-05 1.05569e-05 8.85669e-06 7.61082e-06 3.0451e-06 8.29664e-08
threshold=1.4113210195067174 -0.48774014351021105 0.29063875625630925 -1.1613846848418459 0.87828047446686108 1.0000000180025095e-35 -0.33479620672650295 0.90718378348810547 0.37194042943252797 1.0000000180025095e-35
decision_type=2 2 2 2 2 2 2 2 2 2
left_child=1 5 3 -3 7 -1 -4 8 9 -5
right_child=-2 2 6 4 -6 -7 -8 -9 -10 -11
leaf_value=0.00024454607337247585 -0.00094987596773232026 0.0001626387704163788 5.99139239056967e-05 6.7541698323717741e-06 -0.00011349932125691947 0.00013556649908423422 0.00017356252647005022 8.2548036880325531e-05 -3.6413035122677687e-05 1.7271860560867932e-05
leaf_weight=3.9999999999999982 2.9999999999999991 3.0000000000000027 3 3.0000000000000089 2.9999999999999991 5 3.9999999999999991 2.9999999999999991 4.9999999999999991 5
leaf_count=4 3 3 3 3 3 5 4 3 5 5
internal_value=-3.46052e-12 7.49902e-05 4.1159e-05 1.45281e-05 -8.85775e-06 0.000184002 0.000124856 1.07625e-05 -5.80334e-06 1.33277e-05
internal_weight=41 38 29 22 19 9 7 16 13 8
internal_count=41 38 29 22 19 9 7 16 13 8
is_linear=0
shrinkage=0.05


Tree=160
num_leaves=12
num_cat=0
split_feature=10 6 60 24 88 9 79 8 26 26 12
split_gain=0.00114141 4.38193e-05 2.97715e-05 2.82294e-05 1.55479e-05 1.31734e-05 1.05137e-05 6.14876e-06 2.74904e-06 1.19551e-06 3.12695e-09
threshold=-1.3189379337224574 -0.48774014351021105 0.83147456896626093 0.30998131197583778 0.60325060325090507 -0.21733934860294632 1.0000000180025095e-35 -0.22630721464228828 -0.4191161141795739 -0.05518378045427539 -0.23056763232619609
decision_type=2 2 2 2 2 2 2 2 2 2 2
left_child=-1 6 3 5 9 8 -2 -4 -3 -5 -10
right_child=1 2 7 4 -6 -7 -8 -9 10 -11 -12
leaf_value=-0.00093892405275255444 0.00025787318979079526 7.0908201936011498e-05 8.5229709899673842e-05 -1.9093289120064578e-05 -0.00013724784172760942 0.00013305065192980678 0.00013404859928414225 0.0001799236604711041 1.1146742326673118e-05 2.2661370652106909e-05 1.3429632235784081e-05
leaf_weight=2.9999999999999991 2.9999999999999991 3 3 4 3 5.0000000000000044 4 3.9999999999999991 3 2.9999999999999982 3
leaf_count=3 3 3 3 4 3 5 4 4 3 3 3
internal_value=-1.77462e-14 7.41256e-05 4.86116e-05 2.21489e-05 -4.20133e-05 6.79791e-05 0.000187116 0.000139341 3.18282e-05 -1.19843e-06 1.22882e-05
internal_weight=41 38 31 24 10 14 7 7 9 7 6
internal_count=41 38 31 24 10 14 7 7 9 7 6
is_linear=0
shrinkage=0.05


Tree=161
num_leaves=12
num_cat=0
split_feature=1 6 60 24 88 9 12 8 28 26 17
split_gain=0.00110832 4.85729e-05 2.68688e-05 2.5477e-05 1.4032e-05 1.1889e-05 7.54928e-06 5.54926e-06 2.5958e-06 1.07895e-06 5.47051e-09
threshold=-0.87479638997235565 -0.48774014351021105 0.83147456896626093 0.30998131197583778 0.60325060325090507 -0.21733934860294632 -1.0000000180025095e-35 -0.22630721464228828 -0.63186337623405398 -0.05518378045427539 1.0000000180025095e-35
decision_type=2 2 2 2 2 2 2 2 2 2 2
left_child=-1 6 3 5 9 8 -2 -4 -3 -5 -10
right_child=1 2 7 4 -6 -7 -8 -9 10 -11 -12
leaf_value=-0.00092521501549830052 0.00014703691122122106 6.8211951535583143e-05 8.0968222270409246e-05 -1.813862472772598e-05 -0.00013038545342472689 0.00012639811408007504 0.0002519624074921012 0.00017092747730202974 1.2758959443696462e-05 2.1528302750084555e-05 9.7394360636826581e-06
leaf_weight=2.9999999999999991 4 3 3 4 3 5.0000000000000044 2.9999999999999991 3.9999999999999991 3 2.9999999999999982 3
leaf_count=3 4 3 3 4 3 5 3 4 3 3 3
internal_value=1.40195e-12 7.30433e-05 4.6181e-05 2.10415e-05 -3.99126e-05 6.45801e-05 0.000192005 0.000132374 3.02368e-05 -1.13851e-06 1.12492e-05
internal_weight=41 38 31 24 10 14 7 7 9 7 6
internal_count=41 38 31 24 10 14 7 7 9 7 6
is_linear=0
shrinkage=0.05


Tree=162
num_leaves=13
num_cat=0
split_feature=11 6 76 83 6 53 16 32 18 23 8 25
split_gain=0.00105948 5.64116e-05 2.54644e-05 1.74752e-05 1.62703e-05 1.00788e-05 6.94016e-06 6.59181e-06 3.07812e-06 1.11742e-06 3.05474e-07 2.24729e-07
threshold=-1.1974538801251808 -0.48774014351021105 0.45919206681901636 0.41016199817657589 -0.32116387703434074 0.66476490494561713 -0.60718949840488246 -0.072479256268767736 0.37194042943252797 -0.060945946183797096 -0.18743545086472327 -0.14871204340998218
decision_type=2 2 2 2 2 2 2 2 2 2 2 2
left_child=-1 6 3 5 -4 8 9 -6 10 -2 -3 -9
right_child=1 2 4 -5 7 -7 -8 11 -10 -11 -12 -13
leaf_value=-0.00090459601099913327 0.00017130145570263264 2.4477662615633264e-05 5.5513875850010665e-06 0.0001040204762830399 6.6232093862102686e-05 -0.0001102362201587918 0.00024286468202869106 0.00014732860339184602 -4.8117722811487801e-05 0.00012814634440777201 3.3711825153659388e-06 0.00016668187454342838
leaf_weight=2.9999999999999991 3 2.9999999999999991 3.9999999999999991 2.9999999999999991 2.9999999999999991 2.9999999999999991 2.9999999999999982 2.9999999999999991 3 3 4.0000000000000062 3
leaf_count=3 3 3 4 3 3 3 3 3 3 3 4 3
internal_value=-7.32032e-14 7.14155e-05 3.74776e-05 -4.75517e-06 8.94564e-05 -2.98572e-05 0.000180771 0.000126748 -5.74355e-06 0.000149724 1.24168e-05 0.000157005
internal_weight=41 38 29 16 13 13 9 9 10 6 7 6
internal_count=41 38 29 16 13 13 9 9 10 6 7 6
is_linear=0
shrinkage=0.05


Tree=163
num_leaves=13
num_cat=0
split_feature=59 6 21 83 27 76 35 16 51 27 22 22
split_gain=0.00101623 4.8876e-05 2.40752e-05 2.31729e-05 1.31855e-05 1.08025e-05 8.23604e-06 6.2635e-06 3.19234e-06 1.2515e-06 1.0316e-06 1.00611e-07
threshold=0.29141876784438431 -0.48774014351021105 -1.1613846848418459 1.0000000180025095e-35 0.11683106831262474 0.20150020092632473 -0.23636798757674085 -0.60718949840488246 -1.0000000180025095e-35 -0.36579501538650111 1.0000000180025095e-35 0.17195979822944232
decision_type=2 2 2 2 2 2 2 2 2 2 2 2
left_child=1 7 -3 5 9 6 -4 10 11 -5 -1 -7
right_child=-2 2 3 4 -6 8 -8 -9 -10 -11 -12 -13
leaf_value=0.0001215052713329593 -0.00088593976106494672 0.00017246922167638939 -0.00011923790346675861 0.00010771112671742834 2.1647967514581972e-06 -1.4212891983333964e-06 -1.444578858354359e-05 0.00023072144637505221 6.8223166939181649e-05 0.00015338212639714286 0.0001629701311079164 1.1528004203379773e-05
leaf_weight=3 2.9999999999999991 2.9999999999999991 3 3 3 3.0000000000000018 5.0000000000000089 2.9999999999999982 2.9999999999999964 2.9999999999999982 3 3
leaf_count=3 3 3 3 3 3 3 5 3 3 3 3 3
internal_value=1.71695e-12 6.99426e-05 3.83527e-05 2.28777e-05 8.77527e-05 -1.14678e-05 -5.37428e-05 0.000171732 2.611e-05 0.000130547 0.000142238 5.05336e-06
internal_weight=41 38 29 26 9 17 8 9 9 6 6 6
internal_count=41 38 29 26 9 17 8 9 9 6 6 6
is_linear=0
shrinkage=0.05


Tree=164
num_leaves=12
num_cat=0
split_feature=55 6 10 81 48 8 53 6 12 9 47
split_gain=0.000989905 3.53928e-05 2.69806e-05 2.62761e-05 1.38835e-05 1.2653e-05 9.3622e-06 3.4343e-06 1.42524e-06 3.8629e-07 3.31551e-07
threshold=-1.3401506650763437 -0.48774014351021105 -0.60895736155703284 0.2654013701299951 -1.0000000180025095e-35 -0.16845927682153791 0.66476490494561713 -0.50279862239329165 -0.63272149801129818 -0.40915103860823521 -0.32954524686720571
decision_type=2 2 2 2 2 2 2 2 2 2 2
left_child=-1 7 -3 6 5 9 8 -2 -4 -5 -10
right_child=1 2 3 4 -6 -7 -8 -9 10 -11 -12
leaf_value=-0.00087439174142976608 0.00014024808187969027 0.00016729106428101646 -2.8633443313689596e-05 1.0951604053843765e-05 0.00015440511051565417 0.00011306984342809299 -0.00010050904802483274 0.00021101781555141013 2.5122765024813515e-05 -1.4421934368632109e-05 3.1338674034486727e-06
leaf_weight=2.9999999999999991 4 4.0000000000000027 2.9999999999999991 3 3.9999999999999973 4 2.9999999999999991 2.9999999999999991 2.9999999999999991 3 4.0000000000000036
leaf_count=3 4 4 3 3 4 4 3 3 3 3 4
internal_value=-1.88997e-12 6.90309e-05 4.61009e-05 2.81469e-05 7.56778e-05 4.41868e-05 -2.30403e-05 0.000170578 2.00343e-07 -1.73517e-06 1.25577e-05
internal_weight=41 38 31 27 14 10 13 7 10 6 7
internal_count=41 38 31 27 14 10 13 7 10 6 7
is_linear=0
shrinkage=0.05


Tree=165
num_leaves=13
num_cat=0
split_feature=61 6 22 29 53 67 16 42 18 32 23 1
split_gain=0.000960444 4.55188e-05 2.71264e-05 2.57735e-05 1.16907e-05 7.87094e-06 6.58782e-06 1.36538e-06 5.82291e-07 5.46716e-07 2.96133e-07 1.09039e-07
threshold=-0.71348124950225811 -0.48774014351021105 -0.30503181777029448 0.1809514937462057 1.0000000180025095e-35 0.39499991137619112 -0.60718949840488246 -0.36741044717360277 1.0000000180025095e-35 0.77221827085690042 -0.060945946183797096 -0.41170648260761583
decision_type=2 2 2 2 2 2 2 2 2 2 2 2
left_child=-1 6 5 4 7 9 10 -4 -5 -3 -2 -9
right_child=1 2 3 8 -6 -7 -8 11 -10 -11 -12 -13
leaf_value=-0.00086128198308870201 0.00014708705324058727 1.199471789732343e-05 -2.6121652020568338e-05 0.00014273518851647775 0.00010415338447273826 -9.6906231556204126e-05 0.00022672463674098262 2.1931268808354313e-05 0.00017388780446102217 -1.6241678531514476e-05 0.0001248709391802549 8.4505059930961355e-06
leaf_weight=2.9999999999999991 3 3.9999999999999982 2.9999999999999991 2.9999999999999991 3.9999999999999991 3 2.9999999999999982 2.9999999999999991 3 3 3 3.0000000000000071
leaf_count=3 3 4 3 3 4 3 3 3 3 3 3 3
internal_value=-8.60693e-13 6.79959e-05 3.75103e-05 7.25928e-05 3.30303e-05 -2.91465e-05 0.000166228 1.42004e-06 0.000158311 -1.06595e-07 0.000135979 1.51909e-05
internal_weight=41 38 29 19 13 10 9 9 6 7 6 6
internal_count=41 38 29 19 13 10 9 9 6 7 6 6
is_linear=0
shrinkage=0.05


Tree=166
num_leaves=12
num_cat=0
split_feature=19 10 36 14 0 14 53 27 28 9 29
split_gain=0.000933324 3.37497e-05 2.80171e-05 2.33918e-05 1.99288e-05 8.2471e-06 7.21906e-06 1.4436e-06 1.43926e-06 1.94594e-07 1.27889e-08
threshold=-1.410243707062665 -0.60895736155703284 1.1352898281787425 1.5886387839805127 0.81783464012756568 0.4047917784271225 0.87828047446686108 0.11683106831262474 0.34021421858357476 1.0000000180025095e-35 -1.0000000180025095e-35
decision_type=2 2 2 2 2 2 2 2 2 2 2
left_child=-1 8 3 4 6 -6 7 -3 -2 10 -9
right_child=1 2 -4 -5 5 -7 -8 9 -10 -11 -12
leaf_value=-0.00084903483123828982 0.00014655637496616692 -2.9652412649738734e-05 0.0001681335153989494 0.0001579750329256058 0.00012789194588549435 1.8224174588491823e-05 -8.9735424505003422e-05 8.603692367614698e-06 0.00019237042482321456 -4.7658208738236362e-06 1.2922306632390277e-05
leaf_weight=2.9999999999999991 3.9999999999999991 4.0000000000000133 3.9999999999999991 2.9999999999999991 3.9999999999999991 3 2.9999999999999991 4.0000000000000062 3 3 2.999999999999992
leaf_count=3 4 4 4 3 4 3 3 4 3 3 3
internal_value=1.24224e-12 6.70291e-05 4.46377e-05 2.6342e-05 9.88786e-06 8.08915e-05 -1.93489e-05 -4.2661e-06 0.000166191 5.88842e-06 1.04545e-05
internal_weight=41 38 31 27 24 7 17 14 7 10 7
internal_count=41 38 31 27 24 7 17 14 7 10 7
is_linear=0
shrinkage=0.05


Tree=167
num_leaves=11
num_cat=0
split_feature=80 6 60 24 53 79 46 7 32 82
split_gain=0.000911597 3.79671e-05 2.63181e-05 1.75857e-05 9.07174e-06 6.15037e-06 4.86494e-06 2.58008e-06 1.11739e-06 5.33864e-08
threshold=-0.9077348392975686 -0.48774014351021105 0.83147456896626093 -1.2083956494791028 0.87828047446686108 1.0000000180025095e-35 0.28861566823279222 1.0000000180025095e-35 0.86987905957234979 -0.087127230593112143
decision_type=2 2 2 2 2 2 2 2 2 2
left_child=-1 5 3 -3 7 -2 -4 8 9 -5
right_child=1 2 6 4 -6 -7 -8 -9 -10 -11
leaf_value=-0.00083909395228450511 0.00021962478058412668 0.00010988649482897007 0.00016142314707394691 4.4850421545561295e-07 -8.5248653097854315e-05 0.0001290682004764676 7.7193097483056273e-05 3.9280560522456653e-05 -3.0060278610714405e-05 8.885434945113951e-06
leaf_weight=2.9999999999999991 3 4.0000000000000027 3.9999999999999991 3.0000000000000062 2.9999999999999991 5 3 4.9999999999999991 2.9999999999999991 5.0000000000000027
leaf_count=3 3 4 4 3 3 5 3 5 3 5
internal_value=1.02928e-12 6.62443e-05 4.04356e-05 1.45998e-05 -5.4606e-06 0.000163027 0.000125325 9.49967e-06 -4.0371e-06 5.72159e-06
internal_weight=41 38 30 23 19 8 7 16 11 8
internal_count=41 38 30 23 19 8 7 16 11 8
is_linear=0
shrinkage=0.05


Tree=168
num_leaves=12
num_cat=0
split_feature=49 10 83 21 76 35 38 14 19 35 36
split_gain=0.0008845 3.62803e-05 2.27774e-05 2.00608e-05 9.83116e-06 6.50743e-06 4.34897e-06 4.1736e-06 1.91309e-06 8.26575e-07 6.41938e-08
threshold=1.6637015459767368 -0.60895736155703284 0.29063875625630925 -1.1613846848418459 0.20150020092632473 -0.23636798757674085 0.42361119935729896 -0.070194583273307479 1.0000000180025095e-35 1.0000000180025095e-35 -1.0000000180025095e-35
decision_type=2 2 2 2 2 2 2 2 2 2 2
left_child=1 8 3 -3 5 -5 10 -4 -1 -7 -6
right_child=-2 2 7 4 6 9 -8 -9 -10 -11 -12
leaf_value=0.00019142644014209505 -0.00082652899424526065 0.00013655692261333252 7.4415336545522812e-05 -0.00010097931857065606 3.175243061074672e-07 7.7691884750189726e-06 7.1201659375219598e-05 0.00015243138186633588 0.00014092116151005028 -2.9347189896119132e-05 9.9930604847031757e-06
leaf_weight=3 2.9999999999999991 3.0000000000000027 3 3 3.0000000000000036 3.0000000000000053 4 3.9999999999999991 5 3 3.9999999999999947
leaf_count=3 3 3 3 3 3 3 4 4 5 3 4
internal_value=-1.40084e-12 6.52523e-05 4.00234e-05 1.59883e-05 -2.09703e-06 -4.08524e-05 2.9612e-05 0.000118996 0.000159861 -1.0789e-05 5.8464e-06
internal_weight=41 38 30 23 20 9 11 7 8 6 7
internal_count=41 38 30 23 20 9 11 7 8 6 7
is_linear=0
shrinkage=0.05


Tree=169
num_leaves=12
num_cat=0
split_feature=69 7 60 0 34 53 12 46 28 67 42
split_gain=0.000863292 3.72555e-05 1.81481e-05 2.16814e-05 7.35525e-06 7.13347e-06 4.30371e-06 3.82999e-06 2.53221e-06 8.45252e-07 8.03557e-08
threshold=-0.74818257057888882 -0.49017742945928588 0.83147456896626093 0.81783464012756568 0.98135195598132419 0.87828047446686108 -1.0000000180025095e-35 0.28861566823279222 0.55770104220558381 -1.0555545824178758 0.12786718868547098
decision_type=2 2 2 2 2 2 2 2 2 2 2
left_child=-1 6 3 5 -5 8 -2 -4 9 -3 -11
right_child=1 2 7 4 -6 -7 -8 -9 -10 10 -12
leaf_value=-0.00081656001663456355 0.00013645218762879565 -2.7584317043268431e-05 0.00014621660520788282 0.00012811654014512896 2.9086220820317966e-05 -7.8806937866223367e-05 0.00022114488529041411 7.1481047780252969e-05 4.6872681559761992e-05 -2.9326078220037683e-06 7.4182853131787834e-06
leaf_weight=2.9999999999999991 3 2.9999999999999991 3.9999999999999991 5 3 2.9999999999999991 2.9999999999999991 3 2.9999999999999991 3.0000000000000053 5
leaf_count=3 3 3 4 5 3 3 3 3 3 3 5
internal_value=-5.05768e-13 6.44653e-05 4.30278e-05 2.31032e-05 9.09802e-05 -8.83895e-06 0.000178799 0.000114187 6.15419e-06 -4.95085e-06 3.5367e-06
internal_weight=41 38 32 25 8 17 6 7 14 11 8
internal_count=41 38 32 25 8 17 6 7 14 11 8
is_linear=0
shrinkage=0.05


Tree=170
num_leaves=11
num_cat=0
split_feature=78 6 10 81 48 53 79 79 7 25
split_gain=0.000834612 4.33937e-05 1.94539e-05 1.24209e-05 1.57986e-05 6.25111e-06 5.04254e-06 1.87857e-06 1.44678e-06 3.68346e-07
threshold=-1.6093343878249822 -0.48774014351021105 -0.60895736155703284 0.2654013701299951 -1.0000000180025095e-35 0.66476490494561713 0.30434706145579377 0.78318565206396695 -0.19312432408456301 -0.15093332106607085
decision_type=2 2 2 2 2 2 2 2 2 2
left_child=-1 6 -3 5 7 8 -2 -5 -4 -10
right_child=1 2 3 4 -6 -7 -8 -9 9 -11
leaf_value=-0.00080288190317029753 0.00019277143059298401 0.00013599973754025997 -2.0923585816490233e-05 -5.4134219681145618e-06 0.0001350556849502027 -7.9923409430193715e-05 0.00011745302617782726 4.4634110236074765e-05 3.0285970327289152e-05 5.5087471385680304e-06
leaf_weight=2.9999999999999991 4.9999999999999982 3.9999999999999991 3.9999999999999991 5 3.9999999999999991 2.9999999999999991 4 3 2.9999999999999991 3.0000000000000071
leaf_count=3 5 4 4 5 4 3 4 3 3 3
internal_value=9.71607e-13 6.33854e-05 3.36199e-05 1.72391e-05 5.39215e-05 -1.66216e-05 0.000159297 1.33544e-05 2.36898e-06 1.78974e-05
internal_weight=41 38 29 25 12 13 9 8 10 6
internal_count=41 38 29 25 12 13 9 8 10 6
is_linear=0
shrinkage=0.05


Tree=171
num_leaves=12
num_cat=0
split_feature=24 6 60 21 73 53 16 3 22 36 32
split_gain=0.000803551 3.74804e-05 2.06928e-05 1.09869e-05 1.04562e-05 5.68022e-06 4.69807e-06 3.98387e-06 1.19899e-06 1.15869e-06 3.5458e-07
threshold=-1.6512441192927725 -0.48774014351021105 0.83147456896626093 -0.74372871717008715 -0.041768233278129542 0.87828047446686108 -0.60718949840488246 0.5725234240644087 1.0000000180025095e-35 -0.2324660938463031 -0.49773651131233448
decision_type=2 2 2 2 2 2 2 2 2 2 2
left_child=-1 6 3 4 -3 9 8 -4 -2 -5 -11
right_child=1 2 7 5 -6 -7 -8 -9 -10 10 -12
leaf_value=-0.00078780013524616752 0.00010343624744564293 0.00013441377862667038 0.00014207423082552851 -1.5500805675401344e-05 2.4021805681210604e-06 -7.2946376167237756e-05 0.00020242029956231522 6.5852137049660065e-05 0.00014813872209439672 2.8771671835177855e-05 7.0283203240251176e-06
leaf_weight=2.9999999999999991 3 3 3.9999999999999991 5.0000000000000027 3.0000000000000027 2.9999999999999991 2.9999999999999982 3 3 3.0000000000000027 4.9999999999999991
leaf_count=3 3 3 4 5 3 3 3 3 3 3 5
internal_value=1.80124e-12 6.21947e-05 3.45315e-05 1.07073e-05 6.8408e-05 -1.09304e-05 0.000151332 0.000109408 0.000125787 3.38097e-06 1.51821e-05
internal_weight=41 38 29 22 6 16 9 7 6 13 8
internal_count=41 38 29 22 6 16 9 7 6 13 8
is_linear=0
shrinkage=0.05


Tree=172
num_leaves=13
num_cat=0
split_feature=11 6 30 83 76 63 35 16 33 2 35 75
split_gain=0.000781136 3.20632e-05 1.83269e-05 1.57031e-05 8.99271e-06 6.51919e-06 5.30545e-06 4.24001e-06 3.93212e-06 1.14944e-06 6.23632e-07 1.30422e-07
threshold=-1.1974538801251808 -0.48774014351021105 1.7041442647576723 0.29063875625630925 0.20150020092632473 0.15296125387154624 -0.23636798757674085 -0.60718949840488246 -1.0000000180025095e-35 -0.61485306157833086 1.0000000180025095e-35 -1.0000000180025095e-35
decision_type=2 2 2 2 2 2 2 2 2 2 2 2
left_child=-1 7 3 4 6 11 -3 9 -5 -2 -8 -6
right_child=1 2 -4 8 5 -7 10 -9 -10 -11 -12 -13
leaf_value=-0.0007767345639877022 0.00014138269859055675 -9.0406457699524834e-05 0.0001527502356717984 5.2700299602292933e-05 2.7602959744399392e-06 9.4134014216251647e-05 7.1492573624709397e-06 0.00019229928342004624 0.0001336542113373677 9.7613521696378767e-05 -2.5090256046193334e-05 1.594724744791167e-05
leaf_weight=2.9999999999999991 3 3 2.9999999999999991 3 5.0000000000000027 3 3.0000000000000089 2.9999999999999982 2.9999999999999991 3 3 2.9999999999999956
leaf_count=3 3 3 3 3 5 3 3 3 3 3 3 3
internal_value=-1.1047e-12 6.13211e-05 3.57351e-05 2.22333e-05 9.50145e-07 3.12768e-05 -3.61158e-05 0.000143765 9.31773e-05 0.000119498 -8.9705e-06 7.7054e-06
internal_weight=41 38 29 26 20 11 9 9 6 6 6 8
internal_count=41 38 29 26 20 11 9 9 6 6 6 8
is_linear=0
shrinkage=0.05


Tree=173
num_leaves=12
num_cat=0
split_feature=66 6 22 29 53 71 12 4 18 12 3
split_gain=0.0007602 2.3464e-05 1.71525e-05 2.21479e-05 9.69241e-06 7.01661e-06 3.27793e-06 1.46246e-06 1.32185e-06 9.25155e-07 2.33265e-07
threshold=-0.86704174366281228 -0.48774014351021105 -0.30503181777029448 0.1809514937462057 1.0000000180025095e-35 0.15617600107783722 -0.12858355370482955 -0.97766708572837902 0.13953907075525215 0.49896907496584936 0.73564041780086586
decision_type=2 2 2 2 2 2 2 2 2 2 2
left_child=-1 6 5 4 8 -3 -2 -7 10 -5 -4
right_child=1 2 3 9 -6 7 -8 -9 -10 -11 -12
leaf_value=-0.00076625463552773001 0.00011354452581144867 -6.1153442766226327e-05 5.7049345438523793e-06 0.0001201210271877547 9.5556024007237284e-05 4.8250090670383833e-05 0.00018268431692073744 2.0682941340055547e-06 -2.5084980613125171e-05 0.000156852274085395 2.5422324930938575e-05
leaf_weight=2.9999999999999991 4 4.0000000000000018 3.0000000000000018 2.9999999999999991 3.9999999999999991 3 2.9999999999999991 4 3 4 3
leaf_count=3 4 4 3 3 4 3 3 4 3 4 3
internal_value=-1.57498e-12 6.04938e-05 4.18236e-05 6.94062e-05 3.07962e-05 -8.32639e-06 0.000143176 2.18605e-05 2.01409e-06 0.00014111 1.55636e-05
internal_weight=41 38 31 20 13 11 7 7 9 7 6
internal_count=41 38 31 20 13 11 7 7 9 7 6
is_linear=0
shrinkage=0.05


Tree=174
num_leaves=12
num_cat=0
split_feature=55 6 22 29 53 67 6 37 18 12 2
split_gain=0.000741209 2.69283e-05 1.54801e-05 1.99885e-05 8.7474e-06 6.47073e-06 2.76538e-06 1.992e-06 1.19297e-06 8.34952e-07 2.21002e-07
threshold=-1.3401506650763437 -0.48774014351021105 -0.30503181777029448 0.1809514937462057 1.0000000180025095e-35 0.39499991137619112 -0.50279862239329165 -0.087852392459645171 0.13953907075525215 0.49896907496584936 0.83005469575250879
decision_type=2 2 2 2 2 2 2 2 2 2 2
left_child=-1 6 5 4 8 7 -2 -3 10 -5 -4
right_child=1 2 3 9 -6 -7 -8 -9 -10 -11 -12
leaf_value=-0.0007566232971536617 0.00012109279050491749 4.7783813594530031e-05 5.1893998412803395e-06 0.00011411497447018822 9.0778222693188587e-05 -7.05331881060071e-05 0.00018459752124423784 -3.7525355583056778e-06 -2.3830731879570515e-05 0.00014900965907145287 2.4381497011442353e-05
leaf_weight=2.9999999999999991 4 2.9999999999999991 3.0000000000000018 2.9999999999999991 3.9999999999999991 2.9999999999999991 2.9999999999999991 5.0000000000000027 3 4 3
leaf_count=3 4 3 3 3 4 3 3 5 3 4 3
internal_value=-5.27951e-13 5.97334e-05 3.97325e-05 6.59358e-05 2.92564e-05 -7.91007e-06 0.000148309 1.55736e-05 1.91339e-06 0.000134055 1.47854e-05
internal_weight=41 38 31 20 13 11 7 8 9 7 6
internal_count=41 38 31 20 13 11 7 8 9 7 6
is_linear=0
shrinkage=0.05


Tree=175
num_leaves=13
num_cat=0
split_feature=36 6 21 83 0 70 46 35 32 23 77 29
split_gain=0.000709613 3.306e-05 1.51051e-05 1.6569e-05 6.21905e-06 5.14102e-06 3.91043e-06 3.33111e-06 6.45816e-07 8.29522e-08 6.66206e-08 7.88661e-09
threshold=1.4113210195067174 -0.48774014351021105 -1.1613846848418459 0.29063875625630925 0.90718378348810547 0.52779937724279347 0.11051740677291906 -0.29602898008706263 0.86987905957234979 -0.060945946183797096 0.17406983024350975 0.0568402524729602
decision_type=2 2 2 2 2 2 2 2 2 2 2 2
left_child=1 5 -3 4 6 9 8 -5 10 -1 11 -4
right_child=-2 2 3 7 -6 -7 -8 -9 -10 -11 -12 -13
leaf_value=0.00012131995754316445 -0.00074032120173797014 0.00013869844454651077 5.7913239288609221e-06 4.613989097682254e-05 6.2043267826084053e-05 0.0001956049585714936 -5.9219630384177438e-05 0.00011583826271817089 -2.2225331485969948e-05 0.00010956182377412918 -1.5214716161911683e-06 9.4168385354957217e-06
leaf_weight=3 2.9999999999999991 2.9999999999999991 3.0000000000000124 3 2.9999999999999991 3 3.9999999999999991 3.9999999999999991 2.9999999999999991 2.9999999999999982 3 3
leaf_count=3 3 3 3 3 3 3 4 4 3 3 3 3
internal_value=7.78616e-13 5.84464e-05 3.24656e-05 2.0208e-05 -4.01919e-06 0.000142162 -1.64059e-05 8.59675e-05 -2.13466e-06 0.000115441 4.56223e-06 7.60408e-06
internal_weight=41 38 29 26 19 9 16 7 12 6 9 6
internal_count=41 38 29 26 19 9 16 7 12 6 9 6
is_linear=0
shrinkage=0.05


Tree=176
num_leaves=12
num_cat=0
split_feature=87 6 60 70 7 9 79 6 53 35 24
split_gain=0.000689903 2.43351e-05 1.54655e-05 1.56835e-05 6.42839e-06 4.19024e-06 4.06429e-06 3.52787e-06 3.25389e-06 5.50298e-07 2.02945e-08
threshold=-1.1547895978152947 -0.48774014351021105 0.83147456896626093 -1.0276450609751477 1.0000000180025095e-35 -0.33009340362160799 1.0000000180025095e-35 0.37666235321814434 0.87828047446686108 1.0000000180025095e-35 -0.32869963333576996
decision_type=2 2 2 2 2 2 2 2 2 2 2
left_child=-1 6 3 -3 8 -4 -2 -6 9 10 -5
right_child=1 2 5 4 7 -7 -8 -9 -10 -11 -12
leaf_value=-0.00072996686988820636 0.00018582472112029793 0.00010992230018018734 5.933853584186483e-05 8.4278265906808153e-07 8.310717918599646e-05 0.0001375099760480225 0.00010883716167882083 6.4274681790266178e-06 -6.3248381290274366e-05 -1.9296538812341166e-05 6.2830199567542843e-06
leaf_weight=2.9999999999999991 2.9999999999999991 4.0000000000000027 3 3.0000000000000036 2.9999999999999991 3.9999999999999991 4 3 2.9999999999999991 4 4.0000000000000018
leaf_count=3 3 4 3 3 3 4 4 3 3 4 4
internal_value=-3.9929e-13 5.7629e-05 3.86154e-05 1.95426e-05 1.46665e-06 0.000104008 0.000141832 4.47673e-05 -1.70908e-05 -4.50234e-06 3.95149e-06
internal_weight=41 38 31 24 20 7 7 6 14 11 7
internal_count=41 38 31 24 20 7 7 6 14 11 7
is_linear=0
shrinkage=0.05


Tree=177
num_leaves=11
num_cat=0
split_feature=61 6 24 29 53 46 79 37 31 32
split_gain=0.000673078 3.07418e-05 1.5608e-05 1.10183e-05 7.61269e-06 6.72059e-06 3.13095e-06 2.90366e-06 4.08345e-07 2.10916e-07
threshold=-0.71348124950225811 -0.48774014351021105 0.30998131197583778 0.1809514937462057 1.0000000180025095e-35 -1.0000000180025095e-35 1.0000000180025095e-35 -0.087852392459645171 -0.90500894454278313 -0.74313586396029108
decision_type=2 2 2 2 2 2 2 2 2 2
left_child=-1 6 3 4 9 7 -2 -4 -9 -3
right_child=1 2 5 -5 -6 -7 -8 8 -10 -11
leaf_value=-0.00072101089560116334 0.00017062093538697815 1.9024487846763806e-05 4.997657451895066e-05 0.00012504745041951536 9.3023615045240154e-05 -7.6601031469181191e-05 0.00011127180187031625 2.7745601983042436e-06 -2.3313257649230454e-05 2.2548340348293973e-06
leaf_weight=2.9999999999999991 3.9999999999999982 2.9999999999999991 2.9999999999999991 4.9999999999999991 3.9999999999999991 2.9999999999999991 5 2.9999999999999991 3 5.0000000000000062
leaf_count=3 4 3 3 5 4 3 5 3 3 5
internal_value=-1.29548e-12 5.69219e-05 3.18686e-05 6.2687e-05 3.67035e-05 -1.17908e-05 0.000137649 9.81263e-06 -1.02693e-05 8.54345e-06
internal_weight=41 38 29 17 12 12 9 9 6 8
internal_count=41 38 29 17 12 12 9 9 6 8
is_linear=0
shrinkage=0.05


Tree=178
num_leaves=11
num_cat=0
split_feature=1 10 36 14 83 53 28 66 31 49
split_gain=0.000654302 2.57237e-05 2.07661e-05 1.6201e-05 8.89442e-06 3.085e-06 6.43457e-07 6.08292e-07 4.74671e-07 3.43764e-08
threshold=-0.87479638997235565 -0.60895736155703284 1.1352898281787425 1.5886387839805127 0.29063875625630925 0.87828047446686108 -1.0000000180025095e-35 0.16011499462980897 -1.0000000180025095e-35 0.59068691653090533
decision_type=2 2 2 2 2 2 2 2 2 2
left_child=-1 6 3 4 5 7 -2 9 -9 -3
right_child=1 2 -4 -5 -6 -7 -8 8 -10 -11
leaf_value=-0.00071088337572291496 0.0001174793598086883 4.0569951488578115e-06 0.00014093665813561529 0.00012784639062980813 6.3302796625066556e-05 -5.8365535854439571e-05 0.00014677002094686033 -2.3110012307370195e-06 -2.8621235590738554e-05 1.0827166261151431e-05
leaf_weight=2.9999999999999991 3.0000000000000009 5.0000000000000124 3.9999999999999991 2.9999999999999991 4.9999999999999991 2.9999999999999991 4.9999999999999991 4 2.9999999999999991 3
leaf_count=3 3 5 4 3 5 3 5 4 3 3
internal_value=-4.43656e-15 5.61224e-05 3.48787e-05 1.85621e-05 4.30766e-06 -1.20799e-05 0.000135786 -2.82275e-06 -1.35868e-05 6.59581e-06
internal_weight=41 38 30 26 23 18 8 15 7 8
internal_count=41 38 30 26 23 18 8 15 7 8
is_linear=0
shrinkage=0.05


Tree=179
num_leaves=12
num_cat=0
split_feature=49 10 70 37 47 53 17 29 28 67 17
split_gain=0.000628425 2.21933e-05 1.49328e-05 1.37022e-05 1.16376e-05 3.4656e-06 2.06549e-06 9.862e-07 5.8072e-07 4.70428e-07 3.74698e-08
threshold=1.6637015459767368 -0.60895736155703284 -1.0276450609751477 1.0000000180025095e-35 0.26790534700367247 0.26087094406271599 -0.18619640579903343 0.10420437847348581 1.0000000180025095e-35 -0.40247357034766779 0.45256522391477055
decision_type=2 2 2 2 2 2 2 2 2 2 2
left_child=1 8 -3 4 7 9 -6 -4 -1 -5 -11
right_child=-2 2 3 5 6 -7 -8 -9 -10 10 -12
leaf_value=0.00011160539191526669 -0.00069668430272334567 0.00012520586024038484 -6.8017613557458349e-06 -1.84258144145133e-05 7.7103223156882428e-05 -6.4313304513537642e-05 0.00013198653080811101 3.1121946570541082e-05 0.00013943152036517857 9.7748732514446608e-06 1.8723648584758238e-06
leaf_weight=3 2.9999999999999991 4.0000000000000027 4.0000000000000018 2.9999999999999991 4 2.9999999999999991 3 3 5 2.9999999999999991 3
leaf_count=3 3 4 4 3 4 3 3 3 5 3 3
internal_value=-1.2866e-12 5.50014e-05 3.52693e-05 2.14329e-05 5.50379e-05 -1.7773e-05 0.000100625 9.45126e-06 0.000128997 -2.25953e-06 5.82362e-06
internal_weight=41 38 30 26 14 12 7 7 8 9 6
internal_count=41 38 30 26 14 12 7 7 8 9 6
is_linear=0
shrinkage=0.05


Tree=180
num_leaves=13
num_cat=0
split_feature=59 6 60 70 76 53 0 16 23 11 42 78
split_gain=0.00061306 2.88901e-05 1.44589e-05 8.36302e-06 4.30182e-06 2.82293e-06 2.71491e-06 2.54283e-06 5.95936e-07 4.44383e-07 8.31221e-08 1.6595e-08
threshold=0.29141876784438431 -0.48774014351021105 0.83147456896626093 -1.0276450609751477 0.62475254766422983 0.66476490494561713 0.4704289632436664 -0.60718949840488246 -0.060945946183797096 0.22539959053665082 0.12786718868547098 -0.29369401972508308
decision_type=2 2 2 2 2 2 2 2 2 2 2 2
left_child=1 7 3 -3 5 9 -4 8 -1 10 -5 -12
right_child=-2 2 6 4 -6 -7 -8 -9 -10 -11 11 -13
leaf_value=0.00012954802950844164 -0.00068811476618672418 8.9852560389165972e-05 0.00013279507402330637 -3.4546455178011993e-06 4.0492889420420402e-05 -5.6441182217289079e-05 6.552802612228939e-05 0.00017016880058993902 9.8032527603209005e-05 -1.8879819981520997e-05 4.1090601977581746e-06 9.3681782648976307e-06
leaf_weight=3 2.9999999999999991 3.0000000000000027 2.9999999999999991 3.0000000000000053 4.9999999999999991 2.9999999999999991 3 2.9999999999999982 3 2.9999999999999991 3.0000000000000018 2.9999999999999982
leaf_count=3 3 3 3 3 5 3 3 3 3 3 3 3
internal_value=-5.97826e-13 5.43248e-05 3.00378e-05 1.20055e-05 3.28461e-07 -1.30597e-05 9.91616e-05 0.000132583 0.00011379 -2.21431e-06 3.34086e-06 6.73862e-06
internal_weight=41 38 29 23 20 15 6 9 6 12 9 6
internal_count=41 38 29 23 20 15 6 9 6 12 9 6
is_linear=0
shrinkage=0.05


Tree=181
num_leaves=12
num_cat=0
split_feature=80 6 10 14 80 33 5 16 76 48 36
split_gain=0.000593732 2.13003e-05 1.56386e-05 1.11375e-05 6.2385e-06 4.45395e-06 3.37731e-06 2.44802e-06 2.32732e-06 4.80559e-07 2.36996e-08
threshold=-0.9077348392975686 -0.48774014351021105 -0.60895736155703284 1.5886387839805127 -0.69711095914364707 0.55724696650925043 -0.48654131161114339 -0.60718949840488246 -0.2662770962771559 -1.0000000180025095e-35 -0.17652375554993327
decision_type=2 2 2 2 2 2 2 2 2 2 2
left_child=-1 7 -3 4 5 -4 -6 -2 -8 10 -10
right_child=1 2 3 -5 6 -7 8 -9 9 -11 -12
leaf_value=-0.00067718069961604976 0.00010452866321429608 0.00012616801832336923 9.5063669141381757e-05 0.00011058208377410969 4.0825043470249396e-05 8.9053727909534517e-06 -4.9867696361616145e-05 0.00016166035784408452 -9.2505018377171929e-07 -2.1484139142558132e-05 4.9538908569957118e-06
leaf_weight=2.9999999999999991 5.0000000000000009 4.0000000000000027 3.0000000000000062 2.9999999999999991 3.000000000000008 3 4.000000000000008 2.9999999999999991 3.0000000000000062 2.9999999999999778 4
leaf_count=3 5 4 3 3 3 3 4 3 3 3 4
internal_value=1.9898e-12 5.34616e-05 3.41306e-05 1.9971e-05 8.15215e-06 5.19845e-05 -7.3181e-06 0.000125953 -1.76345e-05 -4.7412e-06 2.43434e-06
internal_weight=41 38 30 26 23 6 17 8 14 10 7
internal_count=41 38 30 26 23 6 17 8 14 10 7
is_linear=0
shrinkage=0.05


Tree=182
num_leaves=12
num_cat=0
split_feature=19 6 10 81 83 21 53 24 80 26 10
split_gain=0.000578131 2.12724e-05 1.32357e-05 1.08294e-05 7.92439e-06 9.0976e-06 2.83791e-06 2.47215e-06 8.09357e-07 2.0113e-07 1.72909e-07
threshold=-1.410243707062665 -0.48774014351021105 -0.60895736155703284 0.2654013701299951 -1.0000000180025095e-35 -1.1613846848418459 0.66476490494561713 -1.0000000180025095e-35 -0.55238300964591514 -1.0000000180025095e-35 0.53138604960455693
decision_type=2 2 2 2 2 2 2 2 2 2 2
left_child=-1 7 -3 6 5 -5 8 -2 -4 -10 -7
right_child=1 2 3 4 -6 10 -8 -9 9 -11 -12
leaf_value=-0.00066822439936610565 0.00010574762272881342 0.00011985961464233686 2.4065424198245941e-05 0.00010197394294664262 0.00011239492159802471 4.7098859340621845e-06 -5.311034377276277e-05 0.00016579108002285164 -1.6761723478945593e-05 3.6470136137722834e-07 -1.1169638946739723e-05
leaf_weight=2.9999999999999991 4 4.0000000000000027 2.9999999999999991 3 3.9999999999999973 4 2.9999999999999991 2.9999999999999991 2.9999999999999991 4.0000000000000036 3
leaf_count=3 4 4 3 3 4 4 3 3 3 4 3
internal_value=2.40683e-13 5.27546e-05 3.49777e-05 2.24026e-05 5.29166e-05 2.91252e-05 -1.04585e-05 0.000131481 2.33699e-06 -6.97519e-06 -2.09562e-06
internal_weight=41 38 31 27 14 10 13 7 10 7 7
internal_count=41 38 31 27 14 10 13 7 10 7 7
is_linear=0
shrinkage=0.05


Tree=183
num_leaves=12
num_cat=0
split_feature=55 6 10 81 83 21 53 79 32 26 10
split_gain=0.000565157 2.41228e-05 1.19452e-05 9.77355e-06 7.15176e-06 8.21058e-06 2.56122e-06 2.09678e-06 7.41328e-07 1.78965e-07 1.56051e-07
threshold=-1.3401506650763437 -0.48774014351021105 -0.60895736155703284 0.2654013701299951 -1.0000000180025095e-35 -1.1613846848418459 0.66476490494561713 1.0000000180025095e-35 -0.32609537928750049 -1.0000000180025095e-35 0.53138604960455693
decision_type=2 2 2 2 2 2 2 2 2 2 2
left_child=-1 7 -3 6 5 -5 8 -2 -4 -10 -7
right_child=1 2 3 4 -6 10 -8 -9 9 -11 -12
leaf_value=-0.00066068418479214115 0.00016759256444250545 0.00011386663682060306 2.3015369879431092e-05 9.6875242888927433e-05 0.00010677518002921721 4.4743916532752332e-06 -5.0454823212930937e-05 0.00011229521478526292 -1.5923637693049387e-05 2.3155255348683544e-07 -1.0611156949380527e-05
leaf_weight=2.9999999999999991 2.9999999999999991 4.0000000000000027 2.9999999999999991 3 3.9999999999999973 4 2.9999999999999991 4 2.9999999999999991 4.0000000000000036 3
leaf_count=3 3 4 3 3 4 4 3 4 3 4 3
internal_value=6.59938e-13 5.21593e-05 3.32288e-05 2.12825e-05 5.02708e-05 2.7669e-05 -9.93562e-06 0.000135994 2.22014e-06 -6.6921e-06 -1.99084e-06
internal_weight=41 38 31 27 14 10 13 7 10 7 7
internal_count=41 38 31 27 14 10 13 7 10 7 7
is_linear=0
shrinkage=0.05


Tree=184
num_leaves=11
num_cat=0
split_feature=11 6 10 83 81 67 79 17 32 68
split_gain=0.000545487 2.81421e-05 1.21473e-05 8.77907e-06 6.17142e-06 3.00461e-06 2.51573e-06 1.38778e-06 4.58525e-07 6.51094e-09
threshold=-1.1974538801251808 -0.48774014351021105 -0.60895736155703284 1.0000000180025095e-35 -1.0000000180025095e-35 0.96044845770644816 1.0000000180025095e-35 0.72445606065423152 0.86987905957234979 1.0000000180025095e-35
decision_type=2 2 2 2 2 2 2 2 2 2
left_child=-1 6 -3 5 -5 7 -2 8 9 -4
right_child=1 2 3 4 -6 -7 -8 -9 -10 -11
leaf_value=-0.0006490846009304126 0.00015803737042006111 0.00010817330476129428 1.9088054570737211e-06 1.3605455296783471e-05 0.00010143641993636266 -5.1405895055722796e-05 0.00010483774822205304 3.3877872556331572e-05 -1.7991740946854403e-05 4.9902198952622701e-06
leaf_weight=2.9999999999999991 3.9999999999999982 3.9999999999999991 4.0000000000000089 4.0000000000000009 3.9999999999999991 2.9999999999999991 5 2.9999999999999991 4 3
leaf_count=3 4 4 4 4 4 3 5 3 4 3
internal_value=-2.3889e-13 5.12435e-05 2.7273e-05 1.43289e-05 5.75209e-05 -5.99677e-06 0.000128482 3.73375e-06 -4.48737e-06 3.22941e-06
internal_weight=41 38 29 25 8 17 9 14 11 7
internal_count=41 38 29 25 8 17 9 14 11 7
is_linear=0
shrinkage=0.05


Tree=185
num_leaves=11
num_cat=0
split_feature=36 6 48 83 73 67 79 82 32 80
split_gain=0.000521348 2.44277e-05 1.02828e-05 6.73312e-06 6.33836e-06 2.92508e-06 2.27045e-06 1.1217e-06 2.18137e-07 2.2522e-08
threshold=1.4113210195067174 -0.48774014351021105 0.6367027695404639 0.29063875625630925 -0.2562186201010494 0.96044845770644816 1.0000000180025095e-35 0.9994517921295567 0.77221827085690042 -0.69711095914364707
decision_type=2 2 2 2 2 2 2 2 2 2
left_child=1 6 3 5 -4 7 -1 8 9 -3
right_child=-2 2 4 -5 -6 -7 -8 -9 -10 -11
leaf_value=0.00015013550582807517 -0.00063456060597673065 6.7756619804034239e-06 2.5607871793908996e-05 6.1973971969564443e-05 0.00012175070005469025 -4.8835599469991092e-05 9.959586197510361e-05 3.2670080569611554e-05 -1.1136203812611709e-05 1.0446384010265301e-06
leaf_weight=3.9999999999999982 2.9999999999999991 3.0000000000000027 3 4.9999999999999991 3.9999999999999991 2.9999999999999991 5 2.9999999999999991 4 4.0000000000000062
leaf_count=4 3 3 3 5 4 3 5 3 4 4
internal_value=-1.01708e-12 5.00969e-05 2.77642e-05 1.09697e-05 8.05466e-05 -4.03152e-06 0.000122058 5.56935e-06 -1.82175e-06 3.50079e-06
internal_weight=41 38 29 22 7 17 9 14 11 7
internal_count=41 38 29 22 7 17 9 14 11 7
is_linear=0
shrinkage=0.05


Tree=186
num_leaves=12
num_cat=0
split_feature=61 6 36 70 47 24 82 79 26 72 18
split_gain=0.000508642 2.08435e-05 1.34202e-05 1.01627e-05 4.69198e-06 5.39337e-06 2.09151e-06 2.04908e-06 3.42306e-07 6.04793e-08 1.52383e-08
threshold=-0.71348124950225811 -0.48774014351021105 1.1352898281787425 -1.0276450609751477 0.36773009643994053 0.30998131197583778 0.9994517921295567 1.0000000180025095e-35 -0.86504808548116963 1.0000000180025095e-35 -1.0000000180025095e-35
decision_type=2 2 2 2 2 2 2 2 2 2 2
left_child=-1 7 3 -3 6 -6 8 -2 -5 -10 -11
right_child=1 2 -4 4 5 -7 -8 -9 9 10 -12
leaf_value=-0.00062678014510311188 0.00014262873155530546 9.0610550978453754e-05 0.00012898625185092289 -1.6298779553380844e-05 8.9082149012635156e-05 -5.7279515507010111e-06 -4.7801347257821665e-05 9.4616068527102453e-05 7.7205259913171122e-06 2.3030980931556116e-06 -2.7364576055788388e-06
leaf_weight=2.9999999999999991 3.9999999999999982 4.0000000000000027 2.9999999999999991 3.0000000000000062 2.9999999999999991 3 2.9999999999999991 5 4.0000000000000018 3.0000000000000053 2.9999999999999947
leaf_count=3 4 4 3 3 3 3 3 5 4 3 3
internal_value=7.41321e-13 4.94826e-05 2.88533e-05 1.72995e-05 3.97019e-06 4.16771e-05 -1.01699e-05 0.000115955 -1.48572e-06 2.9582e-06 -2.1668e-07
internal_weight=41 38 29 26 22 6 16 9 13 10 6
internal_count=41 38 29 26 22 6 16 9 13 10 6
is_linear=0
shrinkage=0.05


Tree=187
num_leaves=11
num_cat=0
split_feature=1 65 64 83 30 24 89 2 42 11
split_gain=0.000494212 1.69099e-05 1.41149e-05 1.1443e-05 3.71566e-06 2.44112e-06 2.02154e-06 5.10923e-07 2.48168e-07 6.52846e-08
threshold=-0.87479638997235565 -0.21367617151678323 1.0000000180025095e-35 0.29063875625630925 -0.10877441746686083 -1.0000000180025095e-35 1.0000000180025095e-35 0.77228694941171161 0.12786718868547098 0.47162126146546213
decision_type=2 2 2 2 2 2 2 2 2 2
left_child=-1 6 3 4 8 -5 -2 9 -3 -4
right_child=1 2 7 5 -6 -7 -8 -9 -10 -11
leaf_value=-0.0006178256803347419 -4.8262382915709157e-05 -1.1033249313641134e-05 0.00013202767974386615 7.0173601125134147e-05 5.200783854888863e-05 0.00012983900378458202 3.6547293586863812e-06 0.00010154054034501313 5.6757015772745935e-06 0.00012159659139191109
leaf_weight=2.9999999999999991 3 4 2.9999999999999982 4 5.0000000000000044 2.9999999999999991 5 3 5 3
leaf_count=3 3 4 3 4 5 3 5 3 5 3
internal_value=2.61341e-13 4.87757e-05 6.59997e-05 4.35474e-05 1.74489e-05 9.57445e-05 -1.58142e-05 0.000118388 -1.7505e-06 0.000126812
internal_weight=41 38 30 21 14 7 8 9 9 6
internal_count=41 38 30 21 14 7 8 9 9 6
is_linear=0
shrinkage=0.05


Tree=188
num_leaves=13
num_cat=0
split_feature=24 6 60 21 73 7 53 79 75 16 11 49
split_gain=0.000479284 1.96909e-05 1.5716e-05 4.85387e-06 4.76866e-06 3.08764e-06 2.34631e-06 1.5699e-06 3.81602e-07 2.98315e-07 1.69971e-07 9.0593e-09
threshold=-1.6512441192927725 -0.48774014351021105 0.83147456896626093 -0.74372871717008715 -0.041768233278129542 -0.3244563402974518 0.87828047446686108 0.53847027845425133 0.066343133931716536 -0.60718949840488246 0.22539959053665082 1.0000000180025095e-35
decision_type=2 2 2 2 2 2 2 2 2 2 2 2
left_child=-1 7 3 4 -3 -4 8 9 10 -2 11 -5
right_child=1 2 5 6 -6 -7 -8 -9 -10 -11 -12 -13
leaf_value=-0.00060842343955300757 0.00011625910022606449 9.0147104735175749e-05 5.4891584053014699e-05 -7.5909672811273135e-07 9.9686139947152586e-07 0.00012199459888506681 -4.7019763345209259e-05 8.3109243617703491e-05 1.4885821747157026e-05 0.00013855688739567999 -1.3392361021639467e-05 3.1266252941956425e-06
leaf_weight=2.9999999999999991 3 3 3 3.0000000000000053 3.0000000000000027 3.9999999999999991 2.9999999999999991 3 3.9999999999999991 2.9999999999999982 3 3
leaf_count=3 3 3 3 3 3 4 3 3 4 3 3 3
internal_value=-1.93295e-12 4.80334e-05 2.79826e-05 7.22006e-06 4.5572e-05 9.32362e-05 -7.16191e-06 0.000112642 2.03606e-06 0.000127408 -3.67494e-06 1.18376e-06
internal_weight=41 38 29 22 6 7 16 9 13 6 9 6
internal_count=41 38 29 22 6 7 16 9 13 6 9 6
is_linear=0
shrinkage=0.05


Tree=189
num_leaves=12
num_cat=0
split_feature=19 6 30 22 29 53 35 27 18 12 30
split_gain=0.000460219 1.38156e-05 1.22589e-05 8.01505e-06 8.39604e-06 4.83933e-06 1.95913e-06 1.03241e-06 4.93159e-07 1.57827e-07 8.50216e-08
threshold=-1.410243707062665 -0.48774014351021105 1.7041442647576723 -0.30503181777029448 0.1809514937462057 1.0000000180025095e-35 -0.23636798757674085 0.11683106831262474 0.13953907075525215 -0.23056763232619609 0.23196065767146562
decision_type=2 2 2 2 2 2 2 2 2 2 2
left_child=-1 7 3 6 5 8 -3 -2 9 -5 -8
right_child=1 2 -4 4 -6 -7 10 -9 -10 -11 -12
leaf_value=-0.00059619957852798209 0.00012714255135506391 -4.7246073457548232e-05 0.00012880013479540746 1.7259321005743287e-05 9.7452150657773029e-05 6.6971086016565093e-05 5.8200148487230729e-06 8.8340556249022468e-05 -1.567840190546121e-05 1.0406600703542292e-06 -5.3150587215592762e-06
leaf_weight=2.9999999999999991 3.9999999999999991 3 2.9999999999999991 3.0000000000000027 4.9999999999999991 3.9999999999999991 4.0000000000000018 3 3 3.0000000000000027 3
leaf_count=3 4 3 3 3 5 4 4 3 3 3 3
internal_value=9.92542e-13 4.70684e-05 3.27422e-05 2.24502e-05 4.23894e-05 2.12115e-05 -1.34403e-05 0.000110513 8.7386e-07 9.14999e-06 1.04784e-06
internal_weight=41 38 31 28 18 13 10 7 9 6 7
internal_count=41 38 31 28 18 13 10 7 9 6 7
is_linear=0
shrinkage=0.05


Tree=190
num_leaves=12
num_cat=0
split_feature=55 6 30 22 29 53 35 31 18 12 71
split_gain=0.000449342 1.5972e-05 1.10637e-05 7.23358e-06 7.57742e-06 4.3675e-06 1.76812e-06 7.93135e-07 4.45076e-07 1.42439e-07 7.6732e-08
threshold=-1.3401506650763437 -0.48774014351021105 1.7041442647576723 -0.30503181777029448 0.1809514937462057 1.0000000180025095e-35 -0.23636798757674085 -0.22559576834473472 0.13953907075525215 -0.23056763232619609 0.17103767927441871
decision_type=2 2 2 2 2 2 2 2 2 2 2
left_child=-1 7 3 6 5 8 -3 -2 9 -5 -8
right_child=1 2 -4 4 -6 -7 10 -9 -10 -11 -12
leaf_value=-0.00058911154240680243 0.00010014988220063968 -4.4883767501839112e-05 0.00012236012844368815 1.6396354961519423e-05 9.2579544289037583e-05 6.3622534253227062e-05 -5.0493058248927465e-06 0.00013415951980277896 -1.4894481622225911e-05 9.8862709213183937e-07 5.5290138334385111e-06
leaf_weight=2.9999999999999991 4 3 2.9999999999999991 3.0000000000000027 4.9999999999999991 3.9999999999999991 3.0000000000000018 2.9999999999999991 3 3.0000000000000027 4
leaf_count=3 4 3 3 3 5 4 3 3 3 3 4
internal_value=1.01043e-12 4.65088e-05 3.11051e-05 2.13277e-05 4.027e-05 2.01509e-05 -1.27683e-05 0.000114725 8.30167e-07 8.69249e-06 9.95448e-07
internal_weight=41 38 31 28 18 13 10 7 9 6 7
internal_count=41 38 31 28 18 13 10 7 9 6 7
is_linear=0
shrinkage=0.05


Tree=191
num_leaves=12
num_cat=0
split_feature=80 6 30 14 2 9 46 79 11 54 30
split_gain=0.000439176 1.81719e-05 1.03529e-05 6.72384e-06 7.29893e-06 4.46135e-06 1.72186e-06 1.26034e-06 7.15118e-07 1.67873e-07 1.98846e-08
threshold=-0.9077348392975686 -0.48774014351021105 1.7041442647576723 1.5886387839805127 0.77228694941171161 -0.33009340362160799 0.11051740677291906 1.0000000180025095e-35 -0.13103451500160451 -0.3927994502840329 0.23196065767146562
decision_type=2 2 2 2 2 2 2 2 2 2 2
left_child=-1 7 3 4 6 8 9 -2 -6 -3 -11
right_child=1 2 -4 -5 5 -7 -8 -9 -10 10 -12
leaf_value=-0.00058240980530778572 0.00013855721723909177 -9.802061367736307e-06 0.00011624212299163144 8.8907335884869107e-05 2.9553803869930554e-06 9.4894327533741817e-05 -3.9938765257829804e-05 9.7563823219388708e-05 3.7478763745942455e-05 5.3461658353626169e-06 -3.8846640867025891e-08
leaf_weight=2.9999999999999991 3 4.0000000000000027 2.9999999999999991 2.9999999999999991 3 2.9999999999999982 3.9999999999999991 5 3 4.0000000000000062 3
leaf_count=3 3 4 3 3 3 3 4 5 3 4 3
internal_value=-9.64952e-13 4.59797e-05 2.81246e-05 1.83338e-05 9.51209e-06 4.51095e-05 -1.18463e-05 0.000112936 2.02171e-05 -1.63092e-06 3.0383e-06
internal_weight=41 38 30 27 24 9 15 8 6 11 7
internal_count=41 38 30 27 24 9 15 8 6 11 7
is_linear=0
shrinkage=0.05


Tree=192
num_leaves=11
num_cat=0
split_feature=49 6 30 22 29 53 67 37 18 30
split_gain=0.000426859 1.51396e-05 8.83399e-06 6.39039e-06 7.66947e-06 3.86177e-06 1.55849e-06 1.00981e-06 1.75677e-07 7.13083e-08
threshold=1.6637015459767368 -0.48774014351021105 1.7041442647576723 -0.30503181777029448 0.1809514937462057 1.0000000180025095e-35 0.39499991137619112 0.078114529241648439 0.13953907075525215 0.23196065767146562
decision_type=2 2 2 2 2 2 2 2 2 2
left_child=1 7 3 6 5 8 9 -1 -5 -3
right_child=-2 2 -4 4 -6 -7 -8 -9 -10 -11
leaf_value=9.268563473597168e-05 -0.00057418422560052322 5.5654315929132247e-06 0.00011043001625997325 2.6496562031752514e-06 9.0672787046059973e-05 5.7080232727457771e-05 -4.1878641544220337e-05 0.0001293791419205566 -1.2655097574073197e-05 -4.6321780246216792e-06
leaf_weight=5 2.9999999999999991 4.0000000000000018 2.9999999999999991 5.0000000000000053 4.9999999999999991 3.9999999999999991 3 3 3 3
leaf_count=5 3 4 3 5 5 4 3 3 3 3
internal_value=2.28095e-12 4.53303e-05 2.90329e-05 1.99888e-05 3.86452e-05 1.6967e-05 -1.17271e-05 0.000106446 -3.08963e-06 1.19503e-06
internal_weight=41 38 30 27 17 12 10 8 8 7
internal_count=41 38 30 27 17 12 10 8 8 7
is_linear=0
shrinkage=0.05


Tree=193
num_leaves=11
num_cat=0
split_feature=78 6 0 60 82 79 53 54 21 0
split_gain=0.000415501 1.89448e-05 8.44074e-06 8.01347e-06 3.67497e-06 1.80799e-06 1.36329e-06 1.49043e-07 1.67472e-08 3.1189e-09
threshold=-1.6093343878249822 -0.48774014351021105 0.81783464012756568 0.83147456896626093 -1.0000000180025095e-35 1.0000000180025095e-35 0.87828047446686108 -0.27836574625832622 1.0000000180025095e-35 0.61531171326305711
decision_type=2 2 2 2 2 2 2 2 2 2
left_child=-1 5 3 6 -4 -2 7 -3 9 -9
right_child=1 2 4 -5 -6 -7 -8 8 -10 -11
leaf_value=-0.00056649387697689242 0.00013315115938894453 -9.878938271867803e-06 2.5010503789720423e-05 6.3658252765890215e-05 9.5010243821889165e-05 8.8051350321620685e-05 -3.9241544194131468e-05 -9.4436059801712978e-07 4.7709787395433511e-06 1.3355865424576522e-06
leaf_weight=2.9999999999999991 3.9999999999999982 4.0000000000000027 3.0000000000000009 4.9999999999999991 4.9999999999999991 5 2.9999999999999991 3.0000000000000053 3 3
leaf_count=3 4 4 3 5 5 5 3 3 3 3
internal_value=-4.65284e-13 4.47232e-05 2.50559e-05 8.40655e-06 6.87603e-05 0.000108096 -8.85961e-06 -1.8484e-06 1.72073e-06 1.95613e-07
internal_weight=41 38 29 21 8 9 16 13 9 6
internal_count=41 38 29 21 8 9 16 13 9 6
is_linear=0
shrinkage=0.05


Tree=194
num_leaves=12
num_cat=0
split_feature=69 6 30 22 29 53 35 79 9 18 71
split_gain=0.000405394 1.48861e-05 9.02081e-06 6.02655e-06 5.97792e-06 4.16619e-06 1.39418e-06 1.01159e-06 4.19693e-07 1.719e-07 7.2519e-08
threshold=-0.74818257057888882 -0.48774014351021105 1.7041442647576723 -0.30503181777029448 0.15364598432043311 1.0000000180025095e-35 -0.23636798757674085 0.30434706145579377 -0.33009340362160799 0.13953907075525215 0.17103767927441871
decision_type=2 2 2 2 2 2 2 2 2 2 2
left_child=-1 7 3 6 5 9 -3 -2 -6 -5 -8
right_child=1 2 -4 4 8 -7 10 -9 -10 -11 -12
leaf_value=-0.00055956141635154686 0.00012649360578507186 -3.9163138353615061e-05 0.00011170560804506143 2.2364443248079595e-06 6.5291886373112585e-05 5.9055626115878114e-05 -4.2996966840291819e-06 8.8084760742882865e-05 9.1739714844152334e-05 -1.2902925512510891e-05 5.9841187976417125e-06
leaf_weight=2.9999999999999991 3.9999999999999991 3 2.9999999999999991 5.0000000000000053 3 3.9999999999999991 3.0000000000000018 3 2.9999999999999991 3 4
leaf_count=3 4 3 3 5 3 4 3 3 3 3 4
internal_value=9.09495e-14 4.41759e-05 2.9305e-05 2.04764e-05 3.77662e-05 1.73913e-05 -1.06452e-05 0.000110033 7.85158e-05 -3.44082e-06 1.57677e-06
internal_weight=41 38 31 28 18 12 10 7 6 8 7
internal_count=41 38 31 28 18 12 10 7 6 8 7
is_linear=0
shrinkage=0.05


Tree=195
num_leaves=12
num_cat=0
split_feature=11 6 30 83 76 63 35 9 79 35 17
split_gain=0.000390045 1.77246e-05 8.95864e-06 6.44161e-06 2.79335e-06 2.70555e-06 1.33562e-06 1.31631e-06 1.14669e-06 1.60331e-07 1.83118e-08
threshold=-1.1974538801251808 -0.48774014351021105 1.7041442647576723 0.29063875625630925 0.20150020092632473 0.15296125387154624 -0.23636798757674085 -0.33009340362160799 0.30434706145579377 1.0000000180025095e-35 -1.0000000180025095e-35
decision_type=2 2 2 2 2 2 2 2 2 2 2
left_child=-1 8 3 4 6 10 -3 -5 -2 -8 -6
right_child=1 2 -4 7 5 -7 9 -9 -10 -11 -12
leaf_value=-0.00054886619327589872 0.00012059230590239169 -4.6661232772748904e-05 0.00010612032686670621 3.6887101055071972e-05 5.6174378642026521e-07 5.8632554525199024e-05 2.3719541635121688e-06 8.3725581256051865e-05 8.4675379912368937e-05 -1.3974877462411918e-05 5.3460735216504014e-06
leaf_weight=2.9999999999999991 4.9999999999999982 3 2.9999999999999991 3 4.0000000000000027 3 3.0000000000000089 2.9999999999999991 4 3 3.9999999999999956
leaf_count=3 5 3 3 3 4 3 3 3 4 3 4
internal_value=-9.39996e-13 4.33315e-05 2.43081e-05 1.48683e-05 1.23682e-06 1.8139e-05 -1.94214e-05 6.03063e-05 0.000104629 -5.80146e-06 2.95391e-06
internal_weight=41 38 29 26 20 11 9 6 9 6 8
internal_count=41 38 29 26 20 11 9 6 9 6 8
is_linear=0
shrinkage=0.05


Tree=196
num_leaves=12
num_cat=0
split_feature=61 6 36 70 24 47 46 16 31 2 86
split_gain=0.000376308 1.52383e-05 8.09394e-06 8.7181e-06 2.85449e-06 4.3273e-06 1.47732e-06 1.03842e-06 1.95516e-07 1.51367e-07 2.74749e-08
threshold=-0.71348124950225811 -0.48774014351021105 1.1352898281787425 -1.0276450609751477 0.30998131197583778 0.36773009643994053 -1.0000000180025095e-35 -0.60718949840488246 -0.90500894454278313 -0.61485306157833086 1.0000000180025095e-35
decision_type=2 2 2 2 2 2 2 2 2 2 2
left_child=-1 7 3 -3 5 10 8 9 -6 -2 -5
right_child=1 2 -4 4 6 -7 -8 -9 -10 -11 -12
leaf_value=-0.00053911451250314717 9.533000993542371e-05 8.3851061936002152e-05 0.00010268662784559031 1.4092036508372968e-07 2.8697214111161876e-06 7.2826256897921363e-05 -4.4328169315122069e-05 0.00012341653540109599 -1.3276133783316861e-05 7.9446753564601125e-05 6.1934613768244152e-06
leaf_weight=2.9999999999999991 3 4.0000000000000027 2.9999999999999991 5.0000000000000053 5.0000000000000009 2.9999999999999991 2.9999999999999991 2.9999999999999982 2.9999999999999991 3 3
leaf_count=3 3 4 3 5 5 3 3 3 3 3 3
internal_value=-1.34428e-12 4.25617e-05 2.49229e-05 1.59501e-05 3.60452e-06 2.16149e-05 -1.44058e-05 9.93978e-05 -3.18497e-06 8.73884e-05 2.41062e-06
internal_weight=41 38 29 26 22 11 11 9 8 6 8
internal_count=41 38 29 26 22 11 11 9 8 6 8
is_linear=0
shrinkage=0.05


Tree=197
num_leaves=12
num_cat=0
split_feature=59 6 60 0 34 19 41 79 53 85 3
split_gain=0.000366061 1.2977e-05 9.41062e-06 5.11624e-06 2.15386e-06 2.09786e-06 1.46497e-06 9.49484e-07 9.40818e-07 1.56213e-07 8.71465e-09
threshold=0.29141876784438431 -0.48774014351021105 0.83147456896626093 0.81783464012756568 0.98135195598132419 0.45456369357610421 1.3095641668621947 0.30434706145579377 0.66476490494561713 -0.24213551593892299 1.0000000180025095e-35
decision_type=2 2 2 2 2 2 2 2 2 2 2
left_child=1 7 3 6 -5 -4 8 -1 9 10 -3
right_child=-2 2 5 4 -6 -7 -8 -9 -10 -11 -12
leaf_value=0.00010895359213463963 -0.00053172373057653504 -1.3639122850387733e-06 0.00011103191257764896 8.080488187260926e-05 2.0890270631449913e-05 5.1901223196182392e-05 2.8850808909434519e-05 7.6270730642136176e-05 -3.4470799922322236e-05 -1.2612327069897796e-05 2.0448310351639516e-06
leaf_weight=4.9999999999999982 2.9999999999999991 3.0000000000000018 2.9999999999999991 2.9999999999999991 3 3 2.9999999999999991 4 2.9999999999999991 3.0000000000000062 5
leaf_count=5 3 3 3 3 3 3 3 4 3 3 5
internal_value=4.98004e-13 4.19782e-05 2.57007e-05 1.11531e-05 5.08476e-05 8.14666e-05 -2.85674e-06 9.44279e-05 -9.65121e-06 -2.88223e-06 7.66552e-07
internal_weight=41 38 29 23 6 6 17 9 14 11 8
internal_count=41 38 29 23 6 6 17 9 14 11 8
is_linear=0
shrinkage=0.05


Tree=198
num_leaves=12
num_cat=0
split_feature=87 83 10 36 10 61 67 17 36 66 33
split_gain=0.000349849 9.85282e-06 7.92493e-06 8.46764e-06 4.217e-06 2.72491e-06 1.2305e-06 7.71469e-07 2.32734e-07 2.27929e-08 8.18673e-10
threshold=-1.1547895978152947 0.29063875625630925 -0.60895736155703284 1.1352898281787425 1.4509995295415956 0.054020077168172365 0.96044845770644816 1.0000000180025095e-35 -0.2324660938463031 -0.31283358371736342 1.0000000180025095e-35
decision_type=2 2 2 2 2 2 2 2 2 2 2
left_child=-1 2 -2 4 6 7 8 -3 -4 10 -10
right_child=1 5 3 -5 -6 -7 -8 -9 9 -11 -12
leaf_value=-0.00051981608266942207 0.00010017505070815485 7.983504328876737e-05 -1.1588830784603468e-05 9.2104286886751657e-05 5.6675787982385378e-05 4.481883042899425e-05 -3.6682480276795106e-05 0.00011088881583418695 1.4837986176037976e-07 5.6050644161587107e-06 1.3164784225712838e-06
leaf_weight=2.9999999999999991 2.9999999999999991 3.9999999999999982 4.0000000000000062 2.9999999999999991 2.9999999999999991 4 2.9999999999999991 4 3.0000000000000053 4 3
leaf_count=3 3 4 4 3 3 4 3 4 3 4 3
internal_value=-1.08585e-12 4.10381e-05 2.37414e-05 1.37718e-05 2.02197e-06 7.85142e-05 -7.62282e-06 9.53619e-05 -1.39575e-06 2.68148e-06 7.32429e-07
internal_weight=41 38 26 23 20 12 17 8 14 10 6
internal_count=41 38 26 23 20 12 17 8 14 10 6
is_linear=0
shrinkage=0.05


Tree=199
num_leaves=12
num_cat=0
split_feature=55 6 30 14 17 0 31 78 32 77 40
split_gain=0.000341993 1.05727e-05 8.44813e-06 6.57039e-06 5.34907e-06 2.2912e-06 1.14805e-06 7.24307e-07 1.00453e-07 4.93858e-08 1.08147e-08
threshold=-1.3401506650763437 -0.48774014351021105 1.7041442647576723 1.5886387839805127 -0.41996176514402422 0.81783464012756568 0.86853729573652683 0.32068485486684156 0.77221827085690042 -1.0000000180025095e-35 -1.0000000180025095e-35
decision_type=2 2 2 2 2 2 2 2 2 2 2
left_child=-1 7 3 4 -3 6 8 -2 10 -10 -6
right_child=1 2 -4 -5 5 -7 -8 -9 9 -11 -12
leaf_value=-0.0005139465269166976 8.2147280045319357e-05 5.7364173280802713e-05 0.00010778429374719661 8.9417462004348638e-05 4.3864954932359968e-06 3.3390747739758807e-05 -3.6798193923459623e-05 0.00011464776471257206 -2.9157507924537563e-06 -1.1402269349976788e-05 1.4096087852521987e-07
leaf_weight=2.9999999999999991 3.9999999999999991 5.0000000000000062 2.9999999999999991 2.9999999999999991 3 3.9999999999999991 2.9999999999999991 3 4.0000000000000098 2.9999999999999902 3.0000000000000089
leaf_count=3 4 5 3 3 3 4 3 3 4 3 3
internal_value=-1.60215e-12 4.05747e-05 2.80422e-05 1.94984e-05 1.11081e-05 -4.55952e-07 -8.91763e-06 9.60761e-05 -2.48365e-06 -6.55283e-06 2.26373e-06
internal_weight=41 38 31 28 25 20 16 7 13 7 6
internal_count=41 38 31 28 25 20 16 7 13 7 6
is_linear=0
shrinkage=0.05


Tree=200
num_leaves=12
num_cat=0
split_feature=66 6 30 14 17 0 31 79 36 38 33
split_gain=0.000333148 1.20988e-05 7.62444e-06 5.92977e-06 4.82753e-06 2.06781e-06 1.03612e-06 6.20959e-07 9.19608e-08 6.87892e-08 1.00751e-08
threshold=-0.86704174366281228 -0.48774014351021105 1.7041442647576723 1.5886387839805127 -0.41996176514402422 0.81783464012756568 0.86853729573652683 1.0000000180025095e-35 -0.17652375554993327 1.0000000180025095e-35 -1.0000000180025095e-35
decision_type=2 2 2 2 2 2 2 2 2 2 2
left_child=-1 7 3 4 -3 6 8 -2 9 -6 -10
right_child=1 2 -4 -5 5 -7 -8 -9 10 -11 -12
leaf_value=-0.00050725701730698354 0.00011661426008989414 5.4495964031957479e-05 0.00010239507925386231 8.494658783699075e-05 -5.2948829155259885e-07 3.1721209870738677e-05 -3.4958284049935177e-05 8.6521638149861236e-05 1.3391282512505612e-07 -1.0545357326918746e-05 4.2316951900526569e-06
leaf_weight=2.9999999999999991 2.9999999999999991 5.0000000000000062 2.9999999999999991 2.9999999999999991 3.0000000000000098 3.9999999999999991 2.9999999999999991 4 3 4 2.9999999999999991
leaf_count=3 3 5 3 3 3 4 3 4 3 4 3
internal_value=4.77485e-13 4.00466e-05 2.66401e-05 1.85234e-05 1.05527e-05 -4.33154e-07 -8.47175e-06 9.94185e-05 -2.35947e-06 -6.25284e-06 2.1828e-06
internal_weight=41 38 31 28 25 20 16 7 13 7 6
internal_count=41 38 31 28 25 20 16 7 13 7 6
is_linear=0
shrinkage=0.05


Tree=201
num_leaves=11
num_cat=0
split_feature=36 6 48 83 73 31 1 79 32 61
split_gain=0.000319747 1.50891e-05 6.01117e-06 4.47358e-06 3.50401e-06 1.36105e-06 7.6168e-07 6.30274e-07 8.44817e-08 8.11747e-09
threshold=1.4113210195067174 -0.48774014351021105 0.6367027695404639 0.29063875625630925 -0.2562186201010494 1.844318609866801 0.91836724369846479 1.0000000180025095e-35 0.77221827085690042 1.0000000180025095e-35
decision_type=2 2 2 2 2 2 2 2 2 2
left_child=1 7 3 5 -4 6 8 -1 9 -3
right_child=-2 2 4 -5 -6 -7 -8 -9 -10 -11
leaf_value=0.00011058340896852317 -0.00049694955232553188 -1.5830052878603307e-06 2.1188873264084875e-05 5.0414331853971815e-05 9.2673271137755367e-05 -3.395013439633961e-05 2.5493294742773287e-05 8.3955263253301365e-05 -8.7258869825745926e-06 1.8576309457785098e-06
leaf_weight=3.9999999999999982 2.9999999999999991 3.0000000000000089 3 4.9999999999999991 3.9999999999999991 2.9999999999999991 2.9999999999999991 5 4 4
leaf_count=4 3 3 3 5 4 3 3 5 4 4
internal_value=2.43428e-12 3.92329e-05 2.16806e-05 8.83996e-06 6.20371e-05 -3.3878e-06 3.16127e-06 9.579e-05 -2.92928e-06 3.83073e-07
internal_weight=41 38 29 22 7 17 14 9 11 7
internal_count=41 38 29 22 7 17 14 9 11 7
is_linear=0
shrinkage=0.05


Tree=202
num_leaves=12
num_cat=0
split_feature=49 10 36 83 10 29 31 19 32 77 47
split_gain=0.000311906 1.15112e-05 6.54384e-06 7.71951e-06 2.90041e-06 1.56315e-06 9.24687e-07 5.76395e-07 9.98501e-08 5.24782e-08 1.23739e-08
threshold=1.6637015459767368 -0.60895736155703284 1.1352898281787425 0.29063875625630925 1.4509995295415956 -1.0000000180025095e-35 1.844318609866801 0.19291435100899693 0.86987905957234979 0.17406983024350975 -0.19989592430754391
decision_type=2 2 2 2 2 2 2 2 2 2 2
left_child=1 7 3 4 6 -5 8 -1 9 10 -3
right_child=-2 2 -4 5 -6 -7 -8 -9 -10 -11 -12
leaf_value=0.00010546091361902653 -0.00049081901088356974 6.9011710479571669e-07 9.4594179730241509e-05 3.4661623067222523e-05 4.6263273422179436e-05 8.2406787259969871e-05 -3.2252626382008506e-05 7.861889025662093e-05 -9.7491540752040851e-06 -5.0978924415782481e-06 4.6229742565628748e-06
leaf_weight=4 2.9999999999999991 4.0000000000000053 2.9999999999999991 3 2.9999999999999991 3.9999999999999991 2.9999999999999991 4 2.9999999999999991 2.9999999999999991 4.0000000000000071
leaf_count=4 3 4 3 3 3 4 3 4 3 3 4
internal_value=-2.26098e-12 3.87489e-05 2.45379e-05 1.67539e-05 9.37158e-07 6.19446e-05 -7.06157e-06 9.20399e-05 -1.66348e-06 5.41699e-07 2.65655e-06
internal_weight=41 38 30 27 20 7 17 8 14 11 8
internal_count=41 38 30 27 20 7 17 8 14 11 8
is_linear=0
shrinkage=0.05


Tree=203
num_leaves=11
num_cat=0
split_feature=19 6 60 70 9 76 85 24 70 31
split_gain=0.000301449 1.08036e-05 6.98207e-06 7.27185e-06 1.75828e-06 1.68216e-06 9.22002e-07 6.62964e-07 1.20881e-07 4.34843e-08
threshold=-1.410243707062665 -0.48774014351021105 0.83147456896626093 -1.0276450609751477 -0.33009340362160799 0.62475254766422983 -0.57033384223542949 1.0000000180025095e-35 0.52779937724279347 -0.90500894454278313
decision_type=2 2 2 2 2 2 2 2 2 2
left_child=-1 7 3 -3 -4 6 -5 -2 -8 -10
right_child=1 2 4 5 -6 -7 8 -9 9 -11
leaf_value=-0.00048252130897405253 8.0871903628576552e-05 7.4151977605652004e-05 4.0427177494469397e-05 -3.2862911757547349e-05 9.1064699518028647e-05 2.5417475981157623e-05 4.0654685176377823e-06 0.00011196567211300131 -1.5630796686612768e-06 -9.5264123956440095e-06
leaf_weight=2.9999999999999991 3.9999999999999991 4.0000000000000027 3 3.0000000000000044 3.9999999999999991 4.9999999999999991 5 3 3.0000000000000036 3.9999999999999964
leaf_count=3 4 4 3 3 4 5 5 3 3 4
internal_value=1.062e-12 3.80938e-05 2.54251e-05 1.261e-05 6.93629e-05 3.01555e-07 -8.07042e-06 9.41978e-05 -1.8723e-06 -6.11356e-06
internal_weight=41 38 31 24 7 20 15 7 12 7
internal_count=41 38 31 24 7 20 15 7 12 7
is_linear=0
shrinkage=0.05


Tree=204
num_leaves=12
num_cat=0
split_feature=11 6 30 83 24 23 67 79 14 32 55
split_gain=0.000292289 1.37996e-05 7.26453e-06 4.44421e-06 1.62726e-06 1.77941e-06 9.46066e-07 8.79009e-07 7.20717e-07 8.05392e-08 1.08497e-08
threshold=-1.1974538801251808 -0.48774014351021105 1.7041442647576723 0.29063875625630925 0.30998131197583778 1.0000000180025095e-35 0.73338311128725076 1.0000000180025095e-35 -0.070194583273307479 0.86987905957234979 0.42551177277413149
decision_type=2 2 2 2 2 2 2 2 2 2 2
left_child=-1 7 3 4 5 10 9 -2 -5 -6 -3
right_child=1 2 -4 8 6 -7 -8 -9 -10 -11 -12
leaf_value=-0.00047513370324547095 0.00010906748939305546 -1.1775254127617965e-06 9.4396749045699838e-05 3.2636896988454579e-05 1.9977124338765864e-06 4.8110751716497655e-05 -3.5943785284568239e-05 7.7620953088626256e-05 6.7295159290855136e-05 -8.0359318417322339e-06 3.0748677242324138e-06
leaf_weight=2.9999999999999991 3.9999999999999982 3.0000000000000089 2.9999999999999991 3 3.9999999999999982 3 3 5 2.9999999999999991 4 3
leaf_count=3 4 3 3 3 4 3 3 5 3 4 3
internal_value=1.89885e-12 3.75106e-05 2.07251e-05 1.22245e-05 9.02002e-07 1.66694e-05 -1.19986e-05 9.15972e-05 4.9966e-05 -3.01911e-06 9.48671e-07
internal_weight=41 38 29 26 20 9 11 9 6 8 6
internal_count=41 38 29 26 20 9 11 9 6 8 6
is_linear=0
shrinkage=0.05


Tree=205
num_leaves=11
num_cat=0
split_feature=24 6 60 0 9 71 79 29 66 47
split_gain=0.000284239 1.18058e-05 7.69986e-06 3.30483e-06 1.92185e-06 1.10735e-06 7.93305e-07 5.28329e-07 9.07012e-08 3.63933e-09
threshold=-1.6512441192927725 -0.48774014351021105 0.83147456896626093 0.81783464012756568 -0.33009340362160799 -0.16160430034313275 1.0000000180025095e-35 -0.26710668409055216 -1.0000000180025095e-35 1.0000000180025095e-35
decision_type=2 2 2 2 2 2 2 2 2 2
left_child=-1 6 3 5 -4 -3 -2 -7 9 -9
right_child=1 2 4 -5 -6 7 -8 8 -10 -11
leaf_value=-0.00046854450774844739 0.00010361411696067083 -3.1145025968726187e-05 3.6887653065302094e-05 4.266517819360161e-05 8.9828103955369454e-05 2.0928567573719157e-05 7.3739904910326e-05 1.7012862372212093e-07 -7.7167184645077296e-06 2.6329625446426986e-06
leaf_weight=2.9999999999999991 3.9999999999999982 3.0000000000000062 3 4.9999999999999991 3.9999999999999991 3.0000000000000044 5 3.0000000000000027 4.9999999999999938 3
leaf_count=3 4 3 3 5 4 3 5 3 5 3
internal_value=1.00322e-12 3.69904e-05 2.14647e-05 6.93192e-06 6.71393e-05 -3.57786e-06 8.70173e-05 2.32938e-06 -2.74312e-06 1.40155e-06
internal_weight=41 38 29 22 7 17 9 14 11 6
internal_count=41 38 29 22 7 17 9 14 11 6
is_linear=0
shrinkage=0.05


Tree=206
num_leaves=11
num_cat=0
split_feature=80 6 30 21 83 14 17 79 32 47
split_gain=0.000277495 8.60757e-06 6.74288e-06 5.80672e-06 4.21495e-06 1.17095e-06 8.58351e-07 8.43808e-07 7.90269e-08 8.29438e-09
threshold=-0.9077348392975686 -0.48774014351021105 1.7041442647576723 -1.1613846848418459 0.29063875625630925 -0.80725400430963468 0.72445606065423152 1.0000000180025095e-35 0.77221827085690042 -0.6266203210856095
decision_type=2 2 2 2 2 2 2 2 2 2
left_child=-1 7 3 -3 5 -5 8 -2 9 -7
right_child=1 2 -4 4 -6 6 -8 -9 -10 -11
leaf_value=-0.000462953206927826 0.0001035950845107436 8.1942923134192727e-05 9.5374053732181585e-05 2.6077416441694278e-05 4.9007061898009857e-05 -5.6488446261937415e-07 -3.2070612966587457e-05 7.005290943197905e-05 -7.3308824357809486e-06 2.7606499619044742e-06
leaf_weight=2.9999999999999991 3 3.0000000000000027 2.9999999999999991 3.0000000000000098 4.9999999999999991 5.0000000000000062 2.9999999999999991 5 5 2.999999999999992
leaf_count=3 3 3 3 3 5 5 3 5 5 3
internal_value=-1.32154e-12 3.65489e-05 2.42603e-05 1.63588e-05 8.16078e-06 -2.58824e-06 -7.96305e-06 8.26312e-05 -2.39976e-06 6.82191e-07
internal_weight=41 38 30 27 24 19 16 8 13 8
internal_count=41 38 30 27 24 19 16 8 13 8
is_linear=0
shrinkage=0.05


Tree=207
num_leaves=12
num_cat=0
split_feature=61 6 70 36 17 79 67 78 36 13 8
split_gain=0.000270355 9.76169e-06 6.505e-06 7.26173e-06 2.25413e-06 1.01462e-06 9.85187e-07 4.71481e-07 8.39268e-08 6.05911e-09 2.968e-09
threshold=-0.71348124950225811 -0.48774014351021105 -1.0276450609751477 1.1352898281787425 -0.41996176514402422 1.0000000180025095e-35 0.96044845770644816 -0.78160371939515683 -0.2324660938463031 1.0000000180025095e-35 -0.18743545086472327
decision_type=2 2 2 2 2 2 2 2 2 2 2
left_child=-1 5 -3 4 -4 -2 7 -6 10 -10 -9
right_child=1 2 3 -5 6 -7 -8 8 9 -11 -12
leaf_value=-0.00045695847754056258 0.00010033550934167582 8.1159785622730851e-05 4.2812299276799018e-05 8.546016179025174e-05 1.897216792864728e-05 6.6550264600664369e-05 -3.011868169172279e-05 -8.4694472510212387e-06 1.9753131709876519e-06 -9.9726181398788546e-07 -6.2453371356241208e-06
leaf_weight=2.9999999999999991 3.9999999999999982 3.9999999999999991 3.0000000000000062 2.9999999999999991 3.0000000000000098 5 2.9999999999999991 3 3.9999999999999893 3 3.0000000000000089
leaf_count=3 4 4 3 3 3 5 3 3 4 3 3
internal_value=6.39835e-13 3.60757e-05 2.1958e-05 1.24857e-05 2.53466e-06 8.15659e-05 -3.82497e-06 1.1051e-06 -3.01807e-06 7.01352e-07 -7.35739e-06
internal_weight=41 38 29 25 22 9 19 16 13 7 6
internal_count=41 38 29 25 22 9 19 16 13 7 6
is_linear=0
shrinkage=0.05


Tree=208
num_leaves=10
num_cat=0
split_feature=69 65 64 83 13 22 24 89 33
split_gain=0.000262906 9.04279e-06 7.37544e-06 7.41828e-06 2.07805e-06 8.00022e-07 7.55772e-07 7.27151e-07 6.40239e-08
threshold=-0.74818257057888882 -0.21367617151678323 1.0000000180025095e-35 0.29063875625630925 1.6299292415860136 -1.0000000180025095e-35 -0.44213850143904293 1.0000000180025095e-35 0.55724696650925043
decision_type=2 2 2 2 2 2 2 2 2
left_child=-1 7 3 4 8 -4 -5 -2 -3
right_child=1 2 5 6 -6 -7 -8 -9 -10
leaf_value=-0.00045061924611218275 -3.1118585563187168e-05 -6.6548443737701674e-06 6.9088835734874005e-05 5.3167795219148188e-05 4.4792927292292012e-05 9.7373494645580671e-05 8.6366706818807876e-05 1.8760613329504847e-08 1.3466460404742973e-06
leaf_weight=2.9999999999999991 3 5.0000000000000053 5 3 2.9999999999999991 4.9999999999999982 3.9999999999999991 5 5
leaf_count=3 3 5 5 3 3 5 4 5 5
internal_value=-9.00344e-13 3.55752e-05 4.81707e-05 3.06404e-05 8.29521e-06 8.32312e-05 7.21386e-05 -1.16577e-05 -2.6541e-06
internal_weight=41 38 30 20 13 10 7 8 10
internal_count=41 38 30 20 13 10 7 8 10
is_linear=0
shrinkage=0.05


Tree=209
num_leaves=12
num_cat=0
split_feature=55 6 30 14 17 0 82 79 66 89 8
split_gain=0.000255172 8.22971e-06 5.97394e-06 4.36954e-06 3.78081e-06 1.85223e-06 6.59912e-07 4.20488e-07 5.02111e-08 1.17839e-08 3.23748e-09
threshold=-1.3401506650763437 -0.48774014351021105 1.7041442647576723 1.5886387839805127 -0.41996176514402422 0.81783464012756568 0.9994517921295567 0.30434706145579377 -0.31283358371736342 -0.63801057478701384 -0.22630721464228828
decision_type=2 2 2 2 2 2 2 2 2 2 2
left_child=-1 7 3 4 -3 6 8 -2 10 -10 -6
right_child=1 2 -4 -5 5 -7 -8 -9 9 -11 -12
leaf_value=-0.00044394191742564245 9.4627685029990971e-05 4.8852806830836855e-05 9.1047065022091075e-05 7.3825226475795114e-05 -2.9307691041443219e-07 3.0674185381940333e-05 -2.8504021580981018e-05 6.9864559918642031e-05 -2.9960839431926812e-06 -7.1415432103094821e-06 2.0298098206694632e-06
leaf_weight=2.9999999999999991 3.9999999999999991 5.0000000000000062 2.9999999999999991 2.9999999999999991 3 3.9999999999999991 2.9999999999999991 3 3.0000000000000098 3.9999999999999893 3.0000000000000098
leaf_count=3 4 5 3 3 3 4 3 3 3 4 3
internal_value=6.6077e-13 3.5048e-05 2.3991e-05 1.68064e-05 9.96418e-06 2.42023e-07 -7.36602e-06 8.40149e-05 -2.48802e-06 -5.36492e-06 8.68366e-07
internal_weight=41 38 31 28 25 20 16 7 13 7 6
internal_count=41 38 31 28 25 20 16 7 13 7 6
is_linear=0
shrinkage=0.05


Tree=210
num_leaves=11
num_cat=0
split_feature=78 6 48 83 73 31 10 79 66 8
split_gain=0.000246004 1.02237e-05 5.1443e-06 3.53861e-06 2.71247e-06 8.86433e-07 5.23307e-07 4.25725e-07 3.57697e-08 8.3585e-09
threshold=-1.6093343878249822 -0.48774014351021105 0.6367027695404639 0.29063875625630925 -0.2562186201010494 1.844318609866801 -0.37924664133383124 0.30434706145579377 0.16011499462980897 -0.22630721464228828
decision_type=2 2 2 2 2 2 2 2 2 2
left_child=-1 7 3 5 -4 6 -3 -2 9 -8
right_child=1 2 4 -5 -6 -7 8 -9 -10 -11
leaf_value=-0.00043589322594925764 9.0693450765684267e-05 2.1006624744283401e-05 2.1358490509252679e-05 4.5061520213494075e-05 8.4252709348220386e-05 -2.7453688047292721e-05 -1.8157043882638371e-06 6.8808750074822453e-05 -5.6756597041385247e-06 1.9166981473972533e-06
leaf_weight=2.9999999999999991 4.9999999999999982 3.0000000000000027 3 4.9999999999999991 3.9999999999999991 2.9999999999999991 3.0000000000000027 4 5 3.0000000000000027
leaf_count=3 5 3 3 5 4 3 3 4 5 3
internal_value=-5.09372e-13 3.44126e-05 1.99647e-05 8.08596e-06 5.7298e-05 -2.78921e-06 2.49604e-06 8.09669e-05 -2.5523e-06 5.04969e-08
internal_weight=41 38 29 22 7 17 14 9 11 6
internal_count=41 38 29 22 7 17 14 9 11 6
is_linear=0
shrinkage=0.05


Tree=211
num_leaves=11
num_cat=0
split_feature=1 65 64 37 83 24 31 78 86 36
split_gain=0.000236596 8.22413e-06 6.7141e-06 4.9662e-06 1.66673e-06 1.0967e-06 6.81411e-07 6.27719e-07 4.8052e-07 3.47564e-08
threshold=-0.87479638997235565 -0.21367617151678323 1.0000000180025095e-35 -0.087852392459645171 0.29063875625630925 0.82316361326718435 0.51869648489913478 -0.29369401972508308 0.43174605767347635 -0.17652375554993327
decision_type=2 2 2 2 2 2 2 2 2 2
left_child=-1 7 3 5 6 -3 9 -2 -4 -5
right_child=1 2 8 4 -6 -7 -8 -9 -10 -11
leaf_value=-0.00042747731204144661 -4.4715491185343112e-07 8.1800701445899828e-05 6.8975028989370931e-05 -6.1014134553261102e-06 4.6116666635498407e-05 4.1808852984104299e-05 2.4393902458541563e-05 -2.9377387060473367e-05 9.2225513653829681e-05 7.0607144001163067e-07
leaf_weight=2.9999999999999991 5.0000000000000009 4.0000000000000027 3.9999999999999982 4.9999999999999991 2.9999999999999991 3 2.9999999999999991 2.9999999999999991 5 3.0000000000000027
leaf_count=3 5 4 4 5 3 3 3 3 5 3
internal_value=7.66416e-13 3.37482e-05 4.576e-05 3.02749e-05 1.30816e-05 6.46613e-05 4.07208e-06 -1.1296e-05 8.1892e-05 -3.54861e-06
internal_weight=41 38 30 21 14 7 11 8 9 8
internal_count=41 38 30 21 14 7 11 8 9 8
is_linear=0
shrinkage=0.05


Tree=212
num_leaves=12
num_cat=0
split_feature=49 6 30 14 41 37 10 18 23 79 86
split_gain=0.00022952 7.78049e-06 5.66301e-06 4.5428e-06 3.10829e-06 2.49205e-06 6.73304e-07 2.65989e-07 2.44869e-07 3.57854e-08 1.44811e-08
threshold=1.6637015459767368 -0.48774014351021105 1.7041442647576723 1.5886387839805127 -0.24113302292180988 -1.0000000180025095e-35 0.53138604960455693 -1.0000000180025095e-35 -0.15818689501030705 -0.67220296031655657 -0.37058287960765574
decision_type=2 2 2 2 2 2 2 2 2 2 2
left_child=1 8 3 4 5 -3 9 -7 -1 -6 -11
right_child=-2 2 -4 -5 6 7 -8 -9 -10 10 -12
leaf_value=8.5799809312447865e-05 -0.0004210363782476634 5.8924656332237636e-05 8.6727408537020292e-05 7.2324120750029883e-05 -7.0742881992676525e-06 1.850229485474604e-05 -2.9140071395280149e-05 -2.5527449982594844e-06 6.8304470914881676e-05 -3.4171552859637155e-06 9.7694726719055378e-07
leaf_weight=4.0000000000000009 2.9999999999999991 4 2.9999999999999991 2.9999999999999991 3.0000000000000027 3 2.9999999999999991 3.0000000000000053 3.9999999999999991 3.0000000000000036 4.9999999999999964
leaf_count=4 3 4 3 3 3 3 3 3 4 3 5
internal_value=9.90739e-13 3.32397e-05 2.15564e-05 1.43152e-05 7.06406e-06 2.83547e-05 -8.14356e-06 7.97477e-06 7.70521e-05 -2.41724e-06 -6.70841e-07
internal_weight=41 38 30 27 24 10 14 6 8 11 8
internal_count=41 38 30 27 24 10 14 6 8 11 8
is_linear=0
shrinkage=0.05


Tree=213
num_leaves=12
num_cat=0
split_feature=19 6 30 14 17 0 60 16 66 89 47
split_gain=0.000224091 8.32981e-06 4.89041e-06 3.84517e-06 3.29096e-06 1.36907e-06 5.81131e-07 3.82108e-07 4.21156e-08 1.27473e-08 1.59867e-09
threshold=-1.410243707062665 -0.48774014351021105 1.7041442647576723 1.5886387839805127 -0.41996176514402422 0.81783464012756568 -1.8620518998375541 -0.60718949840488246 -1.0000000180025095e-35 -0.63801057478701384 1.0000000180025095e-35
decision_type=2 2 2 2 2 2 2 2 2 2 2
left_child=-1 7 3 4 -3 6 -6 -2 10 -10 -8
right_child=1 2 -4 -5 5 -7 8 -9 9 -11 -12
leaf_value=-0.00041602678247727455 7.1991152071859685e-05 4.5083121949573915e-05 8.2391038692245877e-05 6.8707915488630533e-05 -2.6646489095582985e-05 2.5894234238421634e-05 2.5038507089902762e-08 9.5597095787525182e-05 -2.4037599056706835e-06 -6.7153424424759964e-06 1.6573520648914075e-06
leaf_weight=2.9999999999999991 4 5.0000000000000062 2.9999999999999991 2.9999999999999991 3.0000000000000115 3.9999999999999991 3.0000000000000098 2.9999999999999991 3.0000000000000098 3.9999999999999769 3
leaf_count=3 4 5 3 3 3 4 3 3 3 4 3
internal_value=3.02553e-13 3.28442e-05 2.17201e-05 1.52197e-05 8.8011e-06 -2.694e-07 -6.81031e-06 8.2108e-05 -2.23273e-06 -4.86752e-06 8.41195e-07
internal_weight=41 38 31 28 25 20 16 7 13 7 6
internal_count=41 38 31 28 25 20 16 7 13 7 6
is_linear=0
shrinkage=0.05


Tree=214
num_leaves=12
num_cat=0
split_feature=59 6 60 70 76 19 85 31 22 32 29
split_gain=0.00021724 1.02493e-05 4.45279e-06 3.29407e-06 1.35743e-06 1.14488e-06 6.07672e-07 5.83966e-07 3.06001e-08 2.73802e-08 6.31438e-09
threshold=0.29141876784438431 -0.48774014351021105 0.83147456896626093 -1.0276450609751477 0.62475254766422983 0.45456369357610421 -0.57033384223542949 -0.22559576834473472 -0.30503181777029448 0.86987905957234979 0.12787406548596109
decision_type=2 2 2 2 2 2 2 2 2 2 2
left_child=1 7 3 -3 6 -4 -5 8 -1 10 -8
right_child=-2 2 5 4 -6 -7 9 -9 -10 -11 -12
leaf_value=6.6374217082435874e-05 -0.0004096184711670503 5.6722445879131492e-05 7.8073165301854408e-05 -2.7111160913288253e-05 2.3098722427903342e-05 3.4390968357911321e-05 8.2507433035061658e-07 9.6962664974853432e-05 7.3515660672759004e-05 -5.3294737881515178e-06 -2.0765066286306438e-06
leaf_weight=3 2.9999999999999991 3.0000000000000027 2.9999999999999991 3.0000000000000027 4.9999999999999991 3 5.0000000000000018 2.9999999999999982 3 3.9999999999999991 3
leaf_count=3 3 3 3 3 5 3 5 3 3 4 3
internal_value=9.5899e-13 3.23383e-05 1.78723e-05 7.86545e-06 5.36904e-07 5.62321e-05 -6.9837e-06 7.89508e-05 6.99449e-05 -1.95184e-06 -2.63019e-07
internal_weight=41 38 29 23 20 6 15 9 6 12 8
internal_count=41 38 29 23 20 6 15 9 6 12 8
is_linear=0
shrinkage=0.05


Tree=215
num_leaves=12
num_cat=0
split_feature=11 6 30 83 19 31 31 4 22 66 43
split_gain=0.000208481 8.85398e-06 5.65321e-06 4.01544e-06 1.07423e-06 5.57399e-07 5.27029e-07 4.78263e-07 2.76166e-08 2.36375e-08 5.54725e-09
threshold=-1.1974538801251808 -0.48774014351021105 1.7041442647576723 0.29063875625630925 0.7909725286830912 1.844318609866801 -0.22559576834473472 0.75664558527532277 -0.30503181777029448 0.16011499462980897 0.87351600050211309
decision_type=2 2 2 2 2 2 2 2 2 2 2
left_child=-1 6 3 4 5 9 8 -5 -2 10 -3
right_child=1 2 -4 7 -6 -7 -8 -9 -10 -11 -12
leaf_value=-0.00040127535273010536 6.305550729545453e-05 6.9108881234569575e-07 8.3224056288599976e-05 6.072685937397182e-05 2.0043871627422051e-05 -2.5994057690089297e-05 9.2114529494817098e-05 3.2493815281971662e-05 6.983987793015935e-05 -5.0362271394988063e-06 -2.0285301919405654e-06
leaf_weight=2.9999999999999991 3 5.0000000000000089 2.9999999999999991 2.9999999999999991 4.9999999999999991 2.9999999999999991 2.9999999999999982 3 3 3.9999999999999991 3
leaf_count=3 3 5 3 3 5 3 3 3 3 4 3
internal_value=2.14619e-13 3.16796e-05 1.82344e-05 1.07355e-05 -2.68935e-08 -6.71715e-06 7.50033e-05 4.66103e-05 6.64477e-05 -1.89792e-06 -3.28768e-07
internal_weight=41 38 29 26 20 15 9 6 6 12 8
internal_count=41 38 29 26 20 15 9 6 6 12 8
is_linear=0
shrinkage=0.05


Tree=216
num_leaves=13
num_cat=0
split_feature=61 6 70 36 47 24 82 31 18 22 35 47
split_gain=0.000203852 7.52013e-06 4.89809e-06 5.25206e-06 1.83447e-06 1.98685e-06 5.80115e-07 4.75644e-07 3.03623e-08 2.4924e-08 8.86243e-09 1.34565e-09
threshold=-0.71348124950225811 -0.48774014351021105 -1.0276450609751477 1.1352898281787425 0.36773009643994053 0.30998131197583778 0.9994517921295567 -0.22559576834473472 0.13953907075525215 -0.30503181777029448 -0.17104288092504691 -0.6266203210856095
decision_type=2 2 2 2 2 2 2 2 2 2 2 2
left_child=-1 7 -3 4 6 -6 8 9 11 -2 -10 -4
right_child=1 2 3 -5 5 -7 -8 -9 10 -11 -12 -13
leaf_value=-0.0003967954718973488 5.9902732027694561e-05 7.0306506677297883e-05 -5.7886755560805967e-07 7.2775821899995213e-05 5.4602476302534343e-05 -2.9424452198630501e-06 -2.6407931727590039e-05 8.7508801758910256e-05 -6.5471342774496086e-06 6.6347883936638627e-05 -2.7038659785224195e-06 8.2199306916663624e-07
leaf_weight=2.9999999999999991 3 3.9999999999999991 3.0000000000000062 2.9999999999999991 2.9999999999999991 3 2.9999999999999991 2.9999999999999982 3 3 3 4.0000000000000062
leaf_count=3 3 4 3 3 3 3 3 3 3 3 3 4
internal_value=-7.81944e-14 3.1326e-05 1.89348e-05 1.07153e-05 2.25248e-06 2.583e-05 -6.58909e-06 7.12531e-05 -2.01551e-06 6.31253e-05 -4.6255e-06 2.21624e-07
internal_weight=41 38 29 25 22 6 16 9 13 6 6 7
internal_count=41 38 29 25 22 6 16 9 13 6 6 7
is_linear=0
shrinkage=0.05


Tree=217
num_leaves=11
num_cat=0
split_feature=80 6 30 14 2 89 46 31 32 16
split_gain=0.000198533 5.62196e-06 5.17641e-06 4.61278e-06 2.99697e-06 2.14538e-06 5.48506e-07 4.30641e-07 2.30616e-08 8.19329e-09
threshold=-0.9077348392975686 -0.48774014351021105 1.7041442647576723 1.5886387839805127 0.77228694941171161 1.0000000180025095e-35 0.28861566823279222 -0.22559576834473472 0.86987905957234979 -0.13447803545466069
decision_type=2 2 2 2 2 2 2 2 2 2
left_child=-1 7 3 4 6 -6 8 -2 9 -3
right_child=1 2 -4 -5 5 -7 -8 -9 -10 -11
leaf_value=-0.00039158442911381528 5.9171139728277905e-05 -2.6679736265577936e-06 8.3291408373042941e-05 7.2514133838315814e-05 5.6856882292777316e-05 7.7289801356528181e-06 -2.6055295044595069e-05 8.3133362932130697e-05 -5.2519748351187449e-06 6.3723345192556637e-07
leaf_weight=2.9999999999999991 5.0000000000000009 3.0000000000000018 2.9999999999999991 2.9999999999999991 3.9999999999999982 5 2.9999999999999991 2.9999999999999991 3.9999999999999991 5.0000000000000071
leaf_count=3 5 3 3 3 4 5 3 3 4 5
internal_value=4.50865e-13 3.09146e-05 2.09833e-05 1.40601e-05 6.75337e-06 2.95636e-05 -6.93277e-06 6.8157e-05 -2.15214e-06 -6.02219e-07
internal_weight=41 38 30 27 24 9 15 8 12 8
internal_count=41 38 30 27 24 9 15 8 12 8
is_linear=0
shrinkage=0.05


Tree=218
num_leaves=11
num_cat=0
split_feature=55 83 10 21 78 10 33 53 42 47
split_gain=0.00019299 5.76558e-06 4.81232e-06 4.96963e-06 1.42321e-06 9.93227e-07 4.6924e-07 4.2883e-07 1.7644e-08 6.00205e-09
threshold=-1.3401506650763437 0.29063875625630925 -0.60895736155703284 -1.1613846848418459 1.103553955979192 -0.37924664133383124 0.1711166209443867 0.87828047446686108 0.12786718868547098 -0.6266203210856095
decision_type=2 2 2 2 2 2 2 2 2 2
left_child=-1 2 -2 -4 6 -5 -3 8 -7 -10
right_child=1 4 3 5 -6 7 -8 -9 9 -11
leaf_value=-0.00038607927078070743 6.7696384212467828e-05 5.8877830742858367e-05 6.7881209542974751e-05 2.5034182522176648e-05 2.9323196334492725e-05 -4.7144931158982217e-06 8.1853805750142772e-05 -2.3356511458890361e-05 -2.2977768082910164e-06 4.4130385390417386e-07
leaf_weight=2.9999999999999991 3.9999999999999991 4.9999999999999982 3.0000000000000027 3.0000000000000062 2.9999999999999991 4.9999999999999991 4 2.9999999999999991 4.0000000000000036 3.9999999999999964
leaf_count=3 4 5 3 3 3 5 4 3 4 4
internal_value=-6.18345e-13 3.04799e-05 1.72486e-05 8.07629e-06 5.91478e-05 -1.3666e-06 6.90894e-05 -6.31674e-06 -2.38449e-06 -9.28236e-07
internal_weight=41 38 26 22 12 19 9 16 13 8
internal_count=41 38 26 22 12 19 9 16 13 8
is_linear=0
shrinkage=0.05


Tree=219
num_leaves=11
num_cat=0
split_feature=36 6 48 83 0 67 79 41 66 26
split_gain=0.000186326 6.95832e-06 4.29029e-06 2.86996e-06 2.17619e-06 5.89362e-07 3.72934e-07 3.21981e-07 1.55958e-08 1.85962e-09
threshold=1.4113210195067174 -0.48774014351021105 0.6367027695404639 0.29063875625630925 -1.0000000180025095e-35 0.96044845770644816 1.0000000180025095e-35 1.3095641668621947 0.16011499462980897 0.519159800556248
decision_type=2 2 2 2 2 2 2 2 2 2
left_child=1 6 3 5 -4 7 -1 8 9 -3
right_child=-2 2 4 -5 -6 -7 -8 -9 -10 -11
leaf_value=7.9735319013707372e-05 -0.00037935538275633011 3.3631588394200554e-07 1.9932339000661156e-05 4.0481095202267172e-05 7.6267108670435857e-05 -2.2723527024481882e-05 5.9252387145534145e-05 1.6217011640643857e-05 -4.3249623558949674e-06 -1.4241877124732125e-06
leaf_weight=3.9999999999999982 2.9999999999999991 3.0000000000000089 3 4.9999999999999991 3.9999999999999991 2.9999999999999991 5 2.9999999999999991 5 3
leaf_count=4 3 3 3 5 4 3 5 3 5 3
internal_value=4.33951e-13 2.99491e-05 1.80298e-05 7.1817e-06 5.21236e-05 -2.61223e-06 6.83559e-05 1.69733e-06 -2.26258e-06 -5.43936e-07
internal_weight=41 38 29 22 7 17 9 14 11 6
internal_count=41 38 29 22 7 17 9 14 11 6
is_linear=0
shrinkage=0.05


Tree=220
num_leaves=11
num_cat=0
split_feature=1 65 64 83 30 24 89 78 6 42
split_gain=0.000179711 6.1592e-06 5.62449e-06 4.04871e-06 1.48733e-06 5.04443e-07 4.41979e-07 2.68097e-07 3.89793e-08 1.58027e-08
threshold=-0.87479638997235565 -0.21367617151678323 1.0000000180025095e-35 0.29063875625630925 -0.10877441746686083 -0.44213850143904293 1.0000000180025095e-35 -0.29369401972508308 -0.40463999091224817 0.12786718868547098
decision_type=2 2 2 2 2 2 2 2 2 2
left_child=-1 6 3 4 9 -5 -2 -4 -9 -3
right_child=1 2 7 5 -6 -7 -8 8 -10 -11
leaf_value=-0.00037255979065472882 -2.4740933076827781e-05 -4.3789422306872434e-06 8.5082205866153019e-05 4.1183871023046463e-05 3.197538873791924e-05 6.8306659522932028e-05 -4.6531147063433298e-07 7.0805962119872349e-05 6.2745844479650281e-05 -1.6254256593128955e-07
leaf_weight=2.9999999999999991 3 4 3 3 5.0000000000000044 3.9999999999999991 5 3 2.9999999999999982 5
leaf_count=3 3 4 3 3 5 4 5 3 3 5
internal_value=5.35299e-13 2.94126e-05 3.98076e-05 2.56346e-05 1.01106e-05 5.66826e-05 -9.56867e-06 7.2878e-05 6.67759e-05 -2.0365e-06
internal_weight=41 38 30 21 14 7 8 9 6 9
internal_count=41 38 30 21 14 7 8 9 6 9
is_linear=0
shrinkage=0.05


Tree=221
num_leaves=11
num_cat=0
split_feature=19 6 60 70 7 76 85 32 0 11
split_gain=0.000174221 5.60196e-06 4.53013e-06 4.05003e-06 1.22794e-06 1.06271e-06 4.38797e-07 1.91604e-07 2.35142e-08 1.87162e-09
threshold=-1.410243707062665 -0.48774014351021105 0.83147456896626093 -1.0276450609751477 -0.3244563402974518 0.62475254766422983 -0.57033384223542949 -0.072479256268767736 -0.95312166137165455 -0.032952316262001742
decision_type=2 2 2 2 2 2 2 2 2 2
left_child=-1 7 3 -3 -4 6 -5 -2 -8 -10
right_child=1 2 4 5 -6 -7 8 -9 9 -11
leaf_value=-0.00036682545905932786 7.6523763709701584e-05 5.5442902521463057e-05 3.1047790859399043e-05 -2.3428681682465402e-05 7.3364948912058031e-05 2.0292026583774717e-05 -4.6680857849423736e-06 5.9807809884659951e-05 5.2939048487132761e-07 -1.1227134137925555e-06
leaf_weight=2.9999999999999991 4 4.0000000000000027 3 3.0000000000000044 3.9999999999999991 4.9999999999999991 5.0000000000000036 2.9999999999999991 4.0000000000000036 2.9999999999999929
leaf_count=3 4 4 3 3 4 5 5 3 4 3
internal_value=-8.22635e-13 2.89599e-05 1.98374e-05 9.51478e-06 5.5229e-05 3.29154e-07 -6.32514e-06 6.93598e-05 -2.04925e-06 -1.78654e-07
internal_weight=41 38 31 24 7 20 15 7 12 7
internal_count=41 38 31 24 7 20 15 7 12 7
is_linear=0
shrinkage=0.05


Tree=222
num_leaves=11
num_cat=0
split_feature=49 6 60 70 7 47 53 27 18 37
split_gain=0.000168865 6.03544e-06 4.28331e-06 3.43692e-06 1.10821e-06 9.73075e-07 4.1429e-07 2.13724e-07 1.91283e-08 4.25892e-09
threshold=1.6637015459767368 -0.48774014351021105 0.83147456896626093 -1.0276450609751477 -0.3244563402974518 0.36773009643994053 0.66476490494561713 -0.16916832142131538 0.13953907075525215 -1.0000000180025095e-35
decision_type=2 2 2 2 2 2 2 2 2 2
left_child=1 7 3 -3 -4 6 8 -1 9 -5
right_child=-2 2 4 5 -6 -7 -8 -9 -10 -11
leaf_value=7.7649516363938602e-05 -0.00036114306518963231 5.7703569958296847e-05 2.9495400303858324e-05 -1.9778025186193776e-06 6.9696700666099784e-05 1.941512883604446e-05 -2.2673846228826736e-05 6.0768596595153215e-05 -4.7231583721440991e-06 4.0517123380823227e-07
leaf_weight=3.0000000000000009 2.9999999999999991 3.0000000000000027 3 3.0000000000000027 3.9999999999999991 4.9999999999999991 2.9999999999999991 4.9999999999999991 3.9999999999999991 5.0000000000000027
leaf_count=3 3 3 3 3 4 5 3 5 4 5
internal_value=-7.17856e-13 2.85113e-05 1.82213e-05 7.79846e-06 5.24676e-05 3.12696e-07 -6.05478e-06 6.70989e-05 -1.90002e-06 -4.88444e-07
internal_weight=41 38 30 23 7 20 15 8 12 8
internal_count=41 38 30 23 7 20 15 8 12 8
is_linear=0
shrinkage=0.05


Tree=223
num_leaves=12
num_cat=0
split_feature=10 6 30 22 29 53 35 31 9 18 30
split_gain=0.000164802 6.22939e-06 3.62523e-06 2.68787e-06 3.69588e-06 1.16043e-06 4.32401e-07 2.8212e-07 1.00265e-07 2.06093e-08 7.44649e-09
threshold=-1.3189379337224574 -0.48774014351021105 1.7041442647576723 -0.30503181777029448 0.15364598432043311 1.0000000180025095e-35 -0.23636798757674085 -0.22559576834473472 -0.33009340362160799 0.13953907075525215 0.23196065767146562
decision_type=2 2 2 2 2 2 2 2 2 2 2
left_child=-1 7 3 6 5 9 -3 -2 -6 -5 -8
right_child=1 2 -4 4 8 -7 10 -9 -10 -11 -12
leaf_value=-0.00035677140695042911 6.2075440655462441e-05 -2.3716453263962945e-05 7.0782960392534733e-05 -5.5300056828855235e-07 5.0073807748655465e-05 3.0464585142908619e-05 3.8423422985545106e-07 8.2359063283850764e-05 6.3000856122622881e-05 -5.7950487340955669e-06 -2.9111366529832586e-06
leaf_weight=2.9999999999999991 4 3 2.9999999999999991 5.0000000000000053 3 3.9999999999999991 4.0000000000000018 2.9999999999999991 2.9999999999999991 3 3
leaf_count=3 4 3 3 5 3 4 4 3 3 3 3
internal_value=-8.99755e-13 2.81662e-05 1.85463e-05 1.29495e-05 2.44962e-05 8.47568e-06 -7.83458e-06 7.07684e-05 5.65373e-05 -2.51877e-06 -1.02807e-06
internal_weight=41 38 31 28 18 12 10 7 6 8 7
internal_count=41 38 31 28 18 12 10 7 6 8 7
is_linear=0
shrinkage=0.05


Tree=224
num_leaves=11
num_cat=0
split_feature=24 6 60 28 9 46 79 80 66 28
split_gain=0.000160451 7.66545e-06 3.80731e-06 1.8432e-06 9.18728e-07 5.08524e-07 2.81891e-07 2.62217e-07 2.08766e-08 1.89149e-09
threshold=-1.6512441192927725 -0.48774014351021105 0.83147456896626093 -1.0795656015950137 -0.33009340362160799 0.28861566823279222 0.30434706145579377 1.4798989764263555 1.0000000180025095e-35 1.0000000180025095e-35
decision_type=2 2 2 2 2 2 2 2 2 2
left_child=-1 6 3 -3 -4 7 -2 8 9 -5
right_child=1 2 4 5 -6 -7 -8 -9 -10 -11
leaf_value=-0.0003520306869177148 7.6017696410417575e-05 3.1748372580295814e-05 2.6482861964420096e-05 5.1925961865132693e-07 6.3086305453907704e-05 -2.1467702451142639e-05 5.820962542202323e-05 1.4319653973871028e-05 -4.7430799895664674e-06 -1.2562649165677911e-06
leaf_weight=2.9999999999999991 4.9999999999999982 5.0000000000000027 3 3.0000000000000053 3.9999999999999991 2.9999999999999991 4 2.9999999999999991 5 3
leaf_count=3 5 5 3 3 4 3 4 3 5 3
internal_value=7.8839e-13 2.77919e-05 1.52816e-05 5.06233e-06 4.73991e-05 -2.7865e-06 6.8103e-05 1.21661e-06 -2.35695e-06 -3.68503e-07
internal_weight=41 38 29 22 7 17 9 14 11 6
internal_count=41 38 29 22 7 17 9 14 11 6
is_linear=0
shrinkage=0.05


Tree=225
num_leaves=13
num_cat=0
split_feature=61 6 70 36 47 24 82 6 2 29 40 47
split_gain=0.00015334 6.64382e-06 3.7565e-06 3.62521e-06 1.13281e-06 1.30434e-06 3.83693e-07 2.57185e-07 3.96608e-08 1.32879e-08 5.60727e-09 7.05637e-10
threshold=-0.71348124950225811 -0.48774014351021105 -1.0276450609751477 1.1352898281787425 0.36773009643994053 0.30998131197583778 0.9994517921295567 -0.50279862239329165 -0.61485306157833086 0.15364598432043311 0.30382579202794685 -0.19989592430754391
decision_type=2 2 2 2 2 2 2 2 2 2 2 2
left_child=-1 7 -3 4 6 -6 9 8 -2 10 11 -4
right_child=1 2 3 -5 5 -7 -8 -9 -10 -11 -12 -13
leaf_value=-0.00034414118854328993 6.2786355071390657e-05 6.0510780895128849e-05 -5.2936338382399493e-07 5.9884523701233175e-05 4.313322812474023e-05 -3.4917940411105506e-06 -2.1772948275611271e-05 7.6651109460120433e-05 5.4656079737469543e-05 -4.3331483993824803e-06 -2.6345991500420491e-06 5.5510056048054297e-07
leaf_weight=2.9999999999999991 3 3.9999999999999991 3.0000000000000053 2.9999999999999991 2.9999999999999991 3 2.9999999999999991 2.9999999999999982 3 3.9999999999999991 3 3.0000000000000071
leaf_count=3 3 4 3 3 3 3 3 3 3 4 3 3
internal_value=9.69943e-13 2.7169e-05 1.55222e-05 8.32399e-06 1.29301e-06 1.98207e-05 -5.65488e-06 6.46978e-05 5.87212e-05 -1.93532e-06 -8.69621e-07 1.28686e-08
internal_weight=41 38 29 25 22 6 16 9 6 13 9 6
internal_count=41 38 29 25 22 6 16 9 6 13 9 6
is_linear=0
shrinkage=0.05


Tree=226
num_leaves=11
num_cat=0
split_feature=11 6 30 83 14 19 31 79 66 40
split_gain=0.000149751 5.65178e-06 4.69721e-06 3.23329e-06 7.50505e-07 6.54362e-07 3.54743e-07 2.33189e-07 2.14925e-08 1.1019e-09
threshold=-1.1974538801251808 -0.48774014351021105 1.7041442647576723 0.29063875625630925 -0.070194583273307479 0.7909725286830912 1.844318609866801 0.30434706145579377 0.16011499462980897 0.16166019120186342
decision_type=2 2 2 2 2 2 2 2 2 2
left_child=-1 7 3 5 -5 6 8 -2 9 -3
right_child=1 2 -4 4 -6 -7 -8 -9 -10 -11
leaf_value=-0.00034008988683732847 6.8661551922559751e-05 1.8785168776957981e-07 7.5347271437446273e-05 2.3779760643568196e-05 5.9146990921969214e-05 1.5278845964985521e-05 -2.0985945745148153e-05 5.2464710461208586e-05 -4.7554758566548117e-06 -1.0242545916601857e-06
leaf_weight=2.9999999999999991 4.9999999999999982 5.0000000000000089 2.9999999999999991 3 2.9999999999999991 4.9999999999999991 2.9999999999999991 4 3.9999999999999991 3
leaf_count=3 5 5 3 3 3 5 3 4 4 3
internal_value=-1.51675e-13 2.68492e-05 1.6107e-05 9.27159e-06 4.14634e-05 -3.85951e-07 -5.60755e-06 6.1463e-05 -1.76295e-06 -2.66688e-07
internal_weight=41 38 29 26 6 20 15 9 12 8
internal_count=41 38 29 26 6 20 15 9 12 8
is_linear=0
shrinkage=0.05


Tree=227
num_leaves=11
num_cat=0
split_feature=55 83 10 21 78 10 70 53 42 53
split_gain=0.000146546 4.12364e-06 4.03132e-06 3.72833e-06 1.16852e-06 7.78379e-07 3.72992e-07 3.12673e-07 2.10588e-08 1.49113e-09
threshold=-1.3401506650763437 0.29063875625630925 -0.60895736155703284 -1.1613846848418459 1.103553955979192 -0.37924664133383124 0.45558866335546816 0.87828047446686108 0.12786718868547098 -0.14481749218138013
decision_type=2 2 2 2 2 2 2 2 2 2
left_child=-1 2 -2 -4 6 -5 -3 8 -7 -10
right_child=1 4 3 5 -6 7 -8 -9 9 -11
leaf_value=-0.00033643163624219596 6.1543595802504572e-05 5.0708890776149941e-05 5.8775744400918421e-05 2.2168095620145274e-05 2.3780482176031608e-05 -4.7734619147377088e-06 7.119343208614736e-05 -2.0135766290726073e-05 -1.0824818787114045e-07 -1.5182718167731475e-06
leaf_weight=2.9999999999999991 3.9999999999999991 4.9999999999999982 3.0000000000000027 3.0000000000000062 2.9999999999999991 4.9999999999999991 4 2.9999999999999991 5.0000000000000036 2.9999999999999964
leaf_count=3 4 5 3 3 3 5 4 3 5 3
internal_value=-1.01306e-12 2.65604e-05 1.53706e-05 6.97549e-06 5.0805e-05 -1.20349e-06 5.98131e-05 -5.58567e-06 -2.22795e-06 -6.37007e-07
internal_weight=41 38 26 22 12 19 9 16 13 8
internal_count=41 38 26 22 12 19 9 16 13 8
is_linear=0
shrinkage=0.05


Tree=228
num_leaves=12
num_cat=0
split_feature=78 6 70 60 7 60 37 79 0 66 40
split_gain=0.000140768 5.38167e-06 3.2388e-06 3.8997e-06 1.17894e-06 4.82846e-07 3.03104e-07 2.0048e-07 1.62601e-08 3.67983e-09 2.17467e-10
threshold=-1.6093343878249822 -0.48774014351021105 -1.0276450609751477 0.83147456896626093 -0.3244563402974518 -1.8620518998375541 -0.087852392459645171 1.0000000180025095e-35 -0.95312166137165455 -1.0000000180025095e-35 0.16166019120186342
decision_type=2 2 2 2 2 2 2 2 2 2 2
left_child=-1 7 -3 5 -5 -4 -7 -2 -8 10 -10
right_child=1 2 3 4 -6 6 8 -9 9 -11 -12
leaf_value=-0.00032973181999598945 6.8151252344250698e-05 5.7322830980410802e-05 -2.0639505783037702e-05 2.1842906668704618e-05 6.6170164306337631e-05 1.5545243650194561e-05 -4.7389136852871086e-06 5.3133278852328653e-05 1.0836344017661736e-07 -2.3373647612364461e-06 -4.9367019604081473e-07
leaf_weight=2.9999999999999991 3.9999999999999982 3.9999999999999991 3.0000000000000062 3 2.9999999999999991 3.000000000000008 4.0000000000000062 5 3.0000000000000053 2.999999999999984 3
leaf_count=3 4 4 3 3 3 3 4 5 3 3 3
internal_value=6.05036e-13 2.60315e-05 1.55491e-05 8.86531e-06 4.40065e-05 -2.23192e-06 1.2195e-06 5.98079e-05 -2.08644e-06 -9.07557e-07 -1.92653e-07
internal_weight=41 38 29 25 6 19 16 9 13 9 6
internal_count=41 38 29 25 6 19 16 9 13 9 6
is_linear=0
shrinkage=0.05


Tree=229
num_leaves=12
num_cat=0
split_feature=69 65 64 83 13 24 78 89 37 59 78
split_gain=0.000136278 4.55256e-06 4.26845e-06 3.09118e-06 1.48257e-06 3.69193e-07 3.39157e-07 2.80743e-07 1.33841e-07 1.63397e-08 4.42402e-09
threshold=-0.74818257057888882 -0.21367617151678323 1.0000000180025095e-35 0.29063875625630925 1.6299292415860136 -1.0000000180025095e-35 -0.53491940671093674 1.0000000180025095e-35 -0.034175507137468045 0.15187654861783237 0.49773536161804116
decision_type=2 2 2 2 2 2 2 2 2 2 2
left_child=-1 7 3 4 9 -5 -4 -2 -8 10 -3
right_child=1 2 6 5 -6 -7 8 -9 -10 -11 -12
leaf_value=-0.0003244306523508082 -1.9992874573896791e-05 -4.7195779018238611e-08 7.5287790969014149e-05 3.805739324889145e-05 3.7617511407006535e-05 6.1260971900386119e-05 4.7210696114537605e-05 -6.4542444874859931e-07 6.1181570345070227e-05 -5.5462191085098298e-06 -2.5872133846860372e-06
leaf_weight=2.9999999999999991 3 4.0000000000000053 3 4 2.9999999999999991 2.9999999999999991 3 5 3.9999999999999982 3 3
leaf_count=3 3 4 3 4 3 3 3 5 4 3 3
internal_value=-4.40606e-13 2.56129e-05 3.45499e-05 2.12138e-05 6.7895e-06 4.80018e-05 6.12222e-05 -7.90072e-06 5.51941e-05 -2.45891e-06 -1.13577e-06
internal_weight=41 38 30 20 13 7 10 8 7 10 7
internal_count=41 38 30 20 13 7 10 8 7 10 7
is_linear=0
shrinkage=0.05


Tree=230
num_leaves=12
num_cat=0
split_feature=19 6 30 14 17 0 67 16 36 6 54
split_gain=0.000132249 4.26567e-06 3.57425e-06 2.78621e-06 1.99565e-06 6.52659e-07 2.79417e-07 1.05125e-07 1.92311e-08 2.62087e-09 6.22497e-10
threshold=-1.410243707062665 -0.48774014351021105 1.7041442647576723 1.5886387839805127 -0.41996176514402422 0.81783464012756568 0.96044845770644816 -0.93433325239204235 -0.17652375554993327 -0.25629244785933919 0.1109397275574832
decision_type=2 2 2 2 2 2 2 2 2 2 2
left_child=-1 7 3 4 -3 6 8 -2 9 -6 -10
right_child=1 2 -4 -5 5 -7 -8 -9 10 -11 -12
leaf_value=-0.00031959849293343727 5.3409785808374469e-05 3.4503463357395914e-05 6.913903052918613e-05 5.7244706355656186e-05 -5.2776200997565548e-06 1.7251172144483463e-05 -1.9084158033895925e-05 6.5791510860435667e-05 1.6944902559619852e-07 -3.187614553705002e-06 -7.8334096542675969e-07
leaf_weight=2.9999999999999991 3 5.0000000000000062 2.9999999999999991 2.9999999999999991 3 3.9999999999999991 2.9999999999999991 3.9999999999999991 2.9999999999999991 3.0000000000000098 4
leaf_count=3 3 5 3 3 3 4 3 4 3 3 4
internal_value=-1.38441e-12 2.52315e-05 1.7271e-05 1.17137e-05 6.24995e-06 -8.13425e-07 -5.32957e-06 6.04851e-05 -2.15544e-06 -4.23262e-06 -3.75002e-07
internal_weight=41 38 31 28 25 20 16 7 13 6 7
internal_count=41 38 31 28 25 20 16 7 13 6 7
is_linear=0
shrinkage=0.05


Tree=231
num_leaves=13
num_cat=0
split_feature=59 6 60 70 19 76 13 31 43 32 11 16
split_gain=0.000128357 5.57661e-06 3.19026e-06 1.82418e-06 9.19034e-07 7.30525e-07 3.08342e-07 1.28547e-07 4.38746e-08 9.39986e-09 4.18231e-09 1.16912e-09
threshold=0.29141876784438431 -0.48774014351021105 0.83147456896626093 -1.0276450609751477 0.45456369357610421 0.62475254766422983 0.22556764627535852 -0.22559576834473472 -0.43235999795456559 0.77221827085690042 0.88926641763010217 0.10575727134121447
decision_type=2 2 2 2 2 2 2 2 2 2 2 2
left_child=1 7 3 -3 -4 6 9 8 -1 11 -11 -5
right_child=-2 2 4 5 -6 -7 -8 -9 -10 10 -12 -13
leaf_value=5.9290569818889085e-05 -0.00031486163691927995 4.207421540437882e-05 6.62248310012122e-05 4.2769655029436071e-07 2.7087603545320834e-05 1.6814455005942363e-05 -1.9591417913034093e-05 6.7691039294004465e-05 5.073929496575146e-05 -4.389127085839086e-06 -1.7489525362179842e-06 -9.6820009124106315e-07
leaf_weight=3 2.9999999999999991 3.0000000000000027 2.9999999999999991 3.0000000000000053 3 4.9999999999999991 2.9999999999999991 2.9999999999999982 3 3 3 3
leaf_count=3 3 3 3 3 3 5 3 3 3 3 3 3
internal_value=5.64206e-13 2.48575e-05 1.4187e-05 5.71674e-06 4.66562e-05 2.63114e-07 -5.254e-06 5.92403e-05 5.50149e-05 -1.66965e-06 -3.06904e-06 -2.70252e-07
internal_weight=41 38 29 23 6 20 15 9 6 12 6 6
internal_count=41 38 29 23 6 20 15 9 6 12 6 6
is_linear=0
shrinkage=0.05


Tree=232
num_leaves=13
num_cat=0
split_feature=66 6 30 21 83 4 31 14 31 66 76 43
split_gain=0.000125103 4.07534e-06 3.67794e-06 2.29356e-06 2.43069e-06 3.9084e-07 3.77172e-07 1.97596e-07 5.91661e-08 1.23362e-08 2.25087e-09 1.41016e-09
threshold=-0.86704174366281228 -0.48774014351021105 1.7041442647576723 -1.1613846848418459 0.29063875625630925 0.75664558527532277 1.844318609866801 -0.80725400430963468 -0.22559576834473472 -1.0000000180025095e-35 -1.0000000180025095e-35 0.87351600050211309
decision_type=2 2 2 2 2 2 2 2 2 2 2 2
left_child=-1 8 3 -3 6 -6 7 -5 -2 11 -11 -9
right_child=1 2 -4 4 5 -7 -8 9 -10 10 -12 -13
leaf_value=-0.0003108449348170931 5.5017574049998067e-05 5.2432220157546242e-05 6.9374565888817105e-05 1.2020966437376004e-05 4.667005559895188e-05 2.1147519631388902e-05 -1.8865261760462697e-05 -1.7442975490666821e-07 6.4306485000997782e-05 -2.910231341957114e-06 -4.8470965945550046e-06 -1.6084742431606472e-06
leaf_weight=2.9999999999999991 4 3.0000000000000027 2.9999999999999991 3.0000000000000098 2.9999999999999991 3 2.9999999999999991 4.0000000000000098 2.9999999999999991 3 2.999999999999992 3
leaf_count=3 4 3 3 3 3 3 3 4 3 3 3 3
internal_value=4.6473e-13 2.45404e-05 1.67595e-05 1.11222e-05 6.16499e-06 3.39088e-05 -2.59621e-06 4.54236e-07 5.89985e-05 -2.21501e-06 -3.87866e-06 -7.8902e-07
internal_weight=41 38 31 28 25 6 19 16 7 13 6 7
internal_count=41 38 31 28 25 6 19 16 7 13 6 7
is_linear=0
shrinkage=0.05


Tree=233
num_leaves=12
num_cat=0
split_feature=49 6 30 21 83 31 14 22 66 76 37
split_gain=0.000121454 4.49937e-06 3.41525e-06 2.17502e-06 1.84978e-06 3.40398e-07 1.78331e-07 1.28412e-07 1.11335e-08 2.03141e-09 1.29395e-09
threshold=1.6637015459767368 -0.48774014351021105 1.7041442647576723 -1.1613846848418459 0.29063875625630925 1.844318609866801 -0.80725400430963468 0.41667746019635316 -1.0000000180025095e-35 -1.0000000180025095e-35 0.22391334639158519
decision_type=2 2 2 2 2 2 2 2 2 2 2
left_child=1 7 3 -3 5 6 -5 -1 10 -10 -8
right_child=-2 2 -4 4 -6 -7 8 -9 9 -11 -12
leaf_value=5.2590257837437086e-05 -0.00030627787637058649 4.9810610168302995e-05 6.5905837497363492e-05 1.1419917761183226e-05 3.1713781427242791e-05 -1.7921998509488427e-05 -1.3382912811721292e-06 6.5675222625335048e-05 -2.7647196778464901e-06 -4.6047417223841681e-06 3.539349412070198e-08
leaf_weight=5 2.9999999999999991 3.0000000000000027 2.9999999999999991 3.0000000000000098 4.9999999999999991 2.9999999999999991 4.0000000000000098 3 3 2.999999999999992 3
leaf_count=5 3 3 3 3 5 3 4 3 3 3 3
internal_value=-8.04958e-13 2.41798e-05 1.52952e-05 9.67182e-06 4.65447e-06 -2.4664e-06 4.31524e-07 5.74971e-05 -2.10426e-06 -3.68473e-06 -7.49569e-07
internal_weight=41 38 30 27 24 19 16 8 13 6 7
internal_count=41 38 30 27 24 19 16 8 13 6 7
is_linear=0
shrinkage=0.05


Tree=234
num_leaves=13
num_cat=0
split_feature=61 6 65 21 0 89 71 6 23 66 11 29
split_gain=0.00011633 5.11207e-06 3.03264e-06 2.10202e-06 1.5217e-06 6.14178e-07 2.71096e-07 1.56516e-07 2.04149e-08 1.06198e-08 4.1794e-09 7.97631e-10
threshold=-0.71348124950225811 -0.48774014351021105 0.17081637030633376 -1.1613846848418459 0.81783464012756568 1.0000000180025095e-35 -0.16160430034313275 -0.50279862239329165 -0.060945946183797096 -1.0000000180025095e-35 0.88926641763010217 0.10420437847348581
decision_type=2 2 2 2 2 2 2 2 2 2 2 2
left_child=-1 7 3 -3 6 -6 -5 8 -2 11 -11 -8
right_child=1 2 -4 4 5 -7 9 -9 -10 10 -12 -13
leaf_value=-0.00029974725136222937 5.4837947633738309e-05 4.732007995092615e-05 6.1047927010804423e-05 -1.8459393807764424e-05 4.0466215189856787e-05 8.4720045682236828e-06 -5.7352485782757767e-08 6.5908738179132369e-05 4.9004860920831553e-05 -4.3318184907548196e-06 -1.8630213162396098e-06 -1.1358755273249695e-06
leaf_weight=2.9999999999999991 3 3.0000000000000027 2.9999999999999991 3.000000000000008 2.9999999999999991 3 4.0000000000000062 2.9999999999999982 3 3.9999999999999938 3 3
leaf_count=3 3 3 3 3 3 3 4 3 3 4 3 3
internal_value=2.53993e-13 2.36643e-05 1.34478e-05 7.95551e-06 2.821e-06 2.44691e-05 -4.8195e-06 5.65838e-05 5.19214e-05 -1.89667e-06 -3.27376e-06 -5.19577e-07
internal_weight=41 38 29 26 23 6 17 9 6 14 7 7
internal_count=41 38 29 26 23 6 17 9 6 14 7 7
is_linear=0
shrinkage=0.05


Tree=235
num_leaves=12
num_cat=0
split_feature=55 6 30 14 17 0 60 39 66 12 84
split_gain=0.000113479 3.64546e-06 3.26297e-06 2.18252e-06 1.90248e-06 4.5937e-07 2.45673e-07 1.36782e-07 9.76759e-09 3.77191e-09 3.78905e-10
threshold=-1.3401506650763437 -0.48774014351021105 1.7041442647576723 1.5886387839805127 -0.41996176514402422 0.81783464012756568 -1.8620518998375541 0.097871991666222694 -1.0000000180025095e-35 -0.52809821615336261 -1.0000000180025095e-35
decision_type=2 2 2 2 2 2 2 2 2 2 2
left_child=-1 7 3 4 -3 6 -6 -2 10 -10 -8
right_child=1 2 -4 -5 5 -7 8 -9 9 -11 -12
leaf_value=-0.00029605077385591962 4.990965098841116e-05 3.3453942578489611e-05 6.5571403441329809e-05 5.100120615679771e-05 -1.7714822994700248e-05 1.4126696544281004e-05 -7.5818390996573707e-07 6.4033167048667855e-05 -1.7698702625542197e-06 -4.1152276935463536e-06 3.6491438019462772e-08
leaf_weight=2.9999999999999991 3.9999999999999991 5.0000000000000062 2.9999999999999991 2.9999999999999991 3.0000000000000115 3.9999999999999991 3 3 3.0000000000000098 3.9999999999999769 3.0000000000000098
leaf_count=3 4 5 3 3 3 4 3 3 3 4 3
internal_value=1.05937e-12 2.33724e-05 1.60134e-05 1.07036e-05 5.86786e-06 -1.02866e-06 -4.8175e-06 5.59626e-05 -1.8412e-06 -3.11007e-06 -3.60846e-07
internal_weight=41 38 31 28 25 20 16 7 13 7 6
internal_count=41 38 31 28 25 20 16 7 13 7 6
is_linear=0
shrinkage=0.05


Tree=236
num_leaves=10
num_cat=0
split_feature=36 6 70 60 47 71 73 18 53
split_gain=0.000110129 4.78314e-06 2.23532e-06 2.53921e-06 4.47261e-07 2.46109e-07 1.50349e-07 1.15275e-08 4.31809e-10
threshold=1.4113210195067174 -0.48774014351021105 -1.0276450609751477 0.83147456896626093 0.36773009643994053 -0.16160430034313275 -0.082908108965505239 0.48432196536385735 -0.14481749218138013
decision_type=2 2 2 2 2 2 2 2 2
left_child=1 6 -3 4 5 -4 -1 8 -7
right_child=-2 2 3 -5 -6 7 -8 -9 -10
leaf_value=4.9087564111687239e-05 -0.00029164875741116703 4.7846725647104907e-05 -1.7503496079977263e-05 3.9459764448110949e-05 1.257330693078984e-05 -1.1178242971254797e-07 6.209306156961249e-05 -3.6837335755990339e-06 -8.7056136332345563e-07
leaf_weight=5 2.9999999999999991 3.9999999999999991 3.0000000000000044 4.9999999999999991 4.9999999999999991 5.0000000000000018 3.9999999999999982 4.0000000000000009 3
leaf_count=5 3 4 3 5 5 5 4 4 3
internal_value=8.61108e-13 2.30249e-05 1.31426e-05 7.58997e-06 -3.77474e-07 -4.6944e-06 5.48678e-05 -1.49213e-06 -3.96325e-07
internal_weight=41 38 29 25 20 15 9 12 8
internal_count=41 38 29 25 20 15 9 12 8
is_linear=0
shrinkage=0.05


Tree=237
num_leaves=11
num_cat=0
split_feature=11 6 30 83 19 14 31 73 66 38
split_gain=0.00010722 4.07895e-06 3.63392e-06 1.89056e-06 6.06147e-07 5.34615e-07 2.23015e-07 1.3569e-07 1.41647e-08 1.13744e-09
threshold=-1.1974538801251808 -0.48774014351021105 1.7041442647576723 0.29063875625630925 0.7909725286830912 -0.070194583273307479 1.844318609866801 -0.082908108965505239 0.16011499462980897 0.13828780416414868
decision_type=2 2 2 2 2 2 2 2 2 2
left_child=-1 7 3 4 6 -5 8 -2 9 -3
right_child=1 2 -4 5 -6 -7 -8 -9 -10 -11
leaf_value=-0.00028777131131694963 4.6633185702376062e-05 -1.047971136358681e-07 6.5698534793530905e-05 1.7271702260283438e-05 1.5272559448931133e-05 4.7121752868406477e-05 -1.7022930357294778e-05 5.8988410455640422e-05 -4.2106954424525616e-06 -1.3362965546548363e-06
leaf_weight=2.9999999999999991 5 5.0000000000000089 2.9999999999999991 3 4.9999999999999991 2.9999999999999991 2.9999999999999991 3.9999999999999982 3.9999999999999991 3
leaf_count=3 5 5 3 3 5 3 3 4 4 3
internal_value=-1.08973e-12 2.27188e-05 1.35929e-05 7.58072e-06 1.95917e-07 3.21967e-05 -4.82963e-06 5.21244e-05 -1.7813e-06 -5.66609e-07
internal_weight=41 38 29 26 20 6 15 9 12 8
internal_count=41 38 29 26 20 6 15 9 12 8
is_linear=0
shrinkage=0.05


Tree=238
num_leaves=12
num_cat=0
split_feature=80 60 6 70 34 71 78 9 66 12 5
split_gain=0.000104243 2.97159e-06 2.95957e-06 3.24938e-06 7.37175e-07 2.97675e-07 1.81205e-07 1.50428e-07 1.17272e-08 2.72711e-09 5.66772e-10
threshold=-0.9077348392975686 0.83147456896626093 -0.48774014351021105 -1.0276450609751477 0.98135195598132419 -0.16160430034313275 -0.78160371939515683 -0.33009340362160799 -1.0000000180025095e-35 -0.52809821615336261 -0.31810459943001473
decision_type=2 2 2 2 2 2 2 2 2 2 2
left_child=-1 2 -2 -4 7 -5 -7 -3 10 -10 -8
right_child=1 4 3 5 -6 6 8 -9 9 -11 -12
leaf_value=-0.0002837482810718939 4.8909848555922511e-05 4.8965074044341828e-05 4.742537930724207e-05 -1.6610195325483762e-05 2.9171200185373888e-05 1.1629552985444497e-05 -8.67053214885042e-07 6.4799020765349293e-05 -2.2539339624927355e-06 -4.2481857235543537e-06 1.048625658010374e-07
leaf_weight=2.9999999999999991 4.9999999999999991 3 4.0000000000000027 3.0000000000000062 4 3.0000000000000027 3 2.9999999999999982 3.0000000000000027 3.9999999999999893 3.0000000000000027
leaf_count=3 5 3 4 3 4 3 3 3 3 4 3
internal_value=-1.01916e-12 2.24012e-05 1.40453e-05 6.46602e-06 4.57977e-05 -2.157e-06 5.52971e-07 5.6882e-05 -2.00316e-06 -3.39351e-06 -3.81095e-07
internal_weight=41 38 28 23 10 19 16 6 13 7 6
internal_count=41 38 28 23 10 19 16 6 13 7 6
is_linear=0
shrinkage=0.05


Tree=239
num_leaves=12
num_cat=0
split_feature=69 65 64 83 13 78 21 89 37 49 34
split_gain=0.000101054 3.29327e-06 3.44771e-06 2.40842e-06 9.60007e-07 3.31379e-07 2.83989e-07 1.79471e-07 4.94157e-08 1.44841e-08 3.91183e-09
threshold=-0.74818257057888882 -0.21367617151678323 1.0000000180025095e-35 0.29063875625630925 1.6299292415860136 -0.53491940671093674 -0.11914848818786826 1.0000000180025095e-35 -0.034175507137468045 -1.0000000180025095e-35 -0.86219898513190329
decision_type=2 2 2 2 2 2 2 2 2 2 2
left_child=-1 7 3 4 9 -4 -5 -2 -7 10 -3
right_child=1 2 5 6 -6 8 -8 -9 -10 -11 -12
leaf_value=-0.00027937344081389409 -1.6116535819795288e-05 -2.7798810454745151e-06 6.753149015518524e-05 5.0038262997986742e-05 2.9746288176587163e-05 4.2818581763034057e-05 2.968757471535355e-05 -6.4739531353552587e-07 5.1307669491507129e-05 -1.7229570232757369e-07 -5.3332549820576472e-06
leaf_weight=2.9999999999999991 3 3 3 4 2.9999999999999991 3 2.9999999999999991 5 3.9999999999999982 4.0000000000000053 3
leaf_count=3 3 3 3 4 3 3 3 5 4 4 3
internal_value=9.03117e-13 2.20558e-05 2.96569e-05 1.76713e-05 4.93925e-06 5.36281e-05 4.13165e-05 -6.44832e-06 4.76695e-05 -2.50286e-06 -4.05657e-06
internal_weight=41 38 30 20 13 10 7 8 7 10 6
internal_count=41 38 30 20 13 10 7 8 7 10 6
is_linear=0
shrinkage=0.05


Tree=240
num_leaves=12
num_cat=0
split_feature=19 6 60 70 7 7 6 38 6 39 38
split_gain=9.7908e-05 3.2903e-06 2.37299e-06 2.39584e-06 8.25816e-07 5.00278e-07 3.96599e-07 2.10613e-07 1.17132e-07 6.73835e-09 7.07683e-10
threshold=-1.410243707062665 -0.48774014351021105 0.83147456896626093 -1.0276450609751477 -0.3244563402974518 1.0000000180025095e-35 0.37666235321814434 -0.26348979886666951 -0.50279862239329165 0.11193214171185796 -1.0000000180025095e-35
decision_type=2 2 2 2 2 2 2 2 2 2 2
left_child=-1 8 3 -3 -4 7 -7 -5 -2 -9 -11
right_child=1 2 4 5 -6 6 -8 9 -10 10 -12
leaf_value=-0.00027499095691988867 4.7070436994545152e-05 4.2572047095745765e-05 2.0502932117475813e-05 -1.6737626841252942e-05 5.5206164688570425e-05 2.5116902255225188e-05 -5.9299784425093085e-07 -3.1474325805902487e-06 6.0140151375283805e-05 -1.190937553019465e-07 -1.2051287133848151e-06
leaf_weight=2.9999999999999991 4 4.0000000000000027 3 3.0000000000000062 3.9999999999999991 2.9999999999999991 3 4.9999999999999982 2.9999999999999991 3.0000000000000036 2.9999999999999964
leaf_count=3 4 4 3 3 4 3 3 5 3 3 3
internal_value=-5.55263e-13 2.17098e-05 1.47184e-05 7.24738e-06 4.03334e-05 1.8245e-07 1.2262e-05 -4.99448e-06 5.26717e-05 -1.7918e-06 -6.62111e-07
internal_weight=41 38 31 24 7 20 6 14 7 11 6
internal_count=41 38 31 24 7 20 6 14 7 11 6
is_linear=0
shrinkage=0.05


Tree=241
num_leaves=12
num_cat=0
split_feature=24 6 60 84 9 53 9 22 24 36 54
split_gain=9.5476e-05 4.18671e-06 2.51888e-06 1.03373e-06 7.47845e-07 2.51148e-07 1.33691e-07 1.31814e-07 3.94288e-08 7.8058e-09 4.32697e-10
threshold=-1.6512441192927725 -0.48774014351021105 0.83147456896626093 0.59973374985951766 -0.33009340362160799 0.87828047446686108 0.39658803663868708 0.41667746019635316 1.0000000180025095e-35 -0.17652375554993327 0.63540483288778027
decision_type=2 2 2 2 2 2 2 2 2 2 2
left_child=-1 7 3 5 -4 6 9 8 -2 -3 -11
right_child=1 2 4 -5 -6 -7 -8 -9 -10 10 -12
leaf_value=-0.00027155404289563498 4.2898033279925597e-05 -3.4975830203620685e-06 1.9445629974749556e-05 2.3865555718884934e-05 5.2469973888946703e-05 -1.512566162394554e-05 1.0172113320550125e-05 5.9787424591680352e-05 5.1004491979256266e-05 -3.8831292101804071e-07 -1.1826786249002904e-06
leaf_weight=2.9999999999999991 2.9999999999999982 4.0000000000000027 3 4.9999999999999991 3.9999999999999991 2.9999999999999991 2.9999999999999991 3 3 4.0000000000000062 3
leaf_count=3 3 4 3 5 4 3 3 3 3 4 3
internal_value=4.97311e-13 2.14385e-05 1.21928e-05 3.88071e-06 3.83167e-05 -1.99719e-06 8.16051e-07 5.123e-05 4.69513e-05 -1.7356e-06 -7.28755e-07
internal_weight=41 38 29 22 7 17 14 9 6 11 7
internal_count=41 38 29 22 7 17 14 9 6 11 7
is_linear=0
shrinkage=0.05


Tree=242
num_leaves=11
num_cat=0
split_feature=49 10 60 11 72 22 43 84 19 12
split_gain=9.16892e-05 3.08795e-06 2.49177e-06 1.61151e-06 1.12197e-06 4.38706e-07 3.53841e-07 1.78551e-07 4.17712e-09 1.38859e-09
threshold=1.6637015459767368 -0.60895736155703284 0.83147456896626093 -0.50076965058740375 -1.0000000180025095e-35 -1.0000000180025095e-35 -0.62513879200828182 0.46788573460597732 0.19291435100899693 -0.69135926082626498
decision_type=2 2 2 2 2 2 2 2 2 2
left_child=1 5 3 4 -3 -1 -4 8 -5 -10
right_child=-2 2 6 7 -6 -7 -8 -9 9 -11
leaf_value=3.9540709694847449e-05 -0.00026611433228633058 3.8521742098964743e-05 3.0326408887049172e-05 -4.9019456241694546e-07 5.0258616352039074e-06 6.3726274917523065e-05 5.4610879548514879e-05 -1.531879894779801e-05 -1.6863413899651879e-06 -3.2076285909473265e-06
leaf_weight=5.0000000000000009 2.9999999999999991 5 3 5.0000000000000018 5.0000000000000018 2.9999999999999991 2.9999999999999991 2.9999999999999991 3 3
leaf_count=5 3 5 3 5 5 3 3 3 3 3
internal_value=-4.69582e-13 2.1009e-05 1.36487e-05 6.4437e-06 2.17738e-05 4.86103e-05 4.24686e-05 -4.50638e-06 -1.55753e-06 -2.44698e-06
internal_weight=41 38 30 24 10 8 6 14 11 6
internal_count=41 38 30 24 10 8 6 14 11 6
is_linear=0
shrinkage=0.05


Tree=243
num_leaves=12
num_cat=0
split_feature=1 6 30 22 29 53 10 26 89 18 18
split_gain=8.89207e-05 2.99054e-06 2.22077e-06 1.43564e-06 1.99727e-06 7.01972e-07 1.8922e-07 1.13116e-07 1.12633e-07 1.38814e-08 9.90542e-10
threshold=-0.87479638997235565 -0.48774014351021105 1.7041442647576723 -0.30503181777029448 0.15364598432043311 1.0000000180025095e-35 0.53138604960455693 -0.26376296914843095 -0.63801057478701384 0.13953907075525215 0.37194042943252797
decision_type=2 2 2 2 2 2 2 2 2 2 2
left_child=-1 8 3 6 5 9 10 -6 -2 -5 -3
right_child=1 2 -4 4 7 -7 -8 -9 -10 -11 -12
leaf_value=-0.00026206602439439545 5.7530851336196045e-05 -5.2841088802324491e-07 5.4908696135195593e-05 -6.3253434291254887e-07 3.477119462331756e-05 2.3407589560520139e-05 -1.6052232967922458e-05 4.8501725541427734e-05 4.4714569958159701e-05 -4.9346914238412853e-06 -1.7303013919445214e-06
leaf_weight=2.9999999999999991 3 4.0000000000000018 2.9999999999999991 5.0000000000000053 3 3.9999999999999991 3 2.9999999999999991 3.9999999999999991 3 3
leaf_count=3 3 4 3 5 3 4 3 3 4 3 3
internal_value=-6.05313e-13 2.06894e-05 1.40241e-05 9.64361e-06 1.80824e-05 6.3053e-06 -5.54612e-06 4.16365e-05 5.02073e-05 -2.24584e-06 -1.04351e-06
internal_weight=41 38 31 28 18 12 10 6 7 8 7
internal_count=41 38 31 28 18 12 10 6 7 8 7
is_linear=0
shrinkage=0.05


Tree=244
num_leaves=12
num_cat=0
split_feature=55 6 30 22 29 53 10 6 26 18 18
split_gain=8.59138e-05 3.31132e-06 2.00425e-06 1.29567e-06 1.80253e-06 6.3353e-07 1.70771e-07 1.27957e-07 1.02088e-07 1.2528e-08 8.93964e-10
threshold=-1.3401506650763437 -0.48774014351021105 1.7041442647576723 -0.30503181777029448 0.15364598432043311 1.0000000180025095e-35 0.53138604960455693 -0.50279862239329165 -0.26376296914843095 0.13953907075525215 0.37194042943252797
decision_type=2 2 2 2 2 2 2 2 2 2 2
left_child=-1 7 3 6 5 9 10 -2 -6 -5 -3
right_child=1 2 -4 4 8 -7 -8 -9 -10 -11 -12
leaf_value=-0.00025759692847107852 4.5542850421043107e-05 -5.019903426273228e-07 5.2163261959018803e-05 -6.009076389545946e-07 3.3032635110430411e-05 2.2237210032471921e-05 -1.5249621598438047e-05 5.920318265755972e-05 4.6076639167343575e-05 -4.6879569708835327e-06 -1.6437863754011532e-06
leaf_weight=2.9999999999999991 4 4.0000000000000018 2.9999999999999991 5.0000000000000053 3 3.9999999999999991 3 2.9999999999999991 2.9999999999999991 3 3
leaf_count=3 4 4 3 5 3 4 3 3 3 3 3
internal_value=4.55718e-13 2.03366e-05 1.33229e-05 9.16143e-06 1.71782e-05 5.99004e-06 -5.26882e-06 5.13973e-05 3.95546e-05 -2.13355e-06 -9.91331e-07
internal_weight=41 38 31 28 18 12 10 7 6 8 7
internal_count=41 38 31 28 18 12 10 7 6 8 7
is_linear=0
shrinkage=0.05


Tree=245
num_leaves=13
num_cat=0
split_feature=61 6 70 36 47 24 82 16 37 18 55 7
split_gain=8.40083e-05 4.19262e-06 2.07123e-06 1.89255e-06 4.65139e-07 5.36779e-07 2.18413e-07 1.20846e-07 4.38138e-08 2.69338e-09 5.62868e-10 9.02041e-11
threshold=-0.71348124950225811 -0.48774014351021105 -1.0276450609751477 1.1352898281787425 0.36773009643994053 0.30998131197583778 0.9994517921295567 -0.60718949840488246 -0.034175507137468045 0.48432196536385735 -1.0000000180025095e-35 1.0000000180025095e-35
decision_type=2 2 2 2 2 2 2 2 2 2 2 2
left_child=-1 7 -3 4 6 -6 9 8 -2 10 -4 -12
right_child=1 2 3 -5 5 -7 -8 -9 -10 -11 11 -13
leaf_value=-0.0002547242921233798 4.155280864021429e-05 4.426372834132053e-05 -1.2926156462829845e-06 4.2766753661756718e-05 2.7260067387639238e-05 -2.6503339578691029e-06 -1.6180270934758787e-05 5.8116051756466447e-05 5.0098156013215571e-05 -2.2927516965864928e-06 -2.599476098671017e-07 -6.4768479811997753e-07
leaf_weight=2.9999999999999991 3 3.9999999999999991 3.0000000000000053 2.9999999999999991 2.9999999999999991 3 2.9999999999999991 2.9999999999999982 3 3.9999999999999991 3.0000000000000071 3
leaf_count=3 3 4 3 3 3 3 3 3 3 4 3 3
internal_value=-3.9644e-13 2.01098e-05 1.08576e-05 5.51268e-06 4.32574e-07 1.23049e-05 -4.01954e-06 4.99223e-05 4.58255e-05 -1.21321e-06 -7.33416e-07 -4.53816e-07
internal_weight=41 38 29 25 22 6 16 9 6 13 9 6
internal_count=41 38 29 25 22 6 16 9 6 13 9 6
is_linear=0
shrinkage=0.05


Tree=246
num_leaves=13
num_cat=0
split_feature=78 6 70 60 7 71 13 16 37 36 6 85
split_gain=8.17763e-05 3.5896e-06 1.75732e-06 1.90875e-06 7.29814e-07 1.98364e-07 1.37131e-07 1.09064e-07 3.95419e-08 5.44146e-09 2.73996e-09 2.73461e-10
threshold=-1.6093343878249822 -0.48774014351021105 -1.0276450609751477 0.83147456896626093 -0.3244563402974518 0.30032957421783452 0.22556764627535852 -0.60718949840488246 -0.034175507137468045 -0.17652375554993327 -0.25629244785933919 -0.27952521032383032
decision_type=2 2 2 2 2 2 2 2 2 2 2 2
left_child=-1 7 -3 5 -5 6 9 8 -2 10 -4 -11
right_child=1 2 3 4 -6 -7 -8 -9 -10 11 -12 -13
leaf_value=-0.00025131757138296962 3.9475167674633358e-05 4.2050541378557685e-05 -3.5691543719925289e-06 1.3503759206893541e-05 4.8380053097692632e-05 1.0391218514390252e-05 -1.3255233092953253e-05 5.521024965370697e-05 4.75932485035931e-05 -1.7804338714455494e-07 -1.4321948280363931e-06 -8.0954694870645935e-07
leaf_weight=2.9999999999999991 3 3.9999999999999991 3 3 2.9999999999999991 2.9999999999999991 2.9999999999999991 2.9999999999999982 3 4.0000000000000062 3.0000000000000062 3
leaf_count=3 3 4 3 3 3 3 3 3 3 4 3 3
internal_value=-4.86722e-13 1.98409e-05 1.12799e-05 6.35658e-06 3.09419e-05 -1.40721e-06 -3.61941e-06 4.74262e-05 4.35342e-05 -1.39576e-06 -2.50067e-06 -4.48688e-07
internal_weight=41 38 29 25 6 19 16 9 6 13 6 7
internal_count=41 38 29 25 6 19 16 9 6 13 6 7
is_linear=0
shrinkage=0.05


Tree=247
num_leaves=12
num_cat=0
split_feature=11 6 30 83 14 19 67 16 37 87 10
split_gain=7.87972e-05 3.08637e-06 2.53196e-06 1.36564e-06 4.9363e-07 4.57607e-07 2.03057e-07 9.84302e-08 3.56866e-08 7.53438e-09 1.03789e-09
threshold=-1.1974538801251808 -0.48774014351021105 1.7041442647576723 0.29063875625630925 -0.070194583273307479 0.7909725286830912 0.96044845770644816 -0.60718949840488246 -0.034175507137468045 0.31283216343908632 -0.14461635678850343
decision_type=2 2 2 2 2 2 2 2 2 2 2
left_child=-1 7 3 5 -5 6 9 8 -2 10 -3
right_child=1 2 -4 4 -6 -7 -8 -9 -10 -11 -12
leaf_value=-0.00024669744598213586 3.7501408951356996e-05 -1.0918584735009055e-06 5.5031445420657601e-05 1.3099254829285199e-05 4.1782286522599565e-05 1.334267655693111e-05 -1.5758543819780851e-05 5.2449737753098228e-05 4.5213586417958134e-05 -3.3849032964402192e-06 -1.1290443353573192e-08
leaf_weight=2.9999999999999991 3 4.0000000000000018 2.9999999999999991 3 2.9999999999999991 4.9999999999999991 2.9999999999999991 2.9999999999999982 3 2.9999999999999991 5.0000000000000071
leaf_count=3 3 4 3 3 3 5 3 3 3 3 5
internal_value=-5.59422e-13 1.94761e-05 1.15379e-05 6.51938e-06 2.74408e-05 2.42958e-07 -4.12362e-06 4.50549e-05 4.13575e-05 -1.21488e-06 -4.91543e-07
internal_weight=41 38 29 26 6 20 15 9 6 12 9
internal_count=41 38 29 26 6 20 15 9 6 12 9
is_linear=0
shrinkage=0.05


Tree=248
num_leaves=12
num_cat=0
split_feature=80 6 30 14 2 89 46 16 32 11 1
split_gain=7.67134e-05 2.23746e-06 2.06229e-06 1.99596e-06 1.01329e-06 7.93268e-07 1.95141e-07 9.72123e-08 6.70441e-09 1.75574e-09 2.06282e-10
threshold=-0.9077348392975686 -0.48774014351021105 1.7041442647576723 1.5886387839805127 0.77228694941171161 1.0000000180025095e-35 0.28861566823279222 -0.60718949840488246 0.77221827085690042 0.88926641763010217 -1.0000000180025095e-35
decision_type=2 2 2 2 2 2 2 2 2 2 2
left_child=-1 7 3 4 6 -6 8 -2 10 -10 -3
right_child=1 2 -4 -5 5 -7 -8 -9 9 -11 -12
leaf_value=-0.00024341367340336242 3.8442330551333717e-05 -4.425457821829084e-07 5.2279873246637488e-05 4.7032933798618616e-05 3.3635216823313392e-05 3.7617078169205337e-06 -1.5588543889559028e-05 4.9827249798302854e-05 -3.3683685614960263e-06 -1.6577470887568777e-06 1.4380138300869746e-07
leaf_weight=2.9999999999999991 5.0000000000000009 3.0000000000000027 2.9999999999999991 2.9999999999999991 3.9999999999999982 5 2.9999999999999991 2.9999999999999991 3 3 3.0000000000000062
leaf_count=3 5 3 3 3 4 5 3 3 3 3 3
internal_value=-5.7606e-14 1.92169e-05 1.29516e-05 8.58178e-06 3.77538e-06 1.70388e-05 -4.18268e-06 4.27117e-05 -1.33122e-06 -2.51306e-06 -1.49372e-07
internal_weight=41 38 30 27 24 9 15 8 12 6 6
internal_count=41 38 30 27 24 9 15 8 12 6 6
is_linear=0
shrinkage=0.05


Tree=249
num_leaves=13
num_cat=0
split_feature=59 6 60 70 19 21 6 10 25 43 55 6
split_gain=7.47042e-05 2.55932e-06 1.74414e-06 1.15688e-06 6.44924e-07 5.32663e-07 1.29293e-07 1.20679e-07 4.46723e-08 5.5572e-09 1.01085e-09 9.05658e-11
threshold=0.29141876784438431 -0.48774014351021105 0.83147456896626093 -1.0276450609751477 0.45456369357610421 -0.74372871717008715 -0.50279862239329165 0.53138604960455693 -0.14658617695464618 -1.0672818183078967 1.0000000180025095e-35 -0.13677497563562044
decision_type=2 2 2 2 2 2 2 2 2 2 2 2
left_child=1 6 3 -3 -4 -5 8 9 -1 -7 -11 -12
right_child=-2 2 4 5 -6 7 -8 -9 -10 10 11 -13
leaf_value=3.3704221520262455e-05 -0.00024020477479401358 3.4425637568347113e-05 5.2135113704328743e-05 1.5262096994774748e-05 1.9349864548227436e-05 -3.2035158559059067e-06 5.073139133552712e-05 -1.2551759596135519e-05 4.2332888309222947e-05 -1.4680190057940027e-06 -1.4967664488570625e-07 -5.3819046570424704e-07
leaf_weight=3 2.9999999999999991 3.0000000000000027 2.9999999999999991 5.0000000000000044 3 3.0000000000000027 2.9999999999999982 3.0000000000000009 3 2.9999999999999947 3.0000000000000018 2.9999999999999982
leaf_count=3 3 3 3 5 3 3 3 3 3 3 3 3
internal_value=6.54739e-13 1.89635e-05 1.17348e-05 5.47191e-06 3.57425e-05 1.12885e-06 4.22562e-05 -3.58223e-06 3.80186e-05 -1.33985e-06 -7.18629e-07 -3.43934e-07
internal_weight=41 38 29 23 6 20 9 15 6 12 9 6
internal_count=41 38 29 23 6 20 9 15 6 12 9 6
is_linear=0
shrinkage=0.05


Tree=250
num_leaves=11
num_cat=0
split_feature=87 6 30 14 17 0 67 79 28 55
split_gain=7.2731e-05 1.827e-06 2.01829e-06 1.52262e-06 1.48502e-06 3.09921e-07 1.67177e-07 1.01394e-07 4.78662e-09 2.07567e-09
threshold=-1.1547895978152947 -0.48774014351021105 1.7041442647576723 1.5886387839805127 -0.41996176514402422 0.81783464012756568 0.96044845770644816 0.30434706145579377 -0.32494222338260798 0.42551177277413149
decision_type=2 2 2 2 2 2 2 2 2 2
left_child=-1 7 3 4 -3 6 8 -2 -6 -10
right_child=1 2 -4 -5 5 -7 -8 -9 9 -11
leaf_value=-0.0002370112924836576 4.699451892520301e-05 2.965889694337416e-05 5.2477874366256094e-05 4.2984239795866114e-05 -2.9024450213910235e-06 1.1641891057934118e-05 -1.4557727513420105e-05 3.483449690975248e-05 -1.6726333115002493e-06 -1.4451998822551102e-07
leaf_weight=2.9999999999999991 3.9999999999999991 5.0000000000000062 2.9999999999999991 2.9999999999999991 4.0000000000000098 3.9999999999999991 2.9999999999999991 3 3.9999999999999982 5
leaf_count=3 4 5 3 3 4 4 3 3 4 5
internal_value=-3.75582e-13 1.87114e-05 1.35017e-05 9.32567e-06 5.28664e-06 -8.06427e-07 -3.91851e-06 4.17831e-05 -1.4633e-06 -8.23681e-07
internal_weight=41 38 31 28 25 20 16 7 13 9
internal_count=41 38 31 28 25 20 16 7 13 9
is_linear=0
shrinkage=0.05


Tree=251
num_leaves=11
num_cat=0
split_feature=49 20 60 11 53 19 17 84 27 6
split_gain=6.97474e-05 2.31871e-06 1.88259e-06 1.29165e-06 8.43795e-07 5.27907e-07 2.4719e-07 1.33621e-07 2.42316e-09 4.26464e-10
threshold=1.6637015459767368 -0.88541895978395624 0.83147456896626093 -0.50076965058740375 -0.28275665499661323 0.45456369357610421 -1.0000000180025095e-35 0.46788573460597732 0.16885892986144327 -0.25629244785933919
decision_type=2 2 2 2 2 2 2 2 2 2
left_child=1 -1 3 4 -3 -4 -6 8 9 -5
right_child=-2 2 5 7 6 -7 -8 -9 -10 -11
leaf_value=5.0053874147124589e-05 -0.00023209904611576349 3.7715704092988734e-05 4.3848923523910352e-05 -2.0611230259722435e-06 -2.0801295249839306e-06 1.9478958893159867e-05 1.8217249718569904e-05 -1.2954111639373878e-05 -6.7791911106951367e-08 -1.2724999351121348e-06
leaf_weight=4.9999999999999991 2.9999999999999991 4 4.9999999999999982 2.9999999999999956 3 4 2.9999999999999982 2.9999999999999991 4 4.0000000000000062
leaf_count=5 3 4 5 3 3 4 3 3 4 4
internal_value=-2.15797e-13 1.83236e-05 1.3516e-05 6.2028e-06 1.99274e-05 3.30178e-05 8.06856e-06 -3.60049e-06 -1.0495e-06 -1.61048e-06
internal_weight=41 38 33 24 10 9 6 14 11 7
internal_count=41 38 33 24 10 9 6 14 11 7
is_linear=0
shrinkage=0.05


Tree=252
num_leaves=10
num_cat=0
split_feature=1 65 64 83 30 21 22 2 20
split_gain=6.7501e-05 2.09057e-06 1.70747e-06 1.59112e-06 8.11639e-07 2.73197e-07 2.22366e-07 9.90488e-08 1.06792e-08
threshold=-0.87479638997235565 -0.21367617151678323 1.0000000180025095e-35 0.29063875625630925 -0.10877441746686083 -0.11914848818786826 -1.0000000180025095e-35 -0.61485306157833086 1.0000000180025095e-35
decision_type=2 2 2 2 2 2 2 2 2
left_child=-1 7 3 4 8 -5 -4 -2 -3
right_child=1 2 6 5 -6 -7 -8 -9 -10
leaf_value=-0.00022833079953367511 -3.7485193502106982e-07 -8.914444833862943e-07 3.3516355324536561e-05 4.4291373342275613e-05 2.2693226528645005e-05 2.4331098635836194e-05 4.9332867492921662e-05 -1.186681059455926e-05 -4.3575880454227441e-06
leaf_weight=2.9999999999999991 5.0000000000000009 5 4 4 5.0000000000000044 2.9999999999999991 4.9999999999999982 2.9999999999999991 4
leaf_count=3 5 5 4 4 5 3 5 3 4
internal_value=3.90833e-13 1.80261e-05 2.40822e-05 1.62732e-05 6.54133e-06 3.5737e-05 4.23033e-05 -4.68434e-06 -2.43195e-06
internal_weight=41 38 30 21 14 7 9 8 9
internal_count=41 38 30 21 14 7 9 8 9
is_linear=0
shrinkage=0.05


Tree=253
num_leaves=12
num_cat=0
split_feature=36 6 70 47 37 44 31 6 30 28 29
split_gain=6.55807e-05 2.66398e-06 1.56558e-06 1.18953e-06 1.01699e-06 2.75202e-07 1.60786e-07 1.41349e-07 3.77732e-08 3.3795e-09 4.66118e-10
threshold=1.4113210195067174 -0.48774014351021105 -1.0276450609751477 0.26790534700367247 1.0000000180025095e-35 -1.0000000180025095e-35 1.844318609866801 -0.50279862239329165 0.23196065767146562 -0.32494222338260798 -0.025714897007415027
decision_type=2 2 2 2 2 2 2 2 2 2 2
left_child=1 7 -3 6 5 -5 9 8 -1 -4 -11
right_child=-2 2 3 4 -6 -7 -8 -9 -10 10 -12
leaf_value=3.3133935842973485e-05 -0.00022505942227629325 3.9436311271856543e-05 -2.5546455920751516e-06 1.8094879199755568e-05 -2.0617204882000805e-06 3.8128271262394279e-05 -1.4182233371684561e-05 5.039347743149848e-05 4.1068376352389642e-05 -8.8244902144651878e-07 -9.4102123663711976e-08
leaf_weight=3 2.9999999999999991 3.9999999999999991 2.9999999999999991 3 4 3.9999999999999982 2.9999999999999991 2.9999999999999982 3 4.9999999999999982 3.0000000000000071
leaf_count=3 3 4 3 3 4 4 3 3 3 5 3
internal_value=-1.30324e-14 1.77678e-05 1.03928e-05 5.74583e-06 1.80501e-05 2.95425e-05 -3.9218e-06 4.15319e-05 3.71012e-05 -1.1235e-06 -5.86819e-07
internal_weight=41 38 29 25 11 7 14 9 6 11 8
internal_count=41 38 29 25 11 7 14 9 6 11 8
is_linear=0
shrinkage=0.05


Tree=254
num_leaves=13
num_cat=0
split_feature=19 6 30 21 83 14 10 31 6 70 78 1
split_gain=6.3718e-05 1.89098e-06 1.75449e-06 1.00907e-06 1.25209e-06 3.70548e-07 2.48493e-07 1.4014e-07 9.96301e-08 6.4049e-09 1.24865e-09 2.79716e-10
threshold=-1.410243707062665 -0.48774014351021105 1.7041442647576723 -1.1613846848418459 0.29063875625630925 -0.070194583273307479 -0.37924664133383124 1.844318609866801 -0.50279862239329165 0.89847885944789352 -1.0000000180025095e-35 1.0000000180025095e-35
decision_type=2 2 2 2 2 2 2 2 2 2 2 2
left_child=-1 8 3 -3 6 -6 -5 9 -2 10 11 -8
right_child=1 2 -4 4 5 -7 7 -9 -10 -11 -12 -13
leaf_value=-0.00022184031161790095 3.5820010089082638e-05 3.5720655190137486e-05 4.8553388720999163e-05 1.1949198627310841e-05 1.2518472673643067e-05 3.7369640388836463e-05 -7.8788987896890058e-08 -1.3473121528780516e-05 4.7873801668174566e-05 -3.5104993003187704e-06 -1.5606532087986149e-06 -7.6157274027840061e-07
leaf_weight=2.9999999999999991 4 3.0000000000000027 2.9999999999999991 3.0000000000000098 3 2.9999999999999991 3.0000000000000053 2.9999999999999991 2.9999999999999991 2.9999999999999991 3.9999999999999929 3
leaf_count=3 4 3 3 3 3 3 3 3 3 3 4 3
internal_value=4.09827e-13 1.75137e-05 1.22135e-05 8.31998e-06 5.03189e-06 2.49441e-05 -1.25616e-06 -3.73216e-06 4.09859e-05 -1.48425e-06 -8.7637e-07 -4.20181e-07
internal_weight=41 38 31 28 25 6 19 16 7 13 10 6
internal_count=41 38 31 28 25 6 19 16 7 13 10 6
is_linear=0
shrinkage=0.05


Tree=255
num_leaves=12
num_cat=0
split_feature=55 6 30 22 29 53 35 31 26 78 0
split_gain=6.22717e-05 2.19544e-06 1.58343e-06 9.13398e-07 1.30031e-06 4.48976e-07 1.02597e-07 1.01314e-07 4.22155e-08 6.50587e-09 1.51068e-09
threshold=-1.3401506650763437 -0.48774014351021105 1.7041442647576723 -0.30503181777029448 0.15364598432043311 1.0000000180025095e-35 -0.23636798757674085 -0.22559576834473472 -0.26376296914843095 1.0000000180025095e-35 -0.91461887957759636
decision_type=2 2 2 2 2 2 2 2 2 2 2
left_child=-1 7 3 6 5 9 -3 -2 -6 -5 -8
right_child=1 2 -4 4 8 -7 10 -9 -10 -11 -12
leaf_value=-0.00021930803583624462 3.7395698745967815e-05 -1.1948145584028676e-05 4.6125716956642766e-05 -2.8041410473633693e-07 2.9446221985078098e-05 1.8809944685926896e-05 -1.7446140191168519e-06 4.9550930270925164e-05 3.7834258788886171e-05 -3.1321400911110679e-06 -2.6034052851287e-07
leaf_weight=2.9999999999999991 4 3 2.9999999999999991 4.0000000000000053 3 3.9999999999999991 3 2.9999999999999991 2.9999999999999991 4 4.0000000000000018
leaf_count=3 4 3 3 4 3 4 3 3 3 4 4
internal_value=-1.82523e-13 1.73138e-05 1.16029e-05 7.90398e-06 1.46351e-05 5.13246e-06 -4.21196e-06 4.26051e-05 3.36402e-05 -1.70628e-06 -8.96458e-07
internal_weight=41 38 31 28 18 12 10 7 6 8 7
internal_count=41 38 31 28 18 12 10 7 6 8 7
is_linear=0
shrinkage=0.05


Tree=256
num_leaves=13
num_cat=0
split_feature=61 6 65 21 0 89 67 27 43 70 54 38
split_gain=6.07908e-05 2.71703e-06 1.3997e-06 9.5784e-07 8.78017e-07 4.87752e-07 1.26179e-07 7.42036e-08 3.0201e-08 4.94718e-09 8.54273e-10 3.19897e-10
threshold=-0.71348124950225811 -0.48774014351021105 0.17081637030633376 -1.1613846848418459 0.81783464012756568 1.0000000180025095e-35 0.96044845770644816 -0.16916832142131538 -0.097169383063797243 0.89847885944789352 0.63540483288778027 1.0000000180025095e-35
decision_type=2 2 2 2 2 2 2 2 2 2 2 2
left_child=-1 7 3 -3 6 -6 9 -2 -9 10 11 -5
right_child=1 2 -4 4 5 -7 -8 8 -10 -11 -12 -13
leaf_value=-0.00021668462820040682 4.7526827741724737e-05 3.2499781809747185e-05 4.1996605674891428e-05 -6.1163389849146478e-08 3.3161078075257437e-05 4.6493325953633749e-06 -1.2648073419541107e-05 3.4348558013637851e-05 4.1443274434035043e-05 -2.8345721375444558e-06 -1.4599206224374934e-06 -7.4418359190531177e-07
leaf_weight=2.9999999999999991 3 3.0000000000000027 2.9999999999999991 3.0000000000000089 2.9999999999999991 3 2.9999999999999991 3 2.9999999999999982 3.9999999999999991 3 4
leaf_count=3 3 3 3 3 3 3 3 3 3 4 3 4
internal_value=-1.16598e-13 1.71067e-05 9.65855e-06 5.92723e-06 2.46125e-06 1.89052e-05 -3.3425e-06 4.11062e-05 3.78959e-05 -1.34845e-06 -7.53999e-07 -4.51461e-07
internal_weight=41 38 29 26 23 6 17 9 6 14 10 7
internal_count=41 38 29 26 23 6 17 9 6 14 10 7
is_linear=0
shrinkage=0.05


Tree=257
num_leaves=11
num_cat=0
split_feature=80 6 30 14 2 89 46 79 70 38
split_gain=5.79466e-05 2.07163e-06 1.66691e-06 1.04637e-06 7.26435e-07 6.71919e-07 1.28193e-07 7.3466e-08 5.61991e-09 6.19436e-10
threshold=-0.9077348392975686 -0.48774014351021105 1.7041442647576723 1.5886387839805127 0.77228694941171161 1.0000000180025095e-35 0.28861566823279222 0.30434706145579377 0.89847885944789352 1.0000000180025095e-35
decision_type=2 2 2 2 2 2 2 2 2 2
left_child=-1 7 3 4 6 -6 8 -2 9 -3
right_child=1 2 -4 -5 5 -7 -8 -9 -10 -11
leaf_value=-0.00021155489666853101 4.4100510422140353e-05 1.7051193026418277e-07 4.6030954884675641e-05 3.4584884997457269e-05 2.9768887907266622e-05 2.2750886103040099e-06 -1.2718315065285424e-05 3.4517580934334541e-05 -2.6928436000162038e-06 -7.3828658059937874e-07
leaf_weight=2.9999999999999991 4 3.0000000000000089 2.9999999999999991 2.9999999999999991 3.9999999999999982 5 2.9999999999999991 4 3.9999999999999991 5
leaf_count=3 4 3 3 3 4 5 3 4 4 5
internal_value=-6.57581e-13 1.67017e-05 1.06731e-05 6.74442e-06 3.26437e-06 1.44946e-05 -3.47375e-06 3.9309e-05 -1.16261e-06 -3.97487e-07
internal_weight=41 38 30 27 24 9 15 8 12 8
internal_count=41 38 30 27 24 9 15 8 12 8
is_linear=0
shrinkage=0.05


Tree=258
num_leaves=11
num_cat=0
split_feature=11 6 30 83 14 19 31 79 87 37
split_gain=5.64233e-05 2.28282e-06 1.55417e-06 1.08697e-06 4.92265e-07 2.74438e-07 1.09757e-07 9.31594e-08 5.39515e-09 9.7396e-10
threshold=-1.1974538801251808 -0.48774014351021105 1.7041442647576723 0.29063875625630925 -0.070194583273307479 0.7909725286830912 1.844318609866801 0.30434706145579377 0.31283216343908632 0.22391334639158519
decision_type=2 2 2 2 2 2 2 2 2 2
left_child=-1 7 3 5 -5 6 8 -2 9 -3
right_child=1 2 -4 4 -6 -7 -8 -9 -10 -11
leaf_value=-0.0002087558221925671 4.3029100634157668e-05 -9.7392120551375963e-07 4.3729407479986548e-05 1.0065286793784856e-05 3.8708637778957687e-05 1.0266922799928579e-05 -1.181331476421595e-05 3.2791700505185866e-05 -2.9570846284817286e-06 7.283811100933233e-08
leaf_weight=2.9999999999999991 4.9999999999999982 5.0000000000000089 2.9999999999999991 3 2.9999999999999991 4.9999999999999991 2.9999999999999991 4 2.9999999999999991 4
leaf_count=3 5 5 3 3 3 5 3 4 3 4
internal_value=-7.29259e-14 1.64807e-05 9.65363e-06 5.72181e-06 2.4387e-05 1.22258e-07 -3.2593e-06 3.84791e-05 -1.12079e-06 -5.08695e-07
internal_weight=41 38 29 26 6 20 15 9 12 9
internal_count=41 38 29 26 6 20 15 9 12 9
is_linear=0
shrinkage=0.05


Tree=259
num_leaves=11
num_cat=0
split_feature=24 6 60 74 7 53 37 1 28 67
split_gain=5.49565e-05 1.94203e-06 1.39462e-06 8.0311e-07 5.23175e-07 1.2349e-07 8.57761e-08 7.25808e-08 4.03379e-09 4.75806e-10
threshold=-1.6512441192927725 -0.48774014351021105 0.83147456896626093 -0.92377475693053468 -0.3244563402974518 0.87828047446686108 -0.034175507137468045 2.0564798342689676 -0.32494222338260798 1.0000000180025095e-35
decision_type=2 2 2 2 2 2 2 2 2 2
left_child=-1 6 3 -3 -4 7 -2 8 -5 -10
right_child=1 2 4 5 -6 -7 -8 -9 9 -11
leaf_value=-0.00020602449270275735 3.1097772443899883e-05 2.1398326061898829e-05 1.362274160783272e-05 -2.5717629341670524e-06 4.124454062548466e-05 -1.0603581434528072e-05 4.0921119507402194e-05 7.4686718107841443e-06 -9.3834611334386781e-07 -1.0534902230574514e-07
leaf_weight=2.9999999999999991 4 5.0000000000000027 3 4.0000000000000027 3.9999999999999991 2.9999999999999991 4.9999999999999982 2.9999999999999991 4.0000000000000027 3
leaf_count=3 4 5 3 4 4 3 5 3 4 3
internal_value=3.58807e-13 1.62651e-05 9.96817e-06 3.7832e-06 2.94066e-05 -1.39772e-06 3.65552e-05 5.74967e-07 -1.30513e-06 -5.81347e-07
internal_weight=41 38 29 22 7 17 9 14 11 7
internal_count=41 38 29 22 7 17 9 14 11 7
is_linear=0
shrinkage=0.05


Tree=260
num_leaves=11
num_cat=0
split_feature=49 10 60 11 72 22 6 84 19 10
split_gain=5.28813e-05 1.49562e-06 1.26037e-06 1.02724e-06 8.33314e-07 3.03228e-07 2.89253e-07 8.73127e-08 1.80593e-09 2.87829e-10
threshold=1.6637015459767368 -0.60895736155703284 0.83147456896626093 -0.50076965058740375 -1.0000000180025095e-35 -1.0000000180025095e-35 -0.32116387703434074 0.46788573460597732 0.19291435100899693 0.088216746022511006
decision_type=2 2 2 2 2 2 2 2 2 2
left_child=1 5 3 4 -3 -1 -4 8 -5 -10
right_child=-2 2 6 7 -6 -7 -8 -9 9 -11
leaf_value=2.7623811911325894e-05 -0.0002020972596559053 3.2381522178184238e-05 2.0351300433200469e-05 -2.7019514163839621e-07 3.5143478453392149e-06 4.7731115288722024e-05 4.2307814389156806e-05 -1.0595113129359865e-05 -1.9031399157635552e-06 -1.2105257762110944e-06
leaf_weight=5.0000000000000009 2.9999999999999991 5 3 5.0000000000000018 5.0000000000000018 2.9999999999999991 2.9999999999999991 2.9999999999999991 3 3
leaf_count=5 3 5 3 5 5 3 3 3 3 3
internal_value=2.16282e-13 1.5955e-05 1.08326e-05 5.70842e-06 1.79479e-05 3.51641e-05 3.13296e-05 -3.03409e-06 -9.71998e-07 -1.55683e-06
internal_weight=41 38 30 24 10 8 6 14 11 6
internal_count=41 38 30 24 10 8 6 14 11 6
is_linear=0
shrinkage=0.05


Tree=261
num_leaves=10
num_cat=0
split_feature=1 65 64 83 30 21 22 89 33
split_gain=5.11587e-05 1.57178e-06 1.43425e-06 1.3503e-06 4.55418e-07 2.20796e-07 1.23411e-07 6.88339e-08 9.3648e-09
threshold=-0.87479638997235565 -0.21367617151678323 1.0000000180025095e-35 0.29063875625630925 -0.10877441746686083 -0.11914848818786826 1.0000000180025095e-35 1.0000000180025095e-35 0.55724696650925043
decision_type=2 2 2 2 2 2 2 2 2
left_child=-1 7 3 4 8 -5 -4 -2 -3
right_child=1 2 6 5 -6 -7 -8 -9 -10
leaf_value=-0.0001987783228590464 -9.9865305855928438e-06 -3.7029120449005856e-06 3.1097917235456415e-05 3.9408007432939477e-05 1.6920903653954139e-05 2.1463800900770973e-05 4.2880821274593467e-05 -4.0642117710376624e-07 -4.5708433617619441e-07
leaf_weight=2.9999999999999991 3 4 3.9999999999999982 4 5.0000000000000044 2.9999999999999991 5 5 5
leaf_count=3 3 4 4 4 5 3 5 5 5
internal_value=-2.45397e-13 1.5693e-05 2.09442e-05 1.37872e-05 4.82196e-06 3.17176e-05 3.7644e-05 -3.99896e-06 -1.89967e-06
internal_weight=41 38 30 21 14 7 9 8 9
internal_count=41 38 30 21 14 7 9 8 9
is_linear=0
shrinkage=0.05


Tree=262
num_leaves=12
num_cat=0
split_feature=78 6 70 60 9 54 89 84 77 78 47
split_gain=4.98876e-05 1.86519e-06 1.38862e-06 9.96725e-07 3.40187e-07 1.92179e-07 1.16148e-07 8.39417e-08 3.95295e-09 7.68449e-10 2.3343e-10
threshold=-1.6093343878249822 -0.48774014351021105 -1.0276450609751477 0.83147456896626093 -0.33009340362160799 -0.77896667624259808 -0.63801057478701384 0.46788573460597732 -0.76482437014031623 -1.0000000180025095e-35 1.0000000180025095e-35
decision_type=2 2 2 2 2 2 2 2 2 2 2
left_child=-1 6 -3 5 -5 -4 -2 8 -7 10 -10
right_child=1 2 3 4 -6 7 -8 -9 9 -11 -12
leaf_value=-0.00019629339124852173 4.0461884345859283e-05 3.667861528811045e-05 1.0952024634510331e-05 1.0809612770875292e-05 3.462091456943502e-05 -2.6905308914137941e-06 2.9030961741227663e-05 -1.0377385797255557e-05 -5.8425781617188388e-07 -1.2906682665440436e-06 -8.0368257234416258e-10
leaf_weight=2.9999999999999991 5 3.9999999999999991 3.0000000000000062 3 2.9999999999999991 3.0000000000000062 3.9999999999999982 2.9999999999999991 4.0000000000000053 2.9999999999999929 3
leaf_count=3 5 4 3 3 3 3 4 3 4 3 3
internal_value=3.62134e-13 1.54968e-05 9.32576e-06 4.9493e-06 2.27153e-05 -6.61006e-07 3.53815e-05 -2.83845e-06 -1.0987e-06 -6.21145e-07 -3.34206e-07
internal_weight=41 38 29 25 6 19 9 16 13 10 7
internal_count=41 38 29 25 6 19 9 16 13 10 7
is_linear=0
shrinkage=0.05


Tree=263
num_leaves=13
num_cat=0
split_feature=87 6 30 21 83 14 31 72 6 70 78 10
split_gain=4.84862e-05 1.30449e-06 1.3014e-06 9.67023e-07 1.01777e-06 3.39802e-07 1.47776e-07 9.03022e-08 8.68976e-08 4.95888e-09 1.59387e-09 1.05812e-10
threshold=-1.1547895978152947 -0.48774014351021105 1.7041442647576723 -1.1613846848418459 0.29063875625630925 -0.070194583273307479 1.844318609866801 0.62111881951717118 -0.50279862239329165 0.89847885944789352 1.0000000180025095e-35 1.0000000180025095e-35
decision_type=2 2 2 2 2 2 2 2 2 2 2 2
left_child=-1 8 3 -3 6 -6 7 9 -2 10 11 -5
right_child=1 2 -4 4 5 -7 -8 -9 -10 -11 -12 -13
leaf_value=-0.00019351661127681535 2.9948435985716054e-05 3.4345827104213296e-05 4.2173243127763274e-05 -7.6350564389334031e-10 1.0356893956971662e-05 3.4154725532668333e-05 -1.1549397307438387e-05 8.3627885336075746e-06 4.1205683373846114e-05 -3.0439265780538944e-06 -1.4992535398050674e-06 -4.2070759036505474e-07
leaf_weight=2.9999999999999991 4 3.0000000000000027 2.9999999999999991 3.0000000000000124 3 2.9999999999999991 2.9999999999999991 2.9999999999999991 2.9999999999999991 2.9999999999999991 4 3
leaf_count=3 4 3 3 3 3 3 3 3 3 3 4 3
internal_value=-1.001e-13 1.52776e-05 1.08755e-05 7.52212e-06 4.30327e-06 2.22558e-05 -1.36595e-06 5.43447e-07 3.4773e-05 -1.26102e-06 -7.26143e-07 -2.10736e-07
internal_weight=41 38 31 28 25 6 19 16 7 13 10 6
internal_count=41 38 31 28 25 6 19 16 7 13 10 6
is_linear=0
shrinkage=0.05


Tree=264
num_leaves=13
num_cat=0
split_feature=61 6 70 36 47 24 31 82 41 77 23 18
split_gain=4.70829e-05 1.76722e-06 1.09448e-06 1.28728e-06 3.56332e-07 3.94523e-07 1.1965e-07 1.02027e-07 2.13447e-08 3.62149e-09 1.13778e-09 7.04243e-11
threshold=-0.71348124950225811 -0.48774014351021105 -1.0276450609751477 1.1352898281787425 0.36773009643994053 0.30998131197583778 -0.22559576834473472 0.9994517921295567 0.086519904674862189 -0.76482437014031623 0.40609898640400593 1.0000000180025095e-35
decision_type=2 2 2 2 2 2 2 2 2 2 2 2
left_child=-1 6 -3 4 7 -6 8 9 -2 -4 11 -11
right_child=1 2 3 -5 5 -7 -8 -9 -10 10 -12 -13
leaf_value=-0.00019069569777154056 3.3315994854395582e-05 3.3331800659652798e-05 -2.2575469984076295e-06 3.5887387154313427e-05 2.418551860804049e-05 -1.4569791498312646e-06 4.2563351841333024e-05 -1.1235282772759093e-05 2.7351562069573745e-05 1.1942569940378174e-07 -1.2444455630126561e-06 -2.2317298847459213e-07
leaf_weight=2.9999999999999991 3 3.9999999999999991 4.0000000000000062 2.9999999999999991 2.9999999999999991 3 2.9999999999999982 2.9999999999999991 3 3.0000000000000053 3 3
leaf_count=3 3 4 4 3 3 3 3 3 3 3 3 3
internal_value=1.43733e-14 1.50549e-05 9.04808e-06 5.16269e-06 9.72955e-07 1.13643e-05 3.44103e-05 -2.92379e-06 3.03338e-05 -1.00575e-06 -4.49398e-07 -5.18736e-08
internal_weight=41 38 29 25 22 6 9 16 6 13 9 6
internal_count=41 38 29 25 22 6 9 16 6 13 9 6
is_linear=0
shrinkage=0.05


Tree=265
num_leaves=12
num_cat=0
split_feature=55 6 30 14 17 0 31 31 6 0 11
split_gain=4.58933e-05 1.26785e-06 1.32377e-06 9.68228e-07 7.41321e-07 2.07987e-07 8.86358e-08 8.47331e-08 3.67488e-09 1.30793e-09 5.68694e-10
threshold=-1.3401506650763437 -0.48774014351021105 1.7041442647576723 1.5886387839805127 -0.41996176514402422 0.81783464012756568 0.86853729573652683 -0.22559576834473472 -0.23848341611596011 -0.95312166137165455 -1.0000000180025095e-35
decision_type=2 2 2 2 2 2 2 2 2 2 2
left_child=-1 7 3 4 -3 6 8 -2 9 -6 -10
right_child=1 2 -4 -5 5 -7 -8 -9 10 -11 -12
leaf_value=-0.0001882711861981079 2.9319018358364696e-05 2.1140737890163991e-05 4.2089189325148864e-05 3.398199332877994e-05 -2.7921956037365205e-06 9.8134508476732669e-06 -1.068055446088086e-05 4.0435184685823819e-05 2.2635416918603765e-08 -1.3157507964933711e-06 -8.8804888491722815e-07
leaf_weight=2.9999999999999991 4 5.0000000000000062 2.9999999999999991 2.9999999999999991 3 3.9999999999999991 2.9999999999999991 2.9999999999999991 4.0000000000000098 3.0000000000000098 2.9999999999999893
leaf_count=3 4 5 3 3 3 4 3 3 4 3 3
internal_value=5.19389e-14 1.48635e-05 1.05236e-05 7.14158e-06 3.92074e-06 -3.84265e-07 -2.93369e-06 3.40831e-05 -1.14596e-06 -2.05397e-06 -3.67658e-07
internal_weight=41 38 31 28 25 20 16 7 13 6 7
internal_count=41 38 31 28 25 20 16 7 13 6 7
is_linear=0
shrinkage=0.05


Tree=266
num_leaves=11
num_cat=0
split_feature=59 6 60 70 19 76 13 37 0 37
split_gain=4.44443e-05 1.67245e-06 1.0723e-06 6.27898e-07 3.21054e-07 2.53692e-07 7.37014e-08 6.56152e-08 2.37307e-09 7.09605e-10
threshold=0.29141876784438431 -0.48774014351021105 0.83147456896626093 -1.0276450609751477 0.45456369357610421 0.62475254766422983 0.22556764627535852 -0.034175507137468045 -0.95312166137165455 0.22391334639158519
decision_type=2 2 2 2 2 2 2 2 2 2
left_child=1 7 3 -3 -4 6 8 -1 -5 -10
right_child=-2 2 4 5 -6 -7 -8 -9 9 -11
leaf_value=2.8683077107416463e-05 -0.00018527518113842234 2.5203439387648027e-05 3.9173708258507153e-05 -1.8200629938291951e-06 1.6041700291680169e-05 1.04268333291202e-05 -9.5876681674174805e-06 3.7274762871675203e-05 -9.3643787598314935e-07 3.6259360598478451e-08
leaf_weight=4 2.9999999999999991 3.0000000000000027 2.9999999999999991 4.0000000000000027 3 4.9999999999999991 2.9999999999999991 4.9999999999999982 3.0000000000000018 5
leaf_count=4 3 3 3 4 3 5 3 5 3 5
internal_value=4.03155e-13 1.4627e-05 8.78343e-06 3.87275e-06 2.76077e-05 6.73145e-07 -2.57808e-06 3.34562e-05 -8.25689e-07 -3.28502e-07
internal_weight=41 38 29 23 6 20 15 9 12 8
internal_count=41 38 29 23 6 20 15 9 12 8
is_linear=0
shrinkage=0.05


Tree=267
num_leaves=12
num_cat=0
split_feature=66 10 36 83 10 29 19 31 58 17 37
split_gain=4.27021e-05 1.18007e-06 1.14425e-06 1.16306e-06 3.95533e-07 3.37826e-07 2.27391e-07 8.99943e-08 3.3525e-09 1.0455e-09 5.47669e-10
threshold=-0.86704174366281228 -0.60895736155703284 1.1352898281787425 0.29063875625630925 1.4509995295415956 -1.0000000180025095e-35 0.19291435100899693 1.844318609866801 -0.099132243696238603 0.14826395812449597 0.22391334639158519
decision_type=2 2 2 2 2 2 2 2 2 2 2
left_child=-1 6 3 4 7 -5 -2 8 9 -3 -10
right_child=1 2 -4 5 -6 -7 -8 -9 10 -11 -12
leaf_value=-0.00018160755474430819 4.3285557573350775e-05 -1.1894837977403438e-06 3.5107965231873095e-05 1.1310656706579414e-05 1.7051959002856164e-05 3.3506669569760565e-05 2.5075337907765055e-05 -1.049890764382629e-05 -8.2008565793027157e-07 -2.5095221644733095e-06 3.4446386649733537e-08
leaf_weight=2.9999999999999991 2.9999999999999991 3.0000000000000062 3.9999999999999991 3 2.9999999999999991 3.9999999999999991 4 2.9999999999999991 3.0000000000000053 3 5
leaf_count=3 3 3 4 3 3 4 4 3 3 3 5
internal_value=-4.73308e-13 1.43374e-05 1.01505e-05 6.45307e-06 3.13706e-07 2.39941e-05 3.28797e-05 -2.6401e-06 -9.56074e-07 -1.8495e-06 -2.86003e-07
internal_weight=41 38 31 27 20 7 7 17 14 6 8
internal_count=41 38 31 27 20 7 7 17 14 6 8
is_linear=0
shrinkage=0.05


Tree=268
num_leaves=11
num_cat=0
split_feature=19 6 30 14 17 0 82 48 29 78
split_gain=4.14838e-05 1.33918e-06 1.2568e-06 7.44346e-07 6.78054e-07 1.60629e-07 8.06747e-08 2.04112e-08 3.26715e-09 1.36798e-09
threshold=-1.410243707062665 -0.48774014351021105 1.7041442647576723 1.5886387839805127 -0.41996176514402422 0.81783464012756568 0.9994517921295567 1.0000000180025095e-35 0.10420437847348581 1.0000000180025095e-35
decision_type=2 2 2 2 2 2 2 2 2 2
left_child=-1 7 3 4 -3 6 8 -2 9 -6
right_child=1 2 -4 -5 5 -7 -8 -9 -10 -11
leaf_value=-0.00017899815963270764 3.1546026002615689e-05 2.0020524461870052e-05 4.0427911638592684e-05 2.9909317769731089e-05 3.2724067864364711e-08 8.3963644243567621e-06 -1.0196711339934458e-05 3.7001879536546757e-05 -2.103011320286896e-06 -1.3178200788388492e-06
leaf_weight=2.9999999999999991 3.9999999999999991 5.0000000000000062 2.9999999999999991 2.9999999999999991 5.0000000000000089 3.9999999999999991 2.9999999999999991 3 4.9999999999999991 3
leaf_count=3 4 5 3 3 5 4 3 3 5 3
internal_value=3.50072e-14 1.41314e-05 9.67112e-06 6.37575e-06 3.55172e-06 -5.65479e-07 -2.80594e-06 3.38842e-05 -1.10038e-06 -4.7373e-07
internal_weight=41 38 31 28 25 20 16 7 13 8
internal_count=41 38 31 28 25 20 16 7 13 8
is_linear=0
shrinkage=0.05


Tree=269
num_leaves=12
num_cat=0
split_feature=11 6 30 83 14 19 31 22 26 87 8
split_gain=4.04518e-05 1.74959e-06 1.23929e-06 7.12251e-07 2.27299e-07 1.82771e-07 7.24206e-08 5.90319e-08 1.31278e-08 4.78815e-09 1.29414e-09
threshold=-1.1974538801251808 -0.48774014351021105 1.7041442647576723 0.29063875625630925 -0.070194583273307479 0.7909725286830912 1.844318609866801 0.41667746019635316 0.71339678803145223 0.31283216343908632 -0.22630721464228828
decision_type=2 2 2 2 2 2 2 2 2 2 2
left_child=-1 7 3 5 -5 6 9 8 -2 10 -3
right_child=1 2 -4 4 -6 -7 -8 -9 -10 -11 -12
leaf_value=-0.00017675763034882646 3.2688524030769871e-05 -1.0481291360520112e-06 3.8406516735752425e-05 9.8440679721534228e-06 2.9307665924231213e-05 8.2128447047580266e-06 -9.7740112172080756e-06 3.8939835697722924e-05 2.8010945728359118e-05 -2.8184082718022791e-06 1.5847878866992428e-07
leaf_weight=2.9999999999999991 2.9999999999999982 5.0000000000000018 2.9999999999999991 3 2.9999999999999991 4.9999999999999991 2.9999999999999991 3 3 2.9999999999999991 4.0000000000000071
leaf_count=3 3 5 3 3 3 5 3 3 3 3 4
internal_value=2.86626e-13 1.39546e-05 7.97776e-06 4.46675e-06 1.95759e-05 -6.59883e-08 -2.8256e-06 3.32131e-05 3.03497e-05 -1.0885e-06 -5.11859e-07
internal_weight=41 38 29 26 6 20 15 9 6 12 9
internal_count=41 38 29 26 6 20 15 9 6 12 9
is_linear=0
shrinkage=0.05


Tree=270
num_leaves=12
num_cat=0
split_feature=49 6 30 21 83 31 10 89 77 61 62
split_gain=3.91208e-05 1.33921e-06 1.01644e-06 8.98805e-07 5.53713e-07 9.0565e-08 5.76694e-08 5.22183e-08 3.43665e-09 1.27471e-09 5.24699e-10
threshold=1.6637015459767368 -0.48774014351021105 1.7041442647576723 -1.1613846848418459 0.29063875625630925 1.844318609866801 -0.37924664133383124 -0.63801057478701384 -0.76482437014031623 -0.109085032512417 -1.0255730491743866
decision_type=2 2 2 2 2 2 2 2 2 2 2
left_child=1 7 3 -3 5 6 -5 -1 -8 10 -10
right_child=-2 2 -4 4 -6 -7 8 -9 9 -11 -12
leaf_value=3.5939464578405005e-05 -0.00017382540584852298 3.1610835382404389e-05 3.6486189734811585e-05 6.4303164511632602e-06 1.7387419211445378e-05 -9.2853103827413491e-06 -2.4798935100989116e-06 2.7860300178872421e-05 -6.7168649972396849e-07 1.2303682458044395e-07 -1.6068329083888476e-06
leaf_weight=4.0000000000000009 2.9999999999999991 3.0000000000000027 2.9999999999999991 3.0000000000000098 4.9999999999999991 2.9999999999999991 4.0000000000000098 3.9999999999999991 3.0000000000000089 2.9999999999999822 3
leaf_count=4 3 3 3 3 5 3 4 4 3 3 3
internal_value=2.26992e-13 1.37231e-05 8.87591e-06 5.8081e-06 2.58275e-06 -1.31321e-06 1.81558e-07 3.18999e-05 -1.26046e-06 -7.18494e-07 -1.13926e-06
internal_weight=41 38 30 27 24 19 16 8 13 9 6
internal_count=41 38 30 27 24 19 16 8 13 9 6
is_linear=0
shrinkage=0.05


Tree=271
num_leaves=10
num_cat=0
split_feature=36 6 70 60 47 71 89 77 11
split_gain=3.79596e-05 1.45831e-06 1.01909e-06 6.80035e-07 1.81352e-07 6.24985e-08 6.18206e-08 4.76852e-09 9.67539e-10
threshold=1.4113210195067174 -0.48774014351021105 -1.0276450609751477 0.83147456896626093 0.36773009643994053 -0.16160430034313275 -0.63801057478701384 -0.76482437014031623 -1.0000000180025095e-35
decision_type=2 2 2 2 2 2 2 2 2
left_child=1 6 -3 4 5 -4 -1 -7 -9
right_child=-2 2 3 -5 -6 7 -8 8 -10
leaf_value=3.4806840121746054e-05 -0.00017122620677885911 3.1493596907239407e-05 -9.0149471967985382e-06 2.080488455248997e-05 8.4354505852957133e-06 -2.3558988459626543e-06 2.6467285351827747e-05 1.8438083714045197e-07 -9.5142358986777289e-07
leaf_weight=5 2.9999999999999991 3.9999999999999991 3.0000000000000044 4.9999999999999991 4.9999999999999991 4.0000000000000027 3.9999999999999982 5.0000000000000018 2.9999999999999982
leaf_count=5 3 4 3 5 5 4 4 5 3
internal_value=-4.52702e-13 1.35179e-05 8.06122e-06 4.31203e-06 1.88822e-07 -2.56005e-06 3.11004e-05 -9.4633e-07 -2.41546e-07
internal_weight=41 38 29 25 20 15 9 12 8
internal_count=41 38 29 25 20 15 9 12 8
is_linear=0
shrinkage=0.05


Tree=272
num_leaves=12
num_cat=0
split_feature=69 65 64 83 13 28 10 78 54 59 55
split_gain=3.69992e-05 1.14777e-06 1.27886e-06 8.65935e-07 3.53204e-07 1.73023e-07 1.62002e-07 4.95957e-08 1.08107e-08 6.71975e-09 2.58506e-09
threshold=-0.74818257057888882 -0.21367617151678323 1.0000000180025095e-35 0.29063875625630925 1.6299292415860136 0.82982062712457705 -1.0000000180025095e-35 -0.29369401972508308 1.0000000180025095e-35 0.15187654861783237 -1.0000000180025095e-35
decision_type=2 2 2 2 2 2 2 2 2 2 2
left_child=-1 7 3 4 9 8 -5 -2 -4 10 -3
right_child=1 2 5 6 -6 -7 -8 -9 -10 -11 -12
leaf_value=-0.00016904630028875546 -4.3231142285549121e-07 -1.5987382084858834e-06 3.0395862025519223e-05 1.8124182133760766e-05 1.7945989081151008e-05 4.2478948792753113e-05 3.3494721477230391e-05 -8.5641999551929381e-06 2.64252634224249e-05 -3.594992206975196e-06 3.4287798674389028e-07
leaf_weight=2.9999999999999991 5.0000000000000009 4 2.9999999999999982 4 2.9999999999999991 3 2.9999999999999991 2.9999999999999991 4 3 3.0000000000000053
leaf_count=3 5 4 3 4 3 3 3 3 4 3 3
internal_value=-1.70392e-13 1.33458e-05 1.78331e-05 1.05334e-05 2.89897e-06 3.24325e-05 2.47116e-05 -3.48177e-06 2.81269e-05 -1.61513e-06 -7.66617e-07
internal_weight=41 38 30 20 13 10 7 8 7 10 7
internal_count=41 38 30 20 13 10 7 8 7 10 7
is_linear=0
shrinkage=0.05


Tree=273
num_leaves=11
num_cat=0
split_feature=14 6 22 29 53 26 31 10 18 0
split_gain=3.56404e-05 1.20011e-06 8.31911e-07 1.3451e-06 2.51161e-07 1.54751e-07 7.16418e-08 5.96413e-08 6.57992e-09 7.51217e-10
threshold=-1.5149172292099589 -0.48774014351021105 -0.30503181777029448 0.15364598432043311 1.0000000180025095e-35 -0.4191161141795739 -0.22559576834473472 0.53138604960455693 0.13953907075525215 -0.91461887957759636
decision_type=2 2 2 2 2 2 2 2 2 2
left_child=-1 6 7 4 8 -5 -2 9 -4 -3
right_child=1 2 3 5 -6 -7 -8 -9 -10 -11
leaf_value=-0.00016591312208523353 2.6640296564437442e-05 -1.3354010358549807e-06 -1.9412488541092891e-07 2.1300666170039514e-05 1.4039959387446289e-05 3.5665023606270555e-05 3.641385022395601e-05 -9.1635406230731541e-06 -3.1560880415781863e-06 -2.8872783275346571e-07
leaf_weight=2.9999999999999991 5.0000000000000009 3 5.0000000000000018 3.0000000000000009 3.9999999999999991 4.9999999999999991 2.9999999999999991 3 3 4.0000000000000018
leaf_count=3 5 3 5 3 4 5 3 3 3 4
internal_value=-8.6097e-14 1.30984e-05 8.50988e-06 1.43974e-05 3.81008e-06 3.02784e-05 3.03054e-05 -3.26517e-06 -1.30486e-06 -7.37302e-07
internal_weight=41 38 30 20 12 8 8 10 8 7
internal_count=41 38 30 20 12 8 8 10 8 7
is_linear=0
shrinkage=0.05


Tree=274
num_leaves=13
num_cat=0
split_feature=55 6 30 21 83 14 10 79 72 70 55 29
split_gain=3.47172e-05 1.15594e-06 1.01061e-06 5.87138e-07 5.46378e-07 2.26325e-07 1.19975e-07 6.69612e-08 5.87257e-08 4.3133e-09 1.54459e-09 3.1699e-10
threshold=-1.3401506650763437 -0.48774014351021105 1.7041442647576723 -1.1613846848418459 0.29063875625630925 -0.070194583273307479 -0.37924664133383124 0.30434706145579377 0.53215664918212624 0.89847885944789352 0.42551177277413149 -1.0000000180025095e-35
decision_type=2 2 2 2 2 2 2 2 2 2 2 2
left_child=-1 7 3 -3 6 -6 -5 -2 9 10 11 -8
right_child=1 2 -4 4 5 -7 8 -9 -10 -11 -12 -13
leaf_value=-0.00016375011085377386 3.5514475166564806e-05 2.6729835371952474e-05 3.636400797404349e-05 8.3424140048767193e-06 6.7632897601773325e-06 2.6185154274571688e-05 -7.4365370892337377e-07 2.56325826436902e-05 -8.8594430157703147e-06 -2.7613553659951626e-06 1.6136372877895152e-07 -1.4705071710826241e-06
leaf_weight=2.9999999999999991 3.9999999999999991 3.0000000000000027 2.9999999999999991 3.0000000000000098 3 2.9999999999999991 3.0000000000000053 3 2.9999999999999991 2.9999999999999991 4 2.9999999999999929
leaf_count=3 4 3 3 3 3 3 3 3 3 3 4 3
internal_value=-6.53006e-14 1.29276e-05 8.7837e-06 5.82867e-06 3.32053e-06 1.64742e-05 -8.33273e-07 3.12794e-05 -2.55371e-06 -1.09855e-06 -5.99703e-07 -1.10708e-06
internal_weight=41 38 31 28 25 6 19 7 16 13 10 6
internal_count=41 38 31 28 25 6 19 7 16 13 10 6
is_linear=0
shrinkage=0.05


Tree=275
num_leaves=11
num_cat=0
split_feature=24 6 60 74 7 78 37 43 28 60
split_gain=3.3548e-05 1.48443e-06 8.2616e-07 3.77392e-07 2.75784e-07 7.25197e-08 6.01746e-08 4.56807e-08 3.83909e-09 6.25415e-10
threshold=-1.6512441192927725 -0.48774014351021105 0.83147456896626093 -0.92377475693053468 -0.3244563402974518 -0.78160371939515683 -0.034175507137468045 1.5827614015782527 -0.17532460662617125 0.20061677607460518
decision_type=2 2 2 2 2 2 2 2 2 2
left_child=-1 6 3 -3 -4 -5 -2 8 -7 -10
right_child=1 2 4 5 -6 7 -8 -9 9 -11
leaf_value=-0.00016096918358622742 2.5876400104607453e-05 1.4517624249492647e-05 1.0704208640769742e-05 5.9455633542408175e-06 3.0758776847505946e-05 -2.6546370766785278e-06 3.4104186343029153e-05 -8.089826921301812e-06 -2.1482905253833465e-07 -1.1280027138127476e-06
leaf_weight=2.9999999999999991 4 5.0000000000000027 3 3.0000000000000044 3.9999999999999991 3.0000000000000027 4.9999999999999982 3.0000000000000009 4.9999999999999956 3
leaf_count=3 4 5 3 3 4 3 5 3 5 3
internal_value=-4.73187e-13 1.27081e-05 7.20279e-06 2.44242e-06 2.2164e-05 -1.10911e-06 3.04474e-05 -2.62082e-06 -1.12928e-06 -5.57269e-07
internal_weight=41 38 29 22 7 17 9 14 11 8
internal_count=41 38 29 22 7 17 9 14 11 8
is_linear=0
shrinkage=0.05


Tree=276
num_leaves=12
num_cat=0
split_feature=19 6 30 21 83 14 14 31 37 0 55
split_gain=3.21734e-05 1.03341e-06 1.01767e-06 4.84067e-07 5.49206e-07 1.3169e-07 1.09368e-07 5.46867e-08 2.30515e-08 3.59973e-09 7.29771e-10
threshold=-1.410243707062665 -0.48774014351021105 1.7041442647576723 -1.1613846848418459 0.29063875625630925 -0.070194583273307479 -0.80725400430963468 1.844318609866801 -0.034175507137468045 -0.95312166137165455 0.42551177277413149
decision_type=2 2 2 2 2 2 2 2 2 2 2
left_child=-1 8 3 -3 6 -6 -5 9 -2 -8 -11
right_child=1 2 -4 4 5 -7 7 -9 -10 10 -12
leaf_value=-0.00015763694294340289 2.6483720284886653e-05 2.4539645043356934e-05 3.6203334457241001e-05 7.8802914989258198e-06 9.0643717461110382e-06 2.3879329091869295e-05 -2.1712018860853245e-06 -8.6080238664483968e-06 3.2281715539284052e-05 -9.3855190925751404e-07 1.654692169950067e-08
leaf_weight=2.9999999999999991 3 3.0000000000000027 2.9999999999999991 3.0000000000000098 3 2.9999999999999991 5.0000000000000062 2.9999999999999991 3.9999999999999991 3.999999999999992 4
leaf_count=3 3 3 3 3 3 3 5 3 4 4 4
internal_value=2.12539e-13 1.2445e-05 8.52686e-06 5.56153e-06 3.28416e-06 1.64719e-05 -8.8038e-07 -2.52301e-06 2.97969e-05 -1.11877e-06 -4.61002e-07
internal_weight=41 38 31 28 25 6 19 16 7 13 8
internal_count=41 38 31 28 25 6 19 16 7 13 8
is_linear=0
shrinkage=0.05


Tree=277
num_leaves=13
num_cat=0
split_feature=78 6 70 60 7 60 22 46 25 28 86 1
split_gain=3.13647e-05 1.40045e-06 8.48283e-07 6.67035e-07 1.54498e-07 6.65205e-08 4.79693e-08 4.44572e-08 1.09396e-08 3.21416e-09 9.88363e-10 2.26117e-10
threshold=-1.6093343878249822 -0.48774014351021105 -1.0276450609751477 0.83147456896626093 -0.3244563402974518 -1.8620518998375541 0.41667746019635316 0.37396898314581567 -0.15186932484731736 -0.32494222338260798 -1.0000000180025095e-35 1.0000000180025095e-35
decision_type=2 2 2 2 2 2 2 2 2 2 2 2
left_child=-1 6 -3 5 -5 -4 8 9 -2 -7 11 -11
right_child=1 2 3 4 -6 7 -8 -9 -10 10 -12 -13
leaf_value=-0.00015564319958987958 2.4801625113468613e-05 2.8319038392510265e-05 -7.9022001045814067e-06 1.0030054424229696e-05 2.6076782766419156e-05 -2.234182920801682e-06 3.4680102059307193e-05 5.6976768670817062e-06 2.9071603785268975e-05 1.4669604742797038e-07 -1.2717589925159728e-06 -4.6719430883968001e-07
leaf_weight=2.9999999999999991 3 3.9999999999999991 3.0000000000000062 3 2.9999999999999991 4.0000000000000062 3 2.9999999999999991 2.9999999999999982 3.0000000000000053 2.9999999999999929 3
leaf_count=3 3 4 3 3 3 4 3 3 3 3 3 3
internal_value=-3.39293e-13 1.22876e-05 6.94033e-06 3.51974e-06 1.80534e-05 -1.06985e-06 2.95178e-05 2.1122e-07 2.69366e-05 -1.05488e-06 -5.30752e-07 -1.60249e-07
internal_weight=41 38 29 25 6 19 9 16 6 13 9 6
internal_count=41 38 29 25 6 19 9 16 6 13 9 6
is_linear=0
shrinkage=0.05


Tree=278
num_leaves=13
num_cat=0
split_feature=61 6 65 21 0 89 67 37 33 32 26 43
split_gain=3.06403e-05 1.19212e-06 8.06131e-07 5.76799e-07 4.35802e-07 1.68294e-07 5.62125e-08 4.44614e-08 9.55544e-09 2.78476e-09 1.17277e-09 5.3568e-10
threshold=-0.71348124950225811 -0.48774014351021105 0.17081637030633376 -1.1613846848418459 0.81783464012756568 1.0000000180025095e-35 0.96044845770644816 -1.0000000180025095e-35 0.71815670838315648 0.77221827085690042 -0.4191161141795739 0.87351600050211309
decision_type=2 2 2 2 2 2 2 2 2 2 2 2
left_child=-1 7 3 -3 6 -6 9 8 -2 11 -11 -5
right_child=1 2 -4 4 5 -7 -8 -9 -10 10 -12 -13
leaf_value=-0.00015383520997905482 2.3561543882048373e-05 2.5000119543013446e-05 3.1752766517456621e-05 1.6058396568041604e-08 2.1649006521329286e-05 4.9011772754662751e-06 -8.6099121290317271e-06 3.3011874378037957e-05 2.7552248987679673e-05 -1.2126189403716123e-06 -2.5203997211065137e-06 -8.6779655248392344e-07
leaf_weight=2.9999999999999991 3 3.0000000000000027 2.9999999999999991 4.0000000000000089 2.9999999999999991 3 2.9999999999999991 2.9999999999999982 3 4 3 3
leaf_count=3 3 3 3 4 3 3 3 3 3 4 3 3
internal_value=3.41338e-13 1.21449e-05 7.21133e-06 4.37963e-06 1.69e-06 1.32751e-05 -2.39886e-06 2.80419e-05 2.55569e-05 -1.06792e-06 -1.7731e-06 -3.62737e-07
internal_weight=41 38 29 26 23 6 17 9 6 14 7 7
internal_count=41 38 29 26 23 6 17 9 6 14 7 7
is_linear=0
shrinkage=0.05


Tree=279
num_leaves=12
num_cat=0
split_feature=80 30 6 14 2 89 46 37 71 0 14
split_gain=2.98335e-05 8.53988e-07 1.12325e-06 5.91873e-07 3.73426e-07 2.8776e-07 7.25686e-08 3.35775e-08 1.48093e-08 2.21822e-09 1.86971e-10
threshold=-0.9077348392975686 1.7041442647576723 -0.48774014351021105 1.5886387839805127 0.83005469575250879 1.0000000180025095e-35 0.28861566823279222 -0.016251231592008124 0.2016032029669034 -0.95312166137165455 -1.0000000180025095e-35
decision_type=2 2 2 2 2 2 2 2 2 2 2
left_child=-1 2 7 4 6 -6 8 -2 9 -4 -11
right_child=1 -3 3 -5 5 -7 -8 -9 -10 10 -12
leaf_value=-0.00015179624121325713 2.3735779104754326e-05 3.7586118560284382e-05 -1.8205383457825507e-06 2.5852332085681459e-05 2.3721798788756133e-05 3.2364344747293212e-06 -8.7627654162740026e-06 3.0426814919337668e-05 2.9204479233158056e-06 -6.7369055614108144e-07 -1.1546326656267986e-07
leaf_weight=2.9999999999999991 5 2.9999999999999991 5.0000000000000027 2.9999999999999991 2.9999999999999991 4 2.9999999999999991 2.9999999999999956 2.9999999999999991 3.0000000000000027 3.0000000000000071
leaf_count=3 5 3 5 3 3 4 3 3 3 3 3
internal_value=-6.9044e-14 1.19839e-05 9.78944e-06 4.91374e-06 2.29642e-06 1.20159e-05 -1.70571e-06 2.62449e-05 -1.93486e-07 -1.04274e-06 -3.94577e-07
internal_weight=41 38 35 27 24 7 17 8 14 11 6
internal_count=41 38 35 27 24 7 17 8 14 11 6
is_linear=0
shrinkage=0.05


Tree=280
num_leaves=12
num_cat=0
split_feature=1 10 36 83 10 52 4 67 85 11 38
split_gain=2.90478e-05 1.0082e-06 7.38437e-07 6.37254e-07 2.48668e-07 2.18335e-07 1.17073e-07 4.98497e-08 1.7243e-09 7.03058e-10 2.91391e-10
threshold=-0.87479638997235565 -0.60895736155703284 1.1352898281787425 0.29063875625630925 1.4509995295415956 0.2055128104801095 0.75664558527532277 0.96044845770644816 -0.24213551593892299 -1.0000000180025095e-35 0.13828780416414868
decision_type=2 2 2 2 2 2 2 2 2 2 2
left_child=-1 5 3 4 7 -2 -5 8 10 -10 -3
right_child=1 2 -4 6 -6 -7 -8 -9 9 -11 -12
leaf_value=-0.00014978425072816512 3.5856513568432996e-05 9.3732973027726741e-08 2.7619053435046228e-05 2.5818362579836204e-05 1.3526813927455806e-05 1.9336245713930108e-05 1.1849763116818695e-05 -7.9359988679546706e-06 -1.9671734056222092e-06 -9.5460578677375312e-07 -5.5814479651417057e-07
leaf_weight=2.9999999999999991 4 3.0000000000000071 3.9999999999999991 2.9999999999999991 2.9999999999999991 4 3 2.9999999999999991 3 4.0000000000000053 4
leaf_count=3 4 3 4 3 3 4 3 3 3 4 4
internal_value=-6.53006e-14 1.18251e-05 7.61939e-06 4.54252e-06 2.55056e-07 2.75964e-05 1.88341e-05 -2.08702e-06 -8.33666e-07 -1.38856e-06 -2.78769e-07
internal_weight=41 38 30 26 20 8 6 17 14 7 7
internal_count=41 38 30 26 20 8 6 17 14 7 7
is_linear=0
shrinkage=0.05


Tree=281
num_leaves=12
num_cat=0
split_feature=11 6 30 83 14 19 22 31 26 87 37
split_gain=2.82675e-05 1.09737e-06 9.844e-07 4.28105e-07 1.79796e-07 1.5744e-07 9.55551e-08 4.24199e-08 6.50916e-09 3.74347e-09 6.38982e-10
threshold=-1.1974538801251808 -0.48774014351021105 1.7041442647576723 0.29063875625630925 -0.070194583273307479 0.7909725286830912 0.41667746019635316 1.844318609866801 0.71339678803145223 0.31283216343908632 0.22391334639158519
decision_type=2 2 2 2 2 2 2 2 2 2 2
left_child=-1 6 3 5 -5 7 8 9 -2 10 -3
right_child=1 2 -4 4 -6 -7 -8 -9 -10 -11 -12
leaf_value=-0.00014775863043420639 2.4921215663198387e-05 -8.1034499089582664e-07 3.4051278877692921e-05 6.8609810720469476e-06 2.4171684344764799e-05 7.9721293968759716e-06 3.4203394898213438e-05 -7.5907502756914867e-06 2.1627495395174865e-05 -2.4729834573615034e-06 3.7508072381342561e-08
leaf_weight=2.9999999999999991 2.9999999999999982 5.0000000000000089 2.9999999999999991 3 2.9999999999999991 4.9999999999999991 3 2.9999999999999991 3 2.9999999999999991 4
leaf_count=3 3 5 3 3 3 5 3 3 3 3 4
internal_value=3.06608e-13 1.16652e-05 6.93171e-06 3.80253e-06 1.55163e-05 2.88388e-07 2.69174e-05 -2.27286e-06 2.32744e-05 -9.43387e-07 -4.33521e-07
internal_weight=41 38 29 26 6 20 9 15 6 12 9
internal_count=41 38 29 26 6 20 9 15 6 12 9
is_linear=0
shrinkage=0.05


Tree=282
num_leaves=12
num_cat=0
split_feature=49 6 30 21 83 22 10 31 66 12 17
split_gain=2.7585e-05 8.61072e-07 8.14242e-07 6.23065e-07 3.37904e-07 7.85103e-08 7.67285e-08 3.68856e-08 2.96883e-09 7.34726e-10 2.63781e-10
threshold=1.6637015459767368 -0.48774014351021105 1.7041442647576723 -1.1613846848418459 0.29063875625630925 0.41667746019635316 -0.37924664133383124 1.844318609866801 -1.0000000180025095e-35 -0.52809821615336261 -0.29511975248625238
decision_type=2 2 2 2 2 2 2 2 2 2 2
left_child=1 5 3 -3 6 -1 -5 8 10 -10 -8
right_child=-2 2 -4 4 -6 -7 7 -9 9 -11 -12
leaf_value=2.2261880221776661e-05 -0.00014596386851432425 2.6374213242282443e-05 3.2348713527123138e-05 6.4999870157104324e-06 1.3770764016953763e-05 3.2493225686872994e-05 -5.7587910002136287e-07 -7.211212346192042e-06 -1.1685428034979824e-06 -2.2036640984879416e-06 8.7170922332309701e-08
leaf_weight=5 2.9999999999999991 3.0000000000000027 2.9999999999999991 3.0000000000000098 4.9999999999999991 3 3 2.9999999999999991 3.0000000000000062 3.9999999999999858 3.0000000000000062
leaf_count=5 3 3 3 3 5 3 3 3 3 4 3
internal_value=-3.0023e-13 1.15235e-05 7.63675e-06 4.89098e-06 2.20557e-06 2.60986e-05 -8.37899e-07 -2.21375e-06 -1.06049e-06 -1.76004e-06 -2.44354e-07
internal_weight=41 38 30 27 24 8 19 16 13 7 6
internal_count=41 38 30 27 24 8 19 16 13 7 6
is_linear=0
shrinkage=0.05


Tree=283
num_leaves=11
num_cat=0
split_feature=59 6 60 70 19 76 89 43 3 1
split_gain=2.64742e-05 9.15804e-07 6.39765e-07 5.08543e-07 1.56168e-07 1.38799e-07 6.60903e-08 3.92214e-08 3.58163e-09 2.9962e-10
threshold=0.29141876784438431 -0.48774014351021105 0.83147456896626093 -1.0276450609751477 0.45456369357610421 0.62475254766422983 -0.63801057478701384 1.5827614015782527 -0.85936613441409504 1.0000000180025095e-35
decision_type=2 2 2 2 2 2 2 2 2 2
left_child=1 6 3 -3 -4 7 -1 8 -5 -10
right_child=-2 2 4 5 -6 -7 -8 -9 9 -11
leaf_value=2.9054797778371718e-05 -0.00014299483397432294 2.2368420710942375e-05 2.9571688113113245e-05 -1.8562336663308075e-06 1.3438476283530081e-05 7.5068747582918149e-06 2.0432063683983878e-05 -7.2259966752123247e-06 1.7919351336104212e-07 -4.8182528189499852e-07
leaf_weight=5 2.9999999999999991 3.0000000000000027 2.9999999999999991 5.0000000000000027 3 4.9999999999999991 3.9999999999999982 2.9999999999999991 4.0000000000000027 3
leaf_count=5 3 3 3 5 3 5 4 3 4 3
internal_value=2.60232e-13 1.12891e-05 6.96491e-06 3.17182e-06 2.15051e-05 2.92326e-07 2.52225e-05 -2.11252e-06 -8.34156e-07 -1.041e-07
internal_weight=41 38 29 23 6 20 9 15 12 7
internal_count=41 38 29 23 6 20 9 15 12 7
is_linear=0
shrinkage=0.05


Tree=284
num_leaves=12
num_cat=0
split_feature=55 10 83 21 29 19 78 44 17 6 1
split_gain=2.57115e-05 6.89205e-07 7.20362e-07 6.13589e-07 1.88789e-07 1.74022e-07 1.49935e-07 4.31785e-08 1.09745e-08 3.34009e-09 5.35967e-10
threshold=-1.3401506650763437 -0.60895736155703284 0.29063875625630925 -1.1613846848418459 -1.0000000180025095e-35 0.19291435100899693 -0.78160371939515683 1.0551928455365933 -1.0000000180025095e-35 -0.23848341611596011 -0.18364188332673287
decision_type=2 2 2 2 2 2 2 2 2 2 2
left_child=-1 5 3 -3 -4 -2 -5 9 -6 -8 -11
right_child=1 2 4 6 8 -7 7 -9 -10 10 -12
leaf_value=-0.00014092002529650927 3.4398898909178875e-05 2.4064720006814822e-05 9.600912684012047e-06 9.9899910329289086e-06 2.2824378781175855e-05 1.8468352209310975e-05 -1.9568447896745044e-06 -7.5978273343935143e-06 2.7101154167515546e-05 2.1887006482756963e-07 -6.2648356561112532e-07
leaf_weight=2.9999999999999991 2.9999999999999991 3.0000000000000027 3 3.0000000000000062 3 4 5.0000000000000027 2.9999999999999991 2.9999999999999982 3.0000000000000027 4.9999999999999929
leaf_count=3 3 3 3 3 3 4 5 3 3 3 5
internal_value=-3.38842e-13 1.11253e-05 7.92548e-06 3.05048e-06 1.98421e-05 2.52957e-05 -2.67555e-07 -2.19084e-06 2.49628e-05 -9.43079e-07 -3.09476e-07
internal_weight=41 38 31 22 9 7 19 16 6 13 8
internal_count=41 38 31 22 9 7 19 16 6 13 8
is_linear=0
shrinkage=0.05


Tree=285
num_leaves=12
num_cat=0
split_feature=69 65 64 83 13 78 10 43 7 80 8
split_gain=2.46663e-05 7.70496e-07 9.27135e-07 5.50437e-07 2.16393e-07 7.41382e-08 6.01771e-08 3.34523e-08 2.67429e-08 3.0321e-09 1.41541e-09
threshold=-0.74818257057888882 -0.21367617151678323 1.0000000180025095e-35 0.29063875625630925 1.6299292415860136 -0.53491940671093674 -1.0000000180025095e-35 1.5827614015782527 -0.47676677398645534 -0.69711095914364707 -0.24693803124792385
decision_type=2 2 2 2 2 2 2 2 2 2 2
left_child=-1 7 3 4 9 -4 -5 -2 -7 -3 -11
right_child=1 2 5 6 -6 8 -8 -9 -10 10 -12
leaf_value=-0.00013802621785240869 -3.8602603467552395e-07 6.7941656804274906e-08 3.3580391512562821e-05 1.5647216059733179e-05 1.404896811436629e-05 2.7754296509859457e-05 2.5015154581827421e-05 -7.0645813138980857e-06 2.1509291036636577e-05 -1.2162313623775841e-06 -2.6529447495704463e-06
leaf_weight=2.9999999999999991 5 3 3 4 2.9999999999999991 3 2.9999999999999991 3 3.9999999999999982 4 3.0000000000000053
leaf_count=3 5 3 3 4 3 3 3 3 4 4 3
internal_value=-4.53361e-14 1.08968e-05 1.45734e-05 8.35806e-06 2.27131e-06 2.70041e-05 1.9662e-05 -2.89048e-06 2.41857e-05 -1.26199e-06 -1.83197e-06
internal_weight=41 38 30 20 13 10 7 8 7 10 7
internal_count=41 38 30 20 13 10 7 8 7 10 7
is_linear=0
shrinkage=0.05


Tree=286
num_leaves=13
num_cat=0
split_feature=19 6 30 21 83 14 10 72 37 68 78 8
split_gain=2.38182e-05 8.08025e-07 6.80327e-07 3.98351e-07 4.19889e-07 1.29836e-07 5.60202e-08 3.06444e-08 2.2731e-08 2.36401e-09 9.32139e-10 2.30843e-10
threshold=-1.410243707062665 -0.48774014351021105 1.7041442647576723 -1.1613846848418459 0.29063875625630925 -0.070194583273307479 -0.37924664133383124 0.53215664918212624 -0.034175507137468045 -0.26364454494975387 -0.19094330002939952 -0.22630721464228828
decision_type=2 2 2 2 2 2 2 2 2 2 2 2
left_child=-1 8 3 -3 6 -6 -5 9 -2 -8 11 -11
right_child=1 2 -4 4 5 -7 7 -9 -10 10 -12 -13
leaf_value=-0.00013563249716147158 2.2761226379467792e-05 2.2034696303307984e-05 2.9872234154026956e-05 5.3813009117220457e-06 6.928600366033301e-06 2.1638899246075503e-05 -2.2441185440887489e-06 -6.619363072483491e-06 2.8518775070551784e-05 6.0487358647757467e-08 -1.2350311862974236e-06 -5.597852729503452e-07
leaf_weight=2.9999999999999991 3 3.0000000000000027 2.9999999999999991 3.0000000000000098 3 2.9999999999999991 3.0000000000000062 2.9999999999999991 3.9999999999999991 3.0000000000000053 3.9999999999999858 3
leaf_count=3 3 3 3 3 3 3 3 3 4 3 4 3
internal_value=4.27851e-13 1.07078e-05 7.24318e-06 4.81864e-06 2.75272e-06 1.42837e-05 -8.88661e-07 -2.06428e-06 2.60513e-05 -1.01311e-06 -6.43802e-07 -2.49649e-07
internal_weight=41 38 31 28 25 6 19 16 7 13 10 6
internal_count=41 38 31 28 25 6 19 16 7 13 10 6
is_linear=0
shrinkage=0.05


Tree=287
num_leaves=12
num_cat=0
split_feature=61 6 70 36 47 24 22 60 37 15 53
split_gain=2.32009e-05 1.06505e-06 5.66767e-07 5.37071e-07 1.45961e-07 1.58093e-07 4.16718e-08 3.28332e-08 5.87913e-09 5.69313e-09 9.45011e-10
threshold=-0.71348124950225811 -0.48774014351021105 -1.0276450609751477 1.1352898281787425 0.36773009643994053 0.30998131197583778 0.41667746019635316 -1.8620518998375541 -0.14321553149797026 0.87893450781645655 -0.14481749218138013
decision_type=2 2 2 2 2 2 2 2 2 2 2
left_child=-1 6 -3 4 7 -6 8 -4 -2 10 -9
right_child=1 2 3 -5 5 -7 -8 9 -10 -11 -12
leaf_value=-0.00013386335825392356 2.1623165230266744e-05 2.3379792219202502e-05 -6.8061948998850414e-06 2.295467226455609e-05 1.5169511122318606e-05 -1.0628041157663876e-06 3.0405615689232935e-05 5.5988691656239031e-08 2.4753427715040751e-05 -2.9135257742988551e-06 -9.1612808319041546e-07
leaf_weight=2.9999999999999991 3 3.9999999999999991 3.000000000000008 2.9999999999999991 2.9999999999999991 3 3 5.0000000000000053 2.9999999999999982 3.0000000000000009 4.9999999999999964
leaf_count=3 3 4 3 3 3 3 3 5 3 3 5
internal_value=-2.80058e-14 1.05682e-05 5.90495e-06 3.10897e-06 4.02739e-07 7.05335e-06 2.55941e-05 -2.09124e-06 2.31883e-05 -1.00317e-06 -4.3007e-07
internal_weight=41 38 29 25 22 6 9 16 6 13 10
internal_count=41 38 29 25 22 6 9 16 6 13 10
is_linear=0
shrinkage=0.05


Tree=288
num_leaves=11
num_cat=0
split_feature=80 6 30 14 2 89 46 23 6 44
split_gain=2.25737e-05 7.7993e-07 7.12228e-07 4.17167e-07 2.70497e-07 2.36986e-07 4.03396e-08 3.80273e-08 2.03375e-09 4.57987e-10
threshold=-0.9077348392975686 -0.48774014351021105 1.7041442647576723 1.5886387839805127 0.77228694941171161 1.0000000180025095e-35 0.28861566823279222 -0.15818689501030705 -0.23848341611596011 -1.0000000180025095e-35
decision_type=2 2 2 2 2 2 2 2 2 2
left_child=-1 7 3 4 6 -6 8 -2 -3 -10
right_child=1 2 -4 -5 5 -7 -8 -9 9 -11
leaf_value=-0.00013204169663367794 2.8746164268037912e-05 -1.7758410422175058e-06 2.9837437129269047e-05 2.1736022123756508e-05 1.7883968575915789e-05 1.5557964707113568e-06 -7.3376134726762148e-06 2.1625553490594029e-05 -6.880685850774168e-07 9.3371659204421904e-08
leaf_weight=2.9999999999999991 3.0000000000000009 4.0000000000000027 2.9999999999999991 2.9999999999999991 3.9999999999999982 5 2.9999999999999991 4.9999999999999991 5.0000000000000018 3.0000000000000036
leaf_count=3 3 4 3 3 4 5 3 5 5 3
internal_value=-6.7713e-13 1.04243e-05 6.72529e-06 4.15728e-06 1.95993e-06 8.81276e-06 -2.15176e-06 2.42958e-05 -8.55299e-07 -3.95028e-07
internal_weight=41 38 30 27 24 9 15 8 12 8
internal_count=41 38 30 27 24 9 15 8 12 8
is_linear=0
shrinkage=0.05


Tree=289
num_leaves=11
num_cat=0
split_feature=78 6 48 83 6 22 48 10 37 33
split_gain=2.20018e-05 8.82367e-07 4.93451e-07 2.99581e-07 2.97327e-07 6.82955e-08 4.30041e-08 2.9286e-08 4.89086e-09 5.55812e-10
threshold=-1.6093343878249822 -0.48774014351021105 0.6367027695404639 0.29063875625630925 -0.25629244785933919 0.41667746019635316 -0.12057605698984035 0.53138604960455693 -0.14321553149797026 1.0000000180025095e-35
decision_type=2 2 2 2 2 2 2 2 2 2
left_child=-1 5 3 6 -4 8 7 9 -2 -3
right_child=1 2 4 -5 -6 -7 -8 -9 -10 -11
leaf_value=-0.00013035827287239955 1.9460729769586269e-05 -9.6062672128027728e-07 5.7106331648052815e-06 1.3126532248861624e-05 2.653374140209053e-05 3.0127824478161827e-05 3.7372498162824239e-06 -5.7510394981363761e-06 2.2315802440668155e-05 -1.698745677458646e-07
leaf_weight=2.9999999999999991 3 5.0000000000000018 3 4.9999999999999991 3.9999999999999991 3 4.0000000000000044 4.0000000000000009 2.9999999999999982 4
leaf_count=3 3 5 3 5 4 3 4 4 3 4
internal_value=-3.12431e-13 1.02914e-05 6.04696e-06 2.36795e-06 1.76096e-05 2.39681e-05 -7.96341e-07 -2.19129e-06 2.08883e-05 -6.09181e-07
internal_weight=41 38 29 22 7 9 17 13 6 9
internal_count=41 38 29 22 7 9 17 13 6 9
is_linear=0
shrinkage=0.05


Tree=290
num_leaves=12
num_cat=0
split_feature=49 6 30 14 17 0 22 60 20 58 5
split_gain=2.12073e-05 6.82059e-07 7.04659e-07 4.57926e-07 2.41533e-07 7.90081e-08 5.90465e-08 2.71873e-08 2.49925e-09 7.18606e-10 1.72672e-10
threshold=1.6637015459767368 -0.48774014351021105 1.7041442647576723 1.5886387839805127 -0.41996176514402422 0.81783464012756568 0.41667746019635316 -1.8620518998375541 0.93385000894621284 -0.24664370354557513 -1.0000000180025095e-35
decision_type=2 2 2 2 2 2 2 2 2 2 2
left_child=1 6 3 4 -3 7 -1 -6 9 -9 -11
right_child=-2 2 -4 -5 5 -7 -8 8 -10 10 -12
leaf_value=1.9748517079278823e-05 -0.00012798304330014315 1.3004206755340395e-05 2.9633746210796136e-05 2.2507906154108546e-05 -6.3167444750433534e-06 5.8302477725646895e-06 2.8621433496785654e-05 -1.1755694686144098e-06 -2.3019128093437744e-06 -4.2154647417191744e-08 -5.7861143432092356e-07
leaf_weight=5 2.9999999999999991 4.0000000000000062 2.9999999999999991 2.9999999999999991 3.0000000000000115 3.9999999999999991 3 4.0000000000000089 3.0000000000000009 3.0000000000000089 2.9999999999999769
leaf_count=5 3 4 3 3 3 4 3 4 3 3 3
internal_value=-4.09273e-13 1.01039e-05 6.64474e-06 4.09041e-06 1.78822e-06 -4.54978e-07 2.30759e-05 -2.02628e-06 -1.03618e-06 -6.56458e-07 -3.10383e-07
internal_weight=41 38 30 27 24 20 8 16 13 10 6
internal_count=41 38 30 27 24 20 8 16 13 10 6
is_linear=0
shrinkage=0.05


Tree=291
num_leaves=12
num_cat=0
split_feature=11 6 30 83 14 72 79 68 66 11 44
split_gain=2.06675e-05 7.34788e-07 6.50815e-07 3.85109e-07 2.24905e-07 1.03555e-07 4.91244e-08 2.44235e-08 5.38757e-10 2.416e-10 1.42211e-10
threshold=-1.1974538801251808 -0.48774014351021105 1.7041442647576723 0.29063875625630925 -0.070194583273307479 0.62111881951717118 0.30434706145579377 -0.81077867418096494 1.0000000180025095e-35 0.88926641763010217 0.66281975781012314
decision_type=2 2 2 2 2 2 2 2 2 2 2
left_child=-1 6 3 5 -5 7 -2 -3 10 -10 -9
right_child=1 2 -4 4 -6 -7 -8 8 9 -11 -12
leaf_value=-0.00012634358524034423 2.575915423221887e-05 -5.8884848234204817e-06 2.8152058560711643e-05 4.986460832393882e-06 2.434728521620855e-05 6.4554740765743187e-06 1.8325113342143591e-05 -2.6612088959154737e-07 -1.4968712093832433e-06 -8.62310374335114e-07 -7.5296540368678183e-07
leaf_weight=2.9999999999999991 4.9999999999999982 3.0000000000000027 2.9999999999999991 3 2.9999999999999991 4.9999999999999991 4 3.0000000000000053 3 3 3
leaf_count=3 5 3 3 3 3 5 4 3 3 3 3
internal_value=-1.23946e-13 9.97449e-06 6.10119e-06 3.55686e-06 1.46669e-05 2.23856e-07 2.24551e-05 -1.85335e-06 -8.44567e-07 -1.17959e-06 -5.09543e-07
internal_weight=41 38 29 26 6 20 9 15 12 6 6
internal_count=41 38 29 26 6 20 9 15 12 6 6
is_linear=0
shrinkage=0.05


Tree=292
num_leaves=13
num_cat=0
split_feature=55 6 30 21 83 14 79 10 31 18 31 31
split_gain=1.99552e-05 5.02474e-07 5.14324e-07 4.69809e-07 3.97277e-07 2.02977e-07 5.63238e-08 3.97022e-08 2.31853e-08 1.01358e-09 4.62595e-10 1.69881e-10
threshold=-1.3401506650763437 -0.48774014351021105 1.7041442647576723 -1.1613846848418459 0.29063875625630925 -0.070194583273307479 0.30434706145579377 -0.37924664133383124 1.844318609866801 0.98218221908150138 -0.90500894454278313 1.0000000180025095e-35
decision_type=2 2 2 2 2 2 2 2 2 2 2 2
left_child=-1 6 3 -3 7 -6 -2 -5 9 10 -9 -12
right_child=1 2 -4 4 5 -7 -8 8 -10 -11 11 -13
leaf_value=-0.00012414717639330775 2.5784735043998808e-05 2.3657387161316943e-05 2.6744455196118605e-05 4.4536770966866694e-06 4.7371378362489239e-06 2.3129921464715154e-05 1.6721684369258578e-05 -1.3876745773207679e-07 -5.7765106665404655e-06 -1.7061124708561692e-06 -1.1652862061358393e-06 -6.6754804493029943e-07
leaf_weight=2.9999999999999991 3.9999999999999991 3.0000000000000027 2.9999999999999991 3.0000000000000098 3 2.9999999999999991 3 3.0000000000000053 2.9999999999999991 2.9999999999999991 2.9999999999999929 4
leaf_count=3 4 3 3 3 3 3 3 3 3 3 3 4
internal_value=-5.41815e-13 9.80109e-06 7.06895e-06 4.96086e-06 2.71728e-06 1.39335e-05 2.19006e-05 -8.24694e-07 -1.81439e-06 -9.00053e-07 -6.58235e-07 -8.80864e-07
internal_weight=41 38 31 28 25 6 7 19 16 13 10 7
internal_count=41 38 31 28 25 6 7 19 16 13 10 7
is_linear=0
shrinkage=0.05


Tree=293
num_leaves=11
num_cat=0
split_feature=1 65 64 83 30 21 16 43 0 20
split_gain=1.94572e-05 6.12383e-07 6.07738e-07 3.84936e-07 1.95638e-07 8.05612e-08 4.443e-08 2.40183e-08 3.2508e-09 1.60684e-09
threshold=-0.87479638997235565 -0.21367617151678323 1.0000000180025095e-35 0.29063875625630925 -0.10877441746686083 -0.11914848818786826 0.39793128512517634 1.5827614015782527 -1.0000000180025095e-35 1.0000000180025095e-35
decision_type=2 2 2 2 2 2 2 2 2 2
left_child=-1 7 3 4 9 -5 8 -2 -4 -3
right_child=1 2 6 5 -6 -7 -8 -9 -10 -11
leaf_value=-0.00012258828598229836 -4.9136473990074591e-07 -2.9779101851090672e-07 2.514670777600258e-05 2.2515691307489755e-05 1.1440087382652552e-05 1.1676639890841519e-05 1.8858187831938264e-05 -6.1503698513358033e-06 2.7474367137377471e-05 -1.6422969565610398e-06
leaf_weight=2.9999999999999991 5 5 3 4 5.0000000000000044 2.9999999999999991 3 3 2.9999999999999982 4
leaf_count=3 5 5 3 4 5 3 3 3 3 4
internal_value=-5.87012e-13 9.67802e-06 1.29558e-05 8.2969e-06 3.51016e-06 1.78704e-05 2.38264e-05 -2.61349e-06 2.63105e-05 -8.95349e-07
internal_weight=41 38 30 21 14 7 9 8 6 9
internal_count=41 38 30 21 14 7 9 8 6 9
is_linear=0
shrinkage=0.05


Tree=294
num_leaves=11
num_cat=0
split_feature=59 6 60 70 19 47 37 71 18 80
split_gain=1.89043e-05 7.79822e-07 3.97946e-07 3.1124e-07 1.2916e-07 1.08199e-07 3.49815e-08 2.45704e-08 2.24477e-09 2.2241e-10
threshold=0.29141876784438431 -0.48774014351021105 0.83147456896626093 -1.0276450609751477 0.45456369357610421 0.36773009643994053 -0.034175507137468045 -0.16160430034313275 0.48432196536385735 -0.69711095914364707
decision_type=2 2 2 2 2 2 2 2 2 2
left_child=1 6 3 -3 -4 7 -1 -5 9 -9
right_child=-2 2 4 5 -6 -7 -8 8 -10 -11
leaf_value=1.8911770894192156e-05 -0.00012083395073811214 1.757561694830654e-05 2.4352850838719558e-05 -5.8654603283988052e-06 9.6808693948939116e-06 6.6749026518664323e-06 2.5185066333506264e-05 1.7520558988811267e-08 -1.7735113033268129e-06 -5.2704090421684704e-07
leaf_weight=4 2.9999999999999991 3.0000000000000027 2.9999999999999991 3.0000000000000044 3 4.9999999999999991 4.9999999999999982 3.0000000000000036 4.0000000000000009 4.9999999999999964
leaf_count=4 3 3 3 3 3 5 5 3 4 5
internal_value=4.58352e-13 9.53952e-06 5.54929e-06 2.55775e-06 1.70169e-05 3.05072e-07 2.23969e-05 -1.8182e-06 -8.06391e-07 -3.2283e-07
internal_weight=41 38 29 23 6 20 9 15 12 8
internal_count=41 38 29 23 6 20 9 15 12 8
is_linear=0
shrinkage=0.05


Tree=295
num_leaves=13
num_cat=0
split_feature=87 6 30 21 83 14 10 37 38 59 80 65
split_gain=1.82311e-05 5.56778e-07 4.86283e-07 3.6708e-07 3.53202e-07 1.17689e-07 3.23437e-08 2.00153e-08 1.96486e-08 2.28218e-09 5.88528e-10 1.33547e-10
threshold=-1.1547895978152947 -0.48774014351021105 1.7041442647576723 -1.1613846848418459 0.29063875625630925 -0.070194583273307479 -0.37924664133383124 -0.034175507137468045 -0.033750304569540097 0.15187654861783237 -0.69711095914364707 -1.0000000180025095e-35
decision_type=2 2 2 2 2 2 2 2 2 2 2 2
left_child=-1 7 3 -3 6 -6 -5 -2 -8 10 -10 -12
right_child=1 2 -4 4 5 -7 8 -9 9 -11 11 -13
leaf_value=-0.00011866310960613192 1.901741925394162e-05 2.0968822839980302e-05 2.5623787466126186e-05 3.8836057607719809e-06 6.0322955808563455e-06 2.0037584666473172e-05 -5.4212849515048674e-06 2.4420100817224012e-05 1.6644533692063576e-08 -2.1416548406705247e-06 -6.3125751239567665e-07 -1.0725694664870468e-06
leaf_weight=2.9999999999999991 3 3.0000000000000027 2.9999999999999991 3.0000000000000098 3 2.9999999999999991 3.000000000000008 3.9999999999999991 3.0000000000000053 3.0000000000000009 4.0000000000000053 2.9999999999999769
leaf_count=3 3 3 3 3 3 3 3 4 3 3 4 3
internal_value=-7.48669e-14 9.36814e-06 6.49215e-06 4.44233e-06 2.45915e-06 1.30349e-05 -8.80569e-07 2.21047e-05 -1.77385e-06 -9.32136e-07 -5.6928e-07 -8.20391e-07
internal_weight=41 38 31 28 25 6 19 7 16 13 10 7
internal_count=41 38 31 28 25 6 19 7 16 13 10 7
is_linear=0
shrinkage=0.05


Tree=296
num_leaves=11
num_cat=0
split_feature=36 6 70 60 76 22 43 25 70 55
split_gain=1.77699e-05 7.35544e-07 4.12733e-07 3.06742e-07 9.05011e-08 2.86074e-08 2.388e-08 7.78434e-09 2.07486e-09 4.2913e-10
threshold=1.4113210195067174 -0.48774014351021105 -1.0276450609751477 0.83147456896626093 0.62475254766422983 0.41667746019635316 1.5827614015782527 -0.15186932484731736 0.89847885944789352 0.42551177277413149
decision_type=2 2 2 2 2 2 2 2 2 2
left_child=1 5 -3 4 6 7 8 -1 9 -4
right_child=-2 2 3 -5 -6 -7 -8 -9 -10 -11
leaf_value=1.7941675711578372e-05 -0.00011715252330759541 2.0285915888962338e-05 -6.5519245254108563e-07 1.4064470851735679e-05 6.0440280049078868e-06 2.5722544523887334e-05 -5.7134620874421671e-06 2.1543605059074868e-05 -1.8647387757179484e-06 3.9625089698347428e-08
leaf_weight=3 2.9999999999999991 3.9999999999999991 5.0000000000000089 4.9999999999999991 4.9999999999999991 3 2.9999999999999991 2.9999999999999982 2.9999999999999991 4
leaf_count=3 3 4 5 5 5 3 3 3 3 4
internal_value=-1.69144e-14 9.24888e-06 5.37359e-06 2.98762e-06 2.18404e-07 2.17359e-05 -1.72347e-06 1.97426e-05 -7.25973e-07 -3.46385e-07
internal_weight=41 38 29 25 20 9 15 6 12 9
internal_count=41 38 29 25 20 9 15 6 12 9
is_linear=0
shrinkage=0.05


Tree=297
num_leaves=13
num_cat=0
split_feature=61 6 65 21 0 89 27 46 43 3 37 1
split_gain=1.7148e-05 6.3077e-07 4.88196e-07 3.45271e-07 2.35965e-07 1.61335e-07 2.61962e-08 2.30358e-08 6.91238e-09 1.25037e-09 6.17042e-10 1.27548e-10
threshold=-0.71348124950225811 -0.48774014351021105 0.17081637030633376 -1.1613846848418459 0.81783464012756568 1.0000000180025095e-35 -0.16916832142131538 0.28861566823279222 -0.097169383063797243 -0.85936613441409504 0.078114529241648439 1.0000000180025095e-35
decision_type=2 2 2 2 2 2 2 2 2 2 2 2
left_child=-1 6 3 -3 7 -6 -2 9 -8 10 -5 -11
right_child=1 2 -4 4 5 -7 8 -9 -10 11 -12 -13
leaf_value=-0.0001150841194127376 2.4464043963234869e-05 1.9247141123438853e-05 2.4595166420719278e-05 -8.228961064560266e-07 1.7935962144595882e-05 1.5380397220117928e-06 1.7044591853239881e-05 -5.1144968438165961e-06 2.0438797461489845e-05 -1.5268142306013016e-08 -1.7715018354162259e-06 -4.7633187326330993e-07
leaf_weight=2.9999999999999991 3 3.0000000000000027 2.9999999999999991 4.0000000000000062 2.9999999999999991 3 3 3.9999999999999991 2.9999999999999982 3.0000000000000027 3 3
leaf_count=3 3 3 3 4 3 3 3 4 3 3 3 3
internal_value=-1.83563e-13 9.08559e-06 5.4969e-06 3.29325e-06 1.21231e-06 9.737e-06 2.06491e-05 -1.7964e-06 1.87417e-05 -7.75453e-07 -1.22944e-06 -2.458e-07
internal_weight=41 38 29 26 23 6 9 17 6 13 7 6
internal_count=41 38 29 26 23 6 9 17 6 13 7 6
is_linear=0
shrinkage=0.05


Tree=298
num_leaves=11
num_cat=0
split_feature=80 10 36 83 29 10 35 67 7 29
split_gain=1.67019e-05 4.81243e-07 4.45132e-07 4.22134e-07 1.65626e-07 1.45175e-07 5.92076e-08 2.3194e-08 9.47373e-10 4.22636e-10
threshold=-0.9077348392975686 -0.60895736155703284 1.1352898281787425 0.29063875625630925 -1.0000000180025095e-35 1.4509995295415956 -1.0000000180025095e-35 0.96044845770644816 -0.19312432408456301 0.12787406548596109
decision_type=2 2 2 2 2 2 2 2 2 2
left_child=-1 6 3 5 -5 7 -2 8 9 -3
right_child=1 2 -4 4 -6 -7 -8 -9 -10 -11
leaf_value=-0.0001135775290701228 1.6825400234665721e-05 -6.4665309764677582e-07 2.18591456359718e-05 5.6735450319441329e-06 2.121503493981436e-05 1.0428666428197175e-05 2.6117566934165853e-05 -5.4911424285819523e-06 -9.4718454874964541e-08 -1.3361935316424931e-06
leaf_weight=2.9999999999999991 4 5.0000000000000053 3.9999999999999991 3 3.9999999999999991 2.9999999999999991 2.9999999999999991 2.9999999999999991 5.0000000000000062 4
leaf_count=3 4 5 4 3 4 3 3 3 5 4
internal_value=2.93645e-13 8.96665e-06 6.29285e-06 3.98673e-06 1.45544e-05 2.88047e-07 2.08078e-05 -1.50147e-06 -6.46545e-07 -9.53116e-07
internal_weight=41 38 31 27 7 20 7 17 14 9
internal_count=41 38 31 27 7 20 7 17 14 9
is_linear=0
shrinkage=0.05


Tree=299
num_leaves=12
num_cat=0
split_feature=24 6 60 74 7 22 29 10 1 46 29
split_gain=1.60488e-05 5.31623e-07 4.45456e-07 2.10894e-07 1.50899e-07 4.46206e-08 4.36022e-08 2.13739e-08 5.60271e-09 1.30349e-09 3.11383e-10
threshold=-1.6512441192927725 -0.48774014351021105 0.83147456896626093 -0.92377475693053468 -0.3244563402974518 0.41667746019635316 -0.26710668409055216 0.53138604960455693 -0.50298442762762074 0.11051740677291906 0.12787406548596109
decision_type=2 2 2 2 2 2 2 2 2 2 2
left_child=-1 5 3 -3 -4 8 -5 9 -2 10 -8
right_child=1 2 4 6 -6 -7 7 -9 -10 -11 -12
leaf_value=-0.0001113346427397725 1.5388171110923088e-05 1.1026192357803659e-05 8.0040505660387354e-06 4.8147433896398567e-06 2.2838503718958238e-05 2.438438435395558e-05 -2.3244227122631859e-07 -5.5686068662907928e-06 1.844396077406904e-05 -1.6961921725548256e-06 -8.7678508862154529e-07
leaf_weight=2.9999999999999991 3 5.0000000000000027 3 3.0000000000000062 3.9999999999999991 3 4.9999999999999982 2.9999999999999991 2.9999999999999982 3 3
leaf_count=3 3 5 3 3 4 3 5 3 3 3 3
internal_value=3.72948e-13 8.78958e-06 5.49498e-06 1.99946e-06 1.64809e-05 1.94055e-05 -6.55455e-07 -1.82764e-06 1.69161e-05 -8.07377e-07 -4.74071e-07
internal_weight=41 38 29 22 7 9 17 14 6 11 8
internal_count=41 38 29 22 7 9 17 14 6 11 8
is_linear=0
shrinkage=0.05


end of trees

feature_importances:
Column_6=183
Column_24=107
Column_29=105
Column_10=85
Column_30=84
Column_32=79
Column_53=79
Column_31=78
Column_70=77
Column_19=74
Column_83=73
Column_27=69
Column_49=67
Column_60=66
Column_0=65
Column_11=63
Column_16=63
Column_66=58
Column_14=56
Column_37=55
Column_22=54
Column_76=54
Column_79=53
Column_1=52
Column_9=52
Column_12=52
Column_36=49
Column_59=47
Column_89=47
Column_47=45
Column_55=45
Column_78=43
Column_18=42
Column_21=42
Column_7=41
Column_13=39
Column_67=35
Column_17=34
Column_28=33
Column_48=33
Column_61=33
Column_65=32
Column_8=28
Column_26=27
Column_38=27
Column_41=27
Column_80=27
Column_87=26
Column_2=25
Column_23=24
Column_42=24
Column_46=24
Column_71=22
Column_84=21
Column_20=20
Column_35=19
Column_43=19
Column_45=19
Column_52=18
Column_33=17
Column_58=17
Column_64=17
Column_68=16
Column_88=16
Column_5=14
Column_51=14
Column_69=14
Column_77=14
Column_82=14
Column_63=13
Column_72=13
Column_73=11
Column_85=11
Column_25=10
Column_40=10
Column_54=10
Column_74=9
Column_3=8
Column_34=8
Column_44=8
Column_81=8
Column_4=7
Column_86=7
Column_15=6
Column_75=6
Column_39=5
Column_62=4
Column_50=3
Column_56=1

parameters:
[boosting: gbdt]
[objective: regression]
[metric: l1]
[tree_learner: serial]
[device_type: cpu]
[data_sample_strategy: bagging]
[data: ]
[valid: ]
[num_iterations: 300]
[learning_rate: 0.05]
[num_leaves: 31]
[num_threads: 0]
[seed: 0]
[deterministic: 0]
[force_col_wise: 0]
[force_row_wise: 0]
[histogram_pool_size: -1]
[max_depth: -1]
[min_data_in_leaf: 3]
[min_sum_hessian_in_leaf: 0.001]
[bagging_fraction: 1]
[pos_bagging_fraction: 1]
[neg_bagging_fraction: 1]
[bagging_freq: 0]
[bagging_seed: 3]
[bagging_by_query: 0]
[feature_fraction: 1]
[feature_fraction_bynode: 1]
[feature_fraction_seed: 2]
[extra_trees: 0]
[extra_seed: 6]
[early_stopping_round: 0]
[early_stopping_min_delta: 0]
[first_metric_only: 0]
[max_delta_step: 0]
[lambda_l1: 0]
[lambda_l2: 0]
[linear_lambda: 0]
[min_gain_to_split: 0]
[drop_rate: 0.1]
[max_drop: 50]
[skip_drop: 0.5]
[xgboost_dart_mode: 0]
[uniform_drop: 0]
[drop_seed: 4]
[top_rate: 0.2]
[other_rate: 0.1]
[min_data_per_group: 100]
[max_cat_threshold: 32]
[cat_l2: 10]
[cat_smooth: 10]
[max_cat_to_onehot: 4]
[top_k: 20]
[monotone_constraints: ]
[monotone_constraints_method: basic]
[monotone_penalty: 0]
[feature_contri: ]
[forcedsplits_filename: ]
[refit_decay_rate: 0.9]
[cegb_tradeoff: 1]
[cegb_penalty_split: 0]
[cegb_penalty_feature_lazy: ]
[cegb_penalty_feature_coupled: ]
[path_smooth: 0]
[interaction_constraints: ]
[verbosity: -1]
[saved_feature_importance_type: 0]
[use_quantized_grad: 0]
[num_grad_quant_bins: 4]
[quant_train_renew_leaf: 0]
[stochastic_rounding: 1]
[linear_tree: 0]
[max_bin: 255]
[max_bin_by_feature: ]
[min_data_in_bin: 3]
[bin_construct_sample_cnt: 200000]
[data_random_seed: 1]
[is_enable_sparse: 1]
[enable_bundle: 1]
[use_missing: 1]
[zero_as_missing: 0]
[feature_pre_filter: 1]
[pre_partition: 0]
[two_round: 0]
[header: 0]
[label_column: ]
[weight_column: ]
[group_column: ]
[ignore_column: ]
[categorical_feature: ]
[forcedbins_filename: ]
[precise_float_parser: 0]
[parser_config_file: ]
[objective_seed: 5]
[num_class: 1]
[is_unbalance: 0]
[scale_pos_weight: 1]
[sigmoid: 1]
[boost_from_average: 1]
[reg_sqrt: 0]
[alpha: 0.9]
[fair_c: 1]
[poisson_max_delta_step: 0.7]
[tweedie_variance_power: 1.5]
[lambdarank_truncation_level: 30]
[lambdarank_norm: 1]
[label_gain: ]
[lambdarank_position_bias_regularization: 0]
[eval_at: ]
[multi_error_top_k: 1]
[auc_mu_weights: ]
[num_machines: 1]
[local_listen_port: 12400]
[time_out: 120]
[machine_list_filename: ]
[machines: ]
[gpu_platform_id: -1]
[gpu_device_id: -1]
[gpu_use_dp: 0]
[num_gpu: 1]

end of parameters

pandas_categorical:null
