tree
version=v4
num_class=1
num_tree_per_iteration=1
label_index=0
max_feature_idx=90
objective=regression
feature_names=Column_0 Column_1 Column_2 Column_3 Column_4 Column_5 Column_6 Column_7 Column_8 Column_9 Column_10 Column_11 Column_12 Column_13 Column_14 Column_15 Column_16 Column_17 Column_18 Column_19 Column_20 Column_21 Column_22 Column_23 Column_24 Column_25 Column_26 Column_27 Column_28 Column_29 Column_30 Column_31 Column_32 Column_33 Column_34 Column_35 Column_36 Column_37 Column_38 Column_39 Column_40 Column_41 Column_42 Column_43 Column_44 Column_45 Column_46 Column_47 Column_48 Column_49 Column_50 Column_51 Column_52 Column_53 Column_54 Column_55 Column_56 Column_57 Column_58 Column_59 Column_60 Column_61 Column_62 Column_63 Column_64 Column_65 Column_66 Column_67 Column_68 Column_69 Column_70 Column_71 Column_72 Column_73 Column_74 Column_75 Column_76 Column_77 Column_78 Column_79 Column_80 Column_81 Column_82 Column_83 Column_84 Column_85 Column_86 Column_87 Column_88 Column_89 Column_90
feature_infos=[-1.7097273326586353:1.9957360868564857] [-1.1055175628210132:3.4915968849038057] [-1.6431439036117184:2.3053928889638544] [-1.6767715973373651:2.0046461062618808] [-1.5265368322634296:2.8150019277708878] [-0.78968055066019027:4.9893105551773358] [-0.57182677846666508:4.6112699533654276] [-0.491794446943768:4.2572540841859183] [-0.63890421550670884:5.9511919867360952] [-0.63651700654423538:4.1277644161498852] [-2.0078905086239653:3.1963129748306249] [-1.5362210392954825:3.6634521939291602] [-1.198727062278784:3.6738568030342864] [-0.8650084295043976:3.834766224821557] [-1.8175632697235427:2.3415920490805049] [-1.8130659200764392:2.456951568391931] [-1.9774606195301279:2.901849181013771] [-1.7178165199849194:2.6623990057903697] [-2.0776485975419758:2.9546020124077534] [-1.7489753614364327:2.501954590352113] [-1.7192569298633611:3.1655081042555717] [-1.5938948768131767:3.9834124686002284] [-2.4014503141928025:2.0053856796943506] [-0.85924807068443176:5.4067124258783865] [-2.2676927946316963:2.6246778007164875] [-0.26499844875426321:6.3229472232739985] [-1.9680944005923908:2.5906899899038889] [-5.1796070420927949:2.1248507880259409] [-2.3234994665058832:1.7956653465623633] [-3.4914488022923278:2.5326395864779343] [-1.526732656748371:3.2575179328195349] [-1.5222752807785529:2.595664730483465] [-2.6892476926059272:2.5249785479670117] [-2.345545407391679:2.3084715461530059] [-1.658554174151577:2.5174082709285646] [-1.0815271671392519:4.0636671620303089] [-2.6661917466223546:2.5843149162955878] [-4.001003114129194:2.8830072462079506] [-4.0899743868900877:1.3608320878716664] [-6.2632916611562433:0.89435096675183612] [-2.1152403031618072:2.3510362393619322] [-1.7852199962114685:1.9751849121246194] [-3.7692711066253892:1.7310297155007086] [-1.9232248336125148:2.1794463302651694] [-1.5689411568378029:2.051960676884188] [-2.310178494432404:1.6239491588097672] [-2.3992004887624923:2.6010552881233844] [-2.4706349460502524:2.3154966887321948] [-1.5836949709909995:3.3942526415425385] [-2.0092230354607414:2.3647408291410401] [-1.542736829821485:2.1290944501174898] [-2.3348546190196728:1.5901665515169074] [-2.2761889536943065:2.3281903681445022] [-1.9909680757808246:2.6696178095508651] [-2.0074445092710471:2.9780753603494832] [-2.0229557315371145:3.1943810150311611] [-1.5446565182429104:2.0110245220060721] [-1.918348524939536:1.6215610250354184] [-1.7170472112235908:3.292679944217308] [-5.5367498628474028:2.813863771424975] [-2.2261483685095218:1.6120406092252966] [-0.74747500336718453:5.6761065034874125] [-2.4528745956713975:1.2292974328364434] [-6.2788053015032004:0.59554211755515152] [-2.1046584327492099:2.8401683786517236] [-3.179619721229614:5.1423393266269066] [-1.479503053710725:4.4584870570110704] [-1.7098403655731713:2.6235154618172429] [-2.4973744246565914:1.8448670827314859] [-0.89900478124990046:5.2948322740407079] [-2.4722544281254009:1.8903659780091164] [-6.2278815127713534:0.66134040602378097] [-3.0133042368810665:2.3316425603875115] [-2.9735194809692644:4.8593998456022991] [-2.4247074807107056:1.8682862432522289] [-5.6483418897632696:2.1359907904882469] [-2.261580018972642:2.0615355865360021] [-1.8886887347226227:2.0769508750865078] [-2.0755026442105557:2.0640770413884391] [-2.0724230107920372:2.6670718541594822] [-1.1663342368205436:3.0437637401502213] [-1.5600747744535304:1.9619109102626806] [-1.8366578409174752:2.1915120786365643] [-1.1921961716159761:3.7997659047858465] [-1.4442896625022286:3.715047519949068] [-1.0471017135911838:3.6493585049924757] [-1.5970700226779491:2.1136911011109984] [-4.7707911896976691:1.461688796750537] [-2.4341691008369848:1.9050019050028539] [-1.743296500122258:1.9409899176618852] [-1.7116950245118094:1.5779688507218244]
tree_sizes=1138 1211 1228 1326 1326 1196 1269 1284 1269 1286 1153 1199 1157 1157 1211 1119 1143 1197 1139 1135 1118 1241 1133 1244 1174 1140 1164 1189 1183 1184 1151 1211 1207 1181 1277 1217 1214 1278 1266 1282 1296 1324 1308 1156 1290 1322 1171 1228 1287 1298 1336 1314 1297 1310 1317 1211 1346 1320 1247 1375 1219 1184 1339 1268 1322 1236 1335 1343 1396 1307 1218 1343 1316 1241 1377 1232 1412 1333 1269 1276 1242 1460 1354 1348 1206 1335 1333 1206 1326 1471 1233 1244 1334 1354 1356 1376 1359 1393 1248 1371 1359 1353 1348 1350 1425 1450 1391 1365 1246 1339 1369 1385 1324 1389 1273 1379 1362 1381 1351 1232 1362 1369 1137 1347 1246 1314 1446 1253 1353 1216 1341 1310 1344 1230 1343 1373 1294 1390 1359 1381 1306 1342 1381 1462 1235 1316 1358 1337 1218 1340 1292 1308 1372 1339 1251 1335 1354 1326 1189 1261 1308 1382 1306 1238 1254 1315 1308 1360 1245 1335 1463 1394 1144 1317 1336 1234 1256 1387 1348 1230 1301 1268 1320 1271 1421 1341 1383 1304 1443 1269 1290 1393 1160 1375 1421 1376 1342 1341 1289 1290 1374 1275 1334 1356 1414 1364 1270 1272 1295 1297 1243 1131 1357 1287 1379 1307 1265 1369 1484 1396 1296 1239 1377 1246 1397 1140 1271 1306 1274 1397 1254 1254 1233 1369 1354 1377 1237 1280 1378 1389 1238 1341 1376 1261 1443 1281 1276 1360 1487 1278 1396 1398 1256 1166 1355 1391 1246 1371 1271 1276 1370 1276 1379 1368 1397 1273 1467 1287 1238 1373 1270 1413 1257 1360 1167 1413 1418 1378 1242 1384 1345 1389 1464 1460 1256 1269 1464 1234 1433 1337 1241 1233 1380 1261 1359 1331 1274 1378 1411 1244

Tree=0
num_leaves=11
num_cat=0
split_feature=47 75 68 36 16 30 48 58 5 5
split_gain=9.75766 9.69697 6.29371 4.20779 3.50856 1.5744 0.912656 1.17208 0.666667 0.047619
threshold=0.26790534700367247 0.038081328693971475 0.77838100417639244 -0.4884421823307819 -0.40769684561482883 -0.69464335212418094 -0.74232672986200965 0.17976561346641387 -0.12804498390988617 -1.0000000180025095e-35
decision_type=2 2 2 2 2 2 2 2 2 2
left_child=2 -2 4 -3 -1 -5 8 -8 -6 -9
right_child=1 3 -4 5 6 -7 7 9 -10 -11
leaf_value=3.0531707321252766 3.1231707328703346 3.0731707324978057 2.9481707328703344 2.981504066203668 2.9731707328703347 3.0294207316596151 3.035670731566483 3.0065040658311388 3.0065040658311388 2.9981707328703346
leaf_weight=5.0000000000000027 3.9999999999999991 3.9999999999999991 3.9999999999999991 2.9999999999999991 3 4 3.9999999999999982 3.0000000000000044 3.0000000000000062 3.9999999999999956
leaf_count=5 4 4 4 3 3 4 4 3 3 4
internal_value=3.02439 3.0565 3.00586 3.03226 3.01635 3.00889 3.00552 3.01408 2.98984 3.00174
internal_weight=41 15 26 11 22 7 17 11 6 7
internal_count=41 15 26 11 22 7 17 11 6 7
is_linear=0
shrinkage=1


Tree=1
num_leaves=11
num_cat=0
split_feature=47 75 68 36 16 30 89 74 38 4
split_gain=8.80629 8.75152 5.68007 3.79753 3.16647 1.4209 0.832347 0.94117 0.464541 0.000104166
threshold=0.26790534700367247 0.038081328693971475 0.77838100417639244 -0.4884421823307819 -0.40769684561482883 -0.69464335212418094 -0.63801057478701384 -0.50070263402697335 -1.0000000180025095e-35 0.75664558527532277
decision_type=2 2 2 2 2 2 2 2 2 2
left_child=2 -2 4 -3 -1 -5 -6 -8 9 -9
right_child=1 3 -4 5 6 -7 7 8 -10 -11
leaf_value=0.027341463714838012 0.093841463327407837 0.046341463178396228 -0.072408538311719894 -0.04074187030394872 -0.00078353647142648589 0.0047789633972570291 -0.00081131438103814769 -0.025325202941894494 -0.049214092890421716 -0.024908536672592158
leaf_weight=5.0000000000000027 3.9999999999999991 3.9999999999999991 3.9999999999999991 2.9999999999999991 5.0000000000000062 4 3.0000000000000044 3.0000000000000036 2.9999999999999893 3
leaf_count=5 4 4 4 3 5 4 3 3 3 3
internal_value=-2.19202e-10 0.0305081 -0.0176008 0.00747783 -0.00763581 -0.01473 -0.0179232 -0.0250648 -0.0331493 -0.0251169
internal_weight=41 15 26 11 22 7 17 12 9 6
internal_count=41 15 26 11 22 7 17 12 9 6
is_linear=0
shrinkage=0.05


Tree=2
num_leaves=11
num_cat=0
split_feature=47 75 68 36 16 30 24 80 74 26
split_gain=7.94768 7.89824 5.12626 3.42727 2.85774 1.28236 0.771832 0.814462 0.282836 0.0375382
threshold=0.26790534700367247 0.038081328693971475 0.77838100417639244 -0.4884421823307819 -0.40769684561482883 -0.69464335212418094 0.82316361326718435 -1.0000000180025095e-35 -0.50070263402697335 -1.0000000180025095e-35
decision_type=2 2 2 2 2 2 2 2 2 2
left_child=2 -2 4 -3 -1 -5 7 8 -6 -10
right_child=1 3 -4 5 6 -7 -8 -9 9 -11
leaf_value=0.025974390208721145 0.08914939165115357 0.044024389982223515 -0.068788111209869385 -0.038704777260621388 -0.0085489894185836 0.0045400153379887339 -0.040042044719060262 0.0040846681455150233 -0.023396905759970315 -0.031306627889474262
leaf_weight=5.0000000000000027 3.9999999999999991 3.9999999999999991 3.9999999999999991 2.9999999999999991 3.0000000000000036 4 2.9999999999999991 5.0000000000000009 3.0000000000000036 2.9999999999999964
leaf_count=5 4 4 4 3 3 4 3 5 3 3
internal_value=-7.95031e-12 0.0289827 -0.0167208 0.00710394 -0.00725402 -0.0139935 -0.0170271 -0.0120953 -0.0210842 -0.0273518
internal_weight=41 15 26 11 22 7 17 14 9 6
internal_count=41 15 26 11 22 7 17 14 9 6
is_linear=0
shrinkage=0.05


Tree=3
num_leaves=12
num_cat=0
split_feature=47 75 68 36 17 30 40 21 60 25 7
split_gain=7.17278 7.12816 4.62645 3.09311 2.59713 1.15733 1.10107 1.08473 0.613387 0.0518354 0.000151888
threshold=0.26790534700367247 0.038081328693971475 0.77838100417639244 -0.4884421823307819 -0.41996176514402422 -0.69464335212418094 -0.17088130990702283 -0.39593862495245485 0.20061677607460518 -0.15876703176308338 -0.11253470158697988
decision_type=2 2 2 2 2 2 2 2 2 2 2
left_child=2 -2 4 -3 -1 -5 -6 -8 9 -9 -11
right_child=1 3 -4 5 6 -7 7 8 -10 10 -12
leaf_value=0.036342338224252028 0.084691917896270758 0.041823170706629755 -0.065348703414201736 -0.036769537130991618 0.014079402014613119 0.0043130144476890555 -0.046030468742052633 -0.014549873051388794 0.0036157406168058504 -0.022850926717122369 -0.022347789506117603
leaf_weight=3.0000000000000027 3.9999999999999991 3.9999999999999991 3.9999999999999991 2.9999999999999991 3.0000000000000062 4 3.0000000000000044 3.0000000000000027 4.0000000000000009 3.0000000000000027 2.9999999999999858
leaf_count=3 4 4 4 3 3 4 3 3 4 3 3
internal_value=-9.05768e-11 0.0275336 -0.0158848 0.00674874 -0.00689132 -0.0132938 -0.0137177 -0.0189296 -0.0126756 -0.0199162 -0.0225994
internal_weight=41 15 26 11 22 7 19 16 13 9 6
internal_count=41 15 26 11 22 7 19 16 13 9 6
is_linear=0
shrinkage=0.05


Tree=4
num_leaves=12
num_cat=0
split_feature=47 75 68 36 17 30 40 11 60 48 29
split_gain=6.47343 6.43317 4.17537 2.79154 2.34391 1.04449 0.993712 0.981197 0.553099 0.0492705 6.20837e-05
threshold=0.26790534700367247 0.038081328693971475 0.77838100417639244 -0.4884421823307819 -0.41996176514402422 -0.69464335212418094 -0.17088130990702283 -0.59187829011864779 0.20061677607460518 -0.74232672986200965 -0.15837963194370194
decision_type=2 2 2 2 2 2 2 2 2 2 2
left_child=2 -2 4 -3 -1 -5 -6 -8 9 -9 -11
right_child=1 3 -4 5 6 -7 7 8 -10 10 -12
leaf_value=0.034525219847758574 0.080457323789596566 0.039732012897729874 -0.062081270664930348 -0.034931061168511711 0.01337543223053214 0.0040973636321723454 -0.043758181730906065 -0.013678768680741374 0.003434953675605357 -0.021687413255373614 -0.021365741391976771
leaf_weight=3.0000000000000027 3.9999999999999991 3.9999999999999991 3.9999999999999991 2.9999999999999991 3.0000000000000062 4 3.0000000000000062 3.0000000000000027 3.9999999999999991 3.0000000000000027 2.9999999999999858
leaf_count=3 4 4 4 3 3 4 3 3 4 3 3
internal_value=-2.22609e-10 0.0261569 -0.0150905 0.0064113 -0.00654675 -0.0126291 -0.0130318 -0.0179832 -0.0120351 -0.0189106 -0.0215266
internal_weight=41 15 26 11 22 7 19 16 13 9 6
internal_count=41 15 26 11 22 7 19 16 13 9 6
is_linear=0
shrinkage=0.05


Tree=5
num_leaves=11
num_cat=0
split_feature=10 36 13 55 36 58 38 20 49 23
split_gain=5.86608 4.17904 4.11644 3.60064 1.50524 0.819974 0.5254 0.222502 0.0811402 0.031895
threshold=-1.3189379337224574 -0.52845248860071514 1.6299292415860136 -1.0000000180025095e-35 1.1352898281787425 -0.41409886781040078 -0.033750304569540097 -1.0000000180025095e-35 0.54686124812298742 -0.40468711226300441
decision_type=2 2 2 2 2 2 2 2 2 2
left_child=-1 3 4 -2 5 -3 9 8 -8 -7
right_child=1 2 -4 -5 -6 6 7 -9 -10 -11
leaf_value=-0.067310537894566855 0.0067914059758186337 -0.037181177176535067 0.043171491799876095 0.070436654984951039 0.016653051227331163 -0.02756757090489069 -0.0048148950561880989 -0.014935632329434191 0.006063039104143777 -0.020276598632335604
leaf_weight=2.9999999999999991 5 4.0000000000000062 3.9999999999999991 3.9999999999999982 3.9999999999999991 3 4.0000000000000062 3.9999999999999902 3 3.000000000000008
leaf_count=3 5 4 4 4 4 3 4 4 3 3
internal_value=-3.18013e-11 0.00531399 -0.00392317 0.0350782 -0.0114583 -0.0168129 -0.0120203 -0.00552845 -0.000152923 -0.0239221
internal_weight=41 38 29 9 25 21 17 11 7 6
internal_count=41 38 29 9 25 21 17 11 7 6
is_linear=0
shrinkage=0.05


Tree=6
num_leaves=12
num_cat=0
split_feature=47 75 68 47 17 63 89 27 26 30 11
split_gain=5.52052 5.33286 3.43192 2.35409 1.96621 0.927527 0.84627 0.688628 0.665994 0.250973 5.08293e-05
threshold=0.26790534700367247 0.038081328693971475 0.77838100417639244 1.0174899516286378 -0.41996176514402422 0.11486272365329754 -0.63801057478701384 0.11683106831262474 0.519159800556248 -0.40302351960654509 1.0000000180025095e-35
decision_type=2 2 2 2 2 2 2 2 2 2 2
left_child=2 -2 4 5 -1 -3 7 -6 9 -8 -11
right_child=1 3 -4 -5 6 -7 8 -9 -10 10 -12
leaf_value=0.031427711993455849 0.073594254255294797 0.04467842181523643 -0.056537950783967977 -0.024421516200527543 -0.011894532712176421 0.0079001197475008656 -0.0015801011274258273 0.019795362651348111 -0.040590938925743107 -0.01943767269452416 -0.019146613279978429
leaf_weight=3.0000000000000027 3.9999999999999991 2.9999999999999982 3.9999999999999991 4 4.0000000000000062 4 3.0000000000000036 3 2.9999999999999991 2.9999999999999947 3
leaf_count=3 4 3 4 4 4 4 3 3 3 3 3
internal_value=2.07844e-10 0.0241551 -0.0139356 0.00617724 -0.00618977 0.0236622 -0.0121294 0.00168685 -0.0201888 -0.0133881 -0.0192921
internal_weight=41 15 26 11 22 7 19 7 12 9 6
internal_count=41 15 26 11 22 7 19 7 12 9 6
is_linear=0
shrinkage=0.05


Tree=7
num_leaves=12
num_cat=0
split_feature=47 75 68 47 6 63 89 27 71 74 20
split_gain=4.98227 4.81291 3.10972 2.12456 1.22162 0.837093 0.734643 0.621487 0.523639 0.190869 0.0051332
threshold=0.26790534700367247 0.038081328693971475 1.0601966358628305 1.0174899516286378 -0.50279862239329165 0.11486272365329754 -0.63801057478701384 0.11683106831262474 0.17920996167510836 -0.36848277815320701 -0.42666312954629709
decision_type=2 2 2 2 2 2 2 2 2 2 2
left_child=2 -2 4 5 -1 -3 7 -6 9 -8 -11
right_child=1 3 -4 -5 6 -7 8 -9 -10 10 -12
leaf_value=0.022759149471918719 0.069914540648460394 0.042444499333699565 -0.06111811598141989 -0.023200440499931571 -0.011299806204624455 0.0075051137944683426 -0.0015010960089663645 0.018805594245592749 -0.033540932089090349 -0.015484859794378259 -0.018409809966882119
leaf_weight=3.0000000000000027 3.9999999999999991 2.9999999999999982 2.9999999999999991 4 4.0000000000000062 4 3.0000000000000036 3 3.9999999999999991 3.0000000000000036 2.9999999999999911
leaf_count=3 4 3 3 4 4 4 3 3 4 3 3
internal_value=-3.2937e-10 0.0229474 -0.0132389 0.00586838 -0.00699374 0.0224791 -0.0114567 0.00160251 -0.0184885 -0.0117986 -0.0169473
internal_weight=41 15 26 11 23 7 20 7 13 9 6
internal_count=41 15 26 11 23 7 20 7 13 9 6
is_linear=0
shrinkage=0.05


Tree=8
num_leaves=12
num_cat=0
split_feature=47 75 68 47 17 63 89 26 27 30 18
split_gain=4.4965 4.34365 2.89479 1.91742 1.68452 0.755476 0.690831 0.571178 0.560892 0.199145 0.000121756
threshold=0.26790534700367247 0.038081328693971475 0.77838100417639244 1.0174899516286378 -0.41996176514402422 0.11486272365329754 -0.63801057478701384 0.519159800556248 0.11683106831262474 -0.40302351960654509 1.0000000180025095e-35
decision_type=2 2 2 2 2 2 2 2 2 2 2
left_child=2 -2 4 5 -1 -3 8 9 -6 -8 -11
right_child=1 3 -4 -5 6 -7 7 -9 -10 10 -12
leaf_value=0.029355770349502531 0.066418814659118655 0.040322273969650282 -0.051703616231679919 -0.022040418034885073 -0.010734816361218672 0.0071298581548035131 -0.0014260412814716477 -0.037136530379454295 0.017865314582983648 -0.017428846160570808 -0.016978373130162552
leaf_weight=3.0000000000000027 3.9999999999999991 2.9999999999999982 3.9999999999999991 4 4.0000000000000062 4 3.0000000000000036 2.9999999999999991 3 2.9999999999999947 3
leaf_count=3 4 3 4 4 4 4 3 3 3 3 3
internal_value=-1.80586e-10 0.0218 -0.0125769 0.00557496 -0.00546297 0.0213552 -0.0109607 -0.0182424 0.00152238 -0.0119444 -0.0172036
internal_weight=41 15 26 11 22 7 19 12 7 9 6
internal_count=41 15 26 11 22 7 19 12 7 9 6
is_linear=0
shrinkage=0.05


Tree=9
num_leaves=12
num_cat=0
split_feature=47 75 68 36 17 30 89 26 27 30 18
split_gain=4.05809 3.92014 2.61255 1.73292 1.52028 0.731815 0.623475 0.515488 0.506205 0.179729 0.000109884
threshold=0.26790534700367247 0.038081328693971475 0.77838100417639244 -0.4884421823307819 -0.41996176514402422 -0.69464335212418094 -0.63801057478701384 0.519159800556248 0.11683106831262474 -0.40302351960654509 1.0000000180025095e-35
decision_type=2 2 2 2 2 2 2 2 2 2 2
left_child=2 -2 4 -3 -1 -5 8 9 -6 -8 -11
right_child=1 3 -4 5 6 -7 7 -9 -10 10 -12
leaf_value=0.027887982130050629 0.06309787333011628 0.031549392268061638 -0.049118433892726902 -0.02837331568201383 -0.010198075263178889 0.0042951834155246608 -0.001354739194115001 -0.035279704133669536 0.01697204858064651 -0.016557403405507428 -0.016129453976949051
leaf_weight=3.0000000000000027 3.9999999999999991 3.9999999999999991 3.9999999999999991 2.9999999999999991 4.0000000000000062 4 3.0000000000000036 2.9999999999999991 3 2.9999999999999947 3
leaf_count=3 4 4 4 3 4 4 3 3 3 3 3
internal_value=5.82077e-11 0.02071 -0.0119481 0.00529621 -0.00518982 -0.0097056 -0.0104126 -0.0173303 0.00144626 -0.0113472 -0.0163434
internal_weight=41 15 26 11 22 7 19 12 7 9 6
internal_count=41 15 26 11 22 7 19 12 7 9 6
is_linear=0
shrinkage=0.05


Tree=10
num_leaves=11
num_cat=0
split_feature=47 24 35 17 6 72 13 74 5 82
split_gain=3.68115 4.0038 1.99602 2.07237 1.346 0.916879 0.627164 0.582774 0.491254 0.116688
threshold=-0.52364744618556514 -0.44213850143904293 0.53685622230218377 -0.41996176514402422 -0.34375851814141162 0.53215664918212624 -0.5048693837833601 1.1351107992770995 -0.12804498390988617 -1.0000000180025095e-35
decision_type=2 2 2 2 2 2 2 2 2 2
left_child=4 6 3 -3 5 -1 -2 9 -6 -5
right_child=1 2 -4 7 8 -7 -8 -9 -10 -11
leaf_value=-0.020065210666507478 -0.038227482636769602 0.044020669907331431 0.050406883358955379 -0.00087365437066182466 0.010281351705392199 -0.056631791591644269 -0.0079849011264741358 0.019875352581342057 -0.015311729758977894 -0.013918557763099679
leaf_weight=4 3 4.0000000000000027 4.9999999999999991 4.0000000000000009 3 3 4.0000000000000027 3 4.9999999999999982 2.9999999999999973
leaf_count=4 3 4 5 4 3 3 4 3 5 3
internal_value=-3.40728e-12 0.0113796 0.0232891 0.0136042 -0.0197247 -0.0357366 -0.020946 0.00143758 -0.00571432 -0.00646433
internal_weight=41 26 19 14 15 7 7 10 8 7
internal_count=41 26 19 14 15 7 7 10 8 7
is_linear=0
shrinkage=0.05


Tree=11
num_leaves=11
num_cat=0
split_feature=47 75 68 36 16 30 85 60 47 24
split_gain=3.35885 3.26111 2.14086 1.39936 1.27268 0.589208 0.440265 0.255891 0.222518 0.00211397
threshold=0.26790534700367247 0.038081328693971475 0.77838100417639244 -0.4884421823307819 -0.40769684561482883 -0.69464335212418094 -0.75231084124509529 0.20061677607460518 1.0000000180025095e-35 0.64286568603343619
decision_type=2 2 2 2 2 2 2 2 2 2
left_child=2 -2 4 -3 -1 -5 -6 8 9 -8
right_child=1 3 -4 5 6 -7 7 -9 -10 -11
leaf_value=0.017422450780868518 0.057502463459968567 0.028374522551894189 -0.044518059492111212 -0.025448424369096757 -0.028656475618481572 0.0038647441891953346 -0.014804894328117374 0.0053945859894156461 0.00053326425453027076 -0.016483769317468002
leaf_weight=5.0000000000000027 3.9999999999999991 3.9999999999999991 3.9999999999999991 2.9999999999999991 3.0000000000000062 4 4.9999999999999982 2.9999999999999991 3 3
leaf_count=5 4 4 4 3 3 4 5 3 3 3
internal_value=1.93079e-10 0.0188414 -0.0108701 0.00478289 -0.00475225 -0.00869804 -0.0112742 -0.00754944 -0.0110796 -0.0154345
internal_weight=41 15 26 11 22 7 17 14 11 8
internal_count=41 15 26 11 22 7 17 14 11 8
is_linear=0
shrinkage=0.05


Tree=12
num_leaves=11
num_cat=0
split_feature=47 24 35 17 6 72 13 74 5 82
split_gain=3.08222 3.29548 1.66459 1.73123 1.11056 0.777819 0.525008 0.473435 0.410378 0.0869812
threshold=-0.52364744618556514 -0.44213850143904293 0.53685622230218377 -0.41996176514402422 -0.34375851814141162 0.53215664918212624 -0.5048693837833601 1.1351107992770995 -0.12804498390988617 -1.0000000180025095e-35
decision_type=2 2 2 2 2 2 2 2 2 2
left_child=4 6 3 -3 5 -1 -2 9 -6 -5
right_child=1 2 -4 7 8 -7 -8 -9 -10 -11
leaf_value=-0.018159001087769865 -0.034725859761238091 0.040173711627721757 0.045981909632682803 -0.0010423318715766068 0.0092970901479323669 -0.051838659246762578 -0.0070557205937802729 0.017871355017026261 -0.014094594269990924 -0.012304992477099109
leaf_weight=4 3 4.0000000000000027 4.9999999999999991 4.0000000000000009 3 3 4.0000000000000027 3 4.9999999999999982 2.9999999999999973
leaf_count=4 3 4 5 4 3 3 4 3 5 3
internal_value=2.47596e-10 0.0104128 0.0212176 0.0123732 -0.0180489 -0.0325931 -0.0189144 0.00125298 -0.00532271 -0.00586919
internal_weight=41 26 19 14 15 7 7 10 8 7
internal_count=41 26 19 14 15 7 7 10 8 7
is_linear=0
shrinkage=0.05


Tree=13
num_leaves=11
num_cat=0
split_feature=47 24 35 17 6 72 13 74 5 82
split_gain=2.7817 2.97417 1.5023 1.56243 1.00228 0.701982 0.47382 0.427275 0.370366 0.0785005
threshold=-0.52364744618556514 -0.44213850143904293 0.53685622230218377 -0.41996176514402422 -0.34375851814141162 0.53215664918212624 -0.5048693837833601 1.1351107992770995 -0.12804498390988617 -1.0000000180025095e-35
decision_type=2 2 2 2 2 2 2 2 2 2
left_child=4 6 3 -3 5 -1 -2 9 -6 -5
right_child=1 2 -4 7 8 -7 -8 -9 -10 -11
leaf_value=-0.017251051403582095 -0.032989566524823502 0.038165025413036319 0.043682812899351123 -0.00099021532805636486 0.0088322362552086496 -0.049246728420257554 -0.0067029342986643266 0.016977787762880319 -0.013389864712953571 -0.011689742406209317
leaf_weight=4 3 4.0000000000000027 4.9999999999999991 4.0000000000000009 3 3 4.0000000000000027 3 4.9999999999999982 2.9999999999999973
leaf_count=4 3 4 5 4 3 3 4 3 5 3
internal_value=-3.74801e-11 0.00989219 0.0201567 0.0117545 -0.0171465 -0.0309635 -0.0179686 0.00119033 -0.00505658 -0.00557573
internal_weight=41 26 19 14 15 7 7 10 8 7
internal_count=41 26 19 14 15 7 7 10 8 7
is_linear=0
shrinkage=0.05


Tree=14
num_leaves=11
num_cat=0
split_feature=47 75 68 39 63 36 70 58 64 64
split_gain=2.55179 2.50191 1.59572 1.01075 0.76533 0.513026 0.492111 0.346079 0.122309 0.012029
threshold=0.26790534700367247 0.038081328693971475 1.0601966358628305 0.14367154181019873 0.09843632237247045 -0.17652375554993327 0.73942644254834755 -0.41409886781040078 -0.096856475598105909 0.47644639660299531
decision_type=2 2 2 2 2 2 2 2 2 2
left_child=2 -2 4 5 -1 -3 7 -6 -9 -10
right_child=1 3 -4 -5 6 -7 -8 8 9 -11
leaf_value=0.012304447740316374 0.050285679101943974 0.0046351336315274237 -0.043772248427073168 0.028859060506025942 -0.029280320803324312 -0.021518910179535548 0.005658744089305401 -0.0031470337999053265 -0.016500512758890831 -0.01231216825544834
leaf_weight=5.0000000000000062 3.9999999999999991 4.9999999999999991 2.9999999999999991 3 3.0000000000000062 2.9999999999999991 3.9999999999999991 4.0000000000000036 2.9999999999999911 4
leaf_count=5 4 5 3 3 3 3 4 4 3 4
internal_value=-8.74535e-11 0.0164226 -0.00947457 0.00410874 -0.00500096 -0.00517263 -0.00980802 -0.0142271 -0.0101217 -0.0141072
internal_weight=41 15 26 11 23 8 18 14 11 7
internal_count=41 15 26 11 23 8 18 14 11 7
is_linear=0
shrinkage=0.05


Tree=15
num_leaves=11
num_cat=0
split_feature=47 24 74 55 6 72 31 13 5 18
split_gain=2.32774 2.46397 1.26328 1.07443 0.813437 0.586001 0.446258 0.387475 0.326879 0.0457154
threshold=-0.52364744618556514 -0.44213850143904293 0.63585397938029542 0.42551177277413149 -0.34375851814141162 0.53215664918212624 -0.51953905238872966 -0.5048693837833601 -0.12804498390988617 0.48432196536385735
decision_type=2 2 2 2 2 2 2 2 2 2
left_child=4 7 3 -3 5 -1 9 -2 -6 -4
right_child=1 2 6 -5 8 -7 -8 -9 -10 -11
leaf_value=-0.015604040026664732 -0.02989325523376464 0.014233637452125542 -0.007435421769817669 0.047012084722518915 0.0082544498145580274 -0.044837310910224908 0.020547259847323109 -0.0061220967210829204 -0.012622290104627613 0.0012934046642233924
leaf_weight=4 3 5.0000000000000018 3 5 3 3 2.9999999999999982 4.0000000000000027 4.9999999999999982 3
leaf_count=4 3 5 3 5 3 3 3 4 5 3
internal_value=-1.80586e-10 0.00904908 0.0183918 0.0306229 -0.0156851 -0.0281326 0.00480175 -0.0163097 -0.00479351 -0.00307101
internal_weight=41 26 19 10 15 7 9 7 8 6
internal_count=41 26 19 10 15 7 9 7 8 6
is_linear=0
shrinkage=0.05


Tree=16
num_leaves=11
num_cat=0
split_feature=36 21 55 35 62 36 40 78 75 22
split_gain=2.10987 1.7537 1.49932 1.43564 0.717947 0.647424 0.205979 0.183505 0.0322004 0.00131086
threshold=-0.52845248860071514 -1.1613846848418459 -1.0000000180025095e-35 -0.43467753537792259 0.488061090185886 0.39326775818027954 0.16166019120186342 0.79187513870965531 0.56387699016843407 0.64167914583452401
decision_type=2 2 2 2 2 2 2 2 2 2
left_child=2 -2 -1 4 -3 6 8 -6 -5 -8
right_child=1 3 -4 5 7 -7 9 -9 -10 -11
leaf_value=0.0031342101097106933 0.030377146850029631 -0.040316945314407354 0.044204109907150284 0.0029179964854847596 -0.006800585146993398 0.017157397419214248 -0.01338283022244771 -0.02194593027234077 -0.0039346573874354347 -0.011904731889565784
leaf_weight=5 2.9999999999999991 3.9999999999999991 3.9999999999999982 4.0000000000000053 4 3.9999999999999991 3 4 3 3
leaf_count=5 3 4 4 4 4 4 3 4 3 3
internal_value=1.19823e-10 -0.00601523 0.0213875 -0.00977996 -0.0230212 -0.00043324 -0.00584574 -0.0143733 -1.88552e-05 -0.0126438
internal_weight=41 32 9 29 12 17 13 8 7 6
internal_count=41 32 9 29 12 17 13 8 7 6
is_linear=0
shrinkage=0.05


Tree=17
num_leaves=11
num_cat=0
split_feature=47 75 68 16 36 30 85 58 1 7
split_gain=1.95034 1.91274 1.19916 0.8071 0.806557 0.296453 0.262016 0.161366 0.187898 0.000644934
threshold=0.26790534700367247 0.038081328693971475 0.77838100417639244 -0.40769684561482883 -0.4884421823307819 -0.69464335212418094 -0.75231084124509529 0.46752140919359592 -0.41170648260761583 -0.11253470158697988
decision_type=2 2 2 2 2 2 2 2 2 2
left_child=2 -2 3 -1 -3 -6 -5 8 -8 -9
right_child=1 4 -4 6 5 -7 7 9 -10 -11
leaf_value=0.013954430222511284 0.043965990841388705 0.021501159761101007 -0.033465880528092386 -0.022307661858697682 -0.018525490164756776 0.0022669955691526408 -0.0073114483151584782 -0.012741500884294508 0.0085167283813158828 -0.011704731484254199
leaf_weight=5.0000000000000027 3.9999999999999991 3.9999999999999991 3.9999999999999991 3.0000000000000062 2.9999999999999991 4 5.0000000000000044 3 2.9999999999999938 3
leaf_count=5 4 4 4 3 3 4 5 3 3 3
internal_value=9.94854e-11 0.0143573 -0.00828308 -0.00370439 0.00359056 -0.00664407 -0.00889816 -0.0060247 -0.00137588 -0.0122231
internal_weight=41 15 26 22 11 7 17 14 8 6
internal_count=41 15 26 22 11 7 17 14 8 6
is_linear=0
shrinkage=0.05


Tree=18
num_leaves=11
num_cat=0
split_feature=47 24 21 36 6 72 13 5 55 32
split_gain=1.78818 1.89217 0.985291 0.938981 0.623135 0.438493 0.279114 0.247133 0.237904 0.0941669
threshold=-0.52364744618556514 -0.44213850143904293 -0.74372871717008715 -0.4884421823307819 -0.34375851814141162 0.53215664918212624 -0.5048693837833601 -0.12804498390988617 0.56217704107498567 0.40868779363094038
decision_type=2 2 2 2 2 2 2 2 2 2
left_child=4 6 8 -4 5 -1 -2 -6 -3 -5
right_child=1 2 3 9 7 -7 -8 -9 -10 -11
leaf_value=-0.013804544880986211 -0.025819830596446987 0.02292214284340538 0.025380701720714556 -0.0076650243252515855 0.0071304953967531509 -0.039092274506886793 -0.0056445853784680318 -0.011021926552057269 0.042834601799647001 0.0031843339413171628
leaf_weight=4 3 3.0000000000000027 5.0000000000000018 3.9999999999999964 3 3 4.0000000000000027 4.9999999999999982 3 4
leaf_count=4 3 3 5 4 3 3 4 5 3 4
internal_value=-4.68501e-11 0.00793127 0.0161185 0.00838313 -0.0137475 -0.0246421 -0.0142911 -0.00421477 0.0328784 -0.00224035
internal_weight=41 26 19 13 15 7 7 8 6 8
internal_count=41 26 19 13 15 7 7 8 6 8
is_linear=0
shrinkage=0.05


Tree=19
num_leaves=11
num_cat=0
split_feature=47 24 21 36 6 72 13 5 55 32
split_gain=1.61384 1.70768 0.889225 0.847431 0.562379 0.39574 0.2519 0.223037 0.214708 0.0849856
threshold=-0.52364744618556514 -0.44213850143904293 -0.74372871717008715 -0.4884421823307819 -0.34375851814141162 0.53215664918212624 -0.5048693837833601 -0.12804498390988617 0.56217704107498567 0.40868779363094038
decision_type=2 2 2 2 2 2 2 2 2 2
left_child=4 6 8 -4 5 -1 -2 -6 -3 -5
right_child=1 2 3 9 7 -7 -8 -9 -10 -11
leaf_value=-0.013114317250438032 -0.024528839190800979 0.021776035179694467 0.024111666083335866 -0.0072817731648683595 0.0067739706486463535 -0.037137659887472779 -0.0053623559884726953 -0.010470830351114277 0.040692871809005729 0.0030251174466684456
leaf_weight=4 3 3.0000000000000027 5.0000000000000018 3.9999999999999964 3 3 4.0000000000000027 4.9999999999999982 3 4
leaf_count=4 3 3 5 4 3 3 4 5 3 4
internal_value=-3.63443e-11 0.00753471 0.0153125 0.00796398 -0.0130602 -0.02341 -0.0135766 -0.00400403 0.0312345 -0.00212833
internal_weight=41 26 19 13 15 7 7 8 6 8
internal_count=41 26 19 13 15 7 7 8 6 8
is_linear=0
shrinkage=0.05


Tree=20
num_leaves=10
num_cat=0
split_feature=47 75 68 16 39 36 24 80 85
split_gain=1.4741 1.4704 0.892041 0.627581 0.621188 0.25117 0.193297 0.152119 0.0598952
threshold=0.26790534700367247 0.038081328693971475 0.77838100417639244 -0.40769684561482883 0.14367154181019873 -0.17652375554993327 0.82316361326718435 -1.0000000180025095e-35 -0.57033384223542949
decision_type=2 2 2 2 2 2 2 2 2
left_child=2 -2 3 -1 5 -3 7 8 -5
right_child=1 4 -4 6 -6 -7 -8 -9 -10
leaf_value=0.012319523585028939 0.038442195951938631 0.0026282815728336574 -0.028920994326472285 -0.012896921187639224 0.022444913287957502 -0.015671813736359279 -0.019349533071120584 0.0016286238934844729 -0.0046882597263902415
leaf_weight=5.0000000000000027 3.9999999999999991 4.9999999999999991 3.9999999999999991 5.0000000000000036 3 2.9999999999999991 2.9999999999999991 5.0000000000000009 4
leaf_count=5 4 5 4 5 3 3 3 5 4
internal_value=1.55031e-10 0.012482 -0.00720113 -0.00325207 0.00304188 -0.00423425 -0.00783195 -0.00536389 -0.00924863
internal_weight=41 15 26 22 11 8 17 14 9
internal_count=41 15 26 22 11 8 17 14 9
is_linear=0
shrinkage=0.05


Tree=21
num_leaves=12
num_cat=0
split_feature=36 21 55 35 0 36 77 40 26 39 6
split_gain=1.35074 1.08826 1.051 0.937694 0.441245 0.436745 0.133918 0.126829 0.0501659 0.0187254 0.000690234
threshold=-0.52845248860071514 -1.1613846848418459 -1.0000000180025095e-35 -0.43467753537792259 0.67048036464423977 0.39326775818027954 -1.0000000180025095e-35 0.16166019120186342 -0.26376296914843095 0.10144365620269373 1.0000000180025095e-35
decision_type=2 2 2 2 2 2 2 2 2 2 2
left_child=2 -2 -1 4 6 7 -3 9 -6 -5 -9
right_child=1 3 -4 5 8 -7 -8 10 -10 -11 -12
leaf_value=0.0018301897495985029 0.023855201217035452 -0.020597800612449643 0.036215820163488392 -0.0023375326651148462 -0.0043201641490062071 0.014223005622625351 -0.035537577668825801 -0.010540873060623802 -0.013464002062877015 0.0028881558837989957 -0.0094683110713958719
leaf_weight=5 2.9999999999999991 3 3.9999999999999982 4.0000000000000053 3 3.9999999999999991 2.9999999999999982 3 3 3 3
leaf_count=5 3 3 4 4 3 4 3 3 3 3 3
internal_value=1.62414e-10 -0.00481294 0.0171127 -0.00777861 -0.0184799 -0.000224776 -0.0280677 -0.00467025 -0.00889208 -9.79519e-05 -0.0100046
internal_weight=41 32 9 29 12 17 6 13 6 7 6
internal_count=41 32 9 29 12 17 6 13 6 7 6
is_linear=0
shrinkage=0.05


Tree=22
num_leaves=11
num_cat=0
split_feature=47 24 63 55 6 23 72 13 5 65
split_gain=1.23301 1.30836 0.707508 0.736111 0.430347 0.368125 0.302245 0.179493 0.168659 0.142089
threshold=-0.52364744618556514 -0.44213850143904293 0.2572965560415395 0.42551177277413149 -0.34375851814141162 0.20318432124593908 0.53215664918212624 -0.5048693837833601 -0.12804498390988617 0.073140366057238046
decision_type=2 2 2 2 2 2 2 2 2 2
left_child=4 7 3 5 6 9 -1 -2 -6 -3
right_child=1 2 -4 -5 8 -7 -8 -9 -10 -11
leaf_value=-0.011471763183362779 -0.021137997508049008 -0.004230380617082116 -0.0027510382421314719 0.034542059898376463 0.0058788431187470737 0.02491528193155924 -0.032466369370619447 -0.0049589781556278432 -0.0091171114146709458 0.011158425360918043
leaf_weight=4 3 3.0000000000000018 4.9999999999999991 4.9999999999999991 3 3 3 4.0000000000000027 4.9999999999999982 3
leaf_count=4 3 3 5 5 3 3 3 4 5 3
internal_value=-1.31748e-10 0.00658597 0.013394 0.01916 -0.0114157 0.0106144 -0.0204695 -0.0118928 -0.00349363 0.00346402
internal_weight=41 26 19 14 15 9 7 7 8 6
internal_count=41 26 19 14 15 9 7 7 8 6
is_linear=0
shrinkage=0.05


Tree=23
num_leaves=11
num_cat=0
split_feature=47 75 68 16 39 36 85 60 17 48
split_gain=1.12645 1.10457 0.671004 0.482757 0.45168 0.194155 0.161867 0.0946103 0.0729329 0.00120486
threshold=0.26790534700367247 0.038081328693971475 0.77838100417639244 -0.40769684561482883 0.14367154181019873 -0.17652375554993327 -0.75231084124509529 0.20061677607460518 -1.0000000180025095e-35 -0.74232672986200965
decision_type=2 2 2 2 2 2 2 2 2 2
left_child=2 -2 3 -1 5 -3 -5 8 -8 -10
right_child=1 4 -4 6 -6 -7 7 -9 9 -11
leaf_value=0.010787297391630084 0.033411541581153871 0.0025584338093176486 -0.025132628530263903 -0.017426430868605732 0.019274588177601491 -0.01353111689289411 -0.00012634632488091766 0.003242410797004899 -0.0084757849574088936 -0.0097432532906532466
leaf_weight=5.0000000000000027 3.9999999999999991 4.9999999999999991 3.9999999999999991 3.0000000000000062 3 2.9999999999999991 3.0000000000000044 2.9999999999999991 3.0000000000000036 4.9999999999999902
leaf_count=5 4 5 4 3 3 3 3 3 3 5
internal_value=3.77435e-11 0.0109112 -0.00629495 -0.00286992 0.00272933 -0.00347515 -0.00688675 -0.00462824 -0.00677479 -0.00926795
internal_weight=41 15 26 22 11 8 17 14 11 8
internal_count=41 15 26 22 11 8 17 14 11 8
is_linear=0
shrinkage=0.05


Tree=24
num_leaves=11
num_cat=0
split_feature=47 24 21 36 41 5 13 55 32 0
split_gain=1.04099 1.07016 0.58602 0.549082 0.356411 0.158614 0.153528 0.139283 0.0479074 0.0336744
threshold=-0.52364744618556514 -0.44213850143904293 -0.74372871717008715 -0.4884421823307819 -0.24113302292180988 -0.21067367577278426 -0.5048693837833601 0.56217704107498567 0.40868779363094038 0.90718378348810547
decision_type=2 2 2 2 2 2 2 2 2 2
left_child=4 6 7 -4 5 -1 -2 -3 -5 -7
right_child=1 2 3 8 -6 9 -8 -9 -10 -11
leaf_value=0.0026729663950391114 -0.019211182494958238 0.017516045272350293 0.019241056740283959 -0.0057499581482261461 -0.021388933956623078 -0.013926729311545691 -0.0042480380041524735 0.03275211652119954 0.0019885361136402933 -0.0064351287980874364
leaf_weight=3.9999999999999991 3 3.0000000000000027 5.0000000000000018 3.9999999999999964 4.9999999999999991 2.9999999999999991 4.0000000000000027 3 4 3
leaf_count=4 3 3 5 4 5 3 4 3 4 3
internal_value=7.0985e-11 0.00605148 0.0122086 0.00624305 -0.0104892 -0.00503937 -0.0106608 0.0251341 -0.00188071 -0.0101809
internal_weight=41 26 19 13 15 10 7 6 8 6
internal_count=41 26 19 13 15 10 7 6 8 6
is_linear=0
shrinkage=0.05


Tree=25
num_leaves=11
num_cat=0
split_feature=47 24 63 55 6 23 41 13 5 65
split_gain=0.939498 0.965822 0.545747 0.566955 0.343697 0.281954 0.243541 0.138559 0.129108 0.107354
threshold=-0.52364744618556514 -0.44213850143904293 0.2572965560415395 0.42551177277413149 -0.34375851814141162 0.20318432124593908 -0.24113302292180988 -0.5048693837833601 -0.12804498390988617 0.073140366057238046
decision_type=2 2 2 2 2 2 2 2 2 2
left_child=4 7 3 5 6 9 -1 -2 -6 -3
right_child=1 2 -4 -5 8 -7 -8 -9 -10 -11
leaf_value=-0.0099791049258783435 -0.01825062384208043 -0.0037832320823023681 -0.002581517475191504 0.030161857008934024 0.0053151855866114288 0.02167832553386688 -0.028824917475382478 -0.0040356361074373095 -0.0078051686286926287 0.0095929654935995728
leaf_weight=4 3 3.0000000000000018 4.9999999999999991 4.9999999999999991 3 3 3 4.0000000000000027 4.9999999999999982 3
leaf_count=4 3 3 5 5 3 3 3 4 5 3
internal_value=8.51819e-13 0.0057489 0.0115982 0.0166624 -0.00996476 0.00916269 -0.0180559 -0.0101278 -0.00288504 0.00290487
internal_weight=41 26 19 14 15 9 7 7 8 6
internal_count=41 26 19 14 15 9 7 7 8 6
is_linear=0
shrinkage=0.05


Tree=26
num_leaves=11
num_cat=0
split_feature=47 75 59 20 39 9 84 65 29 47
split_gain=0.84975 0.834939 0.53545 0.418284 0.336366 0.307132 0.164703 0.139406 0.132479 0.0283277
threshold=0.26790534700367247 0.038081328693971475 0.087910860692973422 -0.5123198651645724 0.14367154181019873 -0.36454500721419214 -0.33551213398685481 0.10176485034996111 -0.025714897007415027 -0.6266203210856095
decision_type=2 2 2 2 2 2 2 2 2 2
left_child=2 -2 3 -1 7 6 -4 -3 -5 -7
right_child=1 4 5 8 -6 9 -8 -9 -10 -11
leaf_value=0.018451564262310663 0.029039086401462556 0.0021217218041419987 -0.025698303803801545 -0.008532580584287644 0.016641212006409958 -0.006994666407505669 -0.011349817924201486 -0.011511871280769505 0.003675558484974314 -0.00012350564356893297
leaf_weight=2.9999999999999991 3.9999999999999991 4.9999999999999982 3.9999999999999982 4.9999999999999991 3 3 4 3 4.0000000000000027 3
leaf_count=3 4 5 4 5 3 3 4 3 4 3
internal_value=-5.99113e-11 0.00947687 -0.00546742 0.00228284 0.00236333 -0.0121105 -0.0185241 -0.00299088 -0.00310674 -0.00355909
internal_weight=41 15 26 12 11 14 8 8 9 6
internal_count=41 15 26 12 11 14 8 8 9 6
is_linear=0
shrinkage=0.05


Tree=27
num_leaves=11
num_cat=0
split_feature=36 55 21 35 62 36 40 41 39 6
split_gain=0.782931 0.637901 0.609033 0.544945 0.258218 0.250299 0.0751211 0.061411 0.0105955 0.000701763
threshold=-0.52845248860071514 -1.0000000180025095e-35 -1.1613846848418459 -0.43467753537792259 0.488061090185886 0.39326775818027954 0.16166019120186342 -0.74053076323836864 0.10144365620269373 1.0000000180025095e-35
decision_type=2 2 2 2 2 2 2 2 2 2
left_child=1 -1 -2 4 -4 6 8 -6 -5 -8
right_child=2 -3 3 5 7 -7 9 -9 -10 -11
leaf_value=0.0011223482992500065 0.017782111093401911 0.027911133319139487 -0.02441338859498501 -0.0016554347530473 -0.0044737557531334439 0.010813167225569487 -0.0081357839206854486 -0.013235250115394594 0.0022754309466108675 -0.0070543011029561347
leaf_weight=5 2.9999999999999991 3.9999999999999982 3.9999999999999991 4.0000000000000053 4.0000000000000009 3.9999999999999991 3 3.9999999999999991 3 3
leaf_count=5 3 4 4 4 4 4 3 4 3 3
internal_value=-5.22449e-11 0.0130285 -0.00366426 -0.00588285 -0.0140408 -0.000124296 -0.00348967 -0.0088545 2.9222e-05 -0.00759504
internal_weight=41 9 32 29 12 17 13 8 7 6
internal_count=41 9 32 29 12 17 13 8 7 6
is_linear=0
shrinkage=0.05


Tree=28
num_leaves=11
num_cat=0
split_feature=47 75 59 20 36 9 38 29 30 47
split_gain=0.710952 0.689455 0.437483 0.345692 0.289405 0.254139 0.13754 0.105659 0.0949296 0.0231878
threshold=0.26790534700367247 0.038081328693971475 0.087910860692973422 -0.5123198651645724 -0.4884421823307819 -0.36454500721419214 0.20387467856347977 -0.025714897007415027 -0.69464335212418094 -0.6266203210856095
decision_type=2 2 2 2 2 2 2 2 2 2
left_child=2 -2 3 -1 -3 6 -4 -5 -6 -7
right_child=1 4 5 7 8 9 -8 -9 -10 -11
leaf_value=0.016703361272811891 0.026444800943136216 0.012932930036913605 -0.011761508882045749 -0.0077407491207122803 -0.010649843886494637 -0.0063352269430955238 -0.025303530693054195 0.0031618186476407547 0.0011161642032675443 -0.00011861545499414201
leaf_weight=2.9999999999999991 3.9999999999999991 3.9999999999999991 4.9999999999999982 4.9999999999999991 2.9999999999999991 3 3 4.0000000000000027 4 3
leaf_count=3 4 4 5 5 3 3 3 4 4 3
internal_value=-4.40107e-11 0.0086684 -0.005001 0.00200447 0.00220426 -0.0110057 -0.0168398 -0.00289516 -0.00392641 -0.00322692
internal_weight=41 15 26 12 11 14 8 9 7 6
internal_count=41 15 26 12 11 14 8 9 7 6
is_linear=0
shrinkage=0.05


Tree=29
num_leaves=11
num_cat=0
split_feature=47 24 3 36 6 36 72 13 5 3
split_gain=0.644792 0.687461 0.379836 0.298905 0.234617 0.224712 0.1761 0.0885841 0.0804619 0.0207803
threshold=-0.52364744618556514 -0.44213850143904293 0.73564041780086586 0.39326775818027954 -0.34375851814141162 -0.52845248860071514 0.53215664918212624 -0.5048693837833601 -0.12804498390988617 -0.85936613441409504
decision_type=2 2 2 2 2 2 2 2 2 2
left_child=4 7 3 5 6 -3 -1 -2 -6 -7
right_child=1 2 -4 -5 8 9 -8 -9 -10 -11
leaf_value=-0.0080721928214188658 -0.015126973390579218 0.012366974394535629 0.026023951669534046 0.018473232723772527 0.0040677136431137711 -0.00017351137008517965 -0.024097568790117894 -0.0037610069382935729 -0.0062900128960609453 -0.0054372585068146436
leaf_weight=4 3 4.0000000000000044 2.9999999999999991 3.9999999999999991 3 5.0000000000000036 3 4.0000000000000027 4.9999999999999982 2.9999999999999964
leaf_count=4 3 4 3 4 3 5 3 4 5 3
internal_value=4.82698e-11 0.00476263 0.00969754 0.00663634 -0.00825523 0.00269071 -0.0149402 -0.00863214 -0.00240587 -0.00214742
internal_weight=41 26 19 16 15 12 7 7 8 8
internal_count=41 26 19 16 15 12 7 7 8 8
is_linear=0
shrinkage=0.05


Tree=30
num_leaves=11
num_cat=0
split_feature=47 24 63 55 6 23 41 12 5 65
split_gain=0.581925 0.620434 0.351963 0.36664 0.211742 0.170427 0.166616 0.0817629 0.0726168 0.0710036
threshold=-0.52364744618556514 -0.44213850143904293 0.2572965560415395 0.42551177277413149 -0.34375851814141162 0.20318432124593908 -0.24113302292180988 -1.0000000180025095e-35 -0.12804498390988617 0.073140366057238046
decision_type=2 2 2 2 2 2 2 2 2 2
left_child=4 7 3 5 6 9 -1 -2 -6 -3
right_child=1 2 -4 -5 8 -7 -8 -9 -10 -11
leaf_value=-0.0075126776500837869 -0.012880355492234229 -0.0030558664118871069 -0.0021746332198381425 0.024135367572307588 0.0038643280665079747 0.016979012638330456 -0.023100565125544859 -0.0019607596099376653 -0.0059755121916532528 0.0078225250045458449
leaf_weight=4 4 3.0000000000000018 4.9999999999999991 4.9999999999999991 3 3 3 3.0000000000000027 4.9999999999999982 3
leaf_count=4 4 3 5 5 3 3 3 3 5 3
internal_value=4.68501e-11 0.0045245 0.00921267 0.0132796 -0.00784247 0.00724856 -0.0141932 -0.00820053 -0.00228557 0.00238333
internal_weight=41 26 19 14 15 9 7 7 8 6
internal_count=41 26 19 14 15 9 7 7 8 6
is_linear=0
shrinkage=0.05


Tree=31
num_leaves=11
num_cat=0
split_feature=47 75 68 17 36 85 25 6 8 7
split_gain=0.528444 0.530295 0.348531 0.235908 0.208593 0.0986973 0.0696215 0.0690243 0.0486615 0.00231073
threshold=0.26790534700367247 0.038081328693971475 0.77838100417639244 -0.41996176514402422 -0.4884421823307819 -0.616399718691653 -0.14992913900420743 -0.13677497563562044 -0.22630721464228828 1.0000000180025095e-35
decision_type=2 2 2 2 2 2 2 2 2 2
left_child=2 -2 3 -1 -3 -5 -6 8 -7 -9
right_child=1 4 -4 5 6 7 -8 9 -10 -11
leaf_value=0.011186902473370222 0.023063529655337336 0.010912694362923504 -0.01788801569491625 -0.0099306207150220739 -0.0091584065308173493 -0.0026060390169732246 0.00091786846751347169 -0.0067820611099402225 0.0051931213121861209 -0.0048196114599704729
leaf_weight=3.0000000000000027 3.9999999999999991 3.9999999999999991 3.9999999999999991 5.0000000000000062 2.9999999999999991 4.0000000000000036 4 2.9999999999999938 4 3
leaf_count=3 4 4 4 5 3 4 4 3 4 3
internal_value=7.04171e-11 0.00747341 -0.00431158 -0.00184314 0.00180428 -0.00390052 -0.00340054 -0.00174691 0.00129354 -0.00580084
internal_weight=41 15 26 22 11 19 7 14 8 6
internal_count=41 15 26 22 11 19 7 14 8 6
is_linear=0
shrinkage=0.05


Tree=32
num_leaves=11
num_cat=0
split_feature=47 35 21 41 75 2 5 29 39 0
split_gain=0.487806 0.511405 0.324248 0.182398 0.168766 0.0891056 0.0831556 0.0677123 0.0203206 0.0122412
threshold=-0.52364744618556514 0.53685622230218377 -0.74372871717008715 -0.24113302292180988 0.42147605012937123 -0.67064670716018837 -0.21067367577278426 0.15364598432043311 0.19538089543856388 0.90718378348810547
decision_type=2 2 2 2 2 2 2 2 2 2
left_child=3 2 -2 6 7 -6 -1 8 -4 -8
right_child=1 -3 4 -5 5 -7 9 -9 -10 -11
leaf_value=0.0023025947739370167 0.013529147044755508 0.018513604216277599 -0.0010133711155503968 -0.01497769758105278 -0.0010963843017816539 0.0098034972945849116 -0.0092628359794616703 -0.013123193134864167 -0.0068329711755116766 -0.004745986560980478
leaf_weight=3.9999999999999991 4.0000000000000027 4.9999999999999991 3.0000000000000053 4.9999999999999991 5.0000000000000009 2.9999999999999991 2.9999999999999991 3 3 3
leaf_count=4 4 5 3 5 5 3 3 3 3 3
internal_value=-7.49601e-11 0.00414248 0.000720788 -0.00718031 -0.00229294 0.00299107 -0.00328161 -0.00698985 -0.00392317 -0.00700441
internal_weight=41 26 21 15 17 8 10 9 6 6
internal_count=41 26 21 15 17 8 10 9 6 6
is_linear=0
shrinkage=0.05


Tree=33
num_leaves=11
num_cat=0
split_feature=36 55 17 21 35 36 58 40 39 1
split_gain=0.448067 0.391817 0.352831 0.27579 0.144837 0.141555 0.0749408 0.0422257 0.00560567 0.000862518
threshold=-0.52845248860071514 -1.0000000180025095e-35 -1.166802286553289 -1.1613846848418459 -0.43467753537792259 0.39326775818027954 -0.55559272501688217 0.16166019120186342 0.10144365620269373 -0.058590785479054296
decision_type=2 2 2 2 2 2 2 2 2 2
left_child=1 -1 -2 -4 6 7 -5 8 -6 -9
right_child=2 -3 3 4 5 -7 -8 9 -10 -11
leaf_value=0.00052490716800093643 -0.019095658262570703 0.0215199962258339 0.013271085297067962 -0.012969654798507688 -0.0011423196847317723 0.0082009382545948032 -0.0037876962032169083 -0.0062326136976480467 0.0017168637675543622 -0.0050336430470148711
leaf_weight=5 2.9999999999999991 3.9999999999999982 2.9999999999999991 4 4.0000000000000053 3.9999999999999991 5.0000000000000018 3 3 3
leaf_count=5 3 4 3 4 4 4 5 3 3 3
internal_value=-7.35404e-11 0.00985606 -0.00277202 -0.00108336 -0.00273965 -2.43356e-05 -0.00786857 -0.00255519 8.30447e-05 -0.00563313
internal_weight=41 9 32 29 26 17 9 13 7 6
internal_count=41 9 32 29 26 17 9 13 7 6
is_linear=0
shrinkage=0.05


Tree=34
num_leaves=12
num_cat=0
split_feature=16 36 21 18 35 36 3 40 34 49 13
split_gain=0.414813 0.44151 0.260496 0.250253 0.154404 0.128597 0.0574956 0.0461628 0.021168 0.00811745 0.000778423
threshold=-1.7284541983928929 -0.52845248860071514 -1.1613846848418459 0.13953907075525215 -0.43467753537792259 1.1352898281787425 1.096595098556006 0.16166019120186342 0.98135195598132419 -0.12017084070747504 -1.0000000180025095e-35
decision_type=2 2 2 2 2 2 2 2 2 2 2
left_child=-1 3 -3 -2 6 7 8 9 -4 -6 -9
right_child=1 2 4 -5 5 -7 -8 10 -10 -11 -12
leaf_value=-0.017899271100759506 0.018699809461832043 0.01260753124952315 -0.0079787584642569166 0.00043317312374711029 -0.00078341521788388442 0.0093711720158656444 -0.003209667315240949 -0.0047819609443346643 -0.013918461898962654 0.0025064575485885146 -0.0059209831058979036
leaf_weight=2.9999999999999991 5 3.0000000000000027 3.0000000000000018 3 5.0000000000000027 2.9999999999999991 4 3 3 2.9999999999999991 2.9999999999999991
leaf_count=3 5 3 3 3 5 3 4 3 3 3 3
internal_value=-6.75777e-11 0.0014131 -0.00137003 0.0118498 -0.00292309 -2.31188e-05 -0.00785303 -0.00203618 -0.0109486 0.000450287 -0.00535147
internal_weight=41 38 30 8 27 17 10 14 6 8 6
internal_count=41 38 30 8 27 17 10 14 6 8 6
is_linear=0
shrinkage=0.05


Tree=35
num_leaves=11
num_cat=0
split_feature=47 75 68 17 37 85 16 6 10 7
split_gain=0.381927 0.371061 0.243224 0.173656 0.147674 0.0801216 0.0445649 0.0438152 0.0349871 0.00208045
threshold=0.26790534700367247 0.038081328693971475 0.77838100417639244 -0.41996176514402422 -0.12231412644560079 -0.616399718691653 -0.13447803545466069 -0.13677497563562044 0.088216746022511006 1.0000000180025095e-35
decision_type=2 2 2 2 2 2 2 2 2 2
left_child=2 -2 3 -1 -3 -5 -6 8 -7 -9
right_child=1 4 -4 5 6 7 -8 9 -10 -11
leaf_value=0.0095760483294725311 0.019394518062472346 0.0092750377720221874 -0.015006875060498715 -0.0088016334176063415 -0.0073747499535481145 0.0052630426362156799 0.00068692001805175078 -0.0055890920261542111 -0.0015670004766434428 -0.0037269935011863698
leaf_weight=3.0000000000000027 3.9999999999999991 3.9999999999999991 3.9999999999999991 5.0000000000000062 2.9999999999999991 3.0000000000000036 4 2.9999999999999938 5 3
leaf_count=3 4 4 4 5 3 3 4 3 5 3
internal_value=3.69122e-12 0.00635344 -0.00366545 -0.00160337 0.00161123 -0.00336854 -0.00276808 -0.00142815 0.000994266 -0.00465804
internal_weight=41 15 26 22 11 19 7 14 8 6
internal_count=41 15 26 22 11 19 7 14 8 6
is_linear=0
shrinkage=0.05


Tree=36
num_leaves=11
num_cat=0
split_feature=47 24 3 36 41 36 59 12 64 5
split_gain=0.347583 0.359646 0.216478 0.163764 0.140193 0.114902 0.0569542 0.0384527 0.0103175 0.00745554
threshold=-0.52364744618556514 -0.44213850143904293 0.73564041780086586 0.39326775818027954 -0.24113302292180988 -0.52845248860071514 0.087910860692973422 -1.0000000180025095e-35 0.36525316567831384 -0.18632864678649466
decision_type=2 2 2 2 2 2 2 2 2 2
left_child=4 7 3 5 6 -3 -1 -2 -7 -8
right_child=1 2 -4 -5 -6 8 9 -9 -10 -11
leaf_value=0.0019784017000347379 -0.009400899335741994 0.008753872150555243 0.019391516347726189 0.013516659382730722 -0.01289706699550152 -0.00023410981055349111 -0.0074865370988845825 -0.0019124532118439651 -0.0039431120579441377 -0.0039614986007412249
leaf_weight=3.9999999999999982 4 4.0000000000000044 2.9999999999999991 3.9999999999999991 4.9999999999999991 5 2.9999999999999991 3.0000000000000027 3 3.0000000000000009
leaf_count=4 4 4 3 4 5 5 3 3 3 3
internal_value=-5.62201e-11 0.00349676 0.00706615 0.00475514 -0.00606106 0.00183463 -0.00264305 -0.00619157 -0.00162499 -0.00572402
internal_weight=41 26 19 16 15 12 10 7 8 6
internal_count=41 26 19 16 15 12 10 7 8 6
is_linear=0
shrinkage=0.05


Tree=37
num_leaves=12
num_cat=0
split_feature=16 36 21 18 35 36 3 40 34 49 29
split_gain=0.321484 0.333018 0.199488 0.193968 0.117744 0.0970268 0.043985 0.0342269 0.018241 0.00651422 0.000989093
threshold=-1.7284541983928929 -0.52845248860071514 -1.1613846848418459 0.13953907075525215 -0.43467753537792259 1.1352898281787425 1.096595098556006 0.16166019120186342 0.98135195598132419 -0.12017084070747504 -0.15837963194370194
decision_type=2 2 2 2 2 2 2 2 2 2 2
left_child=-1 3 -3 -2 6 7 8 9 -4 -6 -9
right_child=1 2 4 -5 5 -7 -8 10 -10 -11 -12
leaf_value=-0.015757555762926739 0.016338844597339627 0.011058683445056268 -0.0067879347751537899 0.00025706160813570016 -0.00071252022869884926 0.0081603179375330619 -0.0027759448625147339 -0.0052450180053710931 -0.012301705280939735 0.0022346192349990209 -0.0039610830446084348
leaf_weight=2.9999999999999991 5 3.0000000000000027 3.0000000000000018 3 5.0000000000000027 2.9999999999999991 4 3 3 2.9999999999999991 2.9999999999999991
leaf_count=3 5 3 3 3 5 3 4 3 3 3 3
internal_value=-3.74801e-11 0.00124402 -0.00117309 0.0103082 -0.00253218 2.29837e-07 -0.00683727 -0.00174836 -0.00954482 0.000392657 -0.00460305
internal_weight=41 38 30 8 27 17 10 14 6 8 6
internal_count=41 38 30 8 27 17 10 14 6 8 6
is_linear=0
shrinkage=0.05


Tree=38
num_leaves=12
num_cat=0
split_feature=16 36 21 18 35 36 39 40 58 39 29
split_gain=0.290139 0.300548 0.180038 0.175056 0.106264 0.0875667 0.0403078 0.0308898 0.0137276 0.00597359 0.000892657
threshold=-1.7284541983928929 -0.52845248860071514 -1.1613846848418459 0.13953907075525215 -0.43467753537792259 1.1352898281787425 0.11193214171185796 0.16166019120186342 -0.41409886781040078 0.10144365620269373 -0.15837963194370194
decision_type=2 2 2 2 2 2 2 2 2 2 2
left_child=-1 3 -3 -2 6 7 8 9 -4 -6 -9
right_child=1 2 4 -5 5 -7 -8 10 -10 -11 -12
leaf_value=-0.014969677726427714 0.015521902292966842 0.010505749161044745 -0.0069740075618028629 0.00024420848737160362 -0.00099326549388933862 0.0077523021648327516 -0.011344412714242934 -0.0049827671299378061 -0.0024997008964419351 0.0017393139540217814 -0.0037630289172132813
leaf_weight=2.9999999999999991 5 3.0000000000000027 3 3 4.0000000000000018 2.9999999999999991 3 3 4.0000000000000018 4 2.9999999999999991
leaf_count=3 5 3 3 3 4 3 3 3 4 4 3
internal_value=-2.41349e-11 0.00118182 -0.00111444 0.00979277 -0.00240557 2.18364e-07 -0.00649541 -0.00166094 -0.00441726 0.000373024 -0.0043729
internal_weight=41 38 30 8 27 17 10 14 7 8 6
internal_count=41 38 30 8 27 17 10 14 7 8 6
is_linear=0
shrinkage=0.05


Tree=39
num_leaves=12
num_cat=0
split_feature=10 36 55 21 35 36 39 40 18 37 29
split_gain=0.264663 0.191165 0.226294 0.15691 0.0863353 0.079029 0.0401203 0.027878 0.00900317 0.00542901 0.000805623
threshold=-1.3189379337224574 -0.52845248860071514 -1.0000000180025095e-35 -1.1613846848418459 -0.43467753537792259 1.1352898281787425 0.11193214171185796 0.16166019120186342 1.0000000180025095e-35 0.22391334639158519 -0.15837963194370194
decision_type=2 2 2 2 2 2 2 2 2 2 2
left_child=-1 2 -2 -3 6 7 8 9 -5 -6 -9
right_child=1 3 -4 4 5 -7 -8 10 -10 -11 -12
leaf_value=-0.014297371606032054 0.00040326137095689766 0.0099804621189832701 0.016358861699700359 -0.0017586629527310514 -0.00065455671909148724 0.0073646870752175648 -0.010777192314465838 -0.0047336286554733901 -0.005632328738768894 0.0020359225260714684 -0.0035748773564895
leaf_weight=2.9999999999999991 5 2.9999999999999991 3.9999999999999982 3.0000000000000018 5.0000000000000053 2.9999999999999991 3 3 3 3 2.9999999999999991
leaf_count=3 5 3 4 3 5 3 3 3 3 3 3
internal_value=8.46496e-12 0.00112874 0.00749464 -0.000846884 -0.00209619 2.07481e-07 -0.00605606 -0.0015779 -0.0036955 0.000354373 -0.00415425
internal_weight=41 38 9 29 26 17 9 14 6 8 6
internal_count=41 38 9 29 26 17 9 14 6 8 6
is_linear=0
shrinkage=0.05


Tree=40
num_leaves=12
num_cat=0
split_feature=16 36 35 21 35 36 3 40 34 39 29
split_gain=0.244834 0.246506 0.148302 0.146312 0.0855084 0.0713236 0.0337046 0.0251599 0.015513 0.00498025 0.000727074
threshold=-1.7284541983928929 -0.52845248860071514 -0.29602898008706263 -1.1613846848418459 -0.43467753537792259 1.1352898281787425 1.096595098556006 0.16166019120186342 0.98135195598132419 0.10144365620269373 -0.15837963194370194
decision_type=2 2 2 2 2 2 2 2 2 2 2
left_child=-1 2 -2 -3 6 7 8 9 -5 -6 -9
right_child=1 3 -4 4 5 -7 -8 10 -10 -11 -12
leaf_value=-0.013751335690418878 9.5399903754393207e-05 0.0094814387460549557 0.014157281070947648 -0.0056543491780757862 -0.00091087439359398509 0.0069964526842037841 -0.0022714589256793258 -0.0044969473034143434 -0.010739127298196155 0.0015841831685975191 -0.003396133643885454
leaf_weight=2.9999999999999991 3.0000000000000009 3.0000000000000027 4.9999999999999991 3.0000000000000018 4.0000000000000018 2.9999999999999991 4 3 3 4 2.9999999999999991
leaf_count=3 3 3 5 3 4 3 4 3 3 4 3
internal_value=-1.4339e-11 0.00108563 0.00888408 -0.000993953 -0.00215789 1.97077e-07 -0.00582663 -0.001499 -0.00819674 0.000336654 -0.00394654
internal_weight=41 38 8 30 27 17 10 14 6 8 6
internal_count=41 38 8 30 27 17 10 14 6 8 6
is_linear=0
shrinkage=0.05


Tree=41
num_leaves=12
num_cat=0
split_feature=47 75 16 66 37 26 60 25 40 7 10
split_gain=0.22589 0.229846 0.142376 0.111297 0.0865616 0.0600727 0.0343253 0.0240471 0.0181779 0.00293921 0.000614048
threshold=0.26790534700367247 0.038081328693971475 -1.7284541983928929 -0.75180886329430352 -0.12231412644560079 1.0514201785695529 0.65011700311178422 -0.14992913900420743 0.16166019120186342 1.0000000180025095e-35 0.53138604960455693
decision_type=2 2 2 2 2 2 2 2 2 2 2
left_child=2 -2 -1 -4 -3 6 8 -6 -5 10 -10
right_child=1 4 3 5 7 -7 -8 -9 9 -11 -12
leaf_value=-0.013063768794139211 0.015149977803230286 0.0070213852683082226 0.0074978937705357787 0.00013008196838200069 -0.0055829491466283798 -0.0093528851866722107 0.0031749197281897069 0.00033892871870193624 -0.0049600291997194306 -0.0025487091392278668 -0.0040137275122106072
leaf_weight=3.0000000000000027 3.9999999999999991 3.9999999999999991 3.0000000000000027 4.0000000000000062 2.9999999999999991 2.9999999999999991 2.9999999999999991 4 2.9999999999999982 3 4
leaf_count=3 4 4 3 4 3 3 3 4 3 3 4
internal_value=2.64064e-11 0.00488615 -0.00281894 -0.00148265 0.00115386 -0.00282973 -0.00167859 -0.00219902 -0.00271863 -0.00385811 -0.00441929
internal_weight=41 15 26 23 11 20 17 7 14 10 7
internal_count=41 15 26 23 11 20 17 7 14 10 7
is_linear=0
shrinkage=0.05


Tree=42
num_leaves=12
num_cat=0
split_feature=47 13 35 40 11 36 58 25 26 29 10
split_gain=0.203865 0.209908 0.136167 0.105889 0.103683 0.077753 0.0403247 0.0219468 0.0113376 0.0106881 0.000999154
threshold=0.26790534700367247 -0.10709425803550428 -0.43467753537792259 -0.058687847952000514 -0.59187829011864779 -0.4884421823307819 0.17976561346641387 -0.14992913900420743 -1.0000000180025095e-35 -0.025714897007415027 0.088216746022511006
decision_type=2 2 2 2 2 2 2 2 2 2 2
left_child=2 5 3 -1 -4 -2 -6 -7 -5 10 -8
right_child=1 -3 4 8 6 7 9 -9 -10 -11 -12
leaf_value=-0.014914344002803163 0.0066360807046294216 0.014450397342443466 0.0087345878438403208 -0.0014692563563585277 0.0033624063866833811 -0.0053353788952032726 -0.0051948738594849954 0.00032198221160797394 -0.0053572943806648272 -0.00089450447509686079 -0.0039044256011644993
leaf_weight=3 3.9999999999999991 3.9999999999999991 2.9999999999999991 3 3.0000000000000027 2.9999999999999991 2.9999999999999964 4 4.9999999999999982 3.0000000000000018 3
leaf_count=3 4 4 3 3 3 3 3 4 5 3 3
internal_value=5.49424e-11 0.00464185 -0.00267799 -0.00690339 0.000420638 0.0010751 -0.00165785 -0.0021026 -0.00389928 -0.00333127 -0.00454965
internal_weight=41 15 26 11 15 11 12 7 8 9 6
internal_count=41 15 26 11 15 11 12 7 8 9 6
is_linear=0
shrinkage=0.05


Tree=43
num_leaves=10
num_cat=0
split_feature=10 36 55 36 78 48 42 39 88
split_gain=0.186796 0.136685 0.157209 0.111186 0.0686679 0.0402539 0.0164505 0.0109603 0.0035644
threshold=-1.3189379337224574 -0.52845248860071514 -1.0000000180025095e-35 1.1352898281787425 -1.0549718697877086 -0.74232672986200965 0.57459416280552478 0.19538089543856388 -1.0000000180025095e-35
decision_type=2 2 2 2 2 2 2 2 2
left_child=-1 2 -2 4 -3 -6 7 8 -7
right_child=1 3 -4 -5 5 6 -8 -9 -10
leaf_value=-0.012011396636565527 0.00042056016623973844 0.0049406474456191009 0.013719421066343787 0.0060606330633163454 -0.0076591900549828869 0.0009045235870871679 -0.0044939702749252318 -0.0036976893742879237 -0.0010979635489638902
leaf_weight=2.9999999999999991 5 3.0000000000000027 3.9999999999999982 4.9999999999999991 4.0000000000000062 4.0000000000000053 4.9999999999999991 2.9999999999999991 4.9999999999999964
leaf_count=3 5 3 4 5 4 4 5 3 5
internal_value=-6.67259e-12 0.000948268 0.00633117 -0.000722286 -0.00213539 -0.00314626 -0.00208439 -0.0010804 -0.000207969
internal_weight=41 38 9 29 24 21 17 12 9
internal_count=41 38 9 29 24 21 17 12 9
is_linear=0
shrinkage=0.05


Tree=44
num_leaves=12
num_cat=0
split_feature=16 36 18 21 35 36 39 40 37 49 6
split_gain=0.174003 0.17273 0.107834 0.107621 0.0591699 0.0521376 0.0243536 0.0162137 0.00836151 0.00368842 0.000285203
threshold=-1.7284541983928929 -0.52845248860071514 0.13953907075525215 -1.1613846848418459 -0.43467753537792259 1.1352898281787425 0.11193214171185796 0.16166019120186342 -0.016251231592008124 -0.12017084070747504 1.0000000180025095e-35
decision_type=2 2 2 2 2 2 2 2 2 2 2
left_child=-1 2 -2 -3 6 7 8 9 -5 -6 -9
right_child=1 3 -4 4 5 -7 -8 10 -10 -11 -12
leaf_value=-0.011592768008510272 0.011939710676670073 0.0081586367140213563 -5.1041506230831141e-05 -0.00475688949227333 -0.00066842310363426764 0.0059530861675739294 -0.0086447815100351953 -0.0036199167370796204 -0.001264916422466436 0.0015492101510365805 -0.0029304691900809599
leaf_weight=2.9999999999999991 5 3.0000000000000027 3 4 5.0000000000000027 2.9999999999999991 3 2.9999999999999991 3.0000000000000018 2.9999999999999991 3
leaf_count=3 5 3 3 4 5 3 3 3 3 3 3
internal_value=-2.75422e-11 0.000915218 0.00744318 -0.000825571 -0.00182382 -2.86108e-05 -0.00487567 -0.0013104 -0.00326033 0.000163189 -0.00327519
internal_weight=41 38 8 30 27 17 10 14 7 8 6
internal_count=41 38 8 30 27 17 10 14 7 8 6
is_linear=0
shrinkage=0.05


Tree=45
num_leaves=12
num_cat=0
split_feature=47 75 40 38 37 27 25 55 31 40 11
split_gain=0.158051 0.165049 0.105717 0.0960014 0.0630664 0.0459101 0.0174096 0.0101803 0.00296045 0.000264119 5.91528e-05
threshold=0.26790534700367247 0.038081328693971475 1.3650609298214176 0.53727294026852424 -0.12231412644560079 0.27260691502559004 -0.14992913900420743 0.42551177277413149 -0.1741568345093932 0.25458891268831424 -0.31459641053639026
decision_type=2 2 2 2 2 2 2 2 2 2 2
left_child=2 -2 3 5 -3 7 -6 8 9 -1 -10
right_child=1 4 -4 -5 6 -7 -8 -9 10 -11 -12
leaf_value=-0.0046510248134533439 0.012784677930176258 0.0059326943475753076 0.0051192079903557902 -0.012029596934250247 -0.0048168019081155462 0.003271062307370206 0.00022195115161594001 -0.0012847662903368473 -0.0035690739750862109 -0.0053144986430803919 -0.0032550867026050821
leaf_weight=3.0000000000000071 3.9999999999999991 3.9999999999999991 3.9999999999999991 2.9999999999999991 2.9999999999999991 2.9999999999999991 4 3.9999999999999991 3 3 3.0000000000000053
leaf_count=3 4 4 4 3 3 3 4 4 3 3 3
internal_value=-3.63443e-11 0.00408713 -0.00235796 -0.00371744 0.00092438 -0.002405 -0.00193751 -0.00346926 -0.00419742 -0.00498276 -0.00341208
internal_weight=41 15 26 22 11 19 7 16 12 6 6
internal_count=41 15 26 22 11 19 7 16 12 6 6
is_linear=0
shrinkage=0.05


Tree=46
num_leaves=10
num_cat=0
split_feature=16 36 35 36 78 48 42 39 81
split_gain=0.146757 0.145472 0.0911922 0.0900004 0.0544023 0.0287231 0.0131113 0.00882035 0.00363889
threshold=-1.7284541983928929 -0.52845248860071514 -0.29602898008706263 1.1352898281787425 -1.0549718697877086 -0.74232672986200965 0.57459416280552478 0.19538089543856388 -0.29944878170749972
decision_type=2 2 2 2 2 2 2 2 2
left_child=-1 2 -2 4 -3 -6 7 8 -7
right_child=1 3 -4 -5 5 6 -8 -9 -10
leaf_value=-0.010646544396877289 -6.0429113606611857e-05 0.0043344756588339761 0.010966335684061052 0.005366713181138039 -0.0061743817478418263 0.00093972916365600958 -0.004014449045062065 -0.0033148840069770814 -0.0010835723383934245
leaf_weight=2.9999999999999991 3.0000000000000009 3.0000000000000027 4.9999999999999991 4.9999999999999991 5.0000000000000062 4.0000000000000062 4.9999999999999991 2.9999999999999991 4.9999999999999956
leaf_count=3 3 3 5 5 5 4 5 3 5
internal_value=-6.1402e-12 0.000840517 0.0068313 -0.000757025 -0.00198177 -0.00284308 -0.00186328 -0.000966966 -0.000184327
internal_weight=41 38 8 30 25 22 17 12 9
internal_count=41 38 8 30 25 22 17 12 9
is_linear=0
shrinkage=0.05


Tree=47
num_leaves=11
num_cat=0
split_feature=47 24 17 1 38 37 70 12 78 5
split_gain=0.135048 0.139134 0.0959495 0.0893297 0.0799419 0.0439201 0.0179363 0.00888568 0.00425717 0.00165019
threshold=-0.52364744618556514 -0.44213850143904293 -0.41996176514402422 -1.0000000180025095e-35 0.53727294026852424 -0.034175507137468045 0.73942644254834755 -1.0000000180025095e-35 -1.0000000180025095e-35 -0.18632864678649466
decision_type=2 2 2 2 2 2 2 2 2 2
left_child=4 7 -3 8 6 -5 9 -2 -4 -1
right_child=1 2 3 5 -6 -7 -8 -9 -10 -11
leaf_value=-0.0040379234589636324 -0.0053891170769929872 0.010345290154218667 -0.0023359884042292822 0.0026102765152851734 -0.011078323299686115 0.011165984968344384 0.0007808351423591374 -0.0017893546571334182 -2.9158544202800832e-05 -0.0026016981340944768
leaf_weight=3.9999999999999991 4 5.0000000000000027 4.0000000000000009 3 2.9999999999999991 2.9999999999999956 4 3.0000000000000027 4.0000000000000009 3.9999999999999991
leaf_count=4 4 5 4 3 3 3 4 3 4 4
internal_value=-1.34871e-11 0.00217962 0.00439972 0.0022763 -0.00377801 0.00688813 -0.00195293 -0.00384636 -0.00118257 -0.00331981
internal_weight=41 26 19 14 15 6 12 7 8 8
internal_count=41 26 19 14 15 6 12 7 8 8
is_linear=0
shrinkage=0.05


Tree=48
num_leaves=12
num_cat=0
split_feature=10 36 55 21 35 36 58 40 27 75 5
split_gain=0.123814 0.0871742 0.0976111 0.0761074 0.0369219 0.0384738 0.0196744 0.00992011 0.00564789 0.00251522 0.000108636
threshold=-1.3189379337224574 -0.52845248860071514 -1.0000000180025095e-35 -1.1613846848418459 -0.43467753537792259 0.39326775818027954 -0.55559272501688217 0.16166019120186342 1.0000000180025095e-35 0.56387699016843407 1.0000000180025095e-35
decision_type=2 2 2 2 2 2 2 2 2 2 2
left_child=-1 2 -2 -3 6 7 -5 9 -8 -6 -9
right_child=1 3 -4 4 5 -7 8 10 -10 -11 -12
leaf_value=-0.0097789874921242401 0.00041345298290252686 0.0069785886754592259 0.010892600007355216 -0.0073278343925873421 0.00071889712271513311 0.0042269272729754453 -0.00083466066668430898 -0.0026597611606121057 -0.0039027466128269822 -0.0011963139288127421 -0.0030852722004055966
leaf_weight=2.9999999999999991 5 2.9999999999999991 3.9999999999999982 3 4.0000000000000053 3.9999999999999991 3.0000000000000018 3 3 3 3
leaf_count=3 5 3 4 3 4 4 3 3 3 3 3
internal_value=-1.97338e-11 0.000772025 0.00507085 -0.000562093 -0.00143217 -6.12203e-05 -0.00402175 -0.00138065 -0.0023687 -0.000101908 -0.00287252
internal_weight=41 38 9 29 26 17 9 13 6 7 6
internal_count=41 38 9 29 26 17 9 13 6 7 6
is_linear=0
shrinkage=0.05


Tree=49
num_leaves=12
num_cat=0
split_feature=16 36 21 35 35 36 39 40 37 75 5
split_gain=0.115706 0.107888 0.0702598 0.0697493 0.034857 0.0347226 0.0165275 0.0089529 0.00575036 0.00226999 9.80437e-05
threshold=-1.7284541983928929 -0.52845248860071514 -1.1613846848418459 -0.29602898008706263 -0.43467753537792259 0.39326775818027954 0.11193214171185796 0.16166019120186342 -0.016251231592008124 0.56387699016843407 1.0000000180025095e-35
decision_type=2 2 2 2 2 2 2 2 2 2 2
left_child=-1 3 -3 -2 6 7 8 9 -4 -6 -9
right_child=1 2 4 -5 5 -7 -8 10 -10 -11 -12
leaf_value=-0.0094533856958150878 -0.00012175012379884714 0.0066296591113010964 -0.0036887759342789646 0.0095218519121408468 0.00068295228757051483 0.0040155810303986071 -0.0068834124753872532 -0.0025267731398344036 -0.00079292766749858789 -0.0011364982463419435 -0.0029310084879398336
leaf_weight=2.9999999999999991 3.0000000000000009 3.0000000000000027 4 4.9999999999999991 4.0000000000000018 3.9999999999999991 3 3 3.0000000000000018 3 3
leaf_count=3 3 3 4 5 4 4 3 3 3 3 3
internal_value=-2.63532e-11 0.00074632 -0.000629462 0.0059055 -0.00143603 -5.81592e-05 -0.00377841 -0.00131162 -0.0024477 -9.68122e-05 -0.00272889
internal_weight=41 38 30 8 27 17 10 13 7 7 6
internal_count=41 38 30 8 27 17 10 13 7 7 6
is_linear=0
shrinkage=0.05


Tree=50
num_leaves=12
num_cat=0
split_feature=16 35 63 23 85 19 35 36 18 83 11
split_gain=0.104425 0.0981866 0.0620611 0.0537351 0.0395881 0.0341632 0.0175242 0.0198427 0.0105908 0.00327126 0.00248908
threshold=-1.7284541983928929 0.53685622230218377 0.095317395041392708 -0.15818689501030705 -0.616399718691653 -0.54137961585354821 -0.43467753537792259 -1.0000000180025095e-35 -1.0000000180025095e-35 -0.67646072031512461 1.0000000180025095e-35
decision_type=2 2 2 2 2 2 2 2 2 2 2
left_child=-1 2 -2 -3 8 -6 10 9 -4 -8 -7
right_child=1 3 4 -5 5 6 7 -9 -10 -11 -12
leaf_value=-0.0089807163923978812 0.0047253026254475122 0.0018467719579348335 -0.0028202499573429418 0.011310304701328279 0.0046241517644375505 -0.0023269568880399027 -0.00016826821968910109 0.002839506091549994 -0.0070215936750173576 -0.0022567324899137021 -0.004363735516866047
leaf_weight=2.9999999999999991 4.9999999999999991 3 3 2.9999999999999991 3.0000000000000027 3.0000000000000044 3.0000000000000027 3.9999999999999973 2.9999999999999991 4.9999999999999991 3
leaf_count=3 5 3 3 3 3 3 3 4 3 5 3
internal_value=-3.98314e-11 0.000709004 -0.000391534 0.00657854 -0.0013391 -0.000315717 -0.00113903 -3.58702e-05 -0.00492092 -0.00147356 -0.00334535
internal_weight=41 38 32 6 27 21 18 12 6 8 6
internal_count=41 38 32 6 27 21 18 12 6 8 6
is_linear=0
shrinkage=0.05


Tree=51
num_leaves=12
num_cat=0
split_feature=47 24 17 79 1 37 52 78 67 55 26
split_gain=0.0965879 0.0976351 0.0732573 0.0645908 0.0620877 0.0311058 0.0157388 0.00692836 0.00277475 0.000810006 4.95863e-05
threshold=-0.52364744618556514 -0.44213850143904293 -0.41996176514402422 -0.82980013973434696 -1.0000000180025095e-35 -0.034175507137468045 1.0840582693199898 0.32068485486684156 -0.75823192768719461 1.0000000180025095e-35 0.519159800556248
decision_type=2 2 2 2 2 2 2 2 2 2 2
left_child=3 7 -3 -1 8 -6 9 -2 -4 10 -5
right_child=1 2 4 6 5 -7 -8 -9 -10 -11 -12
leaf_value=-0.009757125657051802 -0.0013882519677281364 0.0088982199877500473 0.00016619645927373001 -0.0027916816994547852 0.0020924035459756844 0.0092926102379957947 0.0015817998287578424 -0.0045669096522033209 -0.0017572545073926444 -0.0019291868433356279 -0.0030791601787010822
leaf_weight=2.9999999999999991 3.0000000000000027 5.0000000000000027 3.0000000000000009 2.9999999999999982 3 2.9999999999999956 2.9999999999999991 4 5.0000000000000009 3 3
leaf_count=3 3 5 3 3 3 3 3 4 5 3 3
internal_value=-7.27596e-13 0.00184331 0.00370308 -0.00319507 0.00184767 0.00569251 -0.00155456 -0.00320463 -0.00103596 -0.00260001 -0.00293542
internal_weight=41 26 19 15 14 6 12 7 8 9 6
internal_count=41 26 19 15 14 6 12 7 8 9 6
is_linear=0
shrinkage=0.05


Tree=52
num_leaves=12
num_cat=0
split_feature=10 36 55 21 53 36 43 14 5 1 2
split_gain=0.0892865 0.0620594 0.0655492 0.0546681 0.026233 0.0302982 0.00755146 0.00526595 0.00311975 0.00228125 0.000630654
threshold=-1.3189379337224574 -0.52845248860071514 -1.0000000180025095e-35 -1.1613846848418459 -0.88961129630773084 1.1352898281787425 -0.43235999795456559 1.0000000180025095e-35 -0.25728625045018755 -0.50298442762762074 0.77228694941171161
decision_type=2 2 2 2 2 2 2 2 2 2 2
left_child=-1 2 -2 -3 -5 6 9 10 -9 -6 -8
right_child=1 3 -4 4 5 -7 7 8 -10 -11 -12
leaf_value=-0.008304283830026786 0.00046609630808234207 0.0059208773076534276 0.0090534625574946424 -0.0044623214006423917 0.0012154230227073032 0.0042195482800404232 -0.0024667995671431202 -0.0020247184981902438 0.00025554108475868507 -0.00073446937215824754 -0.0034920266518990192
leaf_weight=2.9999999999999991 5 2.9999999999999991 3.9999999999999982 5.0000000000000027 3 2.9999999999999991 3.0000000000000018 3 3 3.0000000000000062 3
leaf_count=3 5 3 4 5 3 3 3 3 3 3 3
internal_value=2.30257e-12 0.000655601 0.0042827 -0.000470051 -0.00120747 -0.0004325 -0.00120784 -0.001932 -0.000884589 0.000240477 -0.00297941
internal_weight=41 38 9 29 26 21 18 12 6 6 6
internal_count=41 38 9 29 26 21 18 12 6 6 6
is_linear=0
shrinkage=0.05


Tree=53
num_leaves=12
num_cat=0
split_feature=16 36 36 18 78 11 43 68 16 38 7
split_gain=0.0834932 0.0749268 0.0518924 0.0491521 0.0312159 0.0176742 0.00845531 0.00368282 0.00351202 0.0020723 3.3412e-05
threshold=-1.7284541983928929 -0.52845248860071514 1.1352898281787425 0.13953907075525215 -1.0549718697877086 -0.89851223113816692 -0.43235999795456559 0.77838100417639244 -0.13447803545466069 0.20387467856347977 -0.19312432408456301
decision_type=2 2 2 2 2 2 2 2 2 2 2
left_child=-1 3 4 -2 -3 -6 7 -7 -8 10 -10
right_child=1 2 -4 -5 5 6 8 -9 9 -11 -12
leaf_value=-0.0080303551629185687 0.0079692079126834868 0.003341995055476821 0.0041373839788138873 -0.00012622708454728123 -0.0056614852199951679 0.00084240247379056919 -0.003818981039027362 -0.0014750930480659005 -0.0022620676085352846 -0.00077059436783504963 -0.0024980479851365268
leaf_weight=2.9999999999999991 5 3.0000000000000027 4.9999999999999991 3 3.0000000000000062 4.000000000000008 3.000000000000008 3 3.0000000000000062 3 2.9999999999999778
leaf_count=3 5 3 5 3 3 4 3 3 3 3 3
internal_value=-7.0985e-13 0.000633975 -0.000512543 0.00493342 -0.00144253 -0.00209496 -0.00153183 -0.00015081 -0.00233742 -0.00184357 -0.00238006
internal_weight=41 38 30 8 25 22 19 7 12 9 6
internal_count=41 38 30 8 25 22 19 7 12 9 6
is_linear=0
shrinkage=0.05


Tree=54
num_leaves=12
num_cat=0
split_feature=16 35 63 23 85 19 35 36 18 37 30
split_gain=0.0753526 0.0684415 0.0461673 0.0396033 0.0293386 0.0222991 0.0123915 0.0150199 0.00940522 0.00229381 0.00202816
threshold=-1.7284541983928929 0.53685622230218377 0.095317395041392708 -0.15818689501030705 -0.616399718691653 -0.54137961585354821 -0.43467753537792259 -1.0000000180025095e-35 -1.0000000180025095e-35 0.078114529241648439 -0.69464335212418094
decision_type=2 2 2 2 2 2 2 2 2 2 2
left_child=-1 2 -2 -3 8 -6 10 9 -4 -8 -7
right_child=1 3 4 -5 5 6 7 -9 -10 -11 -12
leaf_value=-0.0076288374140858657 0.004096697345376015 0.001440552137016008 -0.002237709425389766 0.0095649287104606628 0.0037381508387625178 -0.0036925574143727609 -0.0003945381817175073 0.0025113051757216466 -0.006196922560532888 -0.0020878372481092809 -0.0018540070392191379
leaf_weight=2.9999999999999991 4.9999999999999991 3 3 2.9999999999999991 3.0000000000000027 3 4.0000000000000018 3.9999999999999973 2.9999999999999991 4 3.0000000000000044
leaf_count=3 5 3 3 3 3 3 4 4 3 4 3
internal_value=-1.93079e-11 0.000602277 -0.00031656 0.00550274 -0.00113383 -0.000252834 -0.000917999 9.64325e-06 -0.00421732 -0.00124119 -0.00277328
internal_weight=41 38 32 6 27 21 18 12 6 8 6
internal_count=41 38 32 6 27 21 18 12 6 8 6
is_linear=0
shrinkage=0.05


Tree=55
num_leaves=11
num_cat=0
split_feature=47 24 38 17 1 37 59 78 67 26
split_gain=0.0711773 0.0673691 0.0565763 0.0541074 0.044143 0.0214381 0.00873085 0.00624274 0.00199102 0.000413325
threshold=-0.52364744618556514 -0.44213850143904293 0.53727294026852424 -0.41996176514402422 -1.0000000180025095e-35 -0.034175507137468045 0.087910860692973422 0.32068485486684156 -0.75823192768719461 -0.4191161141795739
decision_type=2 2 2 2 2 2 2 2 2 2
left_child=2 7 6 -3 8 -6 -1 -2 -5 -8
right_child=1 3 -4 4 5 -7 9 -9 -10 -11
leaf_value=0.00069990721531212332 -0.00088663026690482996 0.0075920043140649748 -0.0088842346643408145 0.00011951693547113481 0.0017858675681054585 0.0077633361021677743 -0.0016970905164877569 -0.0039039140567183488 -0.0015098059922456738 -0.0024394518882036205
leaf_weight=3.9999999999999991 3.0000000000000027 5.0000000000000027 2.9999999999999991 3.0000000000000009 3 2.9999999999999956 3 4 5.0000000000000009 5
leaf_count=4 3 5 3 3 3 3 3 4 5 5
internal_value=6.74357e-12 0.00158237 -0.00274277 0.00312722 0.00153265 0.0047746 -0.00120741 -0.00261079 -0.00089881 -0.00216107
internal_weight=41 26 15 19 14 6 12 7 8 8
internal_count=41 26 15 19 14 6 12 7 8 8
is_linear=0
shrinkage=0.05


Tree=56
num_leaves=12
num_cat=0
split_feature=75 12 23 76 19 48 80 87 78 71 60
split_gain=0.0665138 0.0488545 0.0496507 0.0327754 0.0333174 0.0188197 0.0144243 0.0104191 0.0043971 0.00283256 0.000256175
threshold=-0.57000428327576291 0.62129018877903841 -0.56277222507821867 0.52235151126728041 0.7909725286830912 -0.83996347153299367 -0.69711095914364707 0.66167617785426125 0.79187513870965531 0.17103767927441871 -1.0000000180025095e-35
decision_type=2 2 2 2 2 2 2 2 2 2 2
left_child=-1 3 -3 5 6 -2 -5 8 9 10 -7
right_child=1 2 -4 4 -6 7 -8 -9 -10 -11 -12
leaf_value=-0.0071674581617116933 -0.005168191529810429 0.00015775151550769803 0.0092545159161090858 0.0022366234846413137 0.0063454672694206243 -0.0019906760503848393 -0.0015613163309171796 0.0013572906726039948 -0.0032470954582095148 0.00021770958264824 -0.0013372558169066876
leaf_weight=2.9999999999999991 2.9999999999999991 3 2.9999999999999991 4.9999999999999991 2.9999999999999991 2.9999999999999991 4.9999999999999991 3.9999999999999991 2.9999999999999991 3 3.0000000000000062
leaf_count=3 3 3 3 5 3 3 5 4 3 3 3
internal_value=6.31766e-12 0.000565852 0.00470613 -0.000210451 0.00172407 -0.00153407 0.000337654 -0.000852674 -0.00158933 -0.00103674 -0.00166397
internal_weight=41 38 6 32 13 19 10 16 12 9 6
internal_count=41 38 6 32 13 19 10 16 12 9 6
is_linear=0
shrinkage=0.05


Tree=57
num_leaves=12
num_cat=0
split_feature=10 36 55 21 53 36 43 14 1 5 86
split_gain=0.0621697 0.0412766 0.0404604 0.0388504 0.0181367 0.0186481 0.00481618 0.00366271 0.0019198 0.00191011 0.00047726
threshold=-1.3189379337224574 -0.52845248860071514 -1.0000000180025095e-35 -1.1613846848418459 -0.88961129630773084 1.1352898281787425 -0.43235999795456559 1.0000000180025095e-35 -0.50298442762762074 -0.25728625045018755 -0.37058287960765574
decision_type=2 2 2 2 2 2 2 2 2 2 2
left_child=-1 2 -2 -3 -5 6 8 10 -6 -9 -8
right_child=1 3 -4 4 5 -7 7 9 -10 -11 -12
leaf_value=-0.0069294488678375886 0.0005065934918820858 0.0050166374693314236 0.0072532961145043394 -0.003698973208665845 0.0010945160097132122 0.0033014383477469288 -0.001962431520223613 -0.0015534160348276295 -0.00069424541046221892 0.00023082335149714097 -0.0028543019667267838
leaf_weight=2.9999999999999991 5 2.9999999999999991 3.9999999999999982 5.0000000000000027 3 2.9999999999999991 3.0000000000000062 3 3.0000000000000062 3 2.9999999999999956
leaf_count=3 5 3 4 5 3 3 3 3 3 3 3
internal_value=2.12955e-13 0.000547062 0.00350513 -0.000370959 -0.000992605 -0.000348231 -0.000956509 -0.00153483 0.000200135 -0.000661296 -0.00240837
internal_weight=41 38 9 29 26 21 18 12 6 6 6
internal_count=41 38 9 29 26 21 18 12 6 6 6
is_linear=0
shrinkage=0.05


Tree=58
num_leaves=11
num_cat=0
split_feature=75 89 12 76 73 78 13 32 40 67
split_gain=0.0569984 0.0409382 0.0568087 0.0363272 0.0244346 0.0160683 0.0126171 0.0124216 0.0026566 0.000425598
threshold=-0.57000428327576291 1.0000000180025095e-35 0.62129018877903841 0.52235151126728041 0.12663032084208972 0.32068485486684156 0.5306998928366391 0.40868779363094038 0.16166019120186342 -1.0000000180025095e-35
decision_type=2 2 2 2 2 2 2 2 2 2
left_child=-1 2 3 5 6 -2 8 -5 -3 -10
right_child=1 4 -4 7 -6 -7 -8 -9 9 -11
leaf_value=-0.0066349968314170843 0.0011398975737392889 -0.00031512828049017072 0.0084788778175910306 0.0063318325827519109 0.0030235889988640945 -0.0028686278685927389 -0.0048165401443839078 0.0017818224965594704 -0.0015018193796277031 -0.0022551217426856388
leaf_weight=2.9999999999999991 5.0000000000000053 5.0000000000000062 2.9999999999999991 2.9999999999999991 2.9999999999999991 5 2.9999999999999991 3 5.0000000000000044 2.9999999999999956
leaf_count=3 5 5 3 3 3 5 3 3 5 3
internal_value=-5.92724e-12 0.000523816 0.00216494 0.000981082 -0.00111731 -0.000864365 -0.00189373 0.00405683 -0.00121924 -0.00178431
internal_weight=41 38 19 16 19 10 16 6 13 8
internal_count=41 38 19 16 19 10 16 6 13 8
is_linear=0
shrinkage=0.05


Tree=59
num_leaves=12
num_cat=0
split_feature=16 36 21 35 53 36 23 89 63 28 2
split_gain=0.0537566 0.0435229 0.0328598 0.02945 0.0145533 0.0154574 0.00511939 0.00352173 0.00296223 0.00192971 0.000225066
threshold=-1.7284541983928929 -0.52845248860071514 -1.1613846848418459 -0.29602898008706263 -0.88961129630773084 1.1352898281787425 -0.060945946183797096 -0.63801057478701384 0.10177512295040166 -1.0000000180025095e-35 -0.67064670716018837
decision_type=2 2 2 2 2 2 2 2 2 2 2
left_child=-1 3 -3 -2 6 7 -4 -6 -9 -10 -11
right_child=1 2 4 -5 5 -7 -8 8 9 10 -12
leaf_value=-0.0064435466813544439 -0.00013092032944162681 0.004599235951900477 -0.0045489367097616184 0.0061353901773691178 0.00027768996544182242 0.0030265791341662408 -0.0016279235792656722 -0.0024158956948667786 0.00025481682484193336 -0.00099205747246742019 -0.0016045201259354822
leaf_weight=2.9999999999999991 3.0000000000000009 3.0000000000000027 3 4.9999999999999991 5.0000000000000098 2.9999999999999991 3.0000000000000027 3.9999999999999956 3.0000000000000062 3.0000000000000062 2.9999999999999858
leaf_count=3 3 3 3 5 5 3 3 4 3 3 3
internal_value=-2.50577e-11 0.000508701 -0.000365118 0.00378552 -0.000916713 -0.000296223 -0.00308843 -0.000850023 -0.00128376 -0.000780587 -0.00129829
internal_weight=41 38 30 8 27 21 6 18 13 9 6
internal_count=41 38 30 8 27 21 6 18 13 9 6
is_linear=0
shrinkage=0.05


Tree=60
num_leaves=11
num_cat=0
split_feature=10 36 36 55 78 11 43 16 1 10
split_gain=0.0494558 0.0308045 0.0298341 0.0297053 0.0178116 0.0125819 0.00504508 0.00213516 0.00168306 0.000515631
threshold=-1.3189379337224574 -0.52845248860071514 1.1352898281787425 -1.0000000180025095e-35 -1.0549718697877086 -0.89851223113816692 -0.43235999795456559 1.0000000180025095e-35 -0.50298442762762074 0.088216746022511006
decision_type=2 2 2 2 2 2 2 2 2 2
left_child=-1 3 4 -2 -3 -6 8 -8 -7 -9
right_child=1 2 -4 -5 5 6 7 9 -10 -11
leaf_value=-0.0061804154577354588 0.00047407951205968851 0.002566710300743577 0.0032084314804524186 0.0062549469061195864 -0.0045498093590140235 0.00096891082357615206 -0.0024333764612674736 -0.00058503263523258873 -0.00070593078465511238 -0.0014521899633109566
leaf_weight=2.9999999999999991 5 3.0000000000000027 4.9999999999999991 3.9999999999999982 3.0000000000000062 3 4.9999999999999947 3 3.0000000000000062 4
leaf_count=3 5 3 5 4 3 3 5 3 3 4
internal_value=-2.21828e-11 0.000487928 -0.000305136 0.00304335 -0.00103713 -0.00155196 -0.00105232 -0.00164423 0.00013149 -0.00108055
internal_weight=41 38 29 9 24 21 18 12 6 7
internal_count=41 38 29 9 24 21 18 12 6 7
is_linear=0
shrinkage=0.05


Tree=61
num_leaves=10
num_cat=0
split_feature=75 89 21 80 73 79 28 47 12
split_gain=0.0469581 0.0316875 0.0452078 0.0301375 0.0180466 0.011004 0.00787404 0.00206831 0.000438089
threshold=-0.57000428327576291 1.0000000180025095e-35 -0.57809114472660539 -0.21628974756817596 0.12663032084208972 -0.67220296031655657 -0.10480116582198383 -0.19989592430754391 -0.23056763232619609
decision_type=2 2 2 2 2 2 2 2 2
left_child=-1 2 -2 6 5 -3 -4 8 -7
right_child=1 4 3 -5 -6 7 -8 -9 -10
leaf_value=-0.0060223276416460671 0.0060004098620265681 -0.0043652409066756463 -0.0025901512429118158 0.0035741579579189422 0.0025902869490285717 -0.0011343425139784802 0.00038613730575889351 -0.00020800376776605861 -0.0018743498250842095
leaf_weight=2.9999999999999991 5.0000000000000027 3.0000000000000062 4.9999999999999991 4.9999999999999991 2.9999999999999991 4.0000000000000027 3.9999999999999991 4.9999999999999956 3.9999999999999991
leaf_count=3 5 3 5 5 3 4 4 5 4
internal_value=-2.15794e-11 0.000475447 0.0019193 0.000461756 -0.000968403 -0.00163566 -0.00126736 -0.00100575 -0.00150435
internal_weight=41 38 19 14 19 16 9 13 8
internal_count=41 38 19 14 19 16 9 13 8
is_linear=0
shrinkage=0.05


Tree=62
num_leaves=12
num_cat=0
split_feature=16 35 63 23 85 36 18 83 36 73 78
split_gain=0.0439441 0.0330623 0.025346 0.0219317 0.0181449 0.0102708 0.00735283 0.00591743 0.00566955 0.00202606 7.19299e-05
threshold=-1.7284541983928929 0.53685622230218377 0.095317395041392708 -0.15818689501030705 -0.616399718691653 -0.52845248860071514 -1.0000000180025095e-35 0.29063875625630925 0.39326775818027954 -0.28563955776291688 0.32068485486684156
decision_type=2 2 2 2 2 2 2 2 2 2 2
left_child=-1 2 -2 -3 6 -6 -4 8 9 -7 -11
right_child=1 3 4 -5 5 7 -8 -9 -10 10 -12
leaf_value=-0.0058258534409105778 0.0030913006886839865 0.00084298563500245392 -0.0014588377438485619 0.0068888748685518907 0.0026171495206654041 0.00053462080929117832 -0.0049595120052496593 -0.0020046255737543105 0.0019257910549640657 -0.0008796277106739572 -0.0012035069055855272
leaf_weight=2.9999999999999991 4.9999999999999991 3 3 2.9999999999999991 3.0000000000000027 3.0000000000000027 2.9999999999999991 4.9999999999999991 2.9999999999999991 4.0000000000000027 3
leaf_count=3 5 3 3 3 3 3 3 5 3 4 3
internal_value=2.69743e-12 0.000459936 -0.000178688 0.00386593 -0.000784242 -9.14036e-05 -0.00320917 -0.000542829 1.94003e-05 -0.000552517 -0.00101843
internal_weight=41 38 32 6 27 21 6 18 13 10 7
internal_count=41 38 32 6 27 21 6 18 13 10 7
is_linear=0
shrinkage=0.05


Tree=63
num_leaves=11
num_cat=0
split_feature=75 89 12 76 73 28 79 32 47 12
split_gain=0.0405275 0.0270574 0.0399668 0.0220408 0.0146559 0.0113132 0.00946456 0.00894822 0.00202033 0.000472118
threshold=-0.57000428327576291 1.0000000180025095e-35 0.62129018877903841 0.52235151126728041 0.12663032084208972 -0.10480116582198383 -0.67220296031655657 0.40868779363094038 -0.19989592430754391 -0.23056763232619609
decision_type=2 2 2 2 2 2 2 2 2 2
left_child=-1 2 3 5 6 -2 -3 -5 9 -8
right_child=1 4 -4 7 -6 -7 8 -9 -10 -11
leaf_value=-0.0055947927758097649 -0.0023363213427364813 -0.0040252808481454757 0.0070718259861071902 0.0051096066832542423 0.0023144947054485484 0.0010271953127812589 -0.001018306869082152 0.0012477804673835633 -0.00012119496183004239 -0.0017865176778286695
leaf_weight=2.9999999999999991 5.0000000000000027 3.0000000000000062 2.9999999999999991 2.9999999999999991 2.9999999999999991 5.0000000000000027 4.0000000000000027 3 4.9999999999999956 3.9999999999999991
leaf_count=3 5 3 3 3 3 5 4 3 5 4
internal_value=-1.19965e-11 0.000441694 0.0017759 0.000782908 -0.000892507 -0.000654563 -0.00149382 0.00317869 -0.000909636 -0.00140241
internal_weight=41 38 19 16 19 10 16 6 13 8
internal_count=41 38 19 16 19 10 16 6 13 8
is_linear=0
shrinkage=0.05


Tree=64
num_leaves=12
num_cat=0
split_feature=16 36 21 18 53 36 39 14 12 29 28
split_gain=0.0385475 0.027831 0.0243102 0.0197195 0.0103389 0.00967786 0.00397155 0.00265867 0.00228681 0.00085518 0.000185758
threshold=-1.7284541983928929 -0.52845248860071514 -1.1613846848418459 0.13953907075525215 -0.88961129630773084 1.1352898281787425 0.11193214171185796 -0.1471010844542322 -0.23056763232619609 0.10420437847348581 -0.32494222338260798
decision_type=2 2 2 2 2 2 2 2 2 2 2
left_child=-1 3 -3 -2 6 7 -4 9 10 -6 -9
right_child=1 2 4 -5 5 -7 -8 8 -10 -11 -12
leaf_value=-0.0054564143686244883 0.0049739789217710488 0.0040019787227114001 -0.0012864897648493436 -0.00015365829070409134 -0.00092008650487210894 0.0024097698973491789 -0.0038592815399169909 -0.00040498091548215502 0.00074817399727180808 -0.0021139459063609436 -0.00090265306644141683
leaf_weight=2.9999999999999991 5 3.0000000000000027 3.0000000000000027 3 3.0000000000000098 2.9999999999999991 3 3.0000000000000062 3.9999999999999885 3 4.9999999999999991
leaf_count=3 5 3 3 3 3 3 3 3 4 3 5
internal_value=-1.82076e-11 0.00043077 -0.000267989 0.00305111 -0.00074243 -0.000219443 -0.00257289 -0.000657645 -0.000227959 -0.00151702 -0.000716026
internal_weight=41 38 30 8 27 21 6 18 12 6 8
internal_count=41 38 30 8 27 21 6 18 12 6 8
is_linear=0
shrinkage=0.05


Tree=65
num_leaves=11
num_cat=0
split_feature=75 89 12 76 79 28 59 32 68 28
split_gain=0.0353003 0.0228083 0.0334994 0.018272 0.01292 0.00967983 0.0089275 0.00775559 0.000718644 0.000297666
threshold=-0.57000428327576291 1.0000000180025095e-35 0.62129018877903841 0.52235151126728041 -0.67220296031655657 -0.10480116582198383 1.0000000180025095e-35 0.40868779363094038 -0.069629819588492584 -0.10480116582198383
decision_type=2 2 2 2 2 2 2 2 2 2
left_child=-1 2 3 5 -3 -2 -6 -5 -8 -10
right_child=1 4 -4 7 6 -7 8 -9 9 -11
leaf_value=-0.005221538230155906 -0.0021363450028002245 -0.0038238340678314327 0.0064857357492049536 0.0047070880730946865 0.0017975103575736285 0.0009748972917441273 -0.0014772566966712473 0.0011118154817571239 -0.00026270332552182172 -0.00089269336313009279
leaf_weight=2.9999999999999991 5.0000000000000027 3.0000000000000027 2.9999999999999991 2.9999999999999991 3.9999999999999991 5.0000000000000027 4 3 3 4.9999999999999982
leaf_count=3 5 3 3 3 4 5 4 3 3 5
internal_value=7.66637e-12 0.000412227 0.00163719 0.000728092 -0.00081274 -0.000580724 -0.00024816 0.00290945 -0.00093005 -0.000656447
internal_weight=41 38 19 16 19 10 16 6 12 8
internal_count=41 38 19 16 19 10 16 6 12 8
is_linear=0
shrinkage=0.05


Tree=66
num_leaves=12
num_cat=0
split_feature=10 5 8 17 71 67 33 6 63 0 47
split_gain=0.0338421 0.0193359 0.0239004 0.0236051 0.0170033 0.00911654 0.00864558 0.00431905 0.00129229 0.000550806 0.000159804
threshold=-1.3189379337224574 -0.48654131161114339 -0.22630721464228828 1.0000000180025095e-35 0.17684759319999463 0.73338311128725076 -0.33479620672650295 -0.40463999091224817 0.10534493080555161 0.90718378348810547 -0.6266203210856095
decision_type=2 2 2 2 2 2 2 2 2 2 2
left_child=-1 3 5 -2 7 8 -6 -4 -3 -9 -10
right_child=1 2 4 -5 6 -7 -8 9 10 -11 -12
leaf_value=-0.0051125541251773633 0.0060940634459257107 -0.0019589039186636613 0.00087164448341354702 0.00048394282013759939 0.0048136280228694255 -0.0042942768583695097 0.0014184200880117716 -0.00077037900531043478 -0.00094597411031524341 -0.0017285076280434922 -0.00042989322876868123
leaf_weight=2.9999999999999991 3 2.9999999999999982 4.0000000000000009 5 3.0000000000000009 2.9999999999999991 4.9999999999999991 3.0000000000000044 2.9999999999999991 3 3.0000000000000009
leaf_count=3 3 3 4 5 3 3 5 3 3 3 3
internal_value=6.26442e-12 0.000403623 -0.000178808 0.00258774 0.000973495 -0.00190726 0.00269162 -0.000401008 -0.00111159 -0.00124944 -0.000687934
internal_weight=41 38 30 8 18 12 8 10 9 6 6
internal_count=41 38 30 8 18 12 8 10 9 6 6
is_linear=0
shrinkage=0.05


Tree=67
num_leaves=12
num_cat=0
split_feature=16 36 21 18 53 36 76 83 73 12 26
split_gain=0.0313696 0.0209727 0.018729 0.0141809 0.00860727 0.00836782 0.00186024 0.00156633 0.00127204 0.000368709 5.89786e-05
threshold=-1.7284541983928929 -0.52845248860071514 -1.1613846848418459 0.13953907075525215 -1.007434425539333 1.1352898281787425 -0.45184147943180136 0.29063875625630925 -0.2562186201010494 -0.23056763232619609 0.25292726897159495
decision_type=2 2 2 2 2 2 2 2 2 2 2
left_child=-1 3 -3 -2 -4 6 -6 8 -8 10 -10
right_child=1 2 4 -5 5 -7 7 -9 9 -11 -12
leaf_value=-0.0049222529594165586 0.0042939000576734535 0.0035299168278773588 -0.0031594415505727096 -5.442012722293535e-05 0.0001701579568907615 0.0021513414443082488 0.00020591855670014969 -0.0019645543769001962 -0.00056332502669344232 -0.0013398224022239504 -0.00087684956379234773
leaf_weight=2.9999999999999991 5 3.0000000000000027 3.0000000000000027 3 5.0000000000000098 2.9999999999999991 3.0000000000000062 2.9999999999999991 3.0000000000000053 3.9999999999999822 3
leaf_count=3 5 3 3 3 5 3 3 3 3 4 3
internal_value=3.33629e-12 0.000388599 -0.000217983 0.00266328 -0.000634416 -0.000318788 -0.000671663 -0.000934733 -0.000697081 -0.000967981 -0.000720087
internal_weight=41 38 30 8 27 24 21 16 13 10 6
internal_count=41 38 30 8 27 24 21 16 13 10 6
is_linear=0
shrinkage=0.05


Tree=68
num_leaves=13
num_cat=0
split_feature=75 5 8 30 71 26 79 12 16 43 0 11
split_gain=0.029606 0.0179692 0.0198179 0.019019 0.0108557 0.0120936 0.00869987 0.00402576 0.0025005 0.00114647 0.000267671 7.46929e-05
threshold=-0.57000428327576291 -0.48654131161114339 -0.22630721464228828 -0.10877441746686083 0.17684759319999463 1.0514201785695529 -0.82980013973434696 0.49896907496584936 -0.13447803545466069 1.5827614015782527 0.61531171326305711 -0.13103451500160451
decision_type=2 2 2 2 2 2 2 2 2 2 2 2
left_child=-1 3 6 -2 7 8 -3 10 -6 11 -4 -8
right_child=1 2 4 -5 5 -7 9 -9 -10 -11 -12 -13
leaf_value=-0.0047818878199905159 0.00059462585602886953 -0.004089705583949884 -0.00077635771594941453 0.0056303687393665317 0.0023685241428514315 -0.00049880733907533181 -0.00075797736644744873 0.0011329385762413339 0.0044099686046441414 -0.001778680365532636 -0.0014442786884804563 -0.00040514850600933033
leaf_weight=2.9999999999999991 5.0000000000000009 2.9999999999999991 3.0000000000000053 2.9999999999999991 3 3 2.9999999999999991 3 2.9999999999999982 3 3 2.9999999999999991
leaf_count=3 5 3 3 3 3 3 3 3 3 3 3 3
internal_value=-1.67524e-11 0.000377517 -0.000183952 0.00248303 0.000865331 0.00209323 -0.00175788 -0.000362566 0.00338925 -0.000980602 -0.00111032 -0.000581563
internal_weight=41 38 30 8 18 9 12 9 6 9 6 6
internal_count=41 38 30 8 18 9 12 9 6 9 6 6
is_linear=0
shrinkage=0.05


Tree=69
num_leaves=12
num_cat=0
split_feature=10 26 36 36 45 78 61 68 76 43 29
split_gain=0.0273983 0.0157923 0.0167553 0.0147902 0.00855441 0.0073191 0.00242715 0.00121764 0.000933814 0.000351266 0.000267405
threshold=-1.3189379337224574 1.2720585270194256 -0.52845248860071514 1.1352898281787425 0.55096213077797918 -1.0549718697877086 0.054020077168172365 0.77838100417639244 0.20150020092632473 0.42793734227565744 1.0000000180025095e-35
decision_type=2 2 2 2 2 2 2 2 2 2 2
left_child=-1 2 4 5 -2 -4 7 8 10 -8 -7
right_child=1 -3 3 -5 -6 6 9 -9 -10 -11 -12
leaf_value=-0.0046001358889043329 0.0039378407597541803 -0.0031183899341461559 0.0018810486731429873 0.0028722359566017985 0.00056058128053943304 -7.6514001314838571e-05 -0.0019913228849569959 -0.0012996782238284747 -0.00066791998222470272 -0.0012261800157527126 0.00059107519142950564
leaf_weight=2.9999999999999991 5 2.9999999999999991 3.0000000000000027 3.9999999999999991 3 3.0000000000000053 2.9999999999999991 2.9999999999999991 5 3 3
leaf_count=3 5 3 3 4 3 3 3 3 5 3 3
internal_value=7.38244e-12 0.000363169 0.000661588 6.60974e-05 0.00267137 -0.000421927 -0.000767373 -0.000406782 -0.000163265 -0.00160875 0.000257281
internal_weight=41 38 35 27 8 23 20 14 11 6 6
internal_count=41 38 35 27 8 23 20 14 11 6 6
is_linear=0
shrinkage=0.05


Tree=70
num_leaves=11
num_cat=0
split_feature=86 34 63 85 19 18 83 59 2 18
split_gain=0.0260405 0.017395 0.0180949 0.0127956 0.00715064 0.00530298 0.00358423 0.00234541 0.00165449 6.34157e-05
threshold=1.3796545336182986 -1.088150633350633 0.095317395041392708 -0.616399718691653 -0.54137961585354821 -1.0000000180025095e-35 0.29063875625630925 0.087910860692973422 1.0000000180025095e-35 0.13953907075525215
decision_type=2 2 2 2 2 2 2 2 2 2
left_child=1 -1 -3 5 -5 -4 7 8 -6 -9
right_child=-2 2 3 4 6 -7 -8 9 -10 -11
leaf_value=0.0035782854654826226 -0.0033811853057704867 0.0032267625676468017 -0.00092861774998406548 0.0018519797362387168 3.8334845642869595e-05 -0.0039015455792347589 -0.0014237713534384967 -0.00036686786140004786 0.0016988997037212048 -0.00069197231593231341
leaf_weight=3.9999999999999991 4.9999999999999991 3.9999999999999991 3 5.0000000000000027 3.0000000000000053 2.9999999999999991 4.9999999999999991 3 3 3
leaf_count=4 5 4 3 5 3 3 5 3 3 3
internal_value=1.57587e-11 0.000469609 8.10245e-05 -0.000368367 0.000189828 -0.00241508 -0.00029904 0.000169599 0.000868617 -0.00052942
internal_weight=41 36 32 28 22 6 17 12 6 6
internal_count=41 36 32 28 22 6 17 12 6 6
is_linear=0
shrinkage=0.05


Tree=71
num_leaves=12
num_cat=0
split_feature=16 35 63 23 85 18 36 70 83 39 1
split_gain=0.0257658 0.0146325 0.012522 0.0118088 0.0099536 0.00478594 0.00403476 0.00333103 0.00182663 0.000591395 9.76362e-05
threshold=-1.7284541983928929 0.53685622230218377 0.095317395041392708 -0.15818689501030705 -0.616399718691653 -1.0000000180025095e-35 -0.52845248860071514 0.73942644254834755 0.29063875625630925 0.12600755000903921 -0.27481233249325943
decision_type=2 2 2 2 2 2 2 2 2 2 2
left_child=-1 2 -2 -3 5 -4 -6 8 9 10 -8
right_child=1 3 4 -5 6 -7 7 -9 -10 -11 -12
leaf_value=-0.0044609846857686843 0.0022257512062788011 0.00039987840379277851 -0.00088218684929112579 0.0048362510899702706 0.0017124824846784254 -0.0037064683313171067 -0.00069777457974851045 0.0012528322772899024 -0.0013525827787816526 0.00028880269674118607 -0.0002943802721953637
leaf_weight=2.9999999999999991 4.9999999999999991 3 3 2.9999999999999991 3.0000000000000027 2.9999999999999991 3.0000000000000027 2.9999999999999991 4.9999999999999991 4 3.0000000000000027
leaf_count=3 5 3 3 3 3 3 3 3 5 4 3
internal_value=3.74801e-11 0.000352183 -7.26698e-05 0.00261806 -0.000498303 -0.00229433 1.48465e-05 -0.000268093 -0.000572278 -0.000182125 -0.000496077
internal_weight=41 38 32 6 27 6 21 18 15 10 6
internal_count=41 38 32 6 27 6 21 18 15 10 6
is_linear=0
shrinkage=0.05


Tree=72
num_leaves=12
num_cat=0
split_feature=75 5 49 8 71 26 79 38 16 43 11
split_gain=0.0245345 0.0135446 0.014504 0.0144402 0.00790596 0.00772381 0.00634387 0.00295213 0.00197968 0.000757865 7.07397e-05
threshold=-0.57000428327576291 -0.48654131161114339 -0.62668985471883287 -0.22630721464228828 0.17684759319999463 1.0514201785695529 -0.82980013973434696 -0.033750304569540097 -0.13447803545466069 1.5827614015782527 -0.13103451500160451
decision_type=2 2 2 2 2 2 2 2 2 2 2
left_child=-1 2 -2 6 7 8 -3 -5 -6 10 -8
right_child=1 3 -4 4 5 -7 9 -9 -10 -11 -12
leaf_value=-0.0043530895801571516 0.0049201517055431979 -0.0034785241509477298 0.000522574174683541 -0.0011059621721506117 0.0019272669373701012 -0.00027172249392606309 -0.00067082347037891558 0.00071643982082605256 0.0037437097479899734 -0.0014724501098195709 -0.0003274584848744174
leaf_weight=2.9999999999999991 3.0000000000000009 2.9999999999999991 4.9999999999999991 5 3 3 2.9999999999999991 4.0000000000000053 2.9999999999999982 3 2.9999999999999991
leaf_count=3 3 3 5 5 3 3 3 4 3 3 3
internal_value=-9.79592e-12 0.000343665 0.00217167 -0.000143802 0.000751873 0.00179975 -0.00148731 -0.000296006 0.00283549 -0.000823577 -0.000499141
internal_weight=41 38 8 30 18 9 12 9 6 9 6
internal_count=41 38 8 30 18 9 12 9 6 9 6
is_linear=0
shrinkage=0.05


Tree=73
num_leaves=11
num_cat=0
split_feature=16 89 12 76 13 28 17 59 54 90
split_gain=0.0224993 0.012686 0.0188817 0.0091142 0.00749289 0.00489241 0.00449619 0.00391284 0.000444601 0.000191341
threshold=-1.7284541983928929 1.0000000180025095e-35 0.62129018877903841 0.52235151126728041 0.5306998928366391 -0.10480116582198383 -1.0000000180025095e-35 0.038204674801895842 0.35470226367472457 1.0296915381828857
decision_type=2 2 2 2 2 2 2 2 2 2
left_child=-1 2 3 5 7 -2 -5 -3 9 -9
right_child=1 4 -4 6 -6 -7 -8 8 -10 -11
leaf_value=-0.0041686360103388633 -0.0014701559953391543 0.0011997918831184486 0.0048827649404605232 0.00073203960588822748 -0.0028775335134317479 0.00074172302847728088 0.003469491625825564 -0.00057512003695592295 -0.00096605328842997535 -4.6878579693535952e-05
leaf_weight=2.9999999999999991 5.0000000000000027 4.0000000000000062 2.9999999999999991 3 2.9999999999999991 5.0000000000000027 2.9999999999999991 3.9999999999999982 5 3
leaf_count=3 5 4 3 3 3 5 3 4 5 3
internal_value=7.66637e-12 0.000329103 0.00124267 0.000560152 -0.000584464 -0.000364216 0.00210077 -0.000154513 -0.000605949 -0.000348731
internal_weight=41 38 19 16 19 10 6 16 12 7
internal_count=41 38 19 16 19 10 6 16 12 7
is_linear=0
shrinkage=0.05


Tree=74
num_leaves=13
num_cat=0
split_feature=75 5 30 8 71 26 79 12 5 43 0 22
split_gain=0.0215267 0.0114372 0.0120867 0.011602 0.00680629 0.00656008 0.00549901 0.00245349 0.001776 0.000713942 0.000107618 9.95198e-05
threshold=-0.57000428327576291 -0.48654131161114339 -0.10877441746686083 -0.22630721464228828 0.17684759319999463 1.0514201785695529 -0.82980013973434696 0.49896907496584936 -0.12804498390988617 1.5827614015782527 0.61531171326305711 0.41667746019635316
decision_type=2 2 2 2 2 2 2 2 2 2 2 2
left_child=-1 2 -2 6 7 8 -3 10 -6 11 -5 -8
right_child=1 3 -4 4 5 -7 9 -9 -10 -11 -12 -13
leaf_value=-0.0040775384094255667 0.00049628899432718743 -0.0031841776023308435 0.0045107149829467143 -0.00066745844669639928 0.0017433781952907639 -0.0002599703865901877 -0.00060107287329932068 0.00087203256164987853 0.0034638442719976121 -0.001342123219122489 -0.00109097136495014 -0.0001938059848422805
leaf_weight=2.9999999999999991 5.0000000000000009 2.9999999999999991 2.9999999999999991 3.0000000000000053 3 3 2.9999999999999982 3 2.9999999999999982 3 3 3
leaf_count=3 5 3 3 3 3 3 3 3 3 3 3 3
internal_value=3.54925e-12 0.000321911 0.0020017 -0.000126032 0.000676809 0.00164908 -0.00133029 -0.000295466 0.00260361 -0.000712334 -0.000879215 -0.000397439
internal_weight=41 38 8 30 18 9 12 9 6 9 6 6
internal_count=41 38 8 30 18 9 12 9 6 9 6 6
is_linear=0
shrinkage=0.05


Tree=75
num_leaves=11
num_cat=0
split_feature=86 12 12 79 19 67 36 9 28 61
split_gain=0.0208062 0.0116326 0.0100292 0.00955859 0.00701321 0.00432964 0.00301252 0.0019194 0.00103871 0.000458969
threshold=1.3796545336182986 0.62129018877903841 1.2930992170377198 -0.39605472639275058 0.7909725286830912 0.73338311128725076 -0.4884421823307819 -0.45418738966214112 -0.10480116582198383 -1.0000000180025095e-35
decision_type=2 2 2 2 2 2 2 2 2 2
left_child=1 3 -3 5 6 -1 -5 8 -8 -9
right_child=-2 2 -4 4 -6 -7 7 9 -10 -11
leaf_value=-0.00052306490251794412 -0.0030223192390985789 0.0044737357646226885 0.00038529982169469186 0.0015635572994748715 0.0024130660982336852 -0.0030358436206976563 0.0012018282587329544 -0.00024850207613781074 -0.00011391910569121421 -0.00092597468756139452
leaf_weight=4.0000000000000027 4.9999999999999991 2.9999999999999991 3 3.0000000000000062 3.9999999999999991 3 3 5.0000000000000036 3.0000000000000044 4.9999999999999893
leaf_count=4 5 3 3 3 4 3 3 5 3 5
internal_value=5.6788e-13 0.000419767 0.00242952 1.78163e-05 0.000510186 -0.00159997 0.00010958 -0.000163041 0.000543955 -0.000587238
internal_weight=41 36 6 30 23 7 19 16 6 10
internal_count=41 36 6 30 23 7 19 16 6 10
is_linear=0
shrinkage=0.05


Tree=76
num_leaves=13
num_cat=0
split_feature=16 89 12 68 10 72 73 48 4 40 23 1
split_gain=0.0196224 0.00968964 0.0140883 0.00696395 0.00639854 0.00617162 0.00301152 0.00120103 0.000756211 0.000708601 0.000513287 9.43227e-05
threshold=-1.7284541983928929 1.0000000180025095e-35 0.62129018877903841 -0.34277703805301601 0.92829222330411121 0.62111881951717118 0.12663032084208972 0.90110714834168493 0.75664558527532277 0.25458891268831424 -0.3351227017202944 -0.27481233249325943
decision_type=2 2 2 2 2 2 2 2 2 2 2 2
left_child=-1 2 3 8 6 7 9 -5 -2 10 -3 -11
right_child=1 4 -4 5 -6 -7 -8 -9 -10 11 -12 -13
leaf_value=-0.0038930045906454326 -0.00026913651575644781 0.00041286310879513563 0.004250048908094565 -0.00039739682882403301 -0.0026100888693084321 0.0028455153107643121 0.0013341876678168775 0.001017423847224563 -0.001391790403674046 -0.00062377078769107648 -0.00045232135453261409 -0.0010202610554794469
leaf_weight=2.9999999999999991 3.0000000000000027 3.0000000000000036 2.9999999999999991 3.0000000000000018 2.9999999999999991 4 2.9999999999999991 3 3 3 4.0000000000000018 3
leaf_count=3 3 3 3 3 3 4 3 3 3 3 4 3
internal_value=-1.78882e-11 0.000307342 0.00110576 0.00051621 -0.000491079 0.00132421 -9.37643e-05 0.000310014 -0.000830463 -0.000423292 -8.1528e-05 -0.000822016
internal_weight=41 38 19 16 19 10 16 6 6 13 7 6
internal_count=41 38 19 16 19 10 16 6 6 13 7 6
is_linear=0
shrinkage=0.05


Tree=77
num_leaves=12
num_cat=0
split_feature=75 48 13 30 24 61 36 9 26 11 10
split_gain=0.0187482 0.00902975 0.00994374 0.0112153 0.0042707 0.00397284 0.00211464 0.00195258 0.00085198 0.000434772 8.49203e-05
threshold=-0.57000428327576291 -0.61382592734994035 -0.10709425803550428 -0.10877441746686083 0.64286568603343619 -0.47473347906564595 0.39326775818027954 -0.45418738966214112 -0.73280379874200618 -1.0000000180025095e-35 0.53138604960455693
decision_type=2 2 2 2 2 2 2 2 2 2 2
left_child=-1 4 5 -4 7 -3 8 -2 -7 -10 -9
right_child=1 2 3 -5 -6 6 -8 10 9 -11 -12
leaf_value=-0.003805303173915794 0.00075200930392990521 0.0014403562108054749 0.00012402715316663183 0.0041682433802634443 -0.0024678659314910575 -4.0429304353892798e-05 0.00097513342819487061 -0.00099837910383939756 -0.00049853761059542488 -0.0013497839681804184 -0.00062216936300198231
leaf_weight=2.9999999999999991 2.9999999999999991 5.0000000000000027 3 4.0000000000000027 2.9999999999999991 5 2.9999999999999991 2.9999999999999991 3 2.9999999999999982 3
leaf_count=3 3 5 3 4 3 5 3 3 3 3 3
internal_value=6.24668e-12 0.000300419 0.000824043 0.00243501 -0.000834101 0.00023053 -0.000201551 -0.000289513 -0.000522465 -0.000924161 -0.000810274
internal_weight=41 38 26 7 12 19 14 9 11 6 6
internal_count=41 38 26 7 12 19 14 9 11 6 6
is_linear=0
shrinkage=0.05


Tree=78
num_leaves=12
num_cat=0
split_feature=10 26 36 21 45 29 33 0 65 46 22
split_gain=0.0178821 0.00850249 0.00715508 0.0076868 0.00397595 0.00184914 0.00230074 0.000952707 0.000492067 0.000464992 0.00013101
threshold=-1.3189379337224574 1.2720585270194256 -0.52845248860071514 -1.1613846848418459 0.55096213077797918 0.12787406548596109 0.1711166209443867 0.67048036464423977 0.13520694392371821 0.28861566823279222 0.17195979822944232
decision_type=2 2 2 2 2 2 2 2 2 2 2
left_child=-1 2 4 -4 -2 6 9 -8 10 -5 -7
right_child=1 -3 3 5 -6 8 7 -9 -10 -11 -12
leaf_value=-0.0037163673822457593 0.002689131535589695 -0.0022612122644204645 0.0025094182540973029 8.339493069797738e-05 0.00038668231572955834 -0.00058670270955190089 0.00031707956610868364 0.0015771770228942231 -0.0010945575078949331 -0.00074008187511935813 -0.00014960231104244786
leaf_weight=2.9999999999999991 5 2.9999999999999991 2.9999999999999991 3.0000000000000053 3 3.9999999999999982 3 3 4 4 3
leaf_count=3 5 3 3 3 3 4 3 3 4 4 3
internal_value=-7.24047e-12 0.000293397 0.000512364 0.000123223 0.00182571 -0.000175051 0.000228664 0.000947128 -0.000652168 -0.000387163 -0.000399374
internal_weight=41 38 35 27 8 24 13 6 11 7 7
internal_count=41 38 35 27 8 24 13 6 11 7 7
is_linear=0
shrinkage=0.05


Tree=79
num_leaves=11
num_cat=0
split_feature=76 21 84 85 67 81 83 84 12 13
split_gain=0.0179614 0.0107829 0.0117837 0.00680545 0.00291536 0.00344211 0.000927866 0.00105973 9.92338e-05 6.67695e-05
threshold=-1.569839071320869 -0.74372871717008715 -0.20089177668343225 -0.616399718691653 1.7108425301081198 -1.2448513492440878 0.29063875625630925 1.0000000180025095e-35 -1.0000000180025095e-35 -0.45238055094380542
decision_type=2 2 2 2 2 2 2 2 2 2
left_child=-1 2 -2 -3 5 -5 7 8 -7 -9
right_child=1 3 -4 4 -6 6 -8 9 -10 -11
leaf_value=-0.003724598698318005 6.1151804402470563e-06 -0.0024001162188748491 0.0038440301548689606 0.0012653832411160671 0.0015796648416047294 -0.0003393681836314495 -0.00093122075777500872 0.00020319563724721467 -0.00067349094897508688 0.00053678586458166442
leaf_weight=2.9999999999999991 4.0000000000000009 3.0000000000000027 3.9999999999999991 4.0000000000000062 2.9999999999999991 5.0000000000000062 4.9999999999999991 3 3.9999999999999956 2.9999999999999991
leaf_count=3 4 3 4 4 3 5 5 3 4 3
internal_value=1.98758e-12 0.000294047 0.00192507 -0.000140893 0.000110132 -7.35596e-05 -0.000341348 -0.000144724 -0.000487867 0.000369991
internal_weight=41 38 8 30 27 24 20 15 9 6
internal_count=41 38 8 30 27 24 20 15 9 6
is_linear=0
shrinkage=0.05


Tree=80
num_leaves=11
num_cat=0
split_feature=76 21 84 85 29 72 53 18 18 65
split_gain=0.0162102 0.00973153 0.0106348 0.00614192 0.0026948 0.00246013 0.00211616 0.000844128 0.000454067 0.000284206
threshold=-1.569839071320869 -0.74372871717008715 -0.20089177668343225 -0.616399718691653 0.12787406548596109 -0.17098881024477611 1.0000000180025095e-35 -0.30518667047070008 1.0000000180025095e-35 0.13520694392371821
decision_type=2 2 2 2 2 2 2 2 2 2
left_child=-1 2 -2 -3 5 8 -7 -6 -5 -9
right_child=1 3 -4 4 7 6 -8 9 -10 -11
leaf_value=-0.0035383687044183414 5.8094039559364295e-06 -0.002280110415692128 0.0036518286447972063 -0.00054182858051111276 0.00019060834310948851 0.00024493745683381939 0.0020016576629132031 -0.00043104209937155257 0.00027191644403501408 -0.00099649019539356227
leaf_weight=2.9999999999999991 4.0000000000000009 3.0000000000000027 3.9999999999999991 3.0000000000000009 3.9999999999999991 3.0000000000000009 4 4.9999999999999982 4 4
leaf_count=3 4 3 4 3 4 3 4 5 4 4
internal_value=-3.54925e-13 0.000279345 0.00182882 -0.000133848 0.000104625 0.000585973 0.00124878 -0.000413749 -7.68314e-05 -0.000682352
internal_weight=41 38 8 30 27 14 7 13 7 9
internal_count=41 38 8 30 27 14 7 13 7 9
is_linear=0
shrinkage=0.05


Tree=81
num_leaves=13
num_cat=0
split_feature=35 48 74 74 55 19 16 9 84 68 32 32
split_gain=0.0157398 0.00655849 0.00634273 0.0103223 0.00348539 0.00212705 0.0016298 0.00149491 0.000646098 0.00028723 8.37337e-05 5.2416e-05
threshold=-0.85884591277627387 -0.61382592734994035 -0.14562624662257653 -0.36848277815320701 0.56217704107498567 1.3772997481321865 1.0000000180025095e-35 -0.45418738966214112 0.32552184825918146 -1.0000000180025095e-35 1.0000000180025095e-35 -1.0000000180025095e-35
decision_type=2 2 2 2 2 2 2 2 2 2 2 2
left_child=-1 4 3 6 7 8 -3 -2 9 -4 -9 -11
right_child=1 2 5 -5 -6 -7 -8 10 -10 11 -12 -13
leaf_value=-0.0034866484813392165 0.00071167247369885445 0.0010593246668577192 -0.00085623351236184552 0.0033113157376647006 -0.002167555767421921 0.0012435658194590361 -0.00058880591726240999 -0.0008420963150759539 0.00039051360605905455 -0.00040481955123444448 -0.00046852422722925733 -0.00010925219394266564
leaf_weight=2.9999999999999991 2.9999999999999991 3 2.9999999999999956 4.9999999999999982 2.9999999999999991 2.9999999999999991 3 2.9999999999999991 2.9999999999999991 2.9999999999999956 3 3.0000000000000107
leaf_count=3 3 3 3 5 3 3 3 3 3 3 3 3
internal_value=1.19255e-11 0.000275262 0.000721518 0.00163347 -0.000691626 5.27548e-05 0.000235259 -0.000199649 -0.000244948 -0.000456768 -0.00065531 -0.000257036
internal_weight=41 38 26 11 12 15 6 9 12 9 6 6
internal_count=41 38 26 11 12 15 6 9 12 9 6 6
is_linear=0
shrinkage=0.05


Tree=82
num_leaves=12
num_cat=0
split_feature=75 89 12 79 76 11 89 42 18 38 58
split_gain=0.0150958 0.00602805 0.00926199 0.00511944 0.00404466 0.00282556 0.00190414 0.00153662 0.000762106 0.000150673 3.54461e-05
threshold=-0.57000428327576291 1.0000000180025095e-35 0.62129018877903841 -0.67220296031655657 0.62475254766422983 0.88926641763010217 0.83570399232664472 1.0000000180025095e-35 -0.30518667047070008 0.13828780416414868 -0.24664370354557513
decision_type=2 2 2 2 2 2 2 2 2 2 2
left_child=-1 2 4 -3 5 8 9 -8 -2 -5 -11
right_child=1 3 -4 6 -6 -7 7 -9 -10 10 -12
leaf_value=-0.003414577307800452 3.3768446883186678e-05 -0.0022555877299358421 0.0034487594539920488 -0.00072376184786359494 0.0017982293386012316 0.0012912241936040422 0.0014995558808247249 -0.00010076583518336214 -0.00089217386208474561 -0.00017031784712647394 -0.00039767721900716416
leaf_weight=2.9999999999999991 4.0000000000000018 3.0000000000000027 2.9999999999999991 2.9999999999999982 3.9999999999999991 2.9999999999999991 2.9999999999999991 3 5.0000000000000036 3 4
leaf_count=3 4 3 3 3 4 3 3 3 5 3 4
internal_value=-3.97516e-12 0.000269572 0.00089932 -0.000360176 0.0004213 -3.76769e-05 -4.78611e-06 0.000699395 -0.000480644 -0.000427295 -0.000300237
internal_weight=41 38 19 19 16 12 16 6 9 10 7
internal_count=41 38 19 19 16 12 16 6 9 10 7
is_linear=0
shrinkage=0.05


Tree=83
num_leaves=12
num_cat=0
split_feature=10 26 36 21 45 36 14 12 27 0 12
split_gain=0.0147042 0.00624892 0.00469383 0.00521863 0.00262423 0.00130184 0.000536668 0.000593902 0.000227232 0.000129581 4.3276e-05
threshold=-1.3189379337224574 1.2720585270194256 -0.52845248860071514 -1.1613846848418459 0.55096213077797918 1.1352898281787425 -0.1471010844542322 -0.23056763232619609 -0.16916832142131538 0.4704289632436664 -0.63272149801129818
decision_type=2 2 2 2 2 2 2 2 2 2 2
left_child=-1 2 4 -4 -2 6 9 8 -8 -5 -10
right_child=1 -3 3 5 -6 -7 7 -9 10 -11 -12
leaf_value=-0.003370001601676146 0.0022189722955226893 -0.0019239979776709032 0.0021047144507368404 -0.00035541771988694781 0.00034841821373750759 0.00086712051803867021 9.0479594655334846e-05 0.00044727969798259438 -0.00032196557731367621 -0.00079012791393324718 -0.00057318426358203155
leaf_weight=2.9999999999999991 5 2.9999999999999991 2.9999999999999991 3.0000000000000062 3 2.9999999999999991 3.0000000000000027 3.9999999999999991 4.0000000000000027 4 2.9999999999999964
leaf_count=3 5 3 3 3 3 3 3 4 4 4 3
internal_value=-1.27773e-12 0.000266053 0.000453771 0.000138588 0.00151751 -0.000107178 -0.000246363 -6.76327e-05 -0.000273598 -0.000603824 -0.000429631
internal_weight=41 38 35 27 8 24 21 14 10 7 7
internal_count=41 38 35 27 8 24 21 14 10 7 7
is_linear=0
shrinkage=0.05


Tree=84
num_leaves=11
num_cat=0
split_feature=76 21 55 85 29 72 53 18 1 65
split_gain=0.0143364 0.00681896 0.00770684 0.00483021 0.00193363 0.00190522 0.00138542 0.00064011 0.000379081 0.000182135
threshold=-1.569839071320869 -0.74372871717008715 0.56217704107498567 -0.616399718691653 0.12787406548596109 -0.17098881024477611 1.0000000180025095e-35 -0.30518667047070008 -0.18364188332673287 0.13520694392371821
decision_type=2 2 2 2 2 2 2 2 2 2
left_child=-1 2 -2 -3 5 8 -7 -6 -5 -9
right_child=1 3 -4 4 7 6 -8 9 -10 -11
leaf_value=-0.0033275860051314035 0.00035764759406447405 -0.0019865004345774625 0.0035632348308960587 -0.00036588822258636338 0.00021548424556385728 0.00030709586765927555 0.0017285058740526436 -0.00034351568203419455 0.00037763526973625013 -0.00079617648152634484
leaf_weight=2.9999999999999991 5 3.0000000000000027 3 4.0000000000000009 3.9999999999999991 3.0000000000000009 4 4.9999999999999982 3 4
leaf_count=3 5 3 3 4 4 3 4 5 3 4
internal_value=-4.68501e-12 0.000262704 0.00155974 -8.31728e-05 0.000128308 0.000536047 0.00111933 -0.000310796 -4.72353e-05 -0.000544698
internal_weight=41 38 8 30 27 14 7 13 7 9
internal_count=41 38 8 30 27 14 7 13 7 9
is_linear=0
shrinkage=0.05


Tree=85
num_leaves=12
num_cat=0
split_feature=86 48 34 5 79 9 3 24 9 84 0
split_gain=0.0132247 0.00544181 0.0057705 0.00352404 0.00300783 0.00235049 0.00202424 0.00201909 0.00110062 0.00040263 0.000141027
threshold=1.3796545336182986 -0.61382592734994035 -1.088150633350633 -0.48654131161114339 1.0000000180025095e-35 -0.33009340362160799 0.73564041780086586 0.47336613780877262 -0.45418738966214112 1.0000000180025095e-35 -0.84445629768350627
decision_type=2 2 2 2 2 2 2 2 2 2 2
left_child=1 4 -3 7 -1 9 10 -4 -6 -5 -7
right_child=-2 2 3 5 8 6 -8 -9 -10 -11 -12
leaf_value=-0.0019422503809134167 -0.002409553247271106 0.0027995413169264794 0.00057808590742448906 -0.00028436855354811957 0.00067134213944276138 -0.00016377896536141611 0.0016693204020460442 0.0024125223668913041 -0.00054005982819944627 -0.0010506381901601949 0.00032103541695202424
leaf_weight=2.9999999999999991 4.9999999999999991 2.9999999999999991 3.0000000000000027 4.0000000000000044 3.0000000000000009 3.0000000000000036 3 3 4.9999999999999991 3 2.9999999999999964
leaf_count=3 5 3 3 4 3 3 3 3 5 3 3
internal_value=1.09317e-11 0.00033466 0.000742432 0.000461917 -0.000592093 7.43964e-05 0.000608859 0.0014953 -8.57841e-05 -0.00061277 7.86282e-05
internal_weight=41 36 25 22 11 16 9 6 8 7 6
internal_count=41 36 25 22 11 16 9 6 8 7 6
is_linear=0
shrinkage=0.05


Tree=86
num_leaves=12
num_cat=0
split_feature=35 48 74 74 75 11 16 9 71 9 36
split_gain=0.0130298 0.00448694 0.00392731 0.00666055 0.00271181 0.00129562 0.00113709 0.00102092 0.000351059 7.95294e-05 5.41468e-05
threshold=-0.85884591277627387 -0.61382592734994035 -0.14562624662257653 -0.36848277815320701 -0.055963473854951686 0.88926641763010217 1.0000000180025095e-35 -0.45418738966214112 0.18714818706415995 -0.36454500721419214 -0.4884421823307819
decision_type=2 2 2 2 2 2 2 2 2 2 2
left_child=-1 4 3 6 -2 8 -3 -6 10 -9 -4
right_child=1 2 5 -5 7 -7 -8 9 -10 -11 -12
leaf_value=-0.0031723226420581341 -0.0018511705410977205 0.0009023265602687993 -0.00059495544216285211 0.0026849348470568664 0.00063777503479893016 0.00086392007360700527 -0.00047431893181055769 -0.00067392682346204924 0.00012252598302438854 -0.00030985408617804439 -0.00029454793936262467
leaf_weight=2.9999999999999991 2.9999999999999991 3 2.9999999999999964 4.9999999999999982 2.9999999999999991 3.9999999999999991 3 2.9999999999999991 5 3 3.0000000000000053
leaf_count=3 3 3 3 5 3 4 3 3 5 3 3
internal_value=2.8394e-13 0.000250447 0.000619558 0.00133715 -0.000549294 9.332e-05 0.000214004 -0.000115335 -0.000186898 -0.00049189 -0.000444752
internal_weight=41 38 26 11 12 15 6 9 11 6 6
internal_count=41 38 26 11 12 15 6 9 11 6 6
is_linear=0
shrinkage=0.05


Tree=87
num_leaves=11
num_cat=0
split_feature=76 21 55 85 29 72 53 18 18 65
split_gain=0.0127182 0.00530999 0.00571518 0.00396555 0.0014307 0.00136717 0.0011124 0.000447469 0.000250341 9.19818e-05
threshold=-1.569839071320869 -0.74372871717008715 0.56217704107498567 -0.616399718691653 0.12787406548596109 -0.17098881024477611 1.0000000180025095e-35 -0.30518667047070008 1.0000000180025095e-35 0.13520694392371821
decision_type=2 2 2 2 2 2 2 2 2 2
left_child=-1 2 -2 -3 5 8 -7 -6 -5 -9
right_child=1 3 -4 4 7 6 -8 9 -10 -11
leaf_value=-0.0031341674116750562 0.00035682082641869779 -0.0017823599472952365 0.003117299576600392 -0.00035480705555528385 0.00019614778575487436 0.00025085291514794021 0.0015245288843289016 -0.00029646485112607486 0.00024941199408203826 -0.00061814723303541528
leaf_weight=2.9999999999999991 5 3.0000000000000027 3 3.0000000000000009 3.9999999999999991 3.0000000000000009 4 4.9999999999999982 4 4
leaf_count=3 5 3 3 3 4 3 4 5 4 4
internal_value=-4.08163e-12 0.000247434 0.001392 -5.77834e-05 0.000133836 0.000484564 0.000978668 -0.000243871 -9.53903e-06 -0.000439435
internal_weight=41 38 8 30 27 14 7 13 7 9
internal_count=41 38 8 30 27 14 7 13 7 9
is_linear=0
shrinkage=0.05


Tree=88
num_leaves=12
num_cat=0
split_feature=16 26 36 21 17 36 29 55 81 73 60
split_gain=0.0121654 0.0045451 0.00393035 0.00342506 0.00105135 0.000906144 0.000362832 0.000264792 0.00014892 0.00010266 3.63622e-05
threshold=-1.7284541983928929 1.2720585270194256 -0.52845248860071514 -1.1613846848418459 0.33578982455603085 1.1352898281787425 0.10420437847348581 0.42551177277413149 0.2654013701299951 -0.02756935224371887 0.20061677607460518
decision_type=2 2 2 2 2 2 2 2 2 2 2
left_child=-1 2 4 -4 -2 6 7 8 -5 10 -8
right_child=1 -3 3 5 -6 -7 9 -9 -10 -11 -12
leaf_value=-0.0030653020832687619 0.001992460177280009 -0.0016257723754582306 0.001733540588368972 5.4372464765037769e-05 0.00075422727192441604 0.00076077512154976536 -0.00035764296539127823 0.00043809672351926567 -0.00039122782181948417 -0.00061804574603835751 -0.00013745446340180929
leaf_weight=2.9999999999999991 3.9999999999999991 2.9999999999999991 2.9999999999999991 5.0000000000000089 3 2.9999999999999991 5 2.9999999999999991 3 2.9999999999999991 3
leaf_count=3 4 3 3 5 3 3 5 3 3 3 3
internal_value=-3.60692e-12 0.000241998 0.000402092 0.000137168 0.00146179 -5.43968e-05 -0.000165557 3.74972e-05 -0.000112728 -0.00036861 -0.000275072
internal_weight=41 38 35 28 7 25 22 11 8 11 8
internal_count=41 38 35 28 7 25 22 11 8 11 8
is_linear=0
shrinkage=0.05


Tree=89
num_leaves=13
num_cat=0
split_feature=75 48 89 11 24 61 82 18 62 22 79 32
split_gain=0.0116854 0.00378207 0.00310519 0.00500393 0.00244872 0.00169317 0.00122309 0.00101532 0.000814925 0.000177913 0.000164205 6.78407e-05
threshold=-0.57000428327576291 -0.61382592734994035 -1.0000000180025095e-35 -0.69459330800101793 0.64286568603343619 -0.47473347906564595 1.0000000180025095e-35 -0.60723931528260888 1.1407379490150575 -1.0000000180025095e-35 -1.0000000180025095e-35 1.0000000180025095e-35
decision_type=2 2 2 2 2 2 2 2 2 2 2 2
left_child=-1 4 3 -3 8 -5 9 -4 11 -7 -9 -2
right_child=1 2 7 5 -6 6 -8 10 -10 -11 -12 -13
leaf_value=-0.0030042129180704556 -0.00058925148720542612 0.0028704423457384109 0.00072241080148766448 0.0016160712266961752 -0.0017341807174185914 -0.00043995942166172178 0.0010687798882524171 -0.00064863563360025489 0.00058816118980757875 0.00010457918736695598 -0.00018072513397783031 -0.00025299591555570558
leaf_weight=2.9999999999999991 2.9999999999999982 2.9999999999999991 2.9999999999999991 2.9999999999999956 2.9999999999999991 2.9999999999999956 3 2.9999999999999991 3 3.0000000000000062 5.0000000000000027 3
leaf_count=3 3 3 3 3 3 3 3 3 3 3 5 3
internal_value=-7.89708e-13 0.000237175 0.000576055 0.00104398 -0.000497067 0.000587368 0.000244467 -6.20273e-05 -8.46954e-05 -0.00016769 -0.000356192 -0.000421124
internal_weight=41 38 26 15 12 12 9 11 9 6 8 6
internal_count=41 38 26 15 12 12 9 11 9 6 8 6
is_linear=0
shrinkage=0.05


Tree=90
num_leaves=11
num_cat=0
split_feature=76 21 55 10 58 89 25 3 84 69
split_gain=0.011302 0.00396127 0.00434937 0.00340909 0.00131985 0.000943399 0.0003201 0.000131892 0.000127777 5.91833e-05
threshold=-1.569839071320869 -0.74372871717008715 0.56217704107498567 0.92829222330411121 -1.1575627588910657 0.83570399232664472 -0.15535039290242117 1.096595098556006 -0.33551213398685481 -0.093119327408639707
decision_type=2 2 2 2 2 2 2 2 2 2
left_child=-1 2 -2 4 -3 6 7 -6 -8 -10
right_child=1 3 -4 -5 5 -7 8 -9 9 -11
leaf_value=-0.0029545242898166182 0.00031877691391855477 0.00098556933226063756 0.0027269201353192322 -0.0016293751463914913 -0.00056025706231593994 0.00060909416992217303 -0.0001975672155822391 -0.00014090499607846138 1.0228274428906517e-05 0.00032429651667674508
leaf_weight=2.9999999999999991 5 4.0000000000000027 3 2.9999999999999991 5.0000000000000071 4.9999999999999991 4.0000000000000062 3 3.0000000000000062 2.9999999999999876
leaf_count=3 5 4 3 3 5 5 4 3 3 3
internal_value=1.38421e-12 0.000233252 0.00122183 -3.03691e-05 0.000147298 1.512e-06 -0.000167261 -0.000403 2.13306e-05 0.000167262
internal_weight=41 38 8 30 27 23 18 8 10 6
internal_count=41 38 8 30 27 23 18 8 10 6
is_linear=0
shrinkage=0.05


Tree=91
num_leaves=11
num_cat=0
split_feature=10 26 36 36 45 29 11 59 65 58
split_gain=0.0108681 0.00379914 0.00243239 0.00274177 0.00154594 0.0014928 0.000282495 0.000328627 7.29261e-05 2.26987e-05
threshold=-1.3189379337224574 1.2720585270194256 -0.52845248860071514 1.1352898281787425 0.55096213077797918 -0.26710668409055216 -0.50076965058740375 0.038204674801895842 0.13520694392371821 -0.24664370354557513
decision_type=2 2 2 2 2 2 2 2 2 2
left_child=-1 2 4 5 -2 -4 -7 -8 9 -9
right_child=1 -3 3 -5 -6 6 7 8 -10 -11
leaf_value=-0.0028972447849810127 0.0016792431473731991 -0.0014789021690376103 0.0009781544271390873 0.0013564036809839309 0.00024353570818978667 -0.00054340073373168628 0.00022154152509756389 -8.2556581279883684e-05 -0.00048116932157427056 -0.00026449672877788566
leaf_weight=2.9999999999999991 5 2.9999999999999991 3.0000000000000027 3.9999999999999991 3 5.0000000000000062 4.9999999999999991 3.0000000000000027 3 3.9999999999999956
leaf_count=3 5 3 3 4 3 5 5 3 3 4
internal_value=-1.61491e-11 0.00022873 0.000375098 0.000148208 0.00114085 -6.19129e-05 -0.000217923 -0.00010943 -0.000274916 -0.000186522
internal_weight=41 38 35 27 8 23 20 15 10 7
internal_count=41 38 35 27 8 23 20 15 10 7
is_linear=0
shrinkage=0.05


Tree=92
num_leaves=12
num_cat=0
split_feature=35 48 74 27 10 11 10 9 71 16 36
split_gain=0.0104977 0.00316748 0.00253295 0.00404154 0.00211048 0.00076476 0.000693529 0.000669192 0.000292217 5.48085e-05 2.18665e-05
threshold=-0.85884591277627387 -0.61382592734994035 -0.14562624662257653 -0.16916832142131538 0.92829222330411121 0.88926641763010217 -0.18650719772965199 -0.45418738966214112 0.18714818706415995 1.0000000180025095e-35 -0.4884421823307819
decision_type=2 2 2 2 2 2 2 2 2 2 2
left_child=-1 4 3 -3 7 8 -5 -2 10 -9 -4
right_child=1 2 5 6 -6 -7 -8 9 -10 -11 -12
leaf_value=-0.0028474539518356327 0.0005454229889437556 6.1346794245764608e-05 -0.00043368521922578456 0.0014485578363140419 -0.0015956408965090913 0.0007043514142424101 0.0025236775477727263 -0.00052029378712177283 0.00017932408311025936 -0.00021805635963877037 -0.00024278153044482022
leaf_weight=2.9999999999999991 2.9999999999999991 5 2.9999999999999964 3 2.9999999999999991 3.9999999999999991 2.9999999999999982 2.9999999999999991 5 3 3.0000000000000053
leaf_count=3 3 5 3 3 3 4 3 3 5 3 3
internal_value=-1.74357e-12 0.000224799 0.000534926 0.00111122 -0.000447142 0.000112308 0.00198612 -6.43091e-05 -0.00010298 -0.000369175 -0.000338233
internal_weight=41 38 26 11 12 15 6 9 11 6 6
internal_count=41 38 26 11 12 15 6 9 11 6 6
is_linear=0
shrinkage=0.05


Tree=93
num_leaves=12
num_cat=0
split_feature=75 89 12 79 76 11 89 42 18 58 38
split_gain=0.00985774 0.00290116 0.00403806 0.0031351 0.00146054 0.00115843 0.000876372 0.000884638 0.0002063 3.5599e-05 1.06005e-05
threshold=-0.57000428327576291 1.0000000180025095e-35 0.62129018877903841 -0.67220296031655657 0.62475254766422983 0.88926641763010217 0.83570399232664472 1.0000000180025095e-35 -0.30518667047070008 -0.24664370354557513 0.13828780416414868
decision_type=2 2 2 2 2 2 2 2 2 2 2
left_child=-1 2 4 -3 5 8 9 -8 -2 -5 -11
right_child=1 3 -4 6 -6 -7 7 -9 -10 10 -12
leaf_value=-0.0027592943981289866 4.7292360068240639e-05 -0.0017023053796341005 0.0023380894834796589 -8.3462377854933318e-05 0.0011665113212075086 0.00091417635558173067 0.0011439180312057338 -7.032901824762422e-05 -0.00043446239549666606 -0.00036037421474854165 -0.00023603946319781242
leaf_weight=2.9999999999999991 4.0000000000000018 3.0000000000000027 2.9999999999999991 3 3.9999999999999991 2.9999999999999991 2.9999999999999991 3 5.0000000000000036 2.9999999999999982 4
leaf_count=3 4 3 3 3 4 3 3 3 5 3 4
internal_value=8.28749e-12 0.000217839 0.000654721 -0.000219043 0.000339089 6.32822e-05 5.90687e-05 0.000536795 -0.000220349 -0.000227567 -0.000289326
internal_weight=41 38 19 19 16 12 16 6 9 10 7
internal_count=41 38 19 19 16 12 16 6 9 10 7
is_linear=0
shrinkage=0.05


Tree=94
num_leaves=12
num_cat=0
split_feature=76 21 84 85 29 87 72 26 46 64 68
split_gain=0.00957727 0.00278868 0.00308192 0.00281434 0.000787368 0.000827833 0.000569412 0.000363552 0.000115677 4.76925e-05 1.48092e-05
threshold=-1.569839071320869 -0.74372871717008715 -0.20089177668343225 -0.616399718691653 0.12787406548596109 0.064319306629817233 -0.17098881024477611 1.0514201785695529 0.28861566823279222 -1.0147248457491875 -0.069629819588492584
decision_type=2 2 2 2 2 2 2 2 2 2 2
left_child=-1 2 -2 -3 5 8 -7 9 -5 -6 -11
right_child=1 3 -4 4 7 6 -8 -9 -10 10 -12
leaf_value=-0.002719757085045179 6.2796054407954189e-05 -0.0014593140454962834 0.0020255493931472302 0.0001907226862385867 -0.00043686364466945335 0.00020353401002163671 0.001074864072725177 0.00035750465467572213 -0.00024836236843839282 -0.00026156717212870716 -0.00011460869573056695
leaf_weight=2.9999999999999991 4.0000000000000009 3.0000000000000027 3.9999999999999991 3.0000000000000027 2.9999999999999991 3.0000000000000018 4.9999999999999982 2.9999999999999991 3 3.9999999999999991 3
leaf_count=3 4 3 4 3 3 3 5 3 3 4 3
internal_value=0 0.000214718 0.00104417 -6.47035e-06 0.000154957 0.000415143 0.000748115 -0.000125244 -2.88198e-05 -0.000270069 -0.000198585
internal_weight=41 38 8 30 27 14 8 13 6 10 7
internal_count=41 38 8 30 27 14 8 13 6 10 7
is_linear=0
shrinkage=0.05


Tree=95
num_leaves=12
num_cat=0
split_feature=10 26 89 12 72 73 72 44 74 30 67
split_gain=0.00920623 0.00303308 0.00180406 0.0032783 0.00169443 0.000952164 0.000557241 0.000176367 8.42694e-05 7.05547e-05 1.67798e-06
threshold=-1.3189379337224574 1.2720585270194256 1.0000000180025095e-35 0.62129018877903841 0.62111881951717118 1.0000000180025095e-35 -0.81743865693212914 1.1423488227201781 -0.50070263402697335 -0.13894510335237895 -0.1751743822906188
decision_type=2 2 2 2 2 2 2 2 2 2 2
left_child=-1 2 3 4 6 7 -2 8 -4 -8 -10
right_child=1 -3 5 -5 -6 -7 9 -9 10 -11 -12
leaf_value=-0.0026665524298247574 0.00058275833143852675 -0.001315267306442062 8.6937091934184208e-05 0.0021989960223436356 0.0011399274738505484 0.00064651445136405534 -0.00041502045933157218 -0.00057188598439097407 -0.00020859698706772174 -9.4252146300277521e-05 -0.00025806468135366816
leaf_weight=2.9999999999999991 2.9999999999999982 2.9999999999999991 3 2.9999999999999991 4.9999999999999991 3.9999999999999991 2.9999999999999982 2.9999999999999991 4 4.0000000000000053 3.0000000000000018
leaf_count=3 3 3 3 3 5 4 3 3 4 4 3
internal_value=9.61846e-12 0.000210517 0.000341299 0.000690157 0.000388389 -2.80806e-05 1.26205e-05 -0.000235648 -0.000134777 -0.000231724 -0.000229797
internal_weight=41 38 35 18 15 17 10 13 10 7 7
internal_count=41 38 35 18 15 17 10 13 10 7 7
is_linear=0
shrinkage=0.05


Tree=96
num_leaves=12
num_cat=0
split_feature=82 31 5 16 2 36 5 2 49 54 38
split_gain=0.00908412 0.00286662 0.00152492 0.00203319 0.00142912 0.000848556 0.000484563 0.000196857 0.000123469 3.52531e-05 1.46169e-06
threshold=-1.4043624712033482 1.844318609866801 -0.48654131161114339 0.55664355447904434 -1.3502612175000392 1.1352898281787425 0.073221033026868512 0.83005469575250879 0.54686124812298742 -0.27836574625832622 1.1207148845895618
decision_type=2 2 2 2 2 2 2 2 2 2 2
left_child=-1 2 3 -2 -4 6 7 8 9 -6 -11
right_child=1 -3 4 -5 5 -7 -8 -9 -10 10 -12
leaf_value=-0.0026488086422129225 0.001734300795942545 -0.0012742085159212972 0.0012024208903312684 1.236439760153492e-05 -3.015260735992336e-05 0.00083634327941884605 0.00037261651828885079 -0.00045091923791915181 0.00020028961201508844 -0.00021539380153020164 -0.0002647512204324205
leaf_weight=2.9999999999999991 3.9999999999999991 2.9999999999999991 2.9999999999999991 3 3.0000000000000053 2.9999999999999991 4.9999999999999991 4.9999999999999991 2.9999999999999991 3.0000000000000071 3
leaf_count=3 4 3 3 3 3 3 5 5 3 3 3
internal_value=-5.82077e-12 0.000209116 0.000336259 0.000996328 0.000171241 4.74997e-05 -6.00699e-05 -0.000187331 -7.7502e-05 -0.000170099 -0.000240073
internal_weight=41 38 35 7 28 25 22 17 12 9 6
internal_count=41 38 35 7 28 25 22 17 12 9 6
is_linear=0
shrinkage=0.05


Tree=97
num_leaves=12
num_cat=0
split_feature=35 48 36 35 73 53 59 41 5 24 2
split_gain=0.00862081 0.00226763 0.00169241 0.00156807 0.00139728 0.00131596 0.000824348 0.000359863 0.000129379 0.000125893 3.97188e-05
threshold=-0.85884591277627387 -0.83996347153299367 1.1352898281787425 -0.013563473985330234 -0.082908108965505239 0.26087094406271599 -1.0000000180025095e-35 -0.85289465923710661 -0.12804498390988617 -1.0000000180025095e-35 -0.74174001747287732
decision_type=2 2 2 2 2 2 2 2 2 2 2
left_child=-1 4 3 7 -2 6 -5 -3 -8 -9 -11
right_child=1 2 -4 5 -6 -7 8 9 -10 10 -12
leaf_value=-0.0025803772577395042 7.4736477108672242e-05 0.00036347851855680349 0.0012159389117732645 0.0010149365756660701 -0.0014513031579554082 0.0015474070173998676 0.00023201407796780892 -0.00044039852917194394 -0.00023234788871680665 -0.00021505033655557794 2.5622141159449967e-05
leaf_weight=2.9999999999999991 3 2.9999999999999991 4.9999999999999991 2.9999999999999991 2.9999999999999991 2.9999999999999991 2.9999999999999991 4.9999999999999964 3.0000000000000036 3.9999999999999964 3.0000000000000053
leaf_count=3 3 3 5 3 3 3 3 5 3 4 3
internal_value=1.8811e-12 0.000203714 0.000370963 0.000214487 -0.000688283 0.000640502 0.000338201 -0.000126326 -1.66905e-07 -0.000248777 -0.000111905
internal_weight=41 38 32 27 6 12 9 15 6 12 7
internal_count=41 38 32 27 6 12 9 15 6 12 7
is_linear=0
shrinkage=0.05


Tree=98
num_leaves=11
num_cat=0
split_feature=16 26 36 36 29 6 11 59 11 16
split_gain=0.00833069 0.0026919 0.00181076 0.0015775 0.000791163 0.000573161 0.000171618 0.000206071 4.34667e-05 4.72202e-06
threshold=-1.7284541983928929 1.2720585270194256 -0.52845248860071514 1.1352898281787425 -0.26710668409055216 -0.34375851814141162 -0.50076965058740375 0.038204674801895842 0.47162126146546213 1.0000000180025095e-35
decision_type=2 2 2 2 2 2 2 2 2 2
left_child=-1 2 5 4 -4 -2 -6 -8 9 -9
right_child=1 -3 3 -5 6 -7 7 8 -10 -11
leaf_value=-0.0025365866575157272 0.0015651717782020566 -0.0012371537702468537 0.00074996205512434157 0.0010629315278492869 -0.00037376702530309507 0.00065091777360066778 0.0002279804210411385 -0.00026960662410904974 3.1571583046267421e-06 -0.00019025915535166856
leaf_weight=2.9999999999999991 3 2.9999999999999991 3.0000000000000027 3.9999999999999991 5.0000000000000062 3.9999999999999991 4.9999999999999991 2.9999999999999982 3 5
leaf_count=3 3 3 3 4 5 4 5 3 3 5
internal_value=5.53683e-12 0.000200257 0.000323463 0.000143644 -9.57046e-06 0.00104274 -0.000118075 -3.81714e-05 -0.000159149 -0.000220014
internal_weight=41 38 35 28 24 7 21 16 11 8
internal_count=41 38 35 28 24 7 21 16 11 8
is_linear=0
shrinkage=0.05


Tree=99
num_leaves=12
num_cat=0
split_feature=76 48 5 17 73 71 23 30 10 24 10
split_gain=0.00801363 0.00204423 0.00170258 0.00126663 0.00124703 0.000834279 0.0011536 0.00025087 0.000103516 1.64579e-05 1.19013e-06
threshold=-1.569839071320869 -0.83996347153299367 -0.48654131161114339 1.0000000180025095e-35 -0.082908108965505239 0.17684759319999463 -1.0000000180025095e-35 -0.50457643785524731 0.088216746022511006 -0.71925580967126623 -0.14461635678850343
decision_type=2 2 2 2 2 2 2 2 2 2 2
left_child=-1 4 3 -3 -2 8 7 -7 9 -4 -11
right_child=1 2 5 -5 -6 6 -8 -9 -10 10 -12
leaf_value=-0.0024878476280719044 7.0318342962612696e-05 0.0016160467406734838 -0.00033056038276602854 0.00035776136210188261 -0.0013713409270470342 -0.00026868657829860835 0.0011327371699735524 0.00030966768739745023 0.00010420296991166349 -0.0002093980632101498 -0.00016486097204809316
leaf_weight=2.9999999999999991 3 3.9999999999999956 2.9999999999999964 4 2.9999999999999991 3.0000000000000009 3.9999999999999991 4.9999999999999991 2.9999999999999991 2.9999999999999964 3.0000000000000124
leaf_count=3 3 4 3 4 3 3 4 5 3 3 3
internal_value=-4.57853e-12 0.000196409 0.000355207 0.000986904 -0.000650511 0.000144641 0.000439436 9.27848e-05 -0.000150154 -0.00023494 -0.00018713
internal_weight=41 38 32 8 6 24 12 8 12 9 6
internal_count=41 38 32 8 6 24 12 8 12 9 6
is_linear=0
shrinkage=0.05


Tree=100
num_leaves=12
num_cat=0
split_feature=75 89 12 79 76 89 11 42 18 17 22
split_gain=0.00779487 0.00190201 0.00247722 0.00203599 0.000841488 0.000606529 0.000525551 0.00052049 0.000103184 1.58542e-05 6.07427e-06
threshold=-0.57000428327576291 1.0000000180025095e-35 0.62129018877903841 -0.67220296031655657 0.62475254766422983 0.83570399232664472 0.88926641763010217 1.0000000180025095e-35 -0.30518667047070008 -0.29511975248625238 0.41667746019635316
decision_type=2 2 2 2 2 2 2 2 2 2 2
left_child=-1 2 4 -3 6 9 8 -7 -2 -5 -11
right_child=1 3 -4 5 -6 7 -8 -9 -10 10 -12
leaf_value=-0.0024536560134341321 8.9125054364558263e-05 -0.0013553389348089681 0.0018659324385225775 -7.8199536073952902e-05 0.00092828456254210332 0.00092721381224691868 0.00066400642972439536 -4.1743973270058618e-06 -0.00025158260017633417 -0.00017524586000945426 -0.00026936443755403155
leaf_weight=2.9999999999999991 4.0000000000000018 3.0000000000000027 2.9999999999999991 3 3.9999999999999991 2.9999999999999991 2.9999999999999991 3 5.0000000000000036 3.9999999999999982 3
leaf_count=3 4 3 3 3 4 3 3 3 5 4 3
internal_value=2.69743e-12 0.00019371 0.00054745 -0.00016003 0.000300234 6.40902e-05 9.08839e-05 0.00046152 -0.000100157 -0.000174368 -0.000215582
internal_weight=41 38 19 19 16 16 12 6 9 10 7
internal_count=41 38 19 19 16 16 12 6 9 10 7
is_linear=0
shrinkage=0.05


Tree=101
num_leaves=12
num_cat=0
split_feature=82 31 12 12 78 16 31 48 16 46 16
split_gain=0.00760825 0.00225736 0.00107348 0.00175672 0.00077755 0.000598567 0.000375035 0.000550243 5.34683e-05 2.95568e-05 3.27079e-07
threshold=-1.4043624712033482 1.844318609866801 0.62129018877903841 1.2930992170377198 -1.6093343878249822 -0.93433325239204235 1.0000000180025095e-35 -0.12057605698984035 -0.40769684561482883 0.37396898314581567 0.89767096144825886
decision_type=2 2 2 2 2 2 2 2 2 2 2
left_child=-1 2 4 -4 -2 -6 8 -8 -7 10 -10
right_child=1 -3 3 -5 5 6 7 -9 9 -11 -12
leaf_value=-0.0024241056526079774 0.00092636261057729523 -0.0011249131627361446 0.0017726357715825243 0.0001720483414828777 0.00073700723587535237 1.5182174198950303e-05 -6.3977547688409667e-05 0.0007925604935735465 -0.00016493270406499501 -0.00035679429614295544 -0.00018581583087022102
leaf_weight=2.9999999999999991 2.9999999999999991 2.9999999999999991 2.9999999999999991 4 3.0000000000000027 3.0000000000000044 5.0000000000000009 2.9999999999999991 5 3.0000000000000009 3
leaf_count=3 3 3 3 4 3 3 5 3 5 3 3
internal_value=3.35404e-12 0.000191377 0.000304202 0.000858014 0.000165748 7.44747e-05 -1.58706e-05 0.000257224 -0.000171925 -0.000222954 -0.000172764
internal_weight=41 38 35 7 28 25 22 8 14 11 8
internal_count=41 38 35 7 28 25 22 8 14 11 8
is_linear=0
shrinkage=0.05


Tree=102
num_leaves=12
num_cat=0
split_feature=16 26 36 21 29 36 79 39 27 0 27
split_gain=0.00723413 0.0022637 0.00133479 0.00116894 0.000456424 0.000452863 0.000303303 0.000299493 3.60055e-05 9.08151e-06 1.36025e-07
threshold=-1.7284541983928929 1.2720585270194256 -0.7003354554292166 -1.1613846848418459 0.12787406548596109 -0.4884421823307819 0.78318565206396695 0.14996436062271098 -0.16916832142131538 1.0849175656146997 0.16885892986144327
decision_type=2 2 2 2 2 2 2 2 2 2 2
left_child=-1 2 -2 -4 5 -5 7 -7 -6 10 -10
right_child=1 -3 3 4 8 6 -8 -9 9 -11 -12
leaf_value=-0.0023637542782428984 0.0011591899441555143 -0.0011315258297448358 0.0011266828669855991 0.00081674374329546943 5.0898544335116947e-06 -6.1287789139896603e-06 -0.00030571687578534066 0.00054113066405989227 -0.0001669386440577607 -0.00026595545932650561 -0.00015188180453454451
leaf_weight=2.9999999999999991 3.9999999999999991 2.9999999999999991 2.9999999999999991 3.0000000000000044 2.9999999999999991 5.0000000000000018 3.0000000000000009 5 2.9999999999999982 3 3
leaf_count=3 4 3 3 3 3 5 3 5 3 3 3
internal_value=-1.91659e-12 0.000186612 0.000299595 0.00018868 8.81797e-05 0.000263006 0.00013522 0.000267501 -0.000144922 -0.000194925 -0.00015941
internal_weight=41 38 35 31 28 16 13 10 12 9 6
internal_count=41 38 35 31 28 16 13 10 12 9 6
is_linear=0
shrinkage=0.05


Tree=103
num_leaves=12
num_cat=0
split_feature=35 48 36 35 73 53 59 41 2 8 13
split_gain=0.00702072 0.0016426 0.00111198 0.00107204 0.000992203 0.000928028 0.000435608 0.000265 7.62825e-05 2.57071e-05 8.69844e-07
threshold=-0.85884591277627387 -0.83996347153299367 1.1352898281787425 -0.013563473985330234 -0.082908108965505239 0.26087094406271599 0.21697052283566562 -0.85289465923710661 0.83005469575250879 -0.18743545086472327 -0.45238055094380542
decision_type=2 2 2 2 2 2 2 2 2 2 2
left_child=-1 4 3 7 -2 6 -5 -3 9 10 -9
right_child=1 2 -4 5 -6 -7 -8 8 -10 -11 -12
leaf_value=-0.0023286279601355394 6.7638138231510892e-05 0.00033786654045494895 0.0010111065884120761 0.00060886193066835373 -0.0012183134366447728 0.0013131840464969478 -9.1180152958258965e-05 -0.00019353788423662408 -0.00040588000168402988 4.7590816393494552e-06 -0.00015546242939308281
leaf_weight=2.9999999999999991 3 2.9999999999999991 4.9999999999999991 5.0000000000000018 2.9999999999999991 2.9999999999999991 4 2.9999999999999956 2.9999999999999991 3.0000000000000027 3
leaf_count=3 3 3 5 5 3 3 4 3 3 3 3
internal_value=6.53062e-12 0.000183839 0.000326185 0.000199347 -0.000575338 0.000551595 0.000297732 -8.24509e-05 -0.00018753 -0.000114747 -0.0001745
internal_weight=41 38 32 27 6 12 9 15 12 9 6
internal_count=41 38 32 27 6 12 9 15 12 9 6
is_linear=0
shrinkage=0.05


Tree=104
num_leaves=13
num_cat=0
split_feature=76 5 26 88 59 1 0 89 39 13 61 22
split_gain=0.00683781 0.00153739 0.00153965 0.00119335 0.000484557 0.000495617 0.000297472 0.000220374 0.000270701 3.55101e-05 8.31211e-06 7.7394e-08
threshold=-1.569839071320869 -0.48654131161114339 1.2720585270194256 -1.1324177990850319 -1.0000000180025095e-35 0.24445565244095926 -0.84445629768350627 1.0000000180025095e-35 0.14367154181019873 -0.67240578534202644 -1.0000000180025095e-35 -0.30503181777029448
decision_type=2 2 2 2 2 2 2 2 2 2 2 2
left_child=-1 3 4 -2 5 -3 -5 8 -6 -9 11 -11
right_child=1 2 -4 6 7 -7 -8 9 -10 10 -12 -13
leaf_value=-0.0022980937889466686 -6.1920448206365092e-05 0.0001192736264783888 -0.0010682704043574632 0.00080736811893681671 -4.9327324086334474e-05 0.00096943510385851049 0.0015114891963700458 1.5913080036019267e-05 0.00057898151377836849 -0.00014306535013020022 -0.00025067608803510728 -0.0001544227280343572
leaf_weight=2.9999999999999991 3 4.0000000000000027 2.9999999999999991 3 4.0000000000000062 3 2.9999999999999982 3.0000000000000027 3 3.0000000000000027 2.999999999999992 3
leaf_count=3 3 4 3 3 4 3 3 3 3 3 3 3
internal_value=-4.2591e-12 0.000181428 4.25761e-06 0.000752312 0.000128011 0.000483629 0.00115943 -3.00621e-06 0.000219948 -0.000133063 -0.000182721 -0.000148744
internal_weight=41 38 29 9 26 7 6 19 7 12 9 6
internal_count=41 38 29 9 26 7 6 19 7 12 9 6
is_linear=0
shrinkage=0.05


Tree=105
num_leaves=13
num_cat=0
split_feature=75 89 12 10 68 72 16 47 5 13 4 53
split_gain=0.00654593 0.00151288 0.00163948 0.00155349 0.000566103 0.000670275 0.000436676 0.000107995 0.000125207 0.000102773 2.31847e-05 1.69431e-05
threshold=-0.57000428327576291 1.0000000180025095e-35 0.62129018877903841 0.92829222330411121 -0.34277703805301601 0.62111881951717118 -0.60718949840488246 1.0000000180025095e-35 -0.25728625045018755 -0.67240578534202644 0.75664558527532277 -0.14481749218138013
decision_type=2 2 2 2 2 2 2 2 2 2 2 2
left_child=-1 2 4 6 10 9 -3 11 -9 -6 -2 -8
right_child=1 3 -4 -5 5 -7 7 8 -10 -11 -12 -13
leaf_value=-0.0022485109977424147 6.2150395630548321e-06 0.00060154964448884028 0.0015656189993023873 -0.0011820827533180515 -1.8910598979952413e-05 0.0010236101923510432 -0.00013373765395954237 -0.00014043141466875867 0.00031638195699391263 0.00039495972062771517 -0.00019035861284161603 -0.00029092767120649448
leaf_weight=2.9999999999999991 3.0000000000000027 3.0000000000000044 2.9999999999999991 2.9999999999999991 3.0000000000000027 4 4.0000000000000036 3 3 2.9999999999999991 3 2.9999999999999964
leaf_count=3 3 3 3 3 3 4 4 3 3 3 3 3
internal_value=2.20053e-12 0.000177514 0.000493001 -0.000137973 0.000291885 0.000522259 5.77979e-05 -6.76832e-05 8.79753e-05 0.000188025 -9.20718e-05 -0.000201105
internal_weight=41 38 19 19 16 10 16 13 6 6 6 7
internal_count=41 38 19 19 16 10 16 13 6 6 6 7
is_linear=0
shrinkage=0.05


Tree=106
num_leaves=12
num_cat=0
split_feature=82 31 5 16 2 36 5 73 39 81 52
split_gain=0.00644961 0.00182377 0.000808636 0.000956144 0.000795419 0.00025986 0.000244881 8.09569e-05 4.96613e-05 1.84805e-05 8.59068e-08
threshold=-1.4043624712033482 1.844318609866801 -0.48654131161114339 0.55664355447904434 -1.3502612175000392 1.1352898281787425 0.073221033026868512 -0.28563955776291688 0.14367154181019873 -0.074997570509820213 -1.0000000180025095e-35
decision_type=2 2 2 2 2 2 2 2 2 2 2
left_child=-1 2 3 -2 -4 6 7 -6 9 -9 -11
right_child=1 -3 4 -5 5 -7 -8 8 -10 10 -12
leaf_value=-0.0022319063466663164 0.0012643535854294898 -0.001006939488191468 0.00092675350218390437 8.3516309193025016e-05 0.00015084535310355292 0.00050166903529316189 0.00031319746747612956 -4.6034401748329335e-07 -0.00031569542673726879 -0.00013038713659625483 -0.00014158002256105365
leaf_weight=2.9999999999999991 3.9999999999999991 2.9999999999999991 2.9999999999999991 3 3.0000000000000062 2.9999999999999991 4.9999999999999991 4.0000000000000053 2.9999999999999991 4.0000000000000053 2.9999999999999947
leaf_count=3 4 3 3 3 3 3 5 4 3 4 3
internal_value=1.22804e-11 0.000176203 0.000277615 0.00075828 0.000157449 6.51326e-05 5.60487e-06 -8.48635e-05 -0.000135373 -8.61936e-05 -0.000135184
internal_weight=41 38 35 7 28 25 22 17 14 11 7
internal_count=41 38 35 7 28 25 22 17 14 11 7
is_linear=0
shrinkage=0.05


Tree=107
num_leaves=12
num_cat=0
split_feature=10 26 89 12 72 73 72 44 74 20 65
split_gain=0.00623174 0.00177911 0.000934184 0.00118029 0.000618956 0.000395245 0.000321024 4.70878e-05 4.37722e-05 3.42738e-05 1.09716e-06
threshold=-1.3189379337224574 1.2720585270194256 1.0000000180025095e-35 0.62129018877903841 0.62111881951717118 1.0000000180025095e-35 -0.81743865693212914 1.1423488227201781 -0.50070263402697335 0.2081857937303567 1.0000000180025095e-35
decision_type=2 2 2 2 2 2 2 2 2 2 2
left_child=-1 2 3 4 6 7 -2 8 -4 -8 -10
right_child=1 -3 5 -5 -6 -7 9 -9 10 -11 -12
leaf_value=-0.0021938857622444629 0.00054896296157191222 -0.00099536436221872777 8.5740091162733723e-05 0.0014297470450401308 0.00079755702987313278 0.00044218963303137575 5.851540772709987e-05 -0.00029991066548973322 -0.00012539256713353089 -0.00016505237435922022 -0.00016539281156534945
leaf_weight=2.9999999999999991 2.9999999999999982 2.9999999999999991 3 2.9999999999999991 4.9999999999999991 3.9999999999999991 3.0000000000000036 2.9999999999999991 4.0000000000000018 4 3
leaf_count=3 3 3 3 3 5 4 3 3 4 4 3
internal_value=-9.08607e-12 0.000173201 0.000273364 0.000524403 0.000343334 7.55871e-06 0.000116223 -0.000126174 -7.40528e-05 -6.92376e-05 -0.000142536
internal_weight=41 38 35 18 15 17 10 13 10 7 7
internal_count=41 38 35 18 15 17 10 13 10 7 7
is_linear=0
shrinkage=0.05


Tree=108
num_leaves=11
num_cat=0
split_feature=86 48 60 5 35 64 41 32 9 85
split_gain=0.00592648 0.00149797 0.00114673 0.000910759 0.000706246 0.000297728 0.000217006 0.000231876 0.000180151 2.53969e-05
threshold=1.3796545336182986 -0.61382592734994035 -0.01138156236253105 -0.48654131161114339 0.53685622230218377 0.36525316567831384 -0.48282761155681625 1.0000000180025095e-35 -0.40915103860823521 -0.48131077215812995
decision_type=2 2 2 2 2 2 2 2 2 2
left_child=1 2 8 5 6 -3 7 -5 -1 -8
right_child=-2 3 -4 4 -6 -7 9 -9 -10 -11
leaf_value=0.00035673705860972383 -0.0016130305128172042 0.0012984416758020721 -0.0010958586897080143 -1.1562098128100232e-06 0.00083570622373372325 0.00063951341435313207 -0.0001571185071952641 0.00062050344422459592 -0.00013336652540601792 2.6899279328063095e-05
leaf_weight=3.0000000000000009 4.9999999999999991 2.9999999999999991 2.9999999999999991 3.0000000000000009 3.9999999999999991 4 5 3 4.9999999999999991 3.0000000000000036
leaf_count=3 5 3 3 3 4 4 5 3 5 3
internal_value=1.22094e-11 0.000224032 -0.0002622 0.000437974 0.000249776 0.000921911 8.23676e-05 0.000309674 5.04223e-05 -8.81118e-05
internal_weight=41 36 11 25 18 7 14 6 8 8
internal_count=41 36 11 25 18 7 14 6 8 8
is_linear=0
shrinkage=0.05


Tree=109
num_leaves=12
num_cat=0
split_feature=35 48 73 5 4 37 32 31 77 39 17
split_gain=0.0058953 0.00118353 0.0007885 0.000686493 0.000584582 0.000449002 0.000241885 0.000262078 0.000167472 3.52871e-05 5.64801e-06
threshold=-0.85884591277627387 -0.83996347153299367 -0.082908108965505239 -0.48654131161114339 -1.2486143012308473 -0.087852392459645171 -0.072479256268767736 -0.51953905238872966 -0.36126211249316142 0.14367154181019873 -0.18619640579903343
decision_type=2 2 2 2 2 2 2 2 2 2 2
left_child=-1 2 -2 5 -5 -3 9 -8 -9 10 -6
right_child=1 3 -4 4 6 -7 7 8 -10 -11 -12
leaf_value=-0.0021338414653049162 9.7229787691806733e-05 0.0010737440665252505 -0.001049141384040316 0.00082149211472521224 -0.00010029933182522653 0.0002645498801333212 -0.00012133908458054066 0.00060621752636507158 0.00017216001055203354 -0.00026180939748883238 -3.2769535512973834e-06
leaf_weight=2.9999999999999991 3 4 2.9999999999999991 2.9999999999999991 3 2.9999999999999956 3.9999999999999991 3.9999999999999991 5.0000000000000062 3 3.0000000000000018
leaf_count=3 3 4 3 3 3 3 4 4 5 3 3
internal_value=-3.97516e-12 0.000168461 -0.000475956 0.000289289 0.000166745 0.000726947 7.74617e-05 0.000215409 0.000365074 -0.000121795 -5.17881e-05
internal_weight=41 38 6 32 25 7 22 13 9 9 6
internal_count=41 38 6 32 25 7 22 13 9 9 6
is_linear=0
shrinkage=0.05


Tree=110
num_leaves=12
num_cat=0
split_feature=82 31 5 16 2 36 5 44 41 27 53
split_gain=0.00564127 0.00149728 0.000628911 0.000696703 0.000558698 0.000176104 0.000168205 5.71669e-05 3.57407e-05 9.73045e-06 5.52739e-06
threshold=-1.4043624712033482 1.844318609866801 -0.48654131161114339 0.55664355447904434 -1.3502612175000392 1.1352898281787425 0.073221033026868512 1.1423488227201781 1.0000000180025095e-35 0.11683106831262474 -0.28275665499661323
decision_type=2 2 2 2 2 2 2 2 2 2 2
left_child=-1 2 3 -2 -4 6 7 8 9 -6 -10
right_child=1 -3 4 -5 5 -7 -8 -9 10 -11 -12
leaf_value=-0.0020873624753827854 0.0011125684482976796 -0.00090722999981759738 0.00079545165256907557 0.00010458783557017642 2.0370302566637499e-05 0.00043270029903699954 0.00027925920207053426 -0.00024871892140557373 -2.3735027449826336e-05 0.00014771793503314253 -0.00010958285885863021
leaf_weight=2.9999999999999991 3.9999999999999991 2.9999999999999991 2.9999999999999991 3 3.0000000000000133 2.9999999999999991 4.9999999999999991 2.9999999999999991 3.0000000000000071 3 4.9999999999999929
leaf_count=3 4 3 3 3 3 3 5 3 3 3 5
internal_value=7.59539e-12 0.000164792 0.000256679 0.000680577 0.000150705 7.33354e-05 2.43311e-05 -5.06477e-05 -8.2039e-06 8.40441e-05 -7.73899e-05
internal_weight=41 38 35 7 28 25 22 17 14 6 8
internal_count=41 38 35 7 28 25 22 17 14 6 8
is_linear=0
shrinkage=0.05


Tree=111
num_leaves=12
num_cat=0
split_feature=16 26 89 49 76 73 64 48 53 10 45
split_gain=0.00555501 0.00148828 0.000780003 0.000987004 0.000580386 0.000274888 0.000166882 4.19833e-05 2.34373e-05 1.45257e-05 8.79433e-06
threshold=-1.7284541983928929 1.2720585270194256 1.0000000180025095e-35 -0.74181445024631953 0.62475254766422983 1.0000000180025095e-35 -1.0000000180025095e-35 -0.83996347153299367 -0.40407029956727669 0.088216746022511006 -1.0784619383567864
decision_type=2 2 2 2 2 2 2 2 2 2 2
left_child=-1 2 3 -2 6 7 9 -4 -9 -5 -10
right_child=1 -3 5 4 -6 -7 -8 8 10 -11 -12
leaf_value=-0.0020713413076009603 0.0013210363065203016 -0.00090526832112421607 8.7104861934979768e-05 2.9074497676144036e-05 0.00083067918894812469 0.0003912979431333952 0.00036821361572947364 -4.7288885374049037e-06 -0.00023628298658877626 -0.00012651968087690568 -0.00012799737625755357
leaf_weight=2.9999999999999991 3.0000000000000027 2.9999999999999991 2.9999999999999991 3 3.9999999999999991 3.9999999999999991 3.9999999999999982 2.9999999999999991 2.9999999999999973 3 5.0000000000000044
leaf_count=3 3 3 3 3 4 4 4 3 3 3 5
internal_value=-1.0874e-11 0.000163527 0.000255138 0.00049802 0.00032166 2.57491e-05 0.000118052 -7.86934e-05 -0.000123911 -4.87226e-05 -0.000168604
internal_weight=41 38 35 17 14 18 10 14 11 6 8
internal_count=41 38 35 17 14 18 10 14 11 6 8
is_linear=0
shrinkage=0.05


Tree=112
num_leaves=12
num_cat=0
split_feature=76 48 5 16 58 17 50 17 77 71 17
split_gain=0.00530099 0.00103103 0.000846538 0.000690296 0.000393308 0.000265929 0.000185421 0.000159575 2.47921e-05 2.35878e-05 2.2865e-06
threshold=-1.569839071320869 -0.83996347153299367 -0.48654131161114339 -1.0000000180025095e-35 -0.099132243696238603 0.45256522391477055 0.18386911906443323 -0.41996176514402422 -1.0619742465634061 0.18714818706415995 -1.0000000180025095e-35
decision_type=2 2 2 2 2 2 2 2 2 2 2
left_child=-1 3 4 -2 -3 7 -7 -4 -9 10 -10
right_child=1 2 5 -5 -6 6 -8 8 9 -11 -12
leaf_value=-0.0020234274445101621 9.4580464065074894e-05 0.0010685327579267321 0.00026800233987160009 -0.00097803034392806394 0.00036736546462634616 0.000690273583556215 0.00013436445733532306 -0.0001904408447444438 -0.00010157620126847176 9.0744784877945959e-05 -4.383120638825245e-05
leaf_weight=2.9999999999999991 3 4 5.0000000000000027 2.9999999999999991 3.9999999999999956 2.9999999999999991 3 3.0000000000000009 4 3 3.0000000000000036
leaf_count=3 3 4 5 3 4 3 3 3 4 3 3
internal_value=3.29969e-12 0.000159744 0.00027252 -0.000441725 0.000717949 0.000124043 0.000412319 2.79514e-05 -6.43759e-05 -2.65564e-05 -7.68283e-05
internal_weight=41 38 32 6 8 24 6 18 13 10 7
internal_count=41 38 32 6 8 24 6 18 13 10 7
is_linear=0
shrinkage=0.05


Tree=113
num_leaves=13
num_cat=0
split_feature=35 48 73 5 34 58 32 3 4 81 8 2
split_gain=0.00511582 0.000947428 0.000637866 0.000532966 0.000479091 0.000339739 0.000166988 0.000246908 5.71629e-05 1.76018e-05 1.55427e-05 4.99658e-06
threshold=-0.85884591277627387 -0.83996347153299367 -0.082908108965505239 -0.48654131161114339 -1.2947852534081028 -0.099132243696238603 -0.072479256268767736 -0.37996549592148587 0.4733980595387231 0.2654013701299951 -0.26770797591583412 0.83005469575250879
decision_type=2 2 2 2 2 2 2 2 2 2 2 2
left_child=-1 2 -2 5 -5 -3 9 10 -9 -6 -8 -11
right_child=1 3 -4 4 6 -7 7 8 -10 11 -12 -13
leaf_value=-0.0019877734768670055 9.5897447317838647e-05 0.0010528809080521263 -0.00093517483522494648 0.0007497946460110446 9.5626929881594382e-06 0.0003489971975795928 3.5961529162401949e-05 0.0002276053477544333 0.00051633100956678386 -9.3141106966262042e-05 -0.00012498704794173436 -0.00018439701525494451
leaf_weight=2.9999999999999991 3 3 2.9999999999999991 2.9999999999999991 3.0000000000000018 3.9999999999999956 3 3.0000000000000053 4 3 3 3
leaf_count=3 3 3 3 3 3 4 3 3 4 3 3 3
internal_value=2.33363e-12 0.000156929 -0.000419639 0.000265036 0.000157061 0.000650662 7.62335e-05 0.000190851 0.000392591 -8.93251e-05 -4.45128e-05 -0.000138769
internal_weight=41 38 6 32 25 7 22 13 7 9 6 6
internal_count=41 38 6 32 25 7 22 13 7 9 6 6
is_linear=0
shrinkage=0.05


Tree=114
num_leaves=11
num_cat=0
split_feature=75 89 19 12 28 28 16 20 31 22
split_gain=0.00498103 0.000932644 0.00108917 0.00075047 0.000321637 0.00028936 0.000260923 0.000116519 5.83502e-05 7.22046e-06
threshold=-0.57000428327576291 1.0000000180025095e-35 0.45456369357610421 0.62129018877903841 0.55770104220558381 0.82982062712457705 -0.60718949840488246 0.2081857937303567 1.0000000180025095e-35 -1.0000000180025095e-35
decision_type=2 2 2 2 2 2 2 2 2 2
left_child=-1 3 6 4 7 -6 -3 -2 9 -8
right_child=1 2 -4 -5 5 -7 8 -9 -10 -11
leaf_value=-0.0019614125757167738 0.00026351138600148232 0.00049138282580921968 -0.000967115086192886 0.0011282576092829309 0.00090312451745072999 0.00020867032386983429 -6.2173863261705178e-05 -7.7837178832851339e-05 0.00010806187408888941 -0.00015717690403107567
leaf_weight=2.9999999999999991 5.0000000000000053 3.0000000000000044 2.9999999999999991 2.9999999999999991 2.9999999999999991 3 4.0000000000000044 5 5.0000000000000009 3.9999999999999956
leaf_count=3 5 3 3 3 3 3 4 5 5 4
internal_value=4.4055e-12 0.000154848 -9.28574e-05 0.000402554 0.000266485 0.000555897 7.10659e-05 9.28371e-05 -2.59303e-05 -0.000109675
internal_weight=41 38 19 19 16 6 16 10 13 8
internal_count=41 38 19 19 16 6 16 10 13 8
is_linear=0
shrinkage=0.05


Tree=115
num_leaves=12
num_cat=0
split_feature=10 26 89 12 72 73 72 20 53 29 3
split_gain=0.00488713 0.00123278 0.000545792 0.000595741 0.00028912 0.000229912 0.000166749 2.55279e-05 2.15059e-05 1.2177e-05 2.65586e-06
threshold=-1.3189379337224574 1.2720585270194256 1.0000000180025095e-35 0.62129018877903841 0.62111881951717118 1.0000000180025095e-35 -0.81743865693212914 -1.0000000180025095e-35 -0.28275665499661323 0.15364598432043311 0.63772163136932358
decision_type=2 2 2 2 2 2 2 2 2 2 2
left_child=-1 2 3 4 6 8 -2 -8 9 -4 -10
right_child=1 -3 5 -5 -6 -7 7 -9 10 -11 -12
leaf_value=-0.0019428358995355667 0.0004566639196127655 -0.00081935480702668431 7.2284850163365828e-05 0.0010718447466691336 0.00061044264351949094 0.00036507640179479496 0.00012137338635511701 -7.1572535853192573e-05 -0.00010127536661457267 -7.0175496512092628e-05 -0.00016350980149582026
leaf_weight=2.9999999999999991 2.9999999999999982 2.9999999999999991 3.0000000000000009 2.9999999999999991 4.9999999999999991 3.9999999999999991 2.9999999999999982 4.0000000000000053 4.0000000000000009 3 3
leaf_count=3 3 3 3 3 5 4 3 4 4 3 3
internal_value=-2.20497e-12 0.000153382 0.000236759 0.000428643 0.000300002 3.35884e-05 0.000144782 1.11186e-05 -6.84079e-05 1.05468e-06 -0.000127947
internal_weight=41 38 35 18 15 17 10 7 13 6 7
internal_count=41 38 35 18 15 17 10 7 13 6 7
is_linear=0
shrinkage=0.05


Tree=116
num_leaves=12
num_cat=0
split_feature=82 31 5 22 4 23 31 73 86 53 40
split_gain=0.00477362 0.00119484 0.00044886 0.000497164 0.000386486 0.000110321 0.00013126 0.000107943 2.50806e-05 2.48458e-05 1.78621e-06
threshold=-1.4043624712033482 1.844318609866801 -0.48654131161114339 -1.0000000180025095e-35 -1.2486143012308473 -0.034043097541359084 -0.51953905238872966 -0.28563955776291688 -1.0000000180025095e-35 -0.40407029956727669 -1.0000000180025095e-35
decision_type=2 2 2 2 2 2 2 2 2 2 2
left_child=-1 2 3 -2 -4 7 -7 -6 -8 -9 -11
right_child=1 -3 4 -5 5 6 8 9 -10 10 -12
leaf_value=-0.0019201406044885517 0.00010522447410039602 -0.00080605978437233718 0.00068039542723757527 0.0009567117202095688 0.00022596113049075918 -5.0199935018705811e-05 0.00045708756272991487 2.7787215731223087e-05 0.00025263461672390481 -0.00010653246776200822 -0.00015533430657039101
leaf_weight=2.9999999999999991 3 2.9999999999999991 2.9999999999999991 3.9999999999999991 4.0000000000000027 3 3 4.0000000000000027 3.0000000000000018 5.0000000000000036 2.9999999999999964
leaf_count=3 3 3 3 4 4 3 3 4 3 5 3
internal_value=6.77906e-12 0.00015159 0.000233674 0.000591789 0.000144146 7.97958e-05 0.000219841 1.02051e-06 0.000354861 -7.39597e-05 -0.000124833
internal_weight=41 38 35 7 28 25 9 16 6 12 8
internal_count=41 38 35 7 28 25 9 16 6 12 8
is_linear=0
shrinkage=0.05


Tree=117
num_leaves=12
num_cat=0
split_feature=16 26 89 49 76 73 42 48 53 18 14
split_gain=0.00440871 0.00108842 0.000519286 0.00069814 0.00033897 0.000173562 0.000123352 3.53724e-05 1.30328e-05 1.0335e-05 1.35876e-06
threshold=-1.7284541983928929 1.2720585270194256 1.0000000180025095e-35 -0.74181445024631953 0.62475254766422983 1.0000000180025095e-35 0.42342200793948565 -0.83996347153299367 -0.40407029956727669 -1.0000000180025095e-35 -0.070194583273307479
decision_type=2 2 2 2 2 2 2 2 2 2 2
left_child=-1 2 3 -2 6 7 9 -4 -9 -5 -10
right_child=1 -3 5 4 -6 -7 -8 8 10 -11 -12
leaf_value=-0.0018452916643582286 0.0011143823154270635 -0.00076832664102160684 0.00010605378580900532 4.0512219857191657e-05 0.00066288234665989876 0.00032732380495872351 0.00033334751205984494 1.2373098191649964e-06 -0.00014756759240602463 -9.0731721138581666e-05 -0.00010500375763513137
leaf_weight=2.9999999999999991 3.0000000000000027 2.9999999999999991 2.9999999999999991 3 3.9999999999999991 3.9999999999999991 4 2.9999999999999991 2.9999999999999973 2.9999999999999982 5.0000000000000044
leaf_count=3 3 3 3 3 4 4 4 3 3 3 5
internal_value=-2.378e-12 0.000145681 0.000224024 0.0004222 0.000273876 3.68582e-05 0.000118273 -4.6132e-05 -8.76372e-05 -2.51098e-05 -0.000120965
internal_weight=41 38 35 17 14 18 10 14 11 6 8
internal_count=41 38 35 17 14 18 10 14 11 6 8
is_linear=0
shrinkage=0.05


Tree=118
num_leaves=12
num_cat=0
split_feature=35 48 16 5 89 62 58 73 22 53 14
split_gain=0.00434891 0.000737553 0.000546737 0.000441565 0.000312731 0.000350239 0.000291702 9.57689e-05 7.6185e-05 1.17621e-05 1.22628e-06
threshold=-0.85884591277627387 -0.83996347153299367 -1.0000000180025095e-35 -0.48654131161114339 -1.0000000180025095e-35 -0.73012840974489068 -0.099132243696238603 0.12663032084208972 -0.1892565499973036 -0.40407029956727669 -0.070194583273307479
decision_type=2 2 2 2 2 2 2 2 2 2 2
left_child=-1 2 -2 6 5 -5 -3 9 -7 -6 -11
right_child=1 3 -4 4 7 8 -8 -9 -10 10 -12
leaf_value=-0.0018327350107332071 0.00011326632714675116 0.00096377898007631274 -0.00084131654002703735 0.0008020201853166022 1.1754439280290794e-06 1.4227717383619163e-05 0.00031155317556113031 0.00023544993406782546 0.00032282338943332442 -0.00014018921647220868 -9.9753568647429077e-05
leaf_weight=2.9999999999999991 3 3 2.9999999999999991 3 2.9999999999999956 4 3.9999999999999956 2.9999999999999991 3.9999999999999982 2.9999999999999956 5.0000000000000133
leaf_count=3 3 3 3 3 3 4 4 3 4 3 5
internal_value=-9.84916e-12 0.00014469 -0.000364025 0.000240074 0.000141792 0.000341297 0.000591079 -1.49614e-05 0.000168526 -8.32554e-05 -0.000114917
internal_weight=41 38 6 32 25 11 7 14 8 11 8
internal_count=41 38 6 32 25 11 7 14 8 11 8
is_linear=0
shrinkage=0.05


Tree=119
num_leaves=11
num_cat=0
split_feature=76 5 31 89 31 23 86 48 53 11
split_gain=0.00424707 0.000721319 0.000776171 0.000411576 0.000171231 0.000215994 9.05072e-05 1.94734e-05 6.79805e-06 1.24985e-06
threshold=-1.569839071320869 -0.48654131161114339 1.844318609866801 -0.63801057478701384 -0.51953905238872966 1.0000000180025095e-35 -0.21556833810257228 0.1300363569748603 0.093983393932960027 -0.13103451500160451
decision_type=2 2 2 2 2 2 2 2 2 2
left_child=-1 3 4 -2 8 6 -6 -8 -3 -10
right_child=1 2 -4 -5 5 -7 7 -9 9 -11
leaf_value=-0.0018111472988190753 0.00015599192556692285 -5.4008651810969802e-06 -0.00073988191046131155 0.0008364494610577823 -7.4660452155512718e-05 0.00047896109987050301 0.0001316446172495488 0.00030016391538083547 -7.4762678317104769e-05 -0.00012040343911697465
leaf_weight=2.9999999999999991 4 3.0000000000000018 2.9999999999999991 4.9999999999999982 5.0000000000000027 4.9999999999999991 4.0000000000000027 3 3 3
leaf_count=3 4 3 3 5 5 5 4 3 3 3
internal_value=-2.7906e-12 0.000142985 2.16285e-05 0.000534024 0.000109495 0.000202857 8.7814e-05 0.000203867 -6.68557e-05 -9.75831e-05
internal_weight=41 38 29 9 26 17 12 7 9 6
internal_count=41 38 29 9 26 17 12 7 9 6
is_linear=0
shrinkage=0.05


Tree=120
num_leaves=12
num_cat=0
split_feature=75 17 76 24 78 28 84 15 31 13 37
split_gain=0.00417738 0.00073946 0.000463019 0.000477454 0.000328298 0.000102575 7.71128e-05 9.87871e-05 2.14849e-05 5.27881e-06 2.04569e-06
threshold=-0.57000428327576291 0.91102692792083517 -1.0021555194464102 -1.0000000180025095e-35 -1.6093343878249822 1.0000000180025095e-35 1.0593783796225538 -0.24838186631224973 0.86853729573652683 0.22556764627535852 -1.0000000180025095e-35
decision_type=2 2 2 2 2 2 2 2 2 2 2
left_child=-1 2 3 -2 -4 6 7 -6 9 -9 -7
right_child=1 -3 4 -5 5 10 -8 8 -10 -11 -12
leaf_value=-0.0017962261103093625 0.00017003088432829825 -0.00050124320841860026 0.00062628253363072872 0.0010620829028387866 0.00030240026535466275 -5.8458939505120106e-05 0.00036730727103228373 9.0843310317723028e-07 0.00012634931675468874 -8.2986838727568566e-05 -0.00011307845270494
leaf_weight=2.9999999999999991 3 3.9999999999999991 2.9999999999999991 2.9999999999999991 4.0000000000000044 3 2.9999999999999991 5.0000000000000018 3.0000000000000009 3 3.9999999999999991
leaf_count=3 3 4 3 3 4 3 3 5 3 3 4
internal_value=-8.71784e-12 0.000141807 0.00021746 0.000616057 0.000132047 7.27385e-05 0.000135897 8.96154e-05 1.22391e-05 -3.05523e-05 -8.96701e-05
internal_weight=41 38 34 6 28 25 18 15 11 8 7
internal_count=41 38 34 6 28 25 18 15 11 8 7
is_linear=0
shrinkage=0.05


Tree=121
num_leaves=12
num_cat=0
split_feature=82 31 76 5 78 59 22 46 84 52 9
split_gain=0.00397234 0.000912804 0.00034726 0.000522737 0.000288967 0.000100037 0.000103601 6.53103e-05 1.9944e-05 2.87504e-06 4.71e-07
threshold=-1.4043624712033482 1.844318609866801 -1.0021555194464102 -0.21067367577278426 -1.6093343878249822 -1.0000000180025095e-35 -0.30503181777029448 0.45129388115638153 -0.10905634857358627 -0.24075202019797196 -0.45418738966214112
decision_type=2 2 2 2 2 2 2 2 2 2 2
left_child=-1 2 3 -2 -4 6 -6 8 9 -7 -11
right_child=1 -3 4 -5 5 7 -8 -9 -10 10 -12
leaf_value=-0.0017515901786585649 0.00089920706814154965 -0.00069874540592233347 0.00059496839918817088 2.6094865946409601e-05 0.00040261050453409546 -4.7120512075101285e-05 1.3913650218455571e-05 0.00016683869500411675 4.7096684465941469e-05 -9.3059882055967943e-05 -0.00012107773606355004
leaf_weight=2.9999999999999991 4 2.9999999999999991 2.9999999999999991 2.9999999999999991 4 3.0000000000000027 3.0000000000000027 4.9999999999999991 4.0000000000000027 3.0000000000000027 2.9999999999999964
leaf_count=3 4 3 3 3 4 3 3 5 4 3 3
internal_value=2.56877e-12 0.000138283 0.000210029 0.000525016 0.000131282 7.56396e-05 0.000236026 1.3267e-05 -4.57991e-05 -8.7086e-05 -0.000107069
internal_weight=41 38 35 7 28 25 7 18 13 9 6
internal_count=41 38 35 7 28 25 7 18 13 9 6
is_linear=0
shrinkage=0.05


Tree=122
num_leaves=10
num_cat=0
split_feature=10 26 89 89 40 64 73 74 3
split_gain=0.0038148 0.00093555 0.000386867 0.000420557 0.000278508 0.000153648 0.000116907 2.10992e-05 2.18477e-06
threshold=-1.3189379337224574 1.2720585270194256 1.0000000180025095e-35 -0.63801057478701384 -0.17088130990702283 1.0000000180025095e-35 1.0000000180025095e-35 -0.36848277815320701 0.63772163136932358
decision_type=2 2 2 2 2 2 2 2 2
left_child=-1 2 3 5 -5 -2 7 -4 -9
right_child=1 -3 6 4 -6 -7 -8 8 -10
leaf_value=-0.0017165042615185184 -4.2461080302018682e-05 -0.00071187995029807407 4.4936434205737884e-05 0.00086842386052012445 0.00025904428136224524 0.00034951817011460659 0.00027347343275323509 -6.5755426767282181e-05 -0.00011972792369003094
leaf_weight=2.9999999999999991 4.9999999999999982 2.9999999999999991 5.0000000000000009 5 3.0000000000000018 5 3.9999999999999991 5 3
leaf_count=3 5 3 5 5 3 5 4 5 3
internal_value=-1.03815e-12 0.000135513 0.000208147 0.000369697 0.000639907 0.000153529 3.7095e-05 -3.56368e-05 -8.59951e-05
internal_weight=41 38 35 18 8 10 17 13 8
internal_count=41 38 35 18 8 10 17 13 8
is_linear=0
shrinkage=0.05


Tree=123
num_leaves=12
num_cat=0
split_feature=35 48 73 5 89 62 58 59 31 53 14
split_gain=0.003744 0.000590691 0.000467973 0.000362184 0.00023075 0.000276796 0.000215618 6.62299e-05 4.24825e-05 1.21244e-05 1.42786e-06
threshold=-0.85884591277627387 -0.83996347153299367 -0.082908108965505239 -0.48654131161114339 -1.0000000180025095e-35 -0.73012840974489068 -0.099132243696238603 -0.11251225106135473 -0.22559576834473472 -0.28275665499661323 -0.070194583273307479
decision_type=2 2 2 2 2 2 2 2 2 2 2
left_child=-1 2 -2 6 5 -5 -3 -6 -7 -9 -11
right_child=1 3 -4 4 7 8 -8 9 -10 10 -12
leaf_value=-0.001700503220005582 0.00012056733588300022 0.00085793336232503235 -0.00076258282982356223 0.00071155140176415433 0.0002041944186203182 -3.6868683916206151e-07 0.00029718186124227968 2.4879941580972354e-05 0.00023762989789247519 -0.00011411010345909756 -7.1862913318909444e-05
leaf_weight=2.9999999999999991 3 3 2.9999999999999991 3 2.9999999999999991 3 3.9999999999999956 2.9999999999999956 4.9999999999999982 3.9999999999999956 4.0000000000000133
leaf_count=3 3 3 3 3 3 3 4 3 5 4 4
internal_value=9.22804e-13 0.00013425 -0.000321008 0.000219611 0.000130601 0.000301973 0.000537504 -4.04778e-06 0.00014838 -6.08411e-05 -9.29865e-05
internal_weight=41 38 6 32 25 11 7 14 8 11 8
internal_count=41 38 6 32 25 11 7 14 8 11 8
is_linear=0
shrinkage=0.05


Tree=124
num_leaves=11
num_cat=0
split_feature=40 5 11 89 31 80 2 14 3 53
split_gain=0.0036337 0.000592483 0.000831578 0.000315302 0.000119691 0.000103321 7.42076e-05 2.08749e-05 1.6529e-05 6.13905e-06
threshold=-1.5094517824273612 -0.48654131161114339 -0.89851223113816692 -0.63801057478701384 -0.51953905238872966 0.31338031987218384 0.83005469575250879 -1.0000000180025095e-35 0.5725234240644087 0.093983393932960027
decision_type=2 2 2 2 2 2 2 2 2 2
left_child=-1 3 -3 -2 9 6 7 8 -6 -4
right_child=1 2 4 -5 5 -7 -8 -9 -10 -11
leaf_value=-0.0016752651407538604 0.00015578025395370784 -0.000765950278340218 8.8476134502949734e-06 0.00075136001221835628 0.00019055911398027081 0.00045260213470707343 -2.610950352391228e-05 9.945547438595275e-05 0.00034581611398607485 -8.1625567399896672e-05
leaf_weight=2.9999999999999991 4 2.9999999999999991 3.0000000000000018 4.9999999999999982 4.0000000000000018 2.9999999999999991 4.9999999999999991 3.0000000000000036 3 5
leaf_count=3 4 3 3 5 4 3 5 3 3 5
internal_value=-1.69477e-12 0.000132258 2.22715e-05 0.000486658 0.00011322 0.000184739 0.000131167 0.000209805 0.000257098 -4.76981e-05
internal_weight=41 38 29 9 26 18 15 10 7 8
internal_count=41 38 29 9 26 18 15 10 7 8
is_linear=0
shrinkage=0.05


Tree=125
num_leaves=12
num_cat=0
split_feature=75 17 76 24 78 28 17 31 11 0 26
split_gain=0.0035734 0.000603384 0.000355775 0.000340682 0.000229506 7.99908e-05 6.02642e-05 3.99234e-05 2.80304e-05 3.4764e-06 2.60452e-06
threshold=-0.57000428327576291 0.91102692792083517 -1.0021555194464102 -1.0000000180025095e-35 -1.6093343878249822 -1.0000000180025095e-35 -0.41996176514402422 0.26769772388793583 -1.0000000180025095e-35 0.61531171326305711 -0.05518378045427539
decision_type=2 2 2 2 2 2 2 2 2 2 2
left_child=-1 2 3 -2 -4 6 8 9 -6 -8 -7
right_child=1 -3 4 -5 5 10 7 -9 -10 -11 -12
leaf_value=-0.0016613087306420011 0.00017212988708100355 -0.00044972157047595829 0.00053785875982915359 0.00092565660985807578 0.00036826347932219497 -9.4797019846737366e-05 1.9555014569050395e-05 0.00017402641708031294 0.00015212160700078407 -5.1647187501657743e-05 -3.3166970630797207e-05
leaf_weight=2.9999999999999991 3 3.9999999999999991 2.9999999999999991 2.9999999999999991 3 4 4 5 3.0000000000000044 3 3.0000000000000027
leaf_count=3 3 4 3 3 3 4 4 5 3 3 3
internal_value=3.54481e-12 0.000131156 0.000199494 0.000548893 0.000124623 7.50351e-05 0.000130809 6.61175e-05 0.000260193 -1.09602e-05 -6.83841e-05
internal_weight=41 38 34 6 28 25 18 12 6 7 7
internal_count=41 38 34 6 28 25 18 12 6 7 7
is_linear=0
shrinkage=0.05


Tree=126
num_leaves=13
num_cat=0
split_feature=16 26 76 24 36 59 67 54 21 80 12 61
split_gain=0.00334619 0.000806541 0.000319511 0.000307846 0.000132838 0.000127822 9.63376e-05 3.19603e-05 4.00767e-05 2.2916e-06 1.23902e-06 6.18889e-07
threshold=-1.7284541983928929 1.2720585270194256 -1.0021555194464102 0.82316361326718435 -0.7003354554292166 -1.0000000180025095e-35 -1.0000000180025095e-35 0.35470226367472457 0.44870550398565684 -0.69711095914364707 0.32941259989652366 -0.26046385406567879
decision_type=2 2 2 2 2 2 2 2 2 2 2 2
left_child=-1 2 3 -2 -4 6 -6 8 9 -7 -9 -11
right_child=1 -3 4 -5 5 7 -8 10 -10 11 -12 -13
leaf_value=-0.0016076236497610807 0.00020934184831276071 -0.0006598830999185642 0.00043320787760118651 0.00087937377393245667 0.00047657797113060936 4.062864366763577e-05 0.00010175497736781827 -0.00010635180321211617 0.00021596843920027218 3.1659658513187086e-06 -6.090916188744206e-05 -2.8950724905977637e-05
leaf_weight=2.9999999999999991 3.9999999999999991 2.9999999999999991 2.9999999999999991 3 3 3.0000000000000027 4.0000000000000027 2.9999999999999991 2.9999999999999991 3.0000000000000027 3 3
leaf_count=3 4 3 3 3 3 3 4 3 3 3 3 3
internal_value=-5.32387e-14 0.000126918 0.000194358 0.000496498 0.000118823 8.10963e-05 0.000262393 1.05919e-05 5.77031e-05 4.94796e-06 -8.36305e-05 -1.28924e-05
internal_weight=41 38 35 7 28 25 7 18 12 9 6 6
internal_count=41 38 35 7 28 25 7 18 12 9 6 6
is_linear=0
shrinkage=0.05


Tree=127
num_leaves=11
num_cat=0
split_feature=82 31 76 18 38 59 24 54 10 60
split_gain=0.00325435 0.000736725 0.000256932 0.00032262 0.000232956 0.000102403 9.34674e-05 5.15914e-05 5.16881e-05 5.84291e-06
threshold=-1.4043624712033482 1.844318609866801 -0.45184147943180136 0.48432196536385735 -1.0000000180025095e-35 -1.0000000180025095e-35 -0.44213850143904293 0.1109397275574832 -0.14461635678850343 -0.79721040112886554
decision_type=2 2 2 2 2 2 2 2 2 2
left_child=-1 2 3 4 -2 6 -4 8 -7 -9
right_child=1 -3 5 -5 -6 7 -8 9 -10 -11
leaf_value=-0.0015854099066928029 0.00025667363418809441 -0.00062681242707185447 3.0817601752156994e-05 -2.999766256834845e-05 0.0008395348675549032 0.00022381668444722887 0.00038383769337087872 -2.7008213995334989e-06 -1.7324578948318931e-05 -9.0964909177273525e-05
leaf_weight=2.9999999999999991 3 2.9999999999999991 3.0000000000000009 3 3.9999999999999982 5 4.9999999999999991 3.0000000000000009 4.0000000000000053 4.9999999999999991
leaf_count=3 3 3 3 3 4 5 5 3 4 5
internal_value=-6.04259e-12 0.000125164 0.000189619 0.000403817 0.000589737 0.00010394 0.000251455 3.45211e-05 0.000116643 -5.78659e-05
internal_weight=41 38 35 10 7 25 8 17 9 8
internal_count=41 38 35 10 7 25 8 17 9 8
is_linear=0
shrinkage=0.05


Tree=128
num_leaves=12
num_cat=0
split_feature=35 48 16 5 89 62 6 59 31 53 14
split_gain=0.00321702 0.000501628 0.000386995 0.000301843 0.000190696 0.000210452 0.000163517 3.83447e-05 2.40383e-05 9.19245e-06 1.93268e-06
threshold=-0.85884591277627387 -0.83996347153299367 -1.0000000180025095e-35 -0.48654131161114339 -1.0000000180025095e-35 -0.73012840974489068 -0.34375851814141162 -0.11251225106135473 -0.22559576834473472 -0.28275665499661323 -0.070194583273307479
decision_type=2 2 2 2 2 2 2 2 2 2 2
left_child=-1 2 -2 6 5 -5 -3 -6 -7 -9 -11
right_child=1 3 -4 4 7 8 -8 9 -10 10 -12
leaf_value=-0.0015762912187104424 0.0001064657238506091 0.00021426955936476586 -0.00069664772163378083 0.00063477574537197732 0.00015789379249326886 3.1819796034445359e-05 0.00070259523345157565 3.0869566883969466e-05 0.00021084808278828862 -9.6336557180620822e-05 -4.7185269067995088e-05
leaf_weight=2.9999999999999991 3 3 2.9999999999999991 3 2.9999999999999991 3 3.9999999999999956 2.9999999999999956 4.9999999999999982 3.9999999999999956 4.0000000000000133
leaf_count=3 3 3 3 3 3 3 4 3 5 4 4
internal_value=-5.51908e-12 0.000124444 -0.000295091 0.000203107 0.000121849 0.000277639 0.000493313 -5.56945e-07 0.000143712 -4.37708e-05 -7.17609e-05
internal_weight=41 38 6 32 25 11 7 14 8 11 8
internal_count=41 38 6 32 25 11 7 14 8 11 8
is_linear=0
shrinkage=0.05


Tree=129
num_leaves=11
num_cat=0
split_feature=76 20 5 89 31 48 23 84 11 28
split_gain=0.00314405 0.000512041 0.0003544 0.000241475 5.24524e-05 5.33811e-05 4.40271e-05 1.59811e-05 9.0684e-06 5.51704e-06
threshold=-1.569839071320869 1.5438880793171643 -0.48654131161114339 -0.63801057478701384 -0.51953905238872966 -0.12057605698984035 -0.034043097541359084 0.32552184825918146 -0.50076965058740375 -1.0000000180025095e-35
decision_type=2 2 2 2 2 2 2 2 2 2
left_child=-1 2 3 -2 9 6 8 -7 -6 -4
right_child=1 -3 4 -5 5 7 -8 -9 -10 -11
leaf_value=-0.0015583113932128377 0.00015762484690640119 -0.00050388362918359542 3.0228806099330524e-05 0.00067883426323533079 -7.7045572106726446e-05 0.00017066480747113597 0.00018292948137968776 0.00033386757907768083 3.7953364608256368e-05 -5.5538657179567969e-05
leaf_weight=2.9999999999999991 4 2.9999999999999991 3.0000000000000009 4.9999999999999982 3 3.0000000000000044 5 3 4 4.9999999999999991
leaf_count=3 4 3 3 5 3 3 5 3 4 5
internal_value=1.89441e-12 0.000123025 0.00017676 0.000447186 8.31506e-05 0.000130496 6.96103e-05 0.000252266 -1.13319e-05 -2.33759e-05
internal_weight=41 38 35 9 26 18 12 6 7 8
internal_count=41 38 35 9 26 18 12 6 7 8
is_linear=0
shrinkage=0.05


Tree=130
num_leaves=12
num_cat=0
split_feature=75 17 76 24 78 28 84 15 31 20 26
split_gain=0.00304695 0.000479189 0.000311147 0.000204624 0.000186923 5.83755e-05 4.45718e-05 3.23387e-05 1.2738e-05 2.58921e-06 1.962e-06
threshold=-0.57000428327576291 0.91102692792083517 -1.0021555194464102 -1.0000000180025095e-35 -1.6093343878249822 -1.0000000180025095e-35 1.0593783796225538 -0.24838186631224973 0.86853729573652683 0.2081857937303567 -0.05518378045427539
decision_type=2 2 2 2 2 2 2 2 2 2 2
left_child=-1 2 3 -2 -4 6 7 -6 9 -9 -7
right_child=1 -3 4 -5 5 10 -8 8 -10 -11 -12
leaf_value=-0.0015340577578172089 0.00021676812903024254 -0.00039654617430642249 0.00048492647862682746 0.00080075439376135673 0.00020144512236583954 -7.8202807344496237e-05 0.00029082013449321188 -3.4242477613588553e-05 0.0001232925142782429 2.4513576790923248e-05 -2.4712214750858616e-05
leaf_weight=2.9999999999999991 3 3.9999999999999991 2.9999999999999991 2.9999999999999991 4.0000000000000044 4 2.9999999999999991 3 3.0000000000000009 5 3.0000000000000027
leaf_count=3 3 4 3 3 4 4 3 3 3 5 3
internal_value=1.14241e-12 0.00012111 0.000182011 0.000508761 0.000111993 6.72404e-05 0.000114887 7.96999e-05 3.54289e-05 2.48006e-06 -5.52783e-05
internal_weight=41 38 34 6 28 25 18 15 11 8 7
internal_count=41 38 34 6 28 25 18 15 11 8 7
is_linear=0
shrinkage=0.05


Tree=131
num_leaves=12
num_cat=0
split_feature=10 26 76 5 30 12 28 10 16 31 14
split_gain=0.00288611 0.000690543 0.00025133 0.000246733 0.00011166 0.000133259 4.69229e-05 3.30449e-05 1.31929e-05 1.1626e-05 2.7855e-06
threshold=-1.3189379337224574 1.2720585270194256 -1.0021555194464102 -0.21067367577278426 0.58482703831649341 0.49896907496584936 -0.10480116582198383 -0.18650719772965199 -0.13447803545466069 0.86853729573652683 -0.1471010844542322
decision_type=2 2 2 2 2 2 2 2 2 2 2
left_child=-1 2 3 -2 6 -6 7 8 -4 -9 -8
right_child=1 -3 4 -5 5 -7 10 9 -10 -11 -12
leaf_value=-0.0014930210813569526 0.00064150669611990436 -0.00061015578491302837 0.00026868106797337524 6.7941174105120206e-05 0.00053320359438657761 6.1929659568704648e-05 -8.9129229309037314e-05 -7.376329594990237e-06 0.00012039724885350241 0.00011712788448979455 -2.5393908163096038e-05
leaf_weight=2.9999999999999991 5.0000000000000009 2.9999999999999991 3 2.9999999999999991 2.9999999999999991 3 3 5 3.0000000000000009 3 4.0000000000000027
leaf_count=3 5 3 3 3 3 3 3 5 3 3 4
internal_value=-4.84472e-12 0.00011787 0.000180272 0.00042642 0.00010734 0.000297567 5.29892e-05 0.000105838 0.000194539 3.93128e-05 -5.2709e-05
internal_weight=41 38 35 8 27 6 21 14 6 8 7
internal_count=41 38 35 8 27 6 21 14 6 8 7
is_linear=0
shrinkage=0.05


Tree=132
num_leaves=12
num_cat=0
split_feature=35 48 73 5 2 6 41 36 87 18 46
split_gain=0.00280273 0.000410152 0.000348355 0.000234343 0.000163573 0.000141312 6.10871e-05 3.16679e-05 2.22763e-05 7.94751e-06 3.19863e-06
threshold=-0.85884591277627387 -0.83996347153299367 -0.082908108965505239 -0.48654131161114339 -1.3502612175000392 -0.34375851814141162 -0.85289465923710661 1.1352898281787425 0.064319306629817233 0.48432196536385735 1.0000000180025095e-35
decision_type=2 2 2 2 2 2 2 2 2 2 2
left_child=-1 2 -2 5 -5 -3 -6 8 10 -10 -8
right_child=1 3 -4 4 6 -7 7 -9 9 -11 -12
leaf_value=-0.0014712945480520527 0.00011777913993379719 0.00018358567807202534 -0.00064418676617303099 0.00046203009502884628 0.00024520008882973323 0.00063754537841305197 -1.6901723301998532e-05 0.00017747764165202778 0.00013169456894199054 1.6603919599826135e-05 -7.6888843905180681e-05
leaf_weight=2.9999999999999991 3 3 2.9999999999999991 2.9999999999999991 4.0000000000000027 3.9999999999999956 4.0000000000000089 2.9999999999999991 2.9999999999999991 3 5
leaf_count=3 3 3 3 3 4 4 4 3 3 3 5
internal_value=-1.38421e-12 0.000116155 -0.000263204 0.000187285 0.000115687 0.000442991 6.84581e-05 2.91821e-05 -4.77043e-07 7.41492e-05 -5.02279e-05
internal_weight=41 38 6 32 25 7 22 18 15 6 9
internal_count=41 38 6 32 25 7 22 18 15 6 9
is_linear=0
shrinkage=0.05


Tree=133
num_leaves=11
num_cat=0
split_feature=86 85 58 21 81 12 10 17 10 63
split_gain=0.00270955 0.000535033 0.000562337 0.000119514 0.000112159 6.30027e-05 2.13977e-05 2.15073e-05 1.38156e-05 4.46308e-06
threshold=1.3796545336182986 1.0000000180025095e-35 -1.1575627588910657 0.44870550398565684 1.4536512364471224 0.62129018877903841 -0.18650719772965199 -0.41996176514402422 -0.027248473057771949 0.10998882247946699
decision_type=2 2 2 2 2 2 2 2 2 2
left_child=1 2 -1 -3 5 6 7 -4 -8 -10
right_child=-2 3 4 -5 -6 -7 8 -9 9 -11
leaf_value=-0.00059839363772577227 -0.0010906692087883131 0.00076158934583266558 0.00022401445312425486 0.00036240030080080026 0.00041286306513939054 0.00029990074302380288 -6.3057475927052897e-05 4.6913174992368919e-05 8.8095798855647597e-05 1.3404133096628354e-05
leaf_weight=3.0000000000000027 4.9999999999999991 3 3 5 2.9999999999999991 2.9999999999999991 4.0000000000000071 4.000000000000008 3.9999999999999929 4
leaf_count=3 5 3 3 5 3 3 4 4 4 4
internal_value=-2.62644e-12 0.000151482 4.84492e-05 0.000512096 0.00012607 8.69622e-05 5.33403e-05 0.000122814 1.28142e-05 5.075e-05
internal_weight=41 36 28 8 25 22 19 7 12 8
internal_count=41 36 28 8 25 22 19 7 12 8
is_linear=0
shrinkage=0.05


Tree=134
num_leaves=12
num_cat=0
split_feature=76 20 5 89 11 85 28 10 78 72 16
split_gain=0.00269813 0.000436725 0.000262786 0.000180826 4.39287e-05 1.98683e-05 1.90079e-05 2.03819e-05 7.20929e-06 5.43088e-06 6.76375e-07
threshold=-1.569839071320869 1.5438880793171643 -0.48654131161114339 -0.63801057478701384 0.47162126146546213 -1.0000000180025095e-35 -0.10480116582198383 -0.18650719772965199 -1.0000000180025095e-35 0.53215664918212624 -0.060205267779525416
decision_type=2 2 2 2 2 2 2 2 2 2 2
left_child=-1 2 3 -2 6 -6 7 -4 -9 10 -8
right_child=1 -3 4 -5 5 -7 9 8 -10 -11 -12
leaf_value=-0.0014435794495511801 0.00014588380290661007 -0.00046500233850868729 0.00018151498661609367 0.00059691491536796116 0.00011065786869342748 0.0002926300745457411 -1.7176850330239777e-05 9.862214016417663e-05 -3.9134381950134376e-06 4.8428531893781221e-05 -5.0752011884469501e-05
leaf_weight=2.9999999999999991 4 2.9999999999999991 3.9999999999999991 4.9999999999999982 3 2.9999999999999991 3 2.9999999999999991 4.0000000000000036 3 3.0000000000000018
leaf_count=3 4 3 4 5 3 3 3 3 4 3 3
internal_value=-2.99468e-12 0.000113967 0.000163593 0.000396457 8.2986e-05 0.000201644 4.73886e-05 9.14793e-05 4.00304e-05 -6.50011e-06 -3.39644e-05
internal_weight=41 38 35 9 26 6 20 11 7 9 6
internal_count=41 38 35 9 26 6 20 11 7 9 6
is_linear=0
shrinkage=0.05


Tree=135
num_leaves=12
num_cat=0
split_feature=75 17 43 21 60 36 16 79 83 0 22
split_gain=0.00263233 0.000394424 0.000244908 0.000116239 4.36808e-05 3.05736e-05 1.69047e-05 8.87565e-06 7.08118e-06 2.63646e-06 8.45115e-07
threshold=-0.57000428327576291 0.91102692792083517 -1.0672818183078967 -1.1613846848418459 1.222149237289613 -0.52845248860071514 -0.60718949840488246 0.78318565206396695 -0.097189141349130162 0.90718378348810547 -0.30503181777029448
decision_type=2 2 2 2 2 2 2 2 2 2 2
left_child=-1 2 -2 -4 5 -5 -7 8 10 -10 -8
right_child=1 -3 3 4 -6 6 7 -9 9 -11 -12
leaf_value=-0.0014258672250434758 0.00053532513047684918 -0.00035707601746253208 0.00041408102260902528 0.00017353792791254796 0.00026589158611992997 0.00014349582197610247 1.7942520450257349e-05 -6.3364439120050487e-05 0.00010504926710079148 3.8761221367167304e-05 -1.716387596388813e-05
leaf_weight=2.9999999999999991 3.9999999999999991 3.9999999999999991 2.9999999999999991 5.0000000000000062 2.9999999999999991 3.000000000000008 3.0000000000000053 3.0000000000000009 2.9999999999999893 3 4
leaf_count=3 4 4 3 5 3 3 3 3 3 3 4
internal_value=-2.09406e-12 0.000112568 0.000167821 0.00011882 8.60134e-05 6.35286e-05 3.45788e-05 1.41569e-05 3.20464e-05 7.19052e-05 -2.11828e-06
internal_weight=41 38 34 30 27 24 19 16 13 6 7
internal_count=41 38 34 30 27 24 19 16 13 6 7
is_linear=0
shrinkage=0.05


Tree=136
num_leaves=12
num_cat=0
split_feature=16 26 76 24 30 20 28 10 16 31 17
split_gain=0.00253023 0.000586238 0.000224867 0.000142676 9.83466e-05 9.62711e-05 2.93332e-05 2.47758e-05 1.16234e-05 5.80178e-06 1.47406e-06
threshold=-1.7284541983928929 1.2720585270194256 -1.0021555194464102 0.82316361326718435 0.58482703831649341 -0.5123198651645724 -0.10480116582198383 -0.18650719772965199 -0.13447803545466069 0.86853729573652683 0.14826395812449597
decision_type=2 2 2 2 2 2 2 2 2 2 2
left_child=-1 2 3 -2 6 -6 7 8 -4 -9 -8
right_child=1 -3 4 -5 5 -7 10 9 -10 -11 -12
leaf_value=-0.0013979433143200973 0.00022584081161767245 -0.00056042917227993412 0.000238573714159429 0.00068198628723621353 0.0001062144561728928 0.00048090809335311251 -1.3309203063727172e-05 1.59050861839205e-06 9.9389177436629876e-05 8.9543369055415168e-05 -5.9673749880554762e-05
leaf_weight=2.9999999999999991 3.9999999999999991 2.9999999999999991 3 3 4 2.9999999999999991 4.0000000000000027 5 3.0000000000000009 3 3
leaf_count=3 4 3 3 3 4 3 4 5 3 3 3
internal_value=3.97072e-13 0.000110364 0.00016786 0.000421332 0.000104493 0.000266797 5.03911e-05 9.21765e-05 0.000168981 3.45728e-05 -3.31797e-05
internal_weight=41 38 35 7 28 7 21 14 6 8 7
internal_count=41 38 35 7 28 7 21 14 6 8 7
is_linear=0
shrinkage=0.05


Tree=137
num_leaves=12
num_cat=0
split_feature=82 31 61 5 21 42 17 5 77 71 80
split_gain=0.00247941 0.000567535 0.000190933 0.000226068 9.28223e-05 4.25973e-05 3.26936e-05 1.16425e-05 6.0995e-06 2.86512e-06 2.72663e-07
threshold=-1.4043624712033482 1.844318609866801 -0.47473347906564595 -0.21067367577278426 -1.1613846848418459 0.57459416280552478 -0.41996176514402422 0.073221033026868512 -1.0619742465634061 0.17103767927441871 -1.0000000180025095e-35
decision_type=2 2 2 2 2 2 2 2 2 2 2
left_child=-1 2 3 -2 -4 6 -6 8 -8 -10 -11
right_child=1 -3 4 -5 5 -7 7 -9 9 10 -12
leaf_value=-0.0013838312588632107 0.00064546290086582288 -0.00055075612617656595 0.00037023137750414513 7.1283219343361767e-05 0.00017111604902311214 0.00020642781048081814 -7.5069972081109708e-05 8.5171995669952602e-05 4.715047398349266e-05 -2.0355609800996373e-06 -2.3353104188572651e-05
leaf_weight=2.9999999999999991 4 2.9999999999999991 2.9999999999999991 2.9999999999999991 4.0000000000000027 4.9999999999999991 3.0000000000000062 3.9999999999999991 3.0000000000000018 3.0000000000000053 2.9999999999999947
leaf_count=3 4 3 3 3 4 5 3 4 3 3 3
internal_value=-4.81367e-13 0.00010925 0.000165822 0.000399386 0.000107431 7.58947e-05 4.32614e-05 1.12977e-05 -1.3327e-05 7.25394e-06 -1.26943e-05
internal_weight=41 38 35 7 28 25 20 16 12 9 6
internal_count=41 38 35 7 28 25 20 16 12 9 6
is_linear=0
shrinkage=0.05


Tree=138
num_leaves=12
num_cat=0
split_feature=35 48 6 5 2 6 41 36 60 77 1
split_gain=0.00240115 0.000357058 0.000277842 0.000184772 0.000128899 9.43774e-05 5.30691e-05 2.21547e-05 1.48637e-05 3.18217e-06 5.96308e-07
threshold=-0.85884591277627387 -0.83996347153299367 -0.40463999091224817 -0.48654131161114339 -1.3502612175000392 -0.34375851814141162 -0.85289465923710661 1.1352898281787425 -0.96824793346519 -1.0000000180025095e-35 -0.18364188332673287
decision_type=2 2 2 2 2 2 2 2 2 2 2
left_child=-1 2 -2 5 -5 -3 -6 8 -8 -10 -11
right_child=1 3 -4 4 6 -7 7 -9 9 10 -12
leaf_value=-0.0013618183477471272 9.3804302741773394e-05 0.00018894055489605908 -0.00058668838416148607 0.00041775330707120406 0.00023311236873269059 0.00055993066634982876 7.7350793872028536e-05 0.00015580673934891822 -7.1316474350169217e-05 7.0836716380047843e-06 -2.2405590061680411e-05
leaf_weight=2.9999999999999991 3 3 2.9999999999999991 2.9999999999999991 4.0000000000000027 3.9999999999999956 5.0000000000000027 2.9999999999999991 3.0000000000000027 3.0000000000000027 4
leaf_count=3 3 3 3 3 4 4 5 3 3 3 4
internal_value=-3.46939e-12 0.000107512 -0.000246442 0.000173878 0.000110303 0.000400935 6.83774e-05 3.17696e-05 6.96221e-06 -2.82321e-05 -9.76734e-06
internal_weight=41 38 6 32 25 7 22 18 15 10 7
internal_count=41 38 6 32 25 7 22 18 15 10 7
is_linear=0
shrinkage=0.05


Tree=139
num_leaves=12
num_cat=0
split_feature=40 82 69 2 89 35 88 33 12 24 77
split_gain=0.00232438 0.000332678 0.000191139 0.000119403 5.653e-05 3.99619e-05 2.35725e-05 1.04392e-05 8.62824e-06 6.03439e-06 1.5883e-06
threshold=-1.5094517824273612 1.462944067915849 -0.63697287031417382 -0.67064670716018837 -1.0000000180025095e-35 -1.0000000180025095e-35 -1.0000000180025095e-35 0.71815670838315648 0.49896907496584936 0.47336613780877262 -1.0000000180025095e-35
decision_type=2 2 2 2 2 2 2 2 2 2 2
left_child=-1 2 3 -2 5 6 9 8 10 -4 -6
right_child=1 -3 4 -5 7 -7 -8 -9 -10 -11 -12
leaf_value=-0.0013398712161385145 0.00011437270889776596 -0.00039953727682586761 9.5051008975133308e-05 0.00051337670069187883 -6.7750649759545993e-05 0.00029206507606431841 0.00021656334477787218 9.8448546486906715e-05 5.1806103874696413e-05 -5.2352003270546737e-06 -1.9622926993179107e-05
leaf_weight=2.9999999999999991 3.0000000000000009 2.9999999999999991 2.9999999999999991 4.9999999999999991 2.9999999999999964 3.9999999999999991 2.9999999999999991 2.9999999999999991 4 3 4.0000000000000053
leaf_count=3 3 3 3 5 3 4 3 3 4 3 4
internal_value=7.64641e-12 0.000105779 0.000149092 0.00036375 8.54898e-05 0.000160569 0.000102126 1.57733e-05 -6.77448e-06 4.49079e-05 -4.02491e-05
internal_weight=41 38 35 8 27 13 9 14 11 6 7
internal_count=41 38 35 8 27 13 9 14 11 6 7
is_linear=0
shrinkage=0.05


Tree=140
num_leaves=12
num_cat=0
split_feature=75 75 10 61 5 63 89 24 22 10 39
split_gain=0.00224162 0.000350892 0.00031803 0.000164061 0.000229238 8.0492e-05 3.79469e-05 3.4664e-05 2.03887e-05 8.65675e-06 7.18318e-07
threshold=-0.57000428327576291 -0.078618600011751014 -0.14461635678850343 -0.47473347906564595 -0.21067367577278426 0.095317395041392708 1.0000000180025095e-35 0.30998131197583778 -1.0000000180025095e-35 -0.027248473057771949 0.097871991666222694
decision_type=2 2 2 2 2 2 2 2 2 2 2
left_child=-1 2 -2 4 -3 -5 7 8 -7 10 -8
right_child=1 3 -4 5 -6 6 9 -9 -10 -11 -12
leaf_value=-0.0013158015053098401 0.00011701711143056548 0.00063141953432932485 -0.000611028604907915 0.00035271870438009458 5.3228061976066476e-05 0.00030693345858405025 -1.5985581073133892e-05 3.6028032554895609e-05 0.00013449939797283142 6.1674384051002581e-05 -5.058610986452549e-05
leaf_weight=2.9999999999999991 3 4 2.9999999999999991 3.0000000000000027 2.9999999999999991 3 3 5 4.0000000000000018 3.9999999999999982 3
leaf_count=3 3 4 3 3 3 3 3 5 4 4 3
internal_value=8.252e-13 0.000103879 -0.000247006 0.00016967 0.000383623 0.000109763 7.66328e-05 0.000136578 0.0002084 4.69825e-06 -3.32858e-05
internal_weight=41 38 6 32 7 25 22 12 7 10 6
internal_count=41 38 6 32 7 25 22 12 7 10 6
is_linear=0
shrinkage=0.05


Tree=141
num_leaves=12
num_cat=0
split_feature=10 26 76 5 19 54 36 62 14 3 38
split_gain=0.00217188 0.000494741 0.000168712 0.000157141 7.42023e-05 0.000100507 2.03429e-05 1.1112e-05 5.81639e-06 1.07638e-06 2.29232e-07
threshold=-1.3189379337224574 1.2720585270194256 -1.0021555194464102 -0.21067367577278426 0.7909725286830912 0.077373127170041536 -0.52845248860071514 1.1407379490150575 0.4047917784271225 0.63772163136932358 0.20387467856347977
decision_type=2 2 2 2 2 2 2 2 2 2 2
left_child=-1 2 3 -2 6 -6 -4 8 9 10 -8
right_child=1 -3 4 -5 5 -7 7 -9 -10 -11 -12
leaf_value=-0.0012951725046150388 0.0005283921444788574 -0.00051397645729593937 0.00016631735876823447 7.0657828958549859e-05 0.00039950126083567741 1.665261030818025e-05 4.3598790701556237e-06 0.000112420388419802 4.9619532364886258e-05 -4.2093945376109324e-05 -1.5186302092236773e-05
leaf_weight=2.9999999999999991 5.0000000000000009 2.9999999999999991 3.0000000000000027 2.9999999999999991 3.9999999999999991 3 3.0000000000000053 2.9999999999999991 4.9999999999999991 3 3
leaf_count=3 5 3 3 3 4 3 3 3 5 3 3
internal_value=-9.76043e-14 0.00010225 0.00015507 0.000356742 9.53153e-05 0.000235423 4.62775e-05 2.5094e-05 6.38118e-06 -1.76401e-05 -5.41321e-06
internal_weight=41 38 35 8 27 7 20 17 14 9 6
internal_count=41 38 35 8 27 7 20 17 14 9 6
is_linear=0
shrinkage=0.05


Tree=142
num_leaves=12
num_cat=0
split_feature=82 31 61 5 89 31 25 59 36 10 77
split_gain=0.00214642 0.000475986 0.000166997 0.000190248 6.85145e-05 6.41173e-05 2.06723e-05 1.19458e-05 8.65259e-06 3.54486e-06 8.79186e-07
threshold=-1.4043624712033482 1.844318609866801 -0.47473347906564595 -0.21067367577278426 -1.0000000180025095e-35 0.26769772388793583 -0.16637877782139571 -0.11251225106135473 -0.17652375554993327 -0.027248473057771949 1.0000000180025095e-35
decision_type=2 2 2 2 2 2 2 2 2 2 2
left_child=-1 2 3 -2 5 6 -4 -6 -8 10 -9
right_child=1 -3 4 -5 7 -7 8 9 -10 -11 -12
leaf_value=-0.0012875562766566874 0.00059763330500572909 -0.00050278474421550827 0.0002083783736452462 7.0902568889626616e-05 0.00010234189297383026 0.00031785538652911787 0.0001156924874521793 -5.1367516668202977e-05 3.3610352147661563e-06 3.4055719152092916e-05 -1.5560452811769207e-05
leaf_weight=2.9999999999999991 4 2.9999999999999991 2.9999999999999964 2.9999999999999991 3.0000000000000009 4.9999999999999991 2.9999999999999964 2.9999999999999991 4.0000000000000053 3.0000000000000009 4
leaf_count=3 4 3 3 3 3 5 3 3 4 3 4
internal_value=-9.76043e-14 0.000101649 0.000153458 0.000371892 9.88494e-05 0.000171662 9.85657e-05 1.48345e-05 5.15031e-05 -1.14177e-05 -3.09063e-05
internal_weight=41 38 35 7 28 15 10 13 7 10 7
internal_count=41 38 35 7 28 15 10 13 7 10 7
is_linear=0
shrinkage=0.05


Tree=143
num_leaves=13
num_cat=0
split_feature=35 16 61 42 63 41 39 67 5 47 40 23
split_gain=0.00206573 0.00031444 0.000210095 0.000105206 7.64716e-05 3.79912e-05 1.56176e-05 1.20675e-05 7.81551e-06 5.87064e-06 1.16264e-06 9.97486e-07
threshold=-0.85884591277627387 1.3384685607502518 -0.47473347906564595 1.0000000180025095e-35 0.095317395041392708 -0.85289465923710661 0.14367154181019873 1.7108425301081198 -0.18632864678649466 -0.32954524686720571 1.0000000180025095e-35 -0.26602746868202626
decision_type=2 2 2 2 2 2 2 2 2 2 2 2
left_child=-1 2 3 -2 -4 6 -6 8 10 -10 -7 -11
right_child=1 -3 4 -5 5 7 -8 -9 9 11 -12 -13
leaf_value=-0.0012631239835172892 0.00062692207284271724 -0.0003196103803929873 0.00033005201257765257 0.00020818110763987831 9.1909816061767332e-05 -1.0974660699503129e-05 0.0002532456535845994 0.00012028084602206947 -1.5287975717607541e-05 4.9989190301857774e-05 -5.2151338119680674e-05 9.0762666271379007e-05
leaf_weight=2.9999999999999991 2.9999999999999991 3.9999999999999991 3.0000000000000027 3 3.0000000000000027 4.0000000000000062 3 2.9999999999999991 3.0000000000000062 3.0000000000000062 3 2.9999999999999858
leaf_count=3 3 4 3 3 3 4 3 3 3 3 3 3
internal_value=9.62733e-13 9.97203e-05 0.000149053 0.000417552 9.1518e-05 6.28939e-05 0.000172578 2.82569e-05 1.10024e-05 4.18213e-05 -2.86218e-05 7.03759e-05
internal_weight=41 38 34 6 28 25 6 19 16 9 7 6
internal_count=41 38 34 6 28 25 6 19 16 9 7 6
is_linear=0
shrinkage=0.05


Tree=144
num_leaves=11
num_cat=0
split_feature=76 20 69 33 47 32 85 48 0 76
split_gain=0.00199295 0.000347952 0.000214176 6.91563e-05 5.06493e-05 1.36355e-05 1.78072e-05 2.53243e-06 2.02728e-06 6.76388e-07
threshold=-1.569839071320869 1.5438880793171643 -0.63697287031417382 0.93914265483505155 -0.32954524686720571 -0.072479256268767736 -0.24213551593892299 -0.83996347153299367 0.61531171326305711 0.77851375520763855
decision_type=2 2 2 2 2 2 2 2 2 2
left_child=-1 2 4 5 -2 7 8 -4 -7 -9
right_child=1 -3 3 -5 -6 6 -8 9 -10 -11
leaf_value=-0.0012406738639886804 0.00023431450827047221 -0.00041883860370338274 3.8303299515973766e-05 0.00024893413763493304 0.00050609293975867331 9.0009474661201266e-05 -1.0250016566715195e-05 -3.1436873086931865e-06 0.00013776605948805808 -3.4550681205776818e-05
leaf_weight=2.9999999999999991 3 2.9999999999999991 3 4.9999999999999991 3.9999999999999991 3.9999999999999982 4.0000000000000027 4.0000000000000018 5 3
leaf_count=3 3 3 3 5 4 4 4 4 5 3
internal_value=-4.7693e-12 9.79479e-05 0.000142244 8.04008e-05 0.000389616 4.37631e-05 7.75283e-05 -1.31689e-07 0.000116541 -1.66038e-05
internal_weight=41 38 35 28 7 23 13 10 9 7
internal_count=41 38 35 28 7 23 13 10 9 7
is_linear=0
shrinkage=0.05


Tree=145
num_leaves=12
num_cat=0
split_feature=16 26 76 24 30 20 28 8 37 43 17
split_gain=0.00193462 0.000434279 0.000169666 9.753e-05 6.55803e-05 7.62841e-05 1.8987e-05 1.61295e-05 1.1622e-05 2.14122e-06 9.20523e-07
threshold=-1.7284541983928929 1.2720585270194256 -1.0021555194464102 0.82316361326718435 0.58482703831649341 -0.5123198651645724 -0.10480116582198383 -0.26770797591583412 -0.034175507137468045 0.42793734227565744 0.14826395812449597
decision_type=2 2 2 2 2 2 2 2 2 2 2
left_child=-1 2 3 -2 6 -6 7 -4 -9 -10 -8
right_child=1 -3 4 -5 5 -7 10 8 9 -11 -12
leaf_value=-0.0012223818028966587 0.00020453388497116977 -0.00048084192094393079 -2.2380235895980137e-05 0.00058166946594913782 8.0539949476587925e-05 0.00041407790655891106 -4.7654093577875722e-06 0.00019233992012838511 5.1073688518954433e-05 0.00010280883288942276 -4.1404584771953515e-05
leaf_weight=2.9999999999999991 3.9999999999999991 2.9999999999999991 3.0000000000000009 3 4 2.9999999999999991 4.0000000000000027 3.0000000000000009 4 4 3
leaf_count=3 4 3 3 3 4 3 4 3 4 4 3
internal_value=7.40905e-13 9.65038e-05 0.000145991 0.000366163 9.09474e-05 0.000223485 4.67683e-05 8.03864e-05 0.000108414 7.69413e-05 -2.04679e-05
internal_weight=41 38 35 7 28 7 21 14 11 8 7
internal_count=41 38 35 7 28 7 21 14 11 8 7
is_linear=0
shrinkage=0.05


Tree=146
num_leaves=12
num_cat=0
split_feature=75 17 61 21 21 36 90 77 23 42 28
split_gain=0.00188364 0.000287447 0.000205372 0.000125593 6.86282e-05 1.89521e-05 7.41252e-06 7.86021e-06 5.3183e-06 1.97265e-06 3.41298e-07
threshold=-0.57000428327576291 0.91102692792083517 -0.42002062214995012 0.44870550398565684 -1.1613846848418459 -0.7003354554292166 1.0296915381828857 -0.064766726055571724 -0.034043097541359084 1.0000000180025095e-35 0.34021421858357476
decision_type=2 2 2 2 2 2 2 2 2 2 2
left_child=-1 2 3 -2 -4 -6 7 8 9 -7 -9
right_child=1 -3 4 -5 5 6 -8 10 -10 -11 -12
leaf_value=-0.0012061704493438205 0.00062828736069301771 -0.00030570436010748383 0.00030528944528972115 0.00020032034226460379 0.00015099053853191423 9.2579270130954466e-06 -4.0692813733282196e-05 1.0445490200557579e-05 0.00010774932219646872 6.6596803177768974e-05 -1.3404681279401602e-05
leaf_weight=2.9999999999999991 2.9999999999999991 3.9999999999999991 2.9999999999999991 4 4.0000000000000027 3.0000000000000062 2.9999999999999991 3.0000000000000027 4.9999999999999991 3 3
leaf_count=3 3 4 3 4 4 3 3 3 5 3 3
internal_value=-1.4685e-12 9.5224e-05 0.000142392 0.000383735 7.98217e-05 5.16382e-05 3.17677e-05 4.45549e-05 6.96646e-05 3.79274e-05 -1.4796e-06
internal_weight=41 38 34 7 27 24 20 17 11 6 6
internal_count=41 38 34 7 27 24 20 17 11 6 6
is_linear=0
shrinkage=0.05


Tree=147
num_leaves=12
num_cat=0
split_feature=35 85 23 11 30 18 38 0 13 48 40
split_gain=0.00179702 0.000272102 0.000166286 0.00010516 8.75958e-05 6.56582e-05 1.10301e-05 6.54806e-06 3.99818e-06 1.45143e-06 1.31971e-06
threshold=-0.85884591277627387 -0.85435975191747338 -0.6767221580226811 0.22539959053665082 0.58482703831649341 -1.0000000180025095e-35 -0.48202232435338083 0.67048036464423977 0.11078215549415633 -0.83996347153299367 1.0000000180025095e-35
decision_type=2 2 2 2 2 2 2 2 2 2 2
left_child=-1 -2 3 -3 6 -6 -4 10 9 -9 -8
right_child=1 2 4 -5 5 -7 7 8 -10 -11 -12
leaf_value=-0.0011781080548341075 -0.00036399274831637744 0.0005811043859769901 9.8871503723785227e-05 0.00016245605365838853 0.00010404620879853608 0.0004134837693224351 -2.7935285470448401e-06 4.2619482458879501e-05 -3.4831210238432195e-06 9.1803382383659596e-05 -4.4741338933818034e-05
leaf_weight=2.9999999999999991 2.9999999999999991 2.9999999999999991 5.0000000000000027 3 4 2.9999999999999991 5.0000000000000053 3.0000000000000027 3 2.9999999999999956 3
leaf_count=3 3 3 5 3 4 3 5 3 3 3 3
internal_value=3.49157e-12 9.30085e-05 0.00013218 0.00037178 8.26076e-05 0.000236662 3.35902e-05 1.43899e-05 4.36466e-05 6.72114e-05 -1.8524e-05
internal_weight=41 38 35 6 29 7 22 17 9 6 8
internal_count=41 38 35 6 29 7 22 17 9 6 8
is_linear=0
shrinkage=0.05


Tree=148
num_leaves=11
num_cat=0
split_feature=82 31 76 30 42 72 28 34 17 13
split_gain=0.00176565 0.000405441 0.000149469 0.000159799 8.05096e-05 1.98942e-05 9.66784e-06 7.56702e-06 2.18656e-06 3.12646e-07
threshold=-1.4043624712033482 1.844318609866801 1.0000000180025095e-35 -0.69464335212418094 0.57459416280552478 0.53215664918212624 -1.0000000180025095e-35 0.85777997987272092 -0.29511975248625238 -0.33671898563755198
decision_type=2 2 2 2 2 2 2 2 2 2
left_child=-1 2 3 -2 -5 6 7 8 -4 -8
right_child=1 -3 5 4 -6 -7 9 -9 -10 -11
leaf_value=-0.00116777994359533 0.00053365073981694879 -0.0004656545080554982 0.00012424075199911989 1.7848555871751165e-05 0.00030159062938764689 0.00014269894600147382 -3.3151786192320279e-05 5.2745221182703958e-06 6.387301060991982e-05 -1.0324697844528885e-05
leaf_weight=2.9999999999999991 3.9999999999999991 2.9999999999999991 3 4.9999999999999982 5 4.9999999999999991 3 4 3 3.0000000000000044
leaf_count=3 4 3 3 5 5 5 3 4 3 3
internal_value=4.50754e-12 9.21932e-05 0.000140009 0.000266557 0.00015972 5.56431e-05 2.84381e-05 5.85439e-05 9.40569e-05 -2.17382e-05
internal_weight=41 38 35 14 10 21 16 10 6 6
internal_count=41 38 35 14 10 21 16 10 6 6
is_linear=0
shrinkage=0.05


Tree=149
num_leaves=12
num_cat=0
split_feature=66 26 76 5 19 54 28 8 12 43 12
split_gain=0.00173199 0.000379291 0.00013919 0.000101834 7.18371e-05 9.75403e-05 8.87204e-06 8.94166e-06 6.72733e-06 2.30222e-06 2.87252e-07
threshold=-0.86704174366281228 1.2720585270194256 -1.0021555194464102 -0.21067367577278426 0.7909725286830912 0.077373127170041536 -1.0000000180025095e-35 -0.26770797591583412 -0.63272149801129818 0.42793734227565744 0.32941259989652366
decision_type=2 2 2 2 2 2 2 2 2 2 2
left_child=-1 2 3 -2 6 -6 7 -4 -9 -10 -8
right_child=1 -3 4 -5 5 -7 10 8 9 -11 -12
leaf_value=-0.0011565955472178757 0.00045891852118074884 -0.00044824738870374858 -1.9682088653401771e-05 9.0436194538294029e-05 0.00038277744315564635 5.6220441668604796e-06 -4.8964170370406111e-06 0.00014155434134105834 3.2980265023070383e-05 8.8384419602031492e-05 -2.6776864736651374e-05
leaf_weight=2.9999999999999991 5.0000000000000009 2.9999999999999991 3.0000000000000009 2.9999999999999991 3.9999999999999991 3 3.0000000000000027 3.0000000000000009 5 3 3
leaf_count=3 5 3 3 3 4 3 3 3 5 3 3
internal_value=-5.27951e-12 9.13102e-05 0.000137558 0.000320738 8.32825e-05 0.000221139 3.50326e-05 5.68337e-05 7.77016e-05 5.37568e-05 -1.58366e-05
internal_weight=41 38 35 8 27 7 20 14 11 8 6
internal_count=41 38 35 8 27 7 20 14 11 8 6
is_linear=0
shrinkage=0.05


Tree=150
num_leaves=11
num_cat=0
split_feature=40 82 69 2 89 35 89 33 31 77
split_gain=0.00169556 0.000252365 0.000157292 8.38849e-05 4.24265e-05 3.2255e-05 1.89867e-05 5.72273e-06 2.75581e-06 4.90552e-07
threshold=-1.5094517824273612 1.462944067915849 -0.63697287031417382 -0.67064670716018837 -1.0000000180025095e-35 -1.0000000180025095e-35 -0.63801057478701384 0.71815670838315648 0.26769772388793583 -1.0000000180025095e-35
decision_type=2 2 2 2 2 2 2 2 2 2
left_child=-1 2 3 -2 5 6 -4 8 9 -6
right_child=1 -3 4 -5 7 -7 -8 -9 -10 -11
leaf_value=-0.0011443688456589977 0.00011377448439210025 -0.00034977037187976148 1.7953471542568876e-05 0.00044820914976298807 -4.0921164327301126e-05 0.00025355249235872181 0.000164104241412133 7.1188235112155476e-05 2.6387637990410437e-05 -1.4174429270497036e-05
leaf_weight=2.9999999999999991 3.0000000000000009 2.9999999999999991 4.9999999999999991 4.9999999999999991 2.9999999999999964 3.9999999999999991 3.9999999999999991 2.9999999999999991 4 4.0000000000000053
leaf_count=3 3 3 5 5 3 4 4 3 4 4
internal_value=-2.69743e-12 9.03449e-05 0.000128069 0.000322796 7.03722e-05 0.000135415 8.29094e-05 9.97529e-06 -6.71915e-06 -2.56373e-05
internal_weight=41 38 35 8 27 13 9 14 11 7
internal_count=41 38 35 8 27 13 9 14 11 7
is_linear=0
shrinkage=0.05


Tree=151
num_leaves=12
num_cat=0
split_feature=75 75 10 61 5 63 46 33 83 48 40
split_gain=0.00162635 0.000254419 0.000213248 0.000122264 0.000168202 5.82221e-05 2.99855e-05 2.97374e-05 1.31199e-05 4.64714e-06 6.10663e-07
threshold=-0.57000428327576291 -0.078618600011751014 -0.14461635678850343 -0.47473347906564595 -0.21067367577278426 0.09843632237247045 -1.0983157386488569 0.93914265483505155 -0.097189141349130162 -0.74232672986200965 1.0000000180025095e-35
decision_type=2 2 2 2 2 2 2 2 2 2 2
left_child=-1 2 -2 4 -3 7 -7 -5 10 -10 -8
right_child=1 3 -4 5 -6 6 8 -9 9 -11 -12
leaf_value=-0.0011207681071634093 8.7783586544295131e-05 0.00054146193433552976 -0.0005083818950879504 0.00011725721609157807 4.6190425928216433e-05 0.00019496867898851611 -8.7529417214682319e-06 0.00033988311576346546 2.9878167697461319e-05 0.00010609445889713247 -3.6381340760271992e-05
leaf_weight=2.9999999999999991 3 4 2.9999999999999991 3.0000000000000027 2.9999999999999991 3.0000000000000027 4 3 4 3.9999999999999973 4
leaf_count=3 3 4 3 3 3 3 4 3 4 4 4
internal_value=4.31677e-12 8.84817e-05 -0.000210299 0.000144503 0.000329203 9.27872e-05 4.99084e-05 0.00022857 2.27096e-05 6.79863e-05 -2.25671e-05
internal_weight=41 38 6 32 7 25 19 6 16 8 8
internal_count=41 38 6 32 7 25 19 6 16 8 8
is_linear=0
shrinkage=0.05


Tree=152
num_leaves=12
num_cat=0
split_feature=80 26 76 5 19 54 16 10 55 59 40
split_gain=0.00156891 0.000337055 0.000119381 9.13878e-05 5.63497e-05 8.16301e-05 9.20257e-06 6.44645e-06 2.35723e-06 1.46337e-06 3.69667e-07
threshold=-0.9077348392975686 1.2720585270194256 -1.0021555194464102 -0.21067367577278426 0.7909725286830912 0.077373127170041536 -0.60718949840488246 -0.027248473057771949 0.25608667250531797 0.038204674801895842 -1.0000000180025095e-35
decision_type=2 2 2 2 2 2 2 2 2 2 2
left_child=-1 2 3 -2 6 -6 -4 9 -9 -8 -11
right_child=1 -3 4 -5 5 -7 7 8 -10 10 -12
leaf_value=-0.0011008012418945632 0.00043104850687086571 -0.00042172472846383857 0.00010533645145187612 8.1977804074995231e-05 0.00035020151990465824 5.174164349834123e-06 2.1068711369783431e-05 2.302863067598081e-05 8.1659907300490867e-05 -9.2898514897872878e-06 -3.4111439405630065e-05
leaf_weight=2.9999999999999991 5.0000000000000009 2.9999999999999991 4.0000000000000027 2.9999999999999991 3.9999999999999991 3 3.0000000000000036 3.0000000000000009 4 3.0000000000000036 2.9999999999999964
leaf_count=3 5 3 4 3 4 3 3 3 4 3 3
internal_value=4.79592e-12 8.69054e-05 0.000130502 0.000300147 8.02371e-05 0.000202333 3.75037e-05 2.05455e-05 5.65322e-05 -7.44419e-06 -2.17006e-05
internal_weight=41 38 35 8 27 7 20 16 7 9 6
internal_count=41 38 35 8 27 7 20 16 7 9 6
is_linear=0
shrinkage=0.05


Tree=153
num_leaves=12
num_cat=0
split_feature=35 16 61 42 42 52 51 32 77 40 21
split_gain=0.00154986 0.000244115 0.000148242 9.12402e-05 5.34615e-05 2.20667e-05 1.05094e-05 9.31931e-06 2.30774e-06 1.73762e-06 4.84054e-07
threshold=-0.85884591277627387 1.3384685607502518 -0.47473347906564595 1.0000000180025095e-35 1.1651276190943898 0.77068078106227611 -0.20442529797353867 -0.072479256268767736 -0.76482437014031623 0.25458891268831424 0.44870550398565684
decision_type=2 2 2 2 2 2 2 2 2 2 2
left_child=-1 2 3 -2 5 6 7 8 -4 -9 -8
right_child=1 -3 4 -5 -6 -7 10 9 -10 -11 -12
leaf_value=-0.0010940958435336748 0.0005503601860255003 -0.00028309899198575295 -1.3610686452617891e-05 0.00016040243111395584 0.00025074800068978223 0.00016051420097937808 -2.9963246197439707e-06 7.8616330089668389e-05 4.8407265179169665e-05 0.00013243112480267879 -2.8401162126101543e-05
leaf_weight=2.9999999999999991 2.9999999999999991 3.9999999999999991 3.0000000000000027 3 3.9999999999999991 3.9999999999999991 5.0000000000000036 3.0000000000000009 3 3 3
leaf_count=3 3 4 3 3 4 4 5 3 3 3 3
internal_value=3.68124e-12 8.6376e-05 0.000129844 0.000355381 8.15141e-05 5.33085e-05 3.18673e-05 6.1461e-05 1.73983e-05 0.000105524 -1.25231e-05
internal_weight=41 38 34 6 28 24 20 12 6 6 8
internal_count=41 38 34 6 28 24 20 12 6 6 8
is_linear=0
shrinkage=0.05


Tree=154
num_leaves=11
num_cat=0
split_feature=82 31 76 30 42 54 30 32 10 16
split_gain=0.00152225 0.000340844 0.000118175 0.00014213 5.74309e-05 1.63227e-05 2.06516e-05 5.41301e-06 1.1221e-06 4.2475e-07
threshold=-1.4043624712033482 1.844318609866801 1.0000000180025095e-35 -0.69464335212418094 0.57459416280552478 0.35470226367472457 0.58482703831649341 1.0000000180025095e-35 -0.18650719772965199 -0.060205267779525416
decision_type=2 2 2 2 2 2 2 2 2 2
left_child=-1 2 3 -2 -5 6 7 9 -7 -4
right_child=1 -3 5 4 -6 8 -8 -9 -10 -11
leaf_value=-0.0010843068516502778 0.00049386235768906779 -0.00042587772089367111 2.8214845709347504e-05 2.1386553853517402e-05 0.0002610340609680861 6.3524712459184221e-06 0.00017959796823561192 8.5352408350445328e-05 -3.6893005017191172e-05 1.6081564429744772e-06
leaf_weight=2.9999999999999991 3.9999999999999991 2.9999999999999991 2.9999999999999964 4.9999999999999982 5 3 3.9999999999999991 5 2.9999999999999991 3.0000000000000053
leaf_count=3 4 3 3 5 5 3 4 5 3 3
internal_value=2.61147e-12 8.56032e-05 0.000129444 0.000241968 0.00014121 5.44286e-05 8.23082e-05 4.69301e-05 -1.52703e-05 1.49115e-05
internal_weight=41 38 35 14 10 21 15 11 6 6
internal_count=41 38 35 14 10 21 15 11 6 6
is_linear=0
shrinkage=0.05


Tree=155
num_leaves=12
num_cat=0
split_feature=76 20 69 33 47 36 44 32 4 10 12
split_gain=0.00146384 0.000267659 0.000156553 5.11008e-05 4.22971e-05 1.36779e-05 6.25775e-06 7.53014e-06 1.38483e-06 1.15385e-06 2.31069e-07
threshold=-1.569839071320869 1.5438880793171643 -0.63697287031417382 0.93914265483505155 -0.32954524686720571 -0.7003354554292166 -0.38540733463927052 -0.072479256268767736 0.4733980595387231 -0.027248473057771949 0.32941259989652366
decision_type=2 2 2 2 2 2 2 2 2 2 2
left_child=-1 2 4 5 -2 -4 10 9 -9 -8 -7
right_child=1 -3 3 -5 -6 6 7 8 -10 -11 -12
leaf_value=-0.0010633021321458122 0.00019236789473022018 -0.0003693101049672502 0.00013798484966779731 0.00021479377988725901 0.0004407289903610945 -9.4152299425331662e-06 -1.8305910515437036e-05 0.00010415343373703476 5.9214157226961098e-05 2.2714712576998858e-05 -2.9039564348446817e-05
leaf_weight=2.9999999999999991 3 2.9999999999999991 3.0000000000000027 4.9999999999999991 3.9999999999999991 3.0000000000000062 3.0000000000000036 2.9999999999999947 4 4 3
leaf_count=3 3 3 3 5 4 3 3 3 4 4 3
internal_value=1.18886e-12 8.39449e-05 0.000122795 6.9922e-05 0.000334289 3.84282e-05 2.34947e-05 4.18041e-05 7.84738e-05 5.13445e-06 -1.92274e-05
internal_weight=41 38 35 28 7 23 20 14 7 7 6
internal_count=41 38 35 28 7 23 20 14 7 7 6
is_linear=0
shrinkage=0.05


Tree=156
num_leaves=12
num_cat=0
split_feature=16 26 76 16 19 54 37 50 34 86 11
split_gain=0.00138785 0.00029603 0.000121014 4.98353e-05 4.94944e-05 7.76871e-05 1.32698e-05 4.56637e-06 3.63878e-06 2.06967e-06 1.25061e-07
threshold=-1.7284541983928929 1.2720585270194256 -1.0021555194464102 0.55664355447904434 0.7909725286830912 0.077373127170041536 -0.23677806502199736 0.13516322804401559 0.7033273665498142 -0.21556833810257228 1.0000000180025095e-35
decision_type=2 2 2 2 2 2 2 2 2 2 2
left_child=-1 2 3 -2 6 -6 -4 10 -9 -10 -8
right_child=1 -3 4 -5 5 -7 7 8 9 -11 -12
leaf_value=-0.0010353346432869634 0.00042407598812133074 -0.00039493483491241936 0.00013508543294544006 0.00015449034399352964 0.00033550260122865443 -1.0886549716815349e-06 -6.8946622680717295e-06 7.8247237252071503e-05 1.4111852578935197e-07 5.2672636229544946e-05 -2.1331924654077734e-05
leaf_weight=2.9999999999999991 3.9999999999999991 2.9999999999999991 3.0000000000000027 3 3.9999999999999991 3 3.0000000000000062 3.9999999999999991 5.0000000000000044 2.9999999999999956 3
leaf_count=3 4 3 3 3 4 3 3 4 5 3 3
internal_value=-5.30169e-13 8.17369e-05 0.000122595 0.000308539 7.61083e-05 0.000191249 3.7728e-05 2.15018e-05 3.93094e-05 1.98404e-05 -1.41133e-05
internal_weight=41 38 35 7 28 7 21 18 12 8 6
internal_count=41 38 35 7 28 7 21 18 12 8 6
is_linear=0
shrinkage=0.05


Tree=157
num_leaves=12
num_cat=0
split_feature=35 48 73 23 11 89 6 51 33 54 26
split_gain=0.00136397 0.000218025 0.000158458 0.000113491 7.93777e-05 5.2567e-05 3.78129e-05 1.73701e-05 6.86461e-06 1.83143e-06 8.99156e-07
threshold=-0.85884591277627387 -0.83996347153299367 -0.082908108965505239 -0.6767221580226811 0.22539959053665082 -1.0000000180025095e-35 -0.13677497563562044 -0.33102071998422694 0.71815670838315648 0.63540483288778027 0.25292726897159495
decision_type=2 2 2 2 2 2 2 2 2 2 2
left_child=-1 2 -2 4 -3 6 7 -5 9 10 -7
right_child=1 3 -4 5 -6 8 -8 -9 -10 -11 -12
leaf_value=-0.0010263891580204168 6.1395849722127111e-05 0.00051076742820441721 -0.00045250705176537551 0.00016403137473389518 0.00014704195637023072 -5.2238867889779267e-06 0.0002866632770746945 2.4240764105343256e-05 8.2896964158862829e-05 -2.9545702454925044e-05 3.3487781668857977e-05
leaf_weight=2.9999999999999991 3 2.9999999999999991 2.9999999999999991 4.9999999999999964 3 3.0000000000000018 4.0000000000000009 4 2.9999999999999991 4 3
leaf_count=3 3 3 3 5 3 3 4 4 3 4 3
internal_value=-2.94588e-12 8.10307e-05 -0.000195556 0.000132891 0.000328905 8.76566e-05 0.000158752 0.000101902 1.65615e-05 -3.33911e-06 1.41319e-05
internal_weight=41 38 6 32 6 26 13 9 13 10 6
internal_count=41 38 6 32 6 26 13 9 13 10 6
is_linear=0
shrinkage=0.05


Tree=158
num_leaves=10
num_cat=0
split_feature=75 85 61 30 89 28 51 4 28
split_gain=0.00134427 0.00020635 0.000124277 0.000126668 2.0462e-05 1.09295e-05 5.43049e-06 3.15099e-06 1.99295e-06
threshold=-0.57000428327576291 -0.85435975191747338 -0.42002062214995012 -0.69464335212418094 -1.0000000180025095e-35 -1.0000000180025095e-35 -0.48117230273366496 0.4733980595387231 -1.0000000180025095e-35
decision_type=2 2 2 2 2 2 2 2 2
left_child=-1 -2 3 -3 5 6 -4 -6 -9
right_child=1 2 4 -5 7 -7 -8 8 -10
leaf_value=-0.0010189494661365947 -0.00031752986057351034 0.00044147845823317756 0.00011792268342105673 8.5573560791090149e-05 -1.9630559618235554e-05 0.00018469860078766944 3.9760632353136317e-05 5.0298366113565888e-05 -1.2502548997872495e-06
leaf_weight=2.9999999999999991 2.9999999999999991 5 3.9999999999999991 4.9999999999999982 5.0000000000000027 2.9999999999999991 4.9999999999999991 4.9999999999999973 3.0000000000000027
leaf_count=3 3 5 4 5 5 3 5 5 3
internal_value=1.9654e-12 8.04434e-05 0.000114555 0.000263526 5.49671e-05 0.000102049 7.44993e-05 1.15068e-05 3.09676e-05
internal_weight=41 38 35 10 25 12 9 13 8
internal_count=41 38 35 10 25 12 9 13 8
is_linear=0
shrinkage=0.05


Tree=159
num_leaves=11
num_cat=0
split_feature=82 31 76 30 42 54 30 36 8 6
split_gain=0.00129538 0.000290744 0.0001175 0.000114471 5.70146e-05 1.3649e-05 1.39191e-05 2.88014e-06 1.03938e-06 7.40973e-07
threshold=-1.4043624712033482 1.844318609866801 1.0000000180025095e-35 -0.69464335212418094 0.57459416280552478 0.35470226367472457 0.58482703831649341 -0.2324660938463031 -0.26770797591583412 -0.23848341611596011
decision_type=2 2 2 2 2 2 2 2 2 2
left_child=-1 2 3 -2 -5 6 7 -4 -7 -9
right_child=1 -3 5 4 -6 8 -8 9 -10 -11
leaf_value=-0.0010002491530030967 0.00045771998702548444 -0.00039342943152102339 8.2886078356144441e-05 2.184763936384116e-05 0.00026062488323077556 -3.9888970786705602e-05 0.00015002329018898308 3.722603840287778e-05 1.7320096958428622e-06 5.7941467881997999e-06
leaf_weight=2.9999999999999991 3.9999999999999991 2.9999999999999991 2.9999999999999956 4.9999999999999982 5 3 3.9999999999999991 4.9999999999999956 2.9999999999999991 3.0000000000000098
leaf_count=3 4 3 3 5 5 3 4 5 3 3
internal_value=-1.16016e-12 7.8967e-05 0.000119458 0.00023166 0.000141236 4.46568e-05 7.01509e-05 4.11064e-05 -1.90785e-05 2.54391e-05
internal_weight=41 38 35 14 10 21 15 11 6 8
internal_count=41 38 35 14 10 21 15 11 6 8
is_linear=0
shrinkage=0.05


Tree=160
num_leaves=12
num_cat=0
split_feature=40 48 16 5 69 89 66 33 33 54 26
split_gain=0.00126224 0.000196396 0.000136839 0.000119232 5.43916e-05 4.5399e-05 3.71933e-05 7.74762e-06 3.53589e-06 1.62399e-06 6.36574e-07
threshold=-1.5094517824273612 -0.83996347153299367 -1.0000000180025095e-35 -0.48654131161114339 -0.49525421308722845 -1.0000000180025095e-35 -1.0000000180025095e-35 0.71815670838315648 -0.33479620672650295 0.35470226367472457 0.25292726897159495
decision_type=2 2 2 2 2 2 2 2 2 2 2
left_child=-1 2 -2 4 -3 6 8 9 -5 10 -7
right_child=1 3 -4 5 -6 7 -8 -9 -10 -11 -12
leaf_value=-0.00098736975342035289 5.4222294905533381e-05 0.00039532564580440515 -0.00042333893943578008 0.00012046392366755752 0.00012602633505594 -4.8447684397008954e-06 0.00030011155953009938 8.4552209591493019e-05 4.8655069015997765e-05 -2.7141745085828e-05 2.772756658184031e-05
leaf_weight=2.9999999999999991 3 5 2.9999999999999991 4 2.9999999999999956 3.0000000000000053 2.9999999999999982 2.9999999999999991 3 5 3
leaf_count=3 3 5 3 4 3 3 3 3 3 5 3
internal_value=-1.9898e-12 7.79502e-05 -0.000184558 0.000127171 0.000294338 7.1448e-05 0.000152816 1.33283e-05 8.96887e-05 -6.09639e-06 1.14414e-05
internal_weight=41 38 6 32 8 24 10 14 7 11 6
internal_count=41 38 6 32 8 24 10 14 7 11 6
is_linear=0
shrinkage=0.05


Tree=161
num_leaves=12
num_cat=0
split_feature=10 26 76 5 89 1 88 77 33 31 68
split_gain=0.00121535 0.000256226 9.27915e-05 6.40461e-05 4.26515e-05 5.94593e-05 1.11222e-05 5.48671e-06 4.40096e-06 1.86384e-06 3.91154e-07
threshold=-1.3189379337224574 1.2720585270194256 -1.0021555194464102 -0.21067367577278426 -1.0000000180025095e-35 -1.0000000180025095e-35 1.0000000180025095e-35 -0.19042059801362052 0.71815670838315648 0.26769772388793583 -1.0000000180025095e-35
decision_type=2 2 2 2 2 2 2 2 2 2 2
left_child=-1 2 3 -2 5 6 7 -4 9 10 -6
right_child=1 -3 4 -5 8 -7 -8 -9 -10 -11 -12
leaf_value=-0.00096885876458448683 0.00037364831194281568 -0.00036697975786713268 8.0646663263905793e-05 8.1424519885331398e-05 -3.0805723508819961e-05 0.0003306306044881543 0.00015737889722610511 -8.8042012066580352e-06 6.3308821214983857e-05 2.2215117201085374e-05 -6.9219975557643774e-06
leaf_weight=2.9999999999999991 5.0000000000000009 2.9999999999999991 3.9999999999999991 2.9999999999999991 3.9999999999999964 2.9999999999999991 3 2.9999999999999991 2.9999999999999991 4 3.0000000000000053
leaf_count=3 5 3 4 3 4 3 3 3 3 4 3
internal_value=3.71562e-12 7.64889e-05 0.0001145 0.000264064 7.01852e-05 0.0001354 7.68311e-05 4.23106e-05 9.62843e-06 -5.01167e-06 -2.05698e-05
internal_weight=41 38 35 8 27 13 10 7 14 11 7
internal_count=41 38 35 8 27 13 10 7 14 11 7
is_linear=0
shrinkage=0.05


Tree=162
num_leaves=12
num_cat=0
split_feature=35 16 61 42 42 83 48 75 54 6 39
split_gain=0.00119131 0.000187006 0.000121509 8.238e-05 3.67291e-05 1.65157e-05 9.80658e-06 5.52744e-06 3.34538e-06 1.93614e-06 4.80297e-07
threshold=-0.85884591277627387 1.3384685607502518 -0.47473347906564595 1.0000000180025095e-35 1.1651276190943898 -0.097189141349130162 -0.5387443204516108 -0.015148603741321081 0.077373127170041536 -0.23848341611596011 0.097871991666222694
decision_type=2 2 2 2 2 2 2 2 2 2 2
left_child=-1 2 3 -2 5 7 -7 9 -8 -4 -9
right_child=1 -3 4 -5 -6 6 8 10 -10 -11 -12
leaf_value=-0.00095922686935712902 0.00050323486017684151 -0.00024765364323684483 7.2103994898498042e-05 0.00013269480647674448 0.00021029025228926914 4.001448092594728e-05 9.7491646495958092e-05 -6.5758977143559554e-06 0.00017216185418268042 1.5298141321788227e-05 -3.3041581627912815e-05
leaf_weight=2.9999999999999991 2.9999999999999991 3.9999999999999991 3 3 3.9999999999999991 5 3.0000000000000018 3.0000000000000018 3 3 4
leaf_count=3 3 4 3 3 4 5 3 3 3 3 4
internal_value=3.0188e-12 7.57284e-05 0.000113773 0.000317965 7.00181e-05 4.66394e-05 9.17303e-05 8.48557e-06 0.000134827 4.37011e-05 -2.16991e-05
internal_weight=41 38 34 6 28 24 11 13 6 6 7
internal_count=41 38 34 6 28 24 11 13 6 6 7
is_linear=0
shrinkage=0.05


Tree=163
num_leaves=11
num_cat=0
split_feature=75 85 61 30 46 83 34 65 28 1
split_gain=0.00114518 0.000186982 0.000111867 0.00010544 1.54626e-05 9.09628e-06 4.48936e-06 2.24245e-06 1.10037e-06 1.08522e-06
threshold=-0.57000428327576291 -0.85435975191747338 -0.42002062214995012 -0.69464335212418094 -1.0983157386488569 -0.097189141349130162 0.7033273665498142 -0.081678324331111912 1.0000000180025095e-35 -0.41170648260761583
decision_type=2 2 2 2 2 2 2 2 2 2
left_child=-1 -2 3 -3 -4 7 -7 8 -6 -8
right_child=1 2 4 -5 5 6 9 -9 -10 -11
leaf_value=-0.00094047277234494693 -0.00030458804491596917 0.00041041460819542399 0.0001566702189544837 8.5699685732834062e-05 4.5533704299790166e-05 0.00010280537419021124 5.9919600607827287e-05 -2.1217163885012254e-05 2.7090469908822943e-06 1.739074189875585e-05
leaf_weight=2.9999999999999991 2.9999999999999991 5 2.9999999999999991 4.9999999999999982 2.9999999999999991 5.0000000000000018 3 5.0000000000000027 3 3
leaf_count=3 3 5 3 5 3 5 3 5 3 3
internal_value=1.86335e-13 7.42479e-05 0.000106719 0.000248057 5.01844e-05 3.56637e-05 6.78144e-05 3.51295e-06 2.41214e-05 3.86552e-05
internal_weight=41 38 35 10 25 22 11 11 6 6
internal_count=41 38 35 10 25 22 11 11 6 6
is_linear=0
shrinkage=0.05


Tree=164
num_leaves=11
num_cat=0
split_feature=82 31 76 30 42 64 0 59 89 28
split_gain=0.00112081 0.000248731 9.98399e-05 9.96239e-05 4.71249e-05 1.40746e-05 7.28203e-06 7.21386e-06 2.14253e-06 4.11588e-07
threshold=-1.4043624712033482 1.844318609866801 1.0000000180025095e-35 -0.69464335212418094 0.57459416280552478 -0.30573579136824486 0.90718378348810547 0.087910860692973422 -1.0000000180025095e-35 1.4397366160453238
decision_type=2 2 2 2 2 2 2 2 2 2
left_child=-1 2 3 -2 -5 6 -4 8 -7 -9
right_child=1 -3 5 4 -6 7 -8 9 -10 -11
leaf_value=-0.00093041192740201957 0.00042522294679656628 -0.00036348085268400609 0.00014400734507944435 2.1434347363538116e-05 0.00023851703386753794 7.7497431387504013e-05 4.0955785273884726e-05 -4.1529873851686719e-05 2.4049236417340552e-05 -1.5338641605922015e-05
leaf_weight=2.9999999999999991 3.9999999999999991 2.9999999999999991 3.9999999999999991 4.9999999999999982 5 2.9999999999999964 3 2.9999999999999991 5.0000000000000053 3
leaf_count=3 4 3 4 5 5 3 3 3 5 3
internal_value=4.65839e-13 7.34536e-05 0.000110905 0.000214332 0.000129976 4.19538e-05 9.98424e-05 1.30095e-05 4.40923e-05 -2.84343e-05
internal_weight=41 38 35 14 10 21 7 14 8 6
internal_count=41 38 35 14 10 21 7 14 8 6
is_linear=0
shrinkage=0.05


Tree=165
num_leaves=12
num_cat=0
split_feature=66 26 76 5 19 54 12 77 47 22 5
split_gain=0.00108678 0.000226024 7.70155e-05 6.02118e-05 4.0993e-05 6.82767e-05 6.53236e-06 7.35328e-06 2.21559e-06 7.71771e-07 5.33893e-07
threshold=-0.86704174366281228 1.2720585270194256 -1.0021555194464102 -0.21067367577278426 0.7909725286830912 0.077373127170041536 -0.23056763232619609 -0.064766726055571724 -0.6266203210856095 -0.30503181777029448 -0.12804498390988617
decision_type=2 2 2 2 2 2 2 2 2 2 2
left_child=-1 2 3 -2 6 -6 7 10 -8 -10 -4
right_child=1 -3 4 -5 5 -7 8 -9 9 -11 -12
leaf_value=-0.00091617668513208636 0.0003505418449640273 -0.00034418318149012829 0.00010970786097459493 6.7200342891737824e-05 0.0003070306673180312 -8.516736852470783e-06 -2.6189830896328198e-05 7.27339497643697e-06 3.9783271495252842e-05 3.9184571505757017e-06 7.9877969498435642e-05
leaf_weight=2.9999999999999991 5.0000000000000009 2.9999999999999991 3 2.9999999999999991 3.9999999999999991 3 4 4.0000000000000018 3 3.0000000000000018 3
leaf_count=3 5 3 3 3 4 3 4 4 3 3 3
internal_value=1.12245e-12 7.23297e-05 0.000108031 0.000244289 6.76581e-05 0.000171796 3.12098e-05 5.97851e-05 2.63459e-06 2.18509e-05 9.47929e-05
internal_weight=41 38 35 8 27 7 20 10 10 6 6
internal_count=41 38 35 8 27 7 20 10 10 6 6
is_linear=0
shrinkage=0.05


Tree=166
num_leaves=12
num_cat=0
split_feature=76 20 69 47 33 89 32 4 59 28 39
split_gain=0.00106012 0.000208582 0.000121456 3.51381e-05 3.37397e-05 1.18701e-05 5.66755e-06 1.94186e-06 1.29693e-06 1.03249e-06 3.48739e-07
threshold=-1.569839071320869 1.5438880793171643 -0.63697287031417382 -0.32954524686720571 0.93914265483505155 -1.0000000180025095e-35 1.0000000180025095e-35 0.4733980595387231 0.038204674801895842 1.0000000180025095e-35 0.097871991666222694
decision_type=2 2 2 2 2 2 2 2 2 2 2
left_child=-1 2 3 -2 5 6 -4 10 -8 -9 -7
right_child=1 -3 4 -5 -6 7 8 9 -10 -11 -12
leaf_value=-0.00090487326184908543 0.0001626632331560055 -0.00032868278115832559 1.702803347143343e-05 0.00038903261302039029 0.0001768797036493197 -6.7503732376887089e-06 0.0001178071368485689 3.6589129740605125e-05 7.4317351876137142e-05 -2.2144321216425544e-06 -3.0859119336431217e-05
leaf_weight=2.9999999999999991 3 2.9999999999999991 3.0000000000000018 3.9999999999999991 4.9999999999999991 3.0000000000000018 4 4 3 3 3
leaf_count=3 3 3 3 4 5 3 4 4 3 3 3
internal_value=-2.66194e-13 7.14374e-05 0.000105733 0.000292017 5.91624e-05 3.35717e-05 7.45265e-05 2.06806e-06 9.91687e-05 1.9959e-05 -1.88047e-05
internal_weight=41 38 35 7 28 23 10 13 7 7 6
internal_count=41 38 35 7 28 23 10 13 7 7 6
is_linear=0
shrinkage=0.05


Tree=167
num_leaves=12
num_cat=0
split_feature=35 85 23 11 30 16 38 0 40 29 88
split_gain=0.00104403 0.000155756 9.16073e-05 6.69779e-05 4.6292e-05 3.66283e-05 8.30331e-06 3.59048e-06 9.64769e-07 9.42056e-07 2.97112e-07
threshold=-0.85884591277627387 -0.85435975191747338 -0.6767221580226811 0.22539959053665082 0.58482703831649341 0.55664355447904434 -0.48202232435338083 0.67048036464423977 1.0000000180025095e-35 -1.0000000180025095e-35 -1.0000000180025095e-35
decision_type=2 2 2 2 2 2 2 2 2 2 2
left_child=-1 -2 3 -3 6 -6 -4 8 -8 -9 -11
right_child=1 2 4 -5 5 -7 7 9 -10 10 -12
leaf_value=-0.00089797931723296649 -0.00027486590746169293 0.00044542282509307069 8.4741839091293457e-05 0.00011131221544928845 7.6676055323332554e-05 0.00030779570030669363 5.2023788157384777e-07 1.0230139378109005e-05 -3.5345613044531386e-05 3.341947255345678e-05 5.5672276842718439e-05
leaf_weight=2.9999999999999991 2.9999999999999991 2.9999999999999991 5.0000000000000027 3 3.9999999999999991 3 5.0000000000000053 3.0000000000000027 3 3.0000000000000027 2.9999999999999929
leaf_count=3 3 3 5 3 4 3 5 3 3 3 3
internal_value=-4.43656e-13 7.08931e-05 0.00010053 0.000278368 6.37355e-05 0.000175727 2.81018e-05 1.14429e-05 -1.29295e-05 3.31073e-05 4.45459e-05
internal_weight=41 38 35 6 29 7 22 17 8 9 6
internal_count=41 38 35 6 29 7 22 17 8 9 6
is_linear=0
shrinkage=0.05


Tree=168
num_leaves=11
num_cat=0
split_feature=86 85 58 21 81 30 46 12 4 23
split_gain=0.00100224 0.000243997 0.000210505 3.07267e-05 2.62919e-05 1.60591e-05 5.16267e-06 3.35608e-06 1.57752e-06 4.28699e-07
threshold=1.3796545336182986 1.0000000180025095e-35 -1.1575627588910657 0.44870550398565684 1.4536512364471224 0.23196065767146562 0.45129388115638153 0.49896907496584936 0.4733980595387231 -0.060945946183797096
decision_type=2 2 2 2 2 2 2 2 2 2
left_child=1 2 -1 -3 5 6 8 -7 -4 -10
right_child=-2 3 4 -5 -6 7 -8 -9 9 -11
leaf_value=-0.00037320914173809148 -0.00066333118869806636 0.00046215980934600023 -1.4943424248485798e-05 0.00025975201744586222 0.00020889675943180919 8.3471724065020683e-05 6.7073990067001432e-05 0.00015826119730869925 9.7186328882040827e-06 3.6448747656929078e-05
leaf_weight=3.0000000000000027 4.9999999999999991 3 5.0000000000000089 5 2.9999999999999991 2.9999999999999991 4.9999999999999991 3 3.0000000000000071 2.9999999999999929
leaf_count=3 5 3 5 5 3 3 5 3 3 3
internal_value=3.8953e-12 9.21293e-05 2.25506e-05 0.000335655 7.00418e-05 5.1107e-05 2.49472e-05 0.000120866 5.79864e-06 2.30837e-05
internal_weight=41 36 28 8 25 22 16 6 11 6
internal_count=41 36 28 8 25 22 16 6 11 6
is_linear=0
shrinkage=0.05


Tree=169
num_leaves=12
num_cat=0
split_feature=16 26 76 19 54 24 37 10 9 73 27
split_gain=0.000979232 0.000197885 7.97064e-05 3.36053e-05 4.9049e-05 2.55438e-05 5.43285e-06 3.39379e-06 1.63188e-06 1.0285e-06 3.50171e-07
threshold=-1.7284541983928929 1.2720585270194256 -1.0021555194464102 0.7909725286830912 0.077373127170041536 0.82316361326718435 -0.23677806502199736 1.0000000180025095e-35 -0.36454500721419214 0.12663032084208972 0.27260691502559004
decision_type=2 2 2 2 2 2 2 2 2 2 2
left_child=-1 2 5 6 -5 -2 -4 9 -9 10 -8
right_child=1 -3 3 4 -6 -7 7 8 -10 -11 -12
leaf_value=-0.00086966520951439947 0.00017025393171934413 -0.00032106750877574091 9.500502298275619e-05 0.00027383326669223608 6.3827251627420368e-06 0.00036326019714275987 -1.2456584736355565e-05 2.1667761999803281e-05 7.0451217470690605e-05 2.9975527043764788e-05 9.1511750724748678e-06
leaf_weight=2.9999999999999991 3.9999999999999991 2.9999999999999991 3.0000000000000027 3.9999999999999991 3 3 5.0000000000000053 3 3.9999999999999991 2.9999999999999991 3
leaf_count=3 4 3 3 4 3 3 5 3 4 3 3
internal_value=-4.55635e-12 6.86578e-05 0.000102063 6.43358e-05 0.000159212 0.000252971 3.27105e-05 2.23281e-05 4.9544e-05 5.00883e-06 -4.35367e-06
internal_weight=41 38 35 28 7 7 21 18 7 11 8
internal_count=41 38 35 28 7 7 21 18 7 11 8
is_linear=0
shrinkage=0.05


Tree=170
num_leaves=13
num_cat=0
split_feature=75 16 61 21 63 33 36 30 20 0 24 40
split_gain=0.000962804 0.00014846 9.91127e-05 5.76929e-05 3.1496e-05 1.38719e-05 7.13608e-06 4.51292e-06 2.57213e-06 1.98859e-06 4.51583e-07 1.24338e-07
threshold=-0.57000428327576291 1.3384685607502518 -0.47473347906564595 0.44870550398565684 0.09843632237247045 0.93914265483505155 -0.7003354554292166 -1.0000000180025095e-35 -0.42666312954629709 1.0849175656146997 -0.32869963333576996 -1.0000000180025095e-35
decision_type=2 2 2 2 2 2 2 2 2 2 2 2
left_child=-1 2 3 -2 5 -4 -6 9 -9 10 -8 -12
right_child=1 -3 4 -5 6 -7 7 8 -10 -11 11 -13
leaf_value=-0.00086233915450672311 0.0004414375560979049 -0.00022005350838298911 8.7977765360847007e-05 0.00013134917304948124 0.00010643048056711743 0.00024002965850134685 8.9266615153367852e-06 2.0358307422914847e-05 8.1603850412648204e-05 4.0093312175789204e-05 -7.6343763794284226e-06 -2.202984760515394e-05
leaf_weight=2.9999999999999991 2.9999999999999991 3.9999999999999991 3.0000000000000027 3 3.0000000000000027 3 3.0000000000000027 3 3.9999999999999973 3.0000000000000009 3.0000000000000027 2.9999999999999964
leaf_count=3 3 4 3 3 3 3 3 3 4 3 3 3
internal_value=-5.6788e-13 6.80794e-05 0.000101977 0.000286393 6.24597e-05 0.000164004 3.47659e-05 2.34504e-05 5.53558e-05 4.83894e-06 -6.91252e-06 -1.48321e-05
internal_weight=41 38 34 6 28 6 22 19 7 12 9 6
internal_count=41 38 34 6 28 6 22 19 7 12 9 6
is_linear=0
shrinkage=0.05


Tree=171
num_leaves=12
num_cat=0
split_feature=40 85 69 2 89 6 9 39 33 58 16
split_gain=0.000941514 0.000145802 7.90263e-05 4.35768e-05 2.19372e-05 2.08884e-05 1.22409e-05 2.70826e-06 2.15582e-06 6.13133e-07 4.32598e-07
threshold=-1.5094517824273612 -0.85435975191747338 -0.63697287031417382 -0.67064670716018837 -1.0000000180025095e-35 -0.13677497563562044 -0.40915103860823521 0.14367154181019873 0.71815670838315648 -0.24664370354557513 -0.060205267779525416
decision_type=2 2 2 2 2 2 2 2 2 2 2
left_child=-1 -2 3 -3 5 6 -4 -8 9 -6 -11
right_child=1 2 4 -5 8 -7 7 -9 -10 10 -12
leaf_value=-0.00085275172411153712 -0.00026720568227271241 8.3369014707083459e-05 0.00015165754205857714 0.00032441327814012764 -1.7853095778264128e-05 0.00021758549846708777 4.0071105104289023e-06 6.6852526894460113e-05 4.9240878433920448e-05 1.7658755241427583e-05 -6.3578570916433588e-06
leaf_weight=2.9999999999999991 2.9999999999999991 3.0000000000000009 2.9999999999999991 4.9999999999999991 2.9999999999999956 2.9999999999999991 3.9999999999999991 3 2.9999999999999991 4.9999999999999956 3.0000000000000098
leaf_count=3 3 3 3 5 3 3 4 3 3 5 3
internal_value=-2.12511e-12 6.73225e-05 9.59963e-05 0.000234022 5.51e-05 0.00010187 6.71559e-05 3.09409e-05 1.16703e-05 1.42372e-06 8.65253e-06
internal_weight=41 38 35 8 27 13 10 7 14 11 8
internal_count=41 38 35 8 27 13 10 7 14 11 8
is_linear=0
shrinkage=0.05


Tree=172
num_leaves=10
num_cat=0
split_feature=82 31 76 30 42 21 52 4 22
split_gain=0.000923692 0.000204547 8.32693e-05 7.04059e-05 3.20758e-05 8.49567e-06 3.57718e-06 1.72106e-06 5.74543e-07
threshold=-1.4043624712033482 1.844318609866801 1.0000000180025095e-35 -0.69464335212418094 0.57459416280552478 -0.95458037905196857 0.68637815552215431 0.4733980595387231 0.64167914583452401
decision_type=2 2 2 2 2 2 2 2 2
left_child=-1 2 3 -2 -5 -4 7 -7 -9
right_child=1 -3 5 4 -6 6 -8 8 -10
leaf_value=-0.00084464227935920162 0.00037238814984448255 -0.00032954827571908633 0.00010323728620278417 3.4635679912753407e-05 0.00021373291034251448 -1.4961256565584317e-05 5.7780779898166663e-05 3.5852501241606653e-05 6.9064191241826228e-06
leaf_weight=2.9999999999999991 3.9999999999999991 2.9999999999999991 3.9999999999999991 4.9999999999999982 5 5.0000000000000053 4.9999999999999991 4 3
leaf_count=3 4 3 4 5 5 5 5 4 3
internal_value=-2.21384e-12 6.66823e-05 0.000100645 0.0001951 0.000124184 3.7675e-05 2.22486e-05 7.44358e-06 2.3447e-05
internal_weight=41 38 35 14 10 21 17 12 7
internal_count=41 38 35 14 10 21 17 12 7
is_linear=0
shrinkage=0.05


Tree=173
num_leaves=12
num_cat=0
split_feature=35 48 22 61 28 87 31 89 82 86 1
split_gain=0.000911878 0.00014137 0.000100889 6.82584e-05 6.37781e-05 3.75912e-05 2.14892e-05 7.31468e-06 2.07545e-06 1.41322e-06 4.06243e-07
threshold=-0.85884591277627387 -0.83996347153299367 -1.0000000180025095e-35 -0.47473347906564595 0.82982062712457705 0.42461049097032288 -0.1741568345093932 -1.0000000180025095e-35 -1.0000000180025095e-35 0.85531612523607958 -1.0000000180025095e-35
decision_type=2 2 2 2 2 2 2 2 2 2 2
left_child=-1 2 -2 4 -3 7 -7 8 -5 10 -9
right_child=1 3 -4 5 -6 6 -8 9 -10 -11 -12
leaf_value=-0.00083922353417923063 4.8566007171757507e-05 0.00042304436210542922 -0.00036149343553309641 9.8287347645964455e-05 9.7012382563358771e-05 7.0825773582328092e-05 0.00024785243149381134 -1.3994005348649805e-05 4.7352950059575929e-05 3.3693072327878323e-05 1.0346052446645133e-05
leaf_weight=2.9999999999999991 3 2.9999999999999991 2.9999999999999991 4 3 3 3.9999999999999991 4 4.0000000000000018 4 3.0000000000000018
leaf_count=3 3 3 3 4 3 3 4 4 4 4 3
internal_value=2.24046e-13 6.62545e-05 -0.000156464 0.000108014 0.000260028 7.29339e-05 0.000171984 3.64419e-05 7.28201e-05 9.98495e-06 -3.56255e-06
internal_weight=41 38 6 32 6 26 7 19 8 11 7
internal_count=41 38 6 32 6 26 7 19 8 11 7
is_linear=0
shrinkage=0.05


Tree=174
num_leaves=12
num_cat=0
split_feature=80 26 76 5 19 54 65 17 21 9 18
split_gain=0.000857117 0.000172353 5.98987e-05 3.29685e-05 2.99191e-05 4.50205e-05 3.72083e-06 2.22857e-06 2.13413e-06 1.06654e-06 1.17195e-07
threshold=-0.9077348392975686 1.2720585270194256 -1.0021555194464102 -0.21067367577278426 0.7909725286830912 0.077373127170041536 0.10176485034996111 0.45256522391477055 -0.26915416382707241 -0.45418738966214112 -0.20263654042245971
decision_type=2 2 2 2 2 2 2 2 2 2 2
left_child=-1 2 3 -2 6 -6 7 9 -8 -4 -11
right_child=1 -3 4 -5 5 -7 8 -9 -10 10 -12
leaf_value=-0.00081363417945491765 0.00029419894330203524 -0.00029948026834366226 2.1501188712136351e-05 8.4537160970891517e-05 0.00025858573208097367 2.3536946779737864e-06 8.9935215267663177e-05 5.0637773044096926e-05 3.414751035961672e-05 -1.8818042978333927e-05 -4.8421939936815664e-06
leaf_weight=2.9999999999999991 5.0000000000000009 2.9999999999999991 4 2.9999999999999991 3.9999999999999991 3 3 2.9999999999999991 3.9999999999999991 3 3.0000000000000053
leaf_count=3 5 3 4 3 4 3 3 3 4 3 3
internal_value=-1.98314e-12 6.42343e-05 9.54098e-05 0.000215576 5.98051e-05 0.000148772 2.86667e-05 1.28413e-05 5.80565e-05 1.5024e-06 -1.18301e-05
internal_weight=41 38 35 8 27 7 20 13 7 10 6
internal_count=41 38 35 8 27 7 20 13 7 10 6
is_linear=0
shrinkage=0.05


Tree=175
num_leaves=11
num_cat=0
split_feature=46 16 69 42 47 83 10 19 75 42
split_gain=0.000819704 0.000133089 8.87872e-05 2.82433e-05 1.98751e-05 1.30647e-05 8.9974e-06 2.56412e-06 2.46737e-06 6.51519e-07
threshold=-1.2581043289471927 1.3384685607502518 -0.63697287031417382 1.1651276190943898 -0.19989592430754391 -0.097189141349130162 -0.18650719772965199 -0.40556643261357533 -0.055963473854951686 0.12786718868547098
decision_type=2 2 2 2 2 2 2 2 2 2
left_child=-1 2 4 5 -2 8 -7 -8 -4 -10
right_child=1 -3 3 -5 -6 6 7 -9 9 -11
leaf_value=-0.00079567889527728175 0.0001784560813878973 -0.00020999223852413706 4.1263382172473939e-05 0.0002024725739223262 0.00036045917465041082 0.00014071158948354421 8.1650637245426558e-05 2.050045613941619e-05 7.5612944419844966e-06 -1.7963571299333122e-05
leaf_weight=2.9999999999999991 3 3.9999999999999991 3.9999999999999991 2.9999999999999991 2.9999999999999991 4 3 4.0000000000000018 5.0000000000000018 5
leaf_count=3 3 4 4 3 3 4 3 4 5 5
internal_value=2.1606e-12 6.28168e-05 9.49119e-05 5.75093e-05 0.000269458 4.01137e-05 8.08909e-05 4.67077e-05 8.07444e-06 -5.20114e-06
internal_weight=41 38 34 28 6 25 11 7 14 10
internal_count=41 38 34 28 6 25 11 7 14 10
is_linear=0
shrinkage=0.05


Tree=176
num_leaves=11
num_cat=0
split_feature=82 31 76 30 42 64 52 9 54 28
split_gain=0.000810047 0.000175878 7.19586e-05 7.3537e-05 2.31627e-05 6.83785e-06 4.74929e-06 4.56913e-06 8.13665e-07 3.94573e-07
threshold=-1.4043624712033482 1.844318609866801 1.0000000180025095e-35 -0.69464335212418094 0.57459416280552478 -0.30573579136824486 0.68637815552215431 -0.21733934860294632 0.63540483288778027 -1.0000000180025095e-35
decision_type=2 2 2 2 2 2 2 2 2 2
left_child=-1 2 3 -2 -5 7 8 -4 9 -7
right_child=1 -3 5 4 -6 6 -8 -9 -10 -11
leaf_value=-0.00079097782727330932 0.00036293197190389041 -0.00030497010836067298 4.0766552046989084e-05 3.3172616240335636e-05 0.00018536543939262626 2.4005169204125823e-05 7.0990862635274732e-05 0.00012239565451939902 -1.7971186753129584e-05 1.7269485397264335e-08
leaf_weight=2.9999999999999991 3.9999999999999991 2.9999999999999991 4 4.9999999999999982 5 2.9999999999999964 2.9999999999999991 2.9999999999999991 4 4.0000000000000053
leaf_count=3 4 3 4 5 5 3 3 3 4 4
internal_value=-1.04703e-12 6.24456e-05 9.39384e-05 0.000181744 0.000109269 3.54012e-05 1.52266e-05 7.57505e-05 1.81671e-08 1.02978e-05
internal_weight=41 38 35 14 10 21 14 7 11 7
internal_count=41 38 35 14 10 21 14 7 11 7
is_linear=0
shrinkage=0.05


Tree=177
num_leaves=13
num_cat=0
split_feature=35 85 23 30 30 16 46 6 8 5 14 39
split_gain=0.000801759 0.000135552 7.51741e-05 4.64505e-05 2.7645e-05 2.73535e-05 5.24936e-06 2.94854e-06 1.79784e-06 1.47879e-06 7.89688e-07 2.51031e-07
threshold=-0.85884591277627387 -0.85435975191747338 -0.6767221580226811 0.23196065767146562 0.23196065767146562 0.55664355447904434 0.45129388115638153 -0.25629244785933919 -0.18743545086472327 -0.21067367577278426 1.0000000180025095e-35 0.097871991666222694
decision_type=2 2 2 2 2 2 2 2 2 2 2 2
left_child=-1 -2 3 -3 6 8 9 -8 -6 11 -11 -4
right_child=1 2 4 -5 5 -7 7 -9 -10 10 -12 -13
leaf_value=-0.00078692113359769193 -0.00026042992055105667 0.00038999225168178482 1.6076692190836182e-06 0.00011175221382776117 4.0209045497855782e-05 0.00025248927219460404 2.7771984362819537e-05 9.7873562481254339e-05 9.4948441255837722e-05 8.6308366462617279e-06 4.256649602515001e-05 -1.7525727525935508e-05
leaf_weight=2.9999999999999991 2.9999999999999991 2.9999999999999991 3 3 3 3 3 2.9999999999999991 2.9999999999999982 4.0000000000000053 3 4
leaf_count=3 3 3 3 3 3 3 3 3 3 4 3 4
internal_value=2.04082e-12 6.21254e-05 8.97729e-05 0.000250872 5.64421e-05 0.000129216 2.3694e-05 6.28228e-05 6.75787e-05 6.9245e-06 2.31747e-05 -9.3257e-06
internal_weight=41 38 35 6 29 9 20 6 6 14 7 7
internal_count=41 38 35 6 29 9 20 6 6 14 7 7
is_linear=0
shrinkage=0.05


Tree=178
num_leaves=12
num_cat=0
split_feature=75 75 10 61 30 21 30 25 25 0 68
split_gain=0.000774728 0.000124124 9.74391e-05 6.22263e-05 6.57737e-05 1.37235e-05 4.91776e-06 3.95008e-06 1.29724e-06 9.20206e-07 1.85432e-07
threshold=-0.57000428327576291 -0.078618600011751014 -0.14461635678850343 -0.42002062214995012 -0.69464335212418094 -1.1613846848418459 0.23196065767146562 -0.16637877782139571 -0.14871204340998218 0.67048036464423977 -1.0000000180025095e-35
decision_type=2 2 2 2 2 2 2 2 2 2 2
left_child=-1 2 -2 4 -3 -5 7 -7 -8 10 -9
right_child=1 3 -4 5 -6 6 8 9 -10 -11 -12
leaf_value=-0.00077354196303834524 5.3871046111453319e-05 0.00033184807281941173 -0.00034911594187481875 0.00015257292349512381 7.5384145311545601e-05 7.0537520029271644e-05 5.1693147300587331e-05 -1.6052605254420393e-05 9.8191199746603774e-05 2.3697766300756479e-05 1.527285894553639e-06
leaf_weight=2.9999999999999991 3 5 2.9999999999999991 2.9999999999999991 4.9999999999999982 2.9999999999999991 3 2.9999999999999991 2.9999999999999991 4 3.0000000000000062
leaf_count=3 3 5 3 3 5 3 3 3 3 4 3
internal_value=-1.68589e-13 6.10691e-05 -0.000147622 0.000100199 0.000203616 5.31909e-05 3.7499e-05 2.02175e-05 7.49422e-05 5.12151e-06 -7.26266e-06
internal_weight=41 38 6 32 10 22 19 13 6 10 6
internal_count=41 38 6 32 10 22 19 13 6 10 6
is_linear=0
shrinkage=0.05


Tree=179
num_leaves=11
num_cat=0
split_feature=10 26 76 5 19 54 44 33 11 73
split_gain=0.000747245 0.000148769 5.2895e-05 2.69906e-05 2.65935e-05 4.09023e-05 3.49063e-06 3.33269e-06 1.21237e-06 5.76212e-07
threshold=-1.3189379337224574 1.2720585270194256 -1.0021555194464102 -0.21067367577278426 0.7909725286830912 0.077373127170041536 0.25496514309524837 -0.14267244920369929 -0.50076965058740375 0.12663032084208972
decision_type=2 2 2 2 2 2 2 2 2 2
left_child=-1 2 3 -2 6 -6 9 -8 -9 -4
right_child=1 -3 4 -5 5 -7 7 8 -10 -11
leaf_value=-0.00075969776371493942 0.00027300155488774175 -0.00027793896539757648 -9.8523210908751813e-06 8.3297937332342073e-05 0.00024402924755122514 -2.0245449074233568e-07 8.0444540071766813e-05 9.4711063138674941e-06 4.9676690832711772e-05 1.7865580593934277e-05
leaf_weight=2.9999999999999991 5.0000000000000009 2.9999999999999991 5.0000000000000053 2.9999999999999991 3.9999999999999991 3 4 5 2.9999999999999982 3
leaf_count=3 5 3 5 3 4 3 4 5 3 3
internal_value=-1.79237e-12 5.99761e-05 8.89403e-05 0.000201863 5.54818e-05 0.000139359 2.61249e-05 4.31803e-05 2.45482e-05 5.41892e-07
internal_weight=41 38 35 8 27 7 20 12 8 8
internal_count=41 38 35 8 27 7 20 12 8 8
is_linear=0
shrinkage=0.05


Tree=180
num_leaves=12
num_cat=0
split_feature=83 85 61 5 42 44 33 86 1 46 0
split_gain=0.000716669 0.000122567 5.8316e-05 6.47963e-05 2.00232e-05 5.75195e-06 8.46847e-06 1.49242e-06 1.23601e-06 7.72329e-07 1.63638e-07
threshold=1.3906258311599931 -0.85435975191747338 -0.47473347906564595 -0.21067367577278426 0.70780147206209587 1.0000000180025095e-35 -0.14267244920369929 -0.21556833810257228 0.24445565244095926 0.28861566823279222 -0.91461887957759636
decision_type=2 2 2 2 2 2 2 2 2 2 2
left_child=1 -1 3 -3 5 9 8 -8 -7 10 -4
right_child=-2 2 4 -5 -6 6 7 -9 -10 -11 -12
leaf_value=-0.00024798159526350595 -0.00074399268875519444 0.00034584937384352083 -1.4720264395388461e-05 3.8449569062019394e-05 0.00015632607974112034 7.6422312122303976e-05 2.5846278003882615e-06 4.7192857406723018e-05 0.00011887839452053107 2.4608065238377694e-05 1.7942624860249114e-06
leaf_weight=2.9999999999999991 2.9999999999999991 4 3 2.9999999999999991 3.9999999999999991 4 5 2.9999999999999982 3 3 3.0000000000000053
leaf_count=3 3 4 3 3 4 4 5 3 3 3 3
internal_value=6.65484e-14 5.87363e-05 8.50264e-05 0.000214107 5.27563e-05 3.54947e-05 5.44551e-05 1.93127e-05 9.46178e-05 3.89402e-06 -6.463e-06
internal_weight=41 38 35 7 28 24 15 8 7 9 6
internal_count=41 38 35 7 28 24 15 8 7 9 6
is_linear=0
shrinkage=0.05


Tree=181
num_leaves=11
num_cat=0
split_feature=40 16 69 42 34 83 10 19 4 39
split_gain=0.000702221 0.00011839 7.89561e-05 2.69916e-05 2.25281e-05 1.23252e-05 7.72752e-06 2.32874e-06 7.34988e-07 2.63045e-07
threshold=-1.5094517824273612 1.3384685607502518 -0.63697287031417382 1.1651276190943898 -0.37493300608227148 -0.097189141349130162 -0.26721504564662563 -0.40556643261357533 0.4733980595387231 0.097871991666222694
decision_type=2 2 2 2 2 2 2 2 2 2
left_child=-1 2 4 5 -2 8 -7 -8 9 -4
right_child=1 -3 3 -5 -6 6 7 -9 -10 -11
leaf_value=-0.00073645464920749266 0.00013448061848369733 -0.00019916187957278453 1.2868718234434093e-06 0.00019101526122540237 0.00031573586165905003 0.00013932837949444851 7.2206786717288204e-05 1.825382259994511e-05 1.4019269510754386e-05 -1.7440836090827356e-05
leaf_weight=2.9999999999999991 3 3.9999999999999991 3.0000000000000018 2.9999999999999991 3.9999999999999991 2.9999999999999991 3.9999999999999991 4.0000000000000027 4.9999999999999991 5
leaf_count=3 3 4 3 3 4 3 4 4 5 5
internal_value=-5.32387e-13 5.81412e-05 8.84121e-05 4.96158e-05 0.000238055 3.19408e-05 7.08934e-05 4.52303e-05 -1.01902e-06 -1.04179e-05
internal_weight=41 38 34 27 7 24 11 8 13 8
internal_count=41 38 34 27 7 24 11 8 13 8
is_linear=0
shrinkage=0.05


Tree=182
num_leaves=12
num_cat=0
split_feature=66 26 76 85 19 54 12 77 47 0 9
split_gain=0.000673074 0.000135185 5.19685e-05 2.80809e-05 1.98475e-05 3.20781e-05 4.08243e-06 4.958e-06 8.25938e-07 5.59065e-07 3.48636e-08
threshold=-0.86704174366281228 1.2720585270194256 -1.0021555194464102 -1.0000000180025095e-35 0.7909725286830912 0.077373127170041536 -0.23056763232619609 -0.064766726055571724 -0.6266203210856095 0.81783464012756568 -0.40915103860823521
decision_type=2 2 2 2 2 2 2 2 2 2 2
left_child=-1 2 3 -2 6 -6 7 9 -8 -4 -10
right_child=1 -3 4 -5 5 -7 8 -9 10 -11 -12
leaf_value=-0.00072100911250648405 0.00012389948882628228 -0.00026519650903840863 9.2604686506092516e-05 0.00031739681338270511 0.00021652406721841546 2.3591613474612429e-07 -1.4182713402988154e-05 5.4771233862993511e-06 1.8960414551353699e-05 6.2079683993943014e-05 1.1337679946639876e-05
leaf_weight=2.9999999999999991 5.0000000000000009 2.9999999999999991 3 2.9999999999999991 3.9999999999999991 3 4 4.0000000000000018 3 3 3.0000000000000018
leaf_count=3 5 3 3 3 4 3 4 4 3 3 3
internal_value=1.75244e-12 5.69218e-05 8.45319e-05 0.000196461 5.13677e-05 0.000123829 2.60063e-05 4.85962e-05 3.41634e-06 7.73422e-05 1.5149e-05
internal_weight=41 38 35 8 27 7 20 10 10 6 6
internal_count=41 38 35 8 27 7 20 10 10 6 6
is_linear=0
shrinkage=0.05


Tree=183
num_leaves=11
num_cat=0
split_feature=82 31 76 30 42 30 11 4 54 6
split_gain=0.000661844 0.000145988 5.85571e-05 6.47611e-05 1.68574e-05 5.78355e-06 5.23669e-06 1.60693e-06 6.25488e-07 8.98721e-08
threshold=-1.4043624712033482 1.844318609866801 1.0000000180025095e-35 -0.69464335212418094 0.57459416280552478 0.23196065767146562 1.0000000180025095e-35 0.4733980595387231 -0.27836574625832622 -0.13677497563562044
decision_type=2 2 2 2 2 2 2 2 2 2
left_child=-1 2 3 -2 -5 7 -7 -4 -9 -10
right_child=1 -3 5 4 -6 6 -8 8 9 -11
leaf_value=-0.00071496854070574045 0.00033437842794228347 -0.00027829760607952874 -1.3006685503569304e-05 3.1414341938216241e-05 0.00016125033842399715 0.00010689233604352922 1.9503358998917971e-05 4.3592376944919463e-05 2.1210905470070445e-05 9.7626087760242124e-06
leaf_weight=2.9999999999999991 3.9999999999999991 2.9999999999999991 4.0000000000000027 4.9999999999999982 5 3.9999999999999991 3 2.9999999999999964 3.9999999999999964 3.0000000000000053
leaf_count=3 4 3 4 5 5 4 3 3 4 3
internal_value=-1.67258e-12 5.64449e-05 8.51371e-05 0.000164346 9.63323e-05 3.23315e-05 6.94399e-05 1.37773e-05 2.44909e-05 1.63045e-05
internal_weight=41 38 35 14 10 21 7 14 10 7
internal_count=41 38 35 14 10 21 7 14 10 7
is_linear=0
shrinkage=0.05


Tree=184
num_leaves=13
num_cat=0
split_feature=35 85 23 30 30 16 25 48 8 60 4 1
split_gain=0.000654383 0.000113537 5.98577e-05 4.51163e-05 2.46997e-05 1.70851e-05 4.34947e-06 2.58406e-06 1.2568e-06 7.34794e-07 7.37983e-07 6.07363e-08
threshold=-0.85884591277627387 -0.85435975191747338 -0.6767221580226811 0.23196065767146562 0.23196065767146562 0.55664355447904434 -0.16252885395941455 0.1300363569748603 -0.18743545086472327 0.83147456896626093 0.4733980595387231 -0.50298442762762074
decision_type=2 2 2 2 2 2 2 2 2 2 2 2
left_child=-1 -2 3 -3 6 8 7 -4 -6 10 11 -8
right_child=1 2 4 -5 5 -7 9 -9 -10 -11 -12 -13
leaf_value=-0.0007109273962366085 -0.00023907710177203023 0.00036229021692027653 2.3536698669583213e-05 8.8075271075164566e-05 4.8877996353742959e-05 0.00021789994401236369 -1.7367329564876855e-05 8.9162621103847998e-05 9.4645532468954751e-05 2.7402103781544898e-05 1.3672562781721352e-05 -7.3061596594925428e-06
leaf_weight=2.9999999999999991 2.9999999999999991 2.9999999999999991 3.0000000000000009 3 3 3 2.9999999999999991 3 2.9999999999999982 3.0000000000000009 5 3.0000000000000027
leaf_count=3 3 3 3 3 3 3 3 3 3 3 5 3
internal_value=1.30879e-13 5.61258e-05 8.1429e-05 0.000225183 5.16868e-05 0.000120474 2.07323e-05 5.63497e-05 7.17618e-05 5.46776e-06 -5.14332e-07 -1.23367e-05
internal_weight=41 38 35 6 29 9 20 6 6 14 11 6
internal_count=41 38 35 6 29 9 20 6 6 14 11 6
is_linear=0
shrinkage=0.05


Tree=185
num_leaves=12
num_cat=0
split_feature=75 16 61 22 13 83 32 42 21 73 28
split_gain=0.000634978 0.000107667 7.12587e-05 4.77141e-05 9.20115e-06 5.45819e-06 3.50781e-06 1.31003e-06 9.17426e-07 3.84753e-07 3.47361e-08
threshold=-0.57000428327576291 1.3384685607502518 -0.42002062214995012 -0.1892565499973036 1.6299292415860136 -0.097189141349130162 0.17191186503224185 0.57459416280552478 -0.26915416382707241 0.12663032084208972 -1.0000000180025095e-35
decision_type=2 2 2 2 2 2 2 2 2 2 2
left_child=-1 2 3 -2 5 7 8 9 -7 10 -4
right_child=1 -3 4 -5 -6 6 -8 -9 -10 -11 -12
leaf_value=-0.00070030738521988198 7.6082615123596029e-05 -0.00019008715535164813 -1.3864829573625082e-05 0.00030776842962950475 0.00012286715015458565 5.217666766839101e-05 9.3073274183552701e-05 3.540181423886679e-05 1.3073675412063785e-05 1.1869943167160574e-05 -6.2560564856539625e-06
leaf_weight=2.9999999999999991 4 3.9999999999999991 2.9999999999999982 4.9999999999999982 2.9999999999999991 3 4 2.9999999999999991 3.0000000000000018 3 3.0000000000000036
leaf_count=3 4 4 3 5 3 3 4 3 3 3 3
internal_value=5.37933e-13 5.52874e-05 8.4155e-05 0.000204797 4.07239e-05 2.95226e-05 5.68044e-05 6.78772e-06 3.26252e-05 -2.75031e-06 -1.00604e-05
internal_weight=41 38 34 9 25 22 10 12 6 9 6
internal_count=41 38 34 9 25 22 10 12 6 9 6
is_linear=0
shrinkage=0.05


Tree=186
num_leaves=12
num_cat=0
split_feature=46 85 69 33 89 42 33 33 34 29 8
split_gain=0.000615887 0.000103977 6.68526e-05 2.25434e-05 1.42426e-05 1.1271e-05 6.7892e-06 2.25427e-06 1.65759e-06 4.02993e-07 1.62488e-07
threshold=-1.2581043289471927 -0.85435975191747338 -0.63697287031417382 0.1711166209443867 -1.0000000180025095e-35 0.57459416280552478 -1.0000000180025095e-35 0.71815670838315648 0.33660735032600336 1.0000000180025095e-35 -0.26770797591583412
decision_type=2 2 2 2 2 2 2 2 2 2 2
left_child=-1 -2 3 -3 5 6 8 9 -4 -6 -11
right_child=1 2 4 -5 7 -7 -8 -9 -10 10 -12
leaf_value=-0.00068969906618197765 -0.00022805069262782731 0.00029457692871801558 9.8028441425412937e-05 0.00011326012803086387 1.0634864702296903e-05 0.00016567920489857595 -7.8012659893526329e-06 4.6871416270732882e-05 5.1016596747407051e-05 -1.8056092327848696e-05 -2.6625362295362713e-06
leaf_weight=2.9999999999999991 2.9999999999999991 3.9999999999999991 4.9999999999999964 3 4.0000000000000018 2.9999999999999991 3.0000000000000018 2.9999999999999991 3 2.9999999999999991 4.0000000000000009
leaf_count=3 3 4 5 3 4 3 3 3 3 3 4
internal_value=-1.89386e-12 5.44499e-05 7.86643e-05 0.00021687 4.41129e-05 7.97733e-05 5.63444e-05 8.45252e-06 8.0399e-05 -2.02536e-06 -9.25977e-06
internal_weight=41 38 35 7 28 14 11 14 8 11 7
internal_count=41 38 35 7 28 14 11 14 8 11 7
is_linear=0
shrinkage=0.05


Tree=187
num_leaves=11
num_cat=0
split_feature=80 26 76 5 13 12 12 77 71 47
split_gain=0.000585167 0.000118164 5.00586e-05 2.19501e-05 1.88784e-05 6.31701e-06 6.59738e-06 2.50163e-06 1.16303e-06 4.37948e-07
threshold=-0.9077348392975686 1.2720585270194256 -1.0021555194464102 -0.21067367577278426 -0.84030226908762662 -0.23056763232619609 -0.52809821615336261 -0.064766726055571724 0.059497723255699221 -0.6266203210856095
decision_type=2 2 2 2 2 2 2 2 2 2
left_child=-1 2 3 -2 -4 6 7 -6 -7 -10
right_child=1 -3 4 -5 5 8 -8 -9 9 -11
leaf_value=-0.00067227857070975008 0.00025289444718509904 -0.00024808343926755095 0.00016459300483499345 8.1819139692621928e-05 5.8954253836418483e-05 3.2866406885053306e-05 0.00010963934400933786 3.0343778007591029e-06 -1.5413001710840037e-05 6.7836490052286535e-06
leaf_weight=2.9999999999999991 5.0000000000000009 2.9999999999999991 2.9999999999999991 2.9999999999999991 4.0000000000000009 3.0000000000000027 4.0000000000000027 3.9999999999999991 3.9999999999999991 4.9999999999999991
leaf_count=3 5 3 3 3 4 3 4 4 4 5
internal_value=2.44011e-14 5.30746e-05 7.88882e-05 0.000188741 4.63391e-05 3.15574e-05 5.72093e-05 3.09943e-05 5.90545e-06 -3.08153e-06
internal_weight=41 38 35 8 27 24 12 8 12 9
internal_count=41 38 35 8 27 24 12 8 12 9
is_linear=0
shrinkage=0.05


Tree=188
num_leaves=13
num_cat=0
split_feature=35 16 23 30 42 37 65 48 62 31 65 21
split_gain=0.000572534 9.80174e-05 5.40379e-05 3.45871e-05 2.04105e-05 1.75865e-05 5.79977e-06 1.59704e-06 1.42679e-06 4.72298e-07 2.83906e-07 2.7685e-08
threshold=-0.85884591277627387 1.3384685607502518 -0.6767221580226811 0.23196065767146562 1.1651276190943898 -1.3793881901517298 0.10176485034996111 -0.74232672986200965 1.1407379490150575 -0.98379895222838531 -0.081678324331111912 1.0000000180025095e-35
decision_type=2 2 2 2 2 2 2 2 2 2 2 2
left_child=-1 2 3 -2 5 -4 8 -8 9 -7 11 -11
right_child=1 -3 4 -5 -6 6 7 -9 -10 10 -12 -13
leaf_value=-0.0006649817534101506 0.00033625981304794553 -0.00018162184205721134 0.00014963860933979336 9.6165598612666731e-05 0.00017409564849610131 -2.184002951253203e-05 3.0592091206926846e-05 7.8851942089386287e-05 3.3892683374385041e-05 3.9510131803884441e-06 -1.1490927378569417e-05 1.0743773115488387e-05
leaf_weight=2.9999999999999991 2.9999999999999991 3.9999999999999991 3.0000000000000027 3 2.9999999999999991 3.0000000000000027 3 3.9999999999999991 2.9999999999999991 3.0000000000000018 3 3
leaf_count=3 3 4 3 3 3 3 3 4 3 3 3 3
internal_value=-9.6717e-13 5.24986e-05 8.00421e-05 0.000216213 5.08627e-05 3.60748e-05 2.05888e-05 5.81691e-05 3.0513e-06 -4.65904e-06 1.06795e-06 7.34739e-06
internal_weight=41 38 34 6 28 25 22 7 15 12 9 6
internal_count=41 38 34 6 28 25 22 7 15 12 9 6
is_linear=0
shrinkage=0.05


Tree=189
num_leaves=11
num_cat=0
split_feature=82 31 76 30 42 54 30 54 8 6
split_gain=0.00056371 0.000124656 5.85981e-05 5.82505e-05 1.60047e-05 5.02473e-06 5.41608e-06 1.35225e-06 2.34168e-07 4.68954e-08
threshold=-1.4043624712033482 1.844318609866801 1.0000000180025095e-35 -0.69464335212418094 0.57459416280552478 0.35470226367472457 0.23196065767146562 -0.3927994502840329 -0.26770797591583412 -0.23848341611596011
decision_type=2 2 2 2 2 2 2 2 2 2
left_child=-1 2 3 -2 -5 6 7 -4 -7 -9
right_child=1 -3 5 4 -6 8 -8 9 -10 -11
leaf_value=-0.00065983795405675973 0.00031910152174532416 -0.00025722736609168351 4.8090962324446735e-05 3.0083064048085367e-05 0.00015659270458854733 -2.2767392996077732e-05 8.3739466499537234e-05 1.2693960646477851e-05 -3.0118928407318892e-06 4.4241898535801628e-06
leaf_weight=2.9999999999999991 3.9999999999999991 2.9999999999999991 2.9999999999999964 4.9999999999999982 5 3 4.9999999999999991 2.9999999999999964 2.9999999999999991 4.0000000000000089
leaf_count=3 4 3 3 5 5 3 5 3 3 4
internal_value=-6.5772e-13 5.20925e-05 7.86056e-05 0.000157842 9.33379e-05 2.57815e-05 4.12499e-05 2.00052e-05 -1.28896e-05 7.96838e-06
internal_weight=41 38 35 14 10 21 15 10 6 7
internal_count=41 38 35 14 10 21 15 10 6 7
is_linear=0
shrinkage=0.05


Tree=190
num_leaves=11
num_cat=0
split_feature=40 82 69 2 33 89 89 55 59 14
split_gain=0.000540637 9.69698e-05 5.57589e-05 3.09702e-05 1.2824e-05 6.56606e-06 5.8902e-06 6.39886e-07 3.46244e-07 5.74577e-08
threshold=-1.5094517824273612 1.462944067915849 -0.63697287031417382 -0.67064670716018837 0.93914265483505155 -1.0000000180025095e-35 -0.63801057478701384 -1.0414723180350844 0.038204674801895842 -1.0000000180025095e-35
decision_type=2 2 2 2 2 2 2 2 2 2
left_child=-1 2 3 -2 5 6 -4 -7 -9 -10
right_child=1 -3 4 -5 -6 7 -8 8 9 -11
leaf_value=-0.00064619274150269732 6.3333473129508362e-05 -0.00022180078085511925 1.7762976203812282e-05 0.00026654166169464588 0.00012267642377992161 2.2498986800201239e-05 9.4510643975809162e-05 7.564910265500652e-06 -1.6319347196258605e-05 -6.5334985265508257e-06
leaf_weight=2.9999999999999991 3.0000000000000009 2.9999999999999991 5 4.9999999999999991 3.9999999999999991 2.9999999999999991 5.0000000000000018 4.0000000000000018 2.9999999999999991 3.0000000000000009
leaf_count=3 3 3 5 5 4 3 5 4 3 3
internal_value=5.14641e-13 5.10152e-05 7.43994e-05 0.000190339 4.00471e-05 2.56768e-05 5.61368e-05 2.246e-06 -3.82989e-06 -1.14264e-05
internal_weight=41 38 35 8 27 23 10 13 10 6
internal_count=41 38 35 8 27 23 10 13 10 6
is_linear=0
shrinkage=0.05


Tree=191
num_leaves=12
num_cat=0
split_feature=75 85 61 30 89 32 33 0 18 29 23
split_gain=0.00053129 8.89445e-05 5.39227e-05 5.00193e-05 6.42307e-06 5.34241e-06 1.81683e-06 1.54044e-06 4.95428e-07 1.77666e-07 7.25425e-08
threshold=-0.57000428327576291 -0.85435975191747338 -0.42002062214995012 -0.69464335212418094 -1.0000000180025095e-35 -1.0000000180025095e-35 0.71815670838315648 0.81783464012756568 -1.0000000180025095e-35 1.0000000180025095e-35 -1.0000000180025095e-35
decision_type=2 2 2 2 2 2 2 2 2 2 2
left_child=-1 -2 3 -3 5 -4 9 8 -7 -6 -11
right_child=1 2 4 -5 6 7 -8 -9 -10 10 -12
leaf_value=-0.00064058232431610425 -0.00021071075461804868 0.00028292069444432847 2.3113857120430706e-06 5.9270764759276075e-05 7.2917657234938766e-06 7.9616320241863536e-05 4.3494076332232609e-05 5.0102777701492102e-05 0.00010835154292484131 -1.1810072949932282e-05 -8.1442605430007926e-07
leaf_weight=2.9999999999999991 2.9999999999999991 5 3.0000000000000009 4.9999999999999982 4.0000000000000018 2.9999999999999991 2.9999999999999991 3 2.9999999999999973 2.9999999999999956 3.0000000000000044
leaf_count=3 3 5 3 5 4 3 3 3 3 3 3
internal_value=-1.6138e-12 5.05723e-05 7.2968e-05 0.000171096 3.37169e-05 6.00955e-05 9.36737e-06 7.93569e-05 9.39839e-05 -8.70643e-07 -6.31225e-06
internal_weight=41 38 35 10 25 12 13 9 6 10 6
internal_count=41 38 35 10 25 12 13 9 6 10 6
is_linear=0
shrinkage=0.05


Tree=192
num_leaves=10
num_cat=0
split_feature=86 85 58 25 76 30 25 48 4
split_gain=0.000510041 0.000124204 0.000113501 1.90018e-05 1.48141e-05 6.43152e-06 3.8502e-06 2.19989e-06 2.67317e-07
threshold=1.3796545336182986 1.0000000180025095e-35 -1.1575627588910657 -0.15876703176308338 -1.0021555194464102 0.23196065767146562 -0.16252885395941455 0.1300363569748603 0.4733980595387231
decision_type=2 2 2 2 2 2 2 2 2
left_child=1 2 -1 -3 -4 6 7 -6 -8
right_child=-2 3 4 -5 5 -7 8 -9 -10
leaf_value=-0.00027452349022496461 -0.0004732023680844577 0.00013998823318009569 0.00013914230803493399 0.00029916024301201104 2.0075351373331252e-05 8.3653132896870382e-05 -8.4874346066499172e-06 8.0626865383237587e-05 7.8624054731335493e-06
leaf_weight=3.0000000000000027 4.9999999999999991 3.0000000000000009 4.0000000000000027 4.9999999999999991 3.000000000000008 4.9999999999999991 4.9999999999999964 3 5
leaf_count=3 5 3 4 5 3 5 5 3 5
internal_value=1.15351e-13 6.57226e-05 1.60802e-05 0.000239471 5.09527e-05 3.41546e-05 1.86863e-05 5.03511e-05 -3.12515e-07
internal_weight=41 36 28 8 25 21 16 6 10
internal_count=41 36 28 8 25 21 16 6 10
is_linear=0
shrinkage=0.05


Tree=193
num_leaves=12
num_cat=0
split_feature=10 26 76 66 5 25 10 27 10 4 62
split_gain=0.000507343 0.000102675 3.71805e-05 1.78152e-05 1.72937e-05 5.09316e-06 3.0761e-06 2.64386e-06 4.77389e-07 2.36097e-07 4.13064e-08
threshold=-1.3189379337224574 1.2720585270194256 -1.0021555194464102 0.53069156720761979 -0.21067367577278426 -0.16637877782139571 0.53138604960455693 -0.16916832142131538 -0.60895736155703284 0.4733980595387231 -1.0000000180025095e-35
decision_type=2 2 2 2 2 2 2 2 2 2 2
left_child=-1 2 4 5 -2 7 8 -4 -7 10 -10
right_child=1 -3 3 -5 -6 6 -8 -9 9 -11 -12
leaf_value=-0.00062597952492069462 0.0002250992902554571 -0.00023130758975942932 0.00010128800446788466 0.00014282097326940858 7.3249659423405925e-05 2.2348732454702234e-05 6.0460662643890829e-05 3.4907085137092468e-05 -2.6912084411042246e-06 7.8714749542996289e-06 -1.0988435193818684e-05
leaf_weight=2.9999999999999991 5.0000000000000009 2.9999999999999991 3 3.9999999999999991 2.9999999999999991 3.0000000000000027 2.9999999999999991 3.0000000000000027 3.0000000000000027 5 2.9999999999999991
leaf_count=3 5 3 3 4 3 3 3 3 3 5 3
internal_value=-3.01068e-12 4.94194e-05 7.34817e-05 4.54302e-05 0.000168156 2.84927e-05 1.45145e-05 6.80975e-05 4.6689e-06 -1.52869e-07 -6.83982e-06
internal_weight=41 38 35 27 8 23 17 6 14 11 6
internal_count=41 38 35 27 8 23 17 6 14 11 6
is_linear=0
shrinkage=0.05


Tree=194
num_leaves=13
num_cat=0
split_feature=35 82 23 11 30 16 25 48 60 38 4 1
split_gain=0.000498151 8.16404e-05 4.3726e-05 2.93026e-05 1.88156e-05 1.33823e-05 2.97095e-06 2.10972e-06 1.25004e-06 1.05428e-06 2.95637e-07 5.13742e-08
threshold=-0.85884591277627387 1.462944067915849 -0.6767221580226811 0.22539959053665082 0.23196065767146562 0.55664355447904434 -0.16252885395941455 0.1300363569748603 0.83147456896626093 -0.71795942209631769 0.4733980595387231 -0.50298442762762074
decision_type=2 2 2 2 2 2 2 2 2 2 2 2
left_child=-1 2 3 -2 6 9 7 -4 10 -6 11 -8
right_child=1 -3 4 -5 5 -7 8 -9 -10 -11 -12 -13
leaf_value=-0.00062028272077441216 0.00030378762554998201 -0.00020135524100624026 1.7776821914594609e-05 8.2795211346819978e-05 4.0972193952863251e-05 0.00019126745173707598 -1.4538923520982886e-05 7.7074383928750934e-05 3.3981995754099122e-05 8.2890450721606645e-05 6.5498195181135077e-06 -5.2856223267857117e-06
leaf_weight=2.9999999999999991 2.9999999999999991 2.9999999999999991 3.0000000000000009 3 3 3 2.9999999999999991 3 3.0000000000000009 2.9999999999999982 5 3.0000000000000027
leaf_count=3 3 3 3 3 3 3 3 3 3 3 5 3
internal_value=-5.01886e-13 4.89697e-05 7.04261e-05 0.000193291 4.50057e-05 0.000105043 1.79888e-05 4.74256e-05 5.37296e-06 6.19313e-05 -2.4295e-06 -9.91227e-06
internal_weight=41 38 35 6 29 9 20 6 14 6 11 6
internal_count=41 38 35 6 29 9 20 6 14 6 11 6
is_linear=0
shrinkage=0.05


Tree=195
num_leaves=12
num_cat=0
split_feature=82 31 76 30 20 83 30 31 54 54 86
split_gain=0.000480744 0.000106979 4.94013e-05 4.34879e-05 1.38043e-05 6.65556e-06 3.95855e-06 2.66203e-06 1.09162e-06 3.3775e-07 6.21921e-08
threshold=-1.4043624712033482 1.844318609866801 1.0000000180025095e-35 -0.69464335212418094 -1.0000000180025095e-35 -0.097189141349130162 0.23196065767146562 -0.98379895222838531 -0.3927994502840329 0.63540483288778027 -0.21556833810257228
decision_type=2 2 2 2 2 2 2 2 2 2 2
left_child=-1 2 3 -2 -5 -6 8 -8 -4 10 -10
right_child=1 -3 6 4 5 -7 7 -9 9 -11 -12
leaf_value=-0.00060934884628901891 0.00028475600411184134 -0.00023844389943405986 3.5550531417053818e-05 1.7738295900926461e-05 0.00019031342817470433 8.4991978170971061e-05 1.9262482722600299e-05 8.1569197936914869e-05 3.4748405323625799e-06 -1.2782774138031528e-05 1.2581036814178e-05
leaf_weight=2.9999999999999991 3.9999999999999991 2.9999999999999991 2.9999999999999991 3.9999999999999991 2.9999999999999991 3 3 3.9999999999999991 4.9999999999999956 2.9999999999999991 3.0000000000000062
leaf_count=3 4 3 3 4 3 3 3 4 5 3 3
internal_value=1.65262e-13 4.81065e-05 7.26679e-05 0.000145421 8.96869e-05 0.000137653 2.41659e-05 5.48663e-05 8.81576e-06 1.52445e-06 6.88966e-06
internal_weight=41 38 35 14 10 6 21 7 14 11 8
internal_count=41 38 35 14 10 6 21 7 14 11 8
is_linear=0
shrinkage=0.05


Tree=196
num_leaves=12
num_cat=0
split_feature=46 16 69 42 47 83 0 19 30 6 1
split_gain=0.000469956 8.04588e-05 5.55799e-05 1.82321e-05 1.10563e-05 6.54352e-06 6.49566e-06 1.93153e-06 1.11897e-06 9.91615e-07 1.5462e-07
threshold=-1.2581043289471927 1.3384685607502518 -0.63697287031417382 1.1651276190943898 -0.19989592430754391 -0.097189141349130162 0.67048036464423977 -0.40556643261357533 1.0000000180025095e-35 0.37666235321814434 -1.0000000180025095e-35
decision_type=2 2 2 2 2 2 2 2 2 2 2
left_child=-1 2 4 5 -2 8 -7 -8 10 -10 -4
right_child=1 -3 3 -5 -6 6 7 -9 9 -11 -12
leaf_value=-0.00060247331663655743 0.00014274489949457343 -0.00016455281656817535 -1.1351465509505943e-05 0.00015939686757822832 0.00027849170534561076 0.00010863584757316852 5.9090894258891525e-05 6.0171829318278457e-06 4.2923813938007999e-05 2.2704961641769229e-06 3.0067960172649053e-06
leaf_weight=2.9999999999999991 3 3.9999999999999991 4.9999999999999991 2.9999999999999991 2.9999999999999991 4.0000000000000018 3 4 2.9999999999999991 3 3.0000000000000027
leaf_count=3 3 4 5 3 3 4 3 4 3 3 3
internal_value=-8.09672e-14 4.75637e-05 7.25186e-05 4.29258e-05 0.000210618 2.89492e-05 5.78077e-05 2.87631e-05 6.27471e-06 2.25972e-05 -5.96712e-06
internal_weight=41 38 34 28 6 25 11 7 14 6 8
internal_count=41 38 34 28 6 25 11 7 14 6 8
is_linear=0
shrinkage=0.05


Tree=197
num_leaves=12
num_cat=0
split_feature=75 85 61 42 0 30 25 48 12 14 10
split_gain=0.000454933 7.58408e-05 4.74238e-05 3.66397e-05 2.04297e-05 4.82315e-06 2.79206e-06 1.69611e-06 1.29841e-06 2.6874e-07 1.33173e-07
threshold=-0.57000428327576291 -0.85435975191747338 -0.42002062214995012 1.0000000180025095e-35 -0.84445629768350627 0.23196065767146562 -0.16252885395941455 0.1300363569748603 0.49896907496584936 -0.21676368194684001 -0.14461635678850343
decision_type=2 2 2 2 2 2 2 2 2 2 2
left_child=-1 -2 3 -3 -5 6 7 -4 -7 -8 -11
right_child=1 2 5 4 -6 8 9 -9 -10 10 -12
leaf_value=-0.00059276588726788761 -0.00019447251882714531 0.00030569788068532952 1.8237196612365845e-05 2.2872323643241541e-05 0.00019547977329542233 8.4533850895240903e-05 1.3629480872623386e-05 7.140539431323606e-05 4.101927552255801e-05 -8.6943524365779009e-06 4.2078499973285901e-06
leaf_weight=2.9999999999999991 2.9999999999999991 2.9999999999999982 3.0000000000000009 4 3 3.9999999999999991 4.0000000000000009 3 3 3.9999999999999991 4.0000000000000027
leaf_count=3 3 3 3 4 3 4 4 3 3 4 4
internal_value=-1.10027e-12 4.67973e-05 6.74776e-05 0.000159502 9.68469e-05 3.06677e-05 1.69722e-05 4.48213e-05 6.58847e-05 3.04766e-06 -2.24325e-06
internal_weight=41 38 35 10 7 25 18 6 7 12 8
internal_count=41 38 35 10 7 25 18 6 7 12 8
is_linear=0
shrinkage=0.05


Tree=198
num_leaves=11
num_cat=0
split_feature=66 26 76 13 5 12 12 77 68 42
split_gain=0.000441584 9.04405e-05 3.60761e-05 1.58464e-05 1.30679e-05 5.22009e-06 4.8541e-06 2.48612e-06 1.56609e-07 1.10859e-07
threshold=-0.86704174366281228 1.2720585270194256 -1.0021555194464102 -0.84030226908762662 -0.21067367577278426 -0.23056763232619609 -0.52809821615336261 -0.064766726055571724 1.0000000180025095e-35 0.12786718868547098
decision_type=2 2 2 2 2 2 2 2 2 2
left_child=-1 2 4 -4 -2 6 7 -5 9 -7
right_child=1 -3 3 5 -6 8 -8 -9 -10 -11
leaf_value=-0.00058400442067068075 0.00021144586149603119 -0.00021736550455292067 0.00014939943163578089 5.2100441826041789e-05 7.9446367453783761e-05 4.3967229430563722e-06 9.4793732569087218e-05 -7.8519112207686707e-07 1.190665958953711e-05 -7.3750369665503954e-06
leaf_weight=2.9999999999999991 5.0000000000000009 2.9999999999999991 2.9999999999999991 4.9999999999999991 2.9999999999999991 4.0000000000000018 4.0000000000000027 3.9999999999999991 2.9999999999999991 4
leaf_count=3 5 3 3 5 3 4 4 4 3 4
internal_value=6.50511e-13 4.61056e-05 6.86889e-05 4.10571e-05 0.000161946 2.75143e-05 4.89643e-05 2.85957e-05 2.16425e-06 -1.48916e-06
internal_weight=41 38 35 27 8 24 13 9 11 8
internal_count=41 38 35 27 8 24 13 9 11 8
is_linear=0
shrinkage=0.05


Tree=199
num_leaves=11
num_cat=0
split_feature=35 16 61 42 42 64 38 52 1 49
split_gain=0.000431089 7.27254e-05 3.91114e-05 2.85172e-05 1.75036e-05 8.29369e-06 2.23442e-06 8.74233e-07 2.18813e-07 5.9182e-08
threshold=-0.85884591277627387 1.3384685607502518 -0.47473347906564595 1.0000000180025095e-35 1.1651276190943898 0.91706835852050228 -0.48202232435338083 0.53893630079474963 -0.50298442762762074 -1.0000000180025095e-35
decision_type=2 2 2 2 2 2 2 2 2 2
left_child=-1 2 3 -2 5 6 -4 8 -8 -10
right_child=1 -3 4 -5 -6 -7 7 -9 9 -11
leaf_value=-0.0005770226824097336 0.00029413230561961735 -0.00015611065391567537 4.6442215443676029e-05 7.612168543952671e-05 0.0001412898098351434 8.5612995535484514e-05 -1.5449499430057264e-05 2.1454469315358441e-05 -3.2912497800907635e-06 5.9989119714979755e-06
leaf_weight=2.9999999999999991 2.9999999999999991 3.9999999999999991 4.0000000000000062 3 3.9999999999999991 4.9999999999999991 3.0000000000000027 4.9999999999999991 4.0000000000000027 2.9999999999999964
leaf_count=3 3 4 4 3 4 5 3 5 4 3
internal_value=-6.30269e-13 4.55544e-05 6.92797e-05 0.000185127 4.44553e-05 2.83162e-05 1.32381e-05 4.38371e-06 -4.15168e-06 6.90248e-07
internal_weight=41 38 34 6 28 24 19 15 10 7
internal_count=41 38 34 6 28 24 19 15 10 7
is_linear=0
shrinkage=0.05


Tree=200
num_leaves=12
num_cat=0
split_feature=82 31 76 30 48 7 30 11 54 54 6
split_gain=0.000416724 9.31335e-05 4.544e-05 3.64823e-05 1.23782e-05 7.00073e-06 3.53694e-06 2.54461e-06 1.03149e-06 2.76008e-07 4.12632e-08
threshold=-1.4043624712033482 1.844318609866801 1.0000000180025095e-35 -0.69464335212418094 -1.0000000180025095e-35 -0.25608656488088311 0.23196065767146562 1.0000000180025095e-35 -0.3927994502840329 0.63540483288778027 -0.23848341611596011
decision_type=2 2 2 2 2 2 2 2 2 2 2
left_child=-1 2 3 -2 -5 -6 8 -8 -4 10 -10
right_child=1 -3 6 4 5 -7 7 -9 9 -11 -12
leaf_value=-0.00056732700128729152 0.00026510068273637443 -0.00022257608167516689 3.2667503061626729e-05 1.458963379263878e-06 7.9547405766788878e-05 0.0001805889730652173 7.6315972546581182e-05 1.5398921595988208e-05 8.0328430613008159e-06 -1.3341774562528977e-05 8.5099110407327164e-07
leaf_weight=2.9999999999999991 3.9999999999999991 2.9999999999999991 2.9999999999999991 2.9999999999999991 3.9999999999999991 3 3.9999999999999991 3 3.9999999999999956 2.9999999999999991 4.0000000000000062
leaf_count=3 4 3 3 3 4 3 4 3 4 3 4
internal_value=2.23395e-12 4.4789e-05 6.7706e-05 0.000137481 8.64333e-05 0.000122851 2.11892e-05 5.02087e-05 6.67947e-06 -4.08181e-07 4.44192e-06
internal_weight=41 38 35 14 10 7 21 7 14 11 8
internal_count=41 38 35 14 10 7 21 7 14 11 8
is_linear=0
shrinkage=0.05


Tree=201
num_leaves=11
num_cat=0
split_feature=40 85 69 2 33 89 32 0 55 5
split_gain=0.000407334 7.07245e-05 3.98034e-05 2.0386e-05 1.10259e-05 3.68695e-06 3.66848e-06 1.08364e-06 6.67404e-07 6.2169e-08
threshold=-1.5094517824273612 -0.85435975191747338 -0.63697287031417382 -0.67064670716018837 0.93914265483505155 -1.0000000180025095e-35 1.0000000180025095e-35 0.81783464012756568 -1.0414723180350844 -0.042406543651037472
decision_type=2 2 2 2 2 2 2 2 2 2
left_child=-1 -2 3 -3 5 6 -4 -8 -7 -10
right_child=1 2 4 -5 -6 8 7 -9 9 -11
leaf_value=-0.00056089867527286215 -0.00018870816760075589 5.9166185868283074e-05 -1.5314211244306824e-06 0.00022403374081477525 0.00011184562827111223 2.5029237076523716e-05 8.1590673653408863e-05 4.1837553241445358e-05 -5.8021766784577269e-06 2.0825580668315508e-06
leaf_weight=2.9999999999999991 2.9999999999999991 3.0000000000000009 3.0000000000000018 4.9999999999999991 3.9999999999999991 2.9999999999999991 4 3 4.9999999999999991 5.0000000000000027
leaf_count=3 3 3 3 5 4 3 4 3 5 5
internal_value=-1.09077e-12 4.42815e-05 6.4252e-05 0.000162208 3.52279e-05 2.19031e-05 4.47281e-05 6.45536e-05 4.34536e-06 -1.85981e-06
internal_weight=41 38 35 8 27 23 10 7 13 10
internal_count=41 38 35 8 27 23 10 7 13 10
is_linear=0
shrinkage=0.05


Tree=202
num_leaves=12
num_cat=0
split_feature=80 26 76 85 66 25 10 6 3 6 5
split_gain=0.000393688 8.06132e-05 3.03137e-05 1.35449e-05 1.32903e-05 5.2397e-06 2.3269e-06 6.5899e-07 1.24624e-07 3.23659e-08 1.44476e-08
threshold=-0.9077348392975686 1.2720585270194256 -1.0021555194464102 1.0000000180025095e-35 0.53069156720761979 -0.16637877782139571 0.53138604960455693 -0.48774014351021105 0.73564041780086586 -0.13677497563562044 -0.31810459943001473
decision_type=2 2 2 2 2 2 2 2 2 2 2
left_child=-1 2 3 -2 5 -4 7 -7 10 -10 -9
right_child=1 -3 4 -5 -6 6 -8 8 9 -11 -12
leaf_value=-0.00055142343141293781 9.994482446927576e-05 -0.0002052118128631264 7.0176619456105945e-05 0.00023433168341095245 0.00012364360882202163 2.52387507013433e-05 5.2516545959709526e-05 -3.6032995240020645e-06 7.8063220522987333e-06 4.6171579318373301e-07 -8.5103689343668517e-06
leaf_weight=2.9999999999999991 5 2.9999999999999991 5.0000000000000027 3 3.9999999999999991 3.0000000000000027 2.9999999999999991 3.0000000000000027 3 3 2.9999999999999991
leaf_count=3 5 3 5 3 4 3 3 3 3 3 3
internal_value=-7.20386e-13 4.35334e-05 6.48544e-05 0.00015034 3.95254e-05 2.48962e-05 1.23183e-05 4.27862e-06 -9.61408e-07 4.13402e-06 -6.05683e-06
internal_weight=41 38 35 8 27 23 18 15 12 6 6
internal_count=41 38 35 8 27 23 18 15 12 6 6
is_linear=0
shrinkage=0.05


Tree=203
num_leaves=12
num_cat=0
split_feature=75 48 32 30 36 1 10 52 17 1 8
split_gain=0.000378615 6.60504e-05 4.92258e-05 3.94558e-05 2.19698e-05 1.17176e-05 1.05057e-05 2.7206e-06 8.80913e-07 2.27217e-07 4.01186e-08
threshold=-0.57000428327576291 -0.83996347153299367 -0.49773651131233448 -0.83920671478679287 -0.7003354554292166 -1.0000000180025095e-35 0.53138604960455693 0.53893630079474963 0.72445606065423152 -0.50298442762762074 -0.16845927682153791
decision_type=2 2 2 2 2 2 2 2 2 2 2
left_child=-1 2 -2 -3 5 -5 7 9 -8 -6 -11
right_child=1 3 -4 4 6 -7 8 -9 -10 10 -12
leaf_value=-0.00054076467640697958 -0.00025275909638367006 0.00021812852937728167 3.3672477487319458e-05 6.5186177380383001e-05 -1.785731413595687e-05 0.00020493372964362303 0.0001027032791171223 4.1674299427540977e-05 6.4386330389728139e-05 -5.7005257986020249e-06 1.0176185151067324e-06
leaf_weight=2.9999999999999991 3 3.9999999999999991 2.9999999999999991 3 3.0000000000000027 2.9999999999999991 2.9999999999999991 3.9999999999999991 3 4.0000000000000027 5.0000000000000027
leaf_count=3 3 4 3 3 3 3 3 4 3 4 5
internal_value=6.31101e-13 4.26919e-05 -0.000109543 7.12361e-05 5.02514e-05 0.00013506 2.71218e-05 5.9632e-06 8.35448e-05 -5.9405e-06 -1.96822e-06
internal_weight=41 38 6 32 28 6 22 16 6 12 9
internal_count=41 38 6 32 28 6 22 16 6 12 9
is_linear=0
shrinkage=0.05


Tree=204
num_leaves=13
num_cat=0
split_feature=35 58 23 11 42 30 83 48 8 12 65 73
split_gain=0.000374678 6.41647e-05 3.37941e-05 2.22876e-05 1.66462e-05 3.54819e-06 3.18484e-06 2.16519e-06 1.16038e-06 3.84601e-07 2.8759e-07 6.66328e-08
threshold=-0.85884591277627387 -1.3256438904594359 -0.6767221580226811 0.22539959053665082 1.1651276190943898 0.23196065767146562 -0.097189141349130162 0.1300363569748603 -0.18743545086472327 -1.0000000180025095e-35 1.0000000180025095e-35 0.12663032084208972
decision_type=2 2 2 2 2 2 2 2 2 2 2 2
left_child=-1 -2 3 -3 5 6 10 9 -7 -8 11 -4
right_child=1 2 4 -5 -6 8 7 -9 -10 -11 -12 -13
leaf_value=-0.00053794542327523232 -0.00017945233654851717 0.00026587153940151135 -3.0297224498099206e-06 7.3138715591388354e-05 0.00015066402653853101 3.3199997415067617e-05 3.1960313693465036e-05 7.1325236543392132e-05 7.4336676334496588e-05 6.6423108364688139e-06 -1.7308250244241203e-05 6.8279065847794588e-06
leaf_weight=2.9999999999999991 2.9999999999999991 2.9999999999999991 4.0000000000000036 3 2.9999999999999991 3 3 3 3.9999999999999991 3.0000000000000036 3 3
leaf_count=3 3 3 4 3 3 3 3 3 4 3 3 3
internal_value=-1.82564e-12 4.24694e-05 6.14912e-05 0.000169505 3.91435e-05 2.62758e-05 1.50644e-05 3.66426e-05 5.67067e-05 1.93013e-05 -4.35599e-06 1.19498e-06
internal_weight=41 38 35 6 29 26 19 9 7 6 10 7
internal_count=41 38 35 6 29 26 19 9 7 6 10 7
is_linear=0
shrinkage=0.05


Tree=205
num_leaves=12
num_cat=0
split_feature=46 85 69 53 33 89 32 0 55 59 10
split_gain=0.000362131 6.43132e-05 3.55663e-05 1.43033e-05 1.01431e-05 4.84931e-06 2.86813e-06 5.91998e-07 4.56115e-07 4.37974e-08 1.18692e-08
threshold=-1.2581043289471927 -0.85435975191747338 -0.63697287031417382 0.87828047446686108 0.93914265483505155 -1.0000000180025095e-35 1.0000000180025095e-35 0.61531171326305711 -1.0414723180350844 1.0000000180025095e-35 -0.18650719772965199
decision_type=2 2 2 2 2 2 2 2 2 2 2
left_child=-1 -2 3 -3 5 6 -4 -8 -7 -10 -11
right_child=1 2 4 -5 -6 8 7 -9 9 10 -12
leaf_value=-0.0005288615764584393 -0.00018042610802998147 9.9704886088147768e-05 6.0496272150582257e-06 0.0002441312729691465 0.00010930888602160849 1.9733864489050273e-05 7.6978217111900433e-05 4.9775313163991081e-05 2.559505120795315e-06 -7.0386705677568287e-06 -2.8782363415302814e-06
leaf_weight=2.9999999999999991 2.9999999999999991 3.9999999999999991 3.0000000000000027 3 3.9999999999999991 2.9999999999999991 4 4 3.0000000000000018 2.9999999999999991 4.0000000000000009
leaf_count=3 3 4 3 3 4 3 4 4 3 3 4
internal_value=2.04636e-13 4.17522e-05 6.07961e-05 0.000161602 3.55946e-05 2.33089e-05 4.77421e-05 6.33768e-05 2.6347e-06 -2.49504e-06 -4.66128e-06
internal_weight=41 38 35 7 28 24 11 8 13 10 7
internal_count=41 38 35 7 28 24 11 8 13 10 7
is_linear=0
shrinkage=0.05


Tree=206
num_leaves=11
num_cat=0
split_feature=82 31 76 30 42 54 30 54 8 6
split_gain=0.000347507 7.99291e-05 4.00548e-05 3.20283e-05 1.26469e-05 2.81467e-06 2.94215e-06 8.68712e-07 1.75464e-07 8.67772e-08
threshold=-1.4043624712033482 1.844318609866801 1.0000000180025095e-35 -0.69464335212418094 0.57459416280552478 0.35470226367472457 0.23196065767146562 -0.3927994502840329 -0.26770797591583412 -0.23848341611596011
decision_type=2 2 2 2 2 2 2 2 2 2
left_child=-1 2 3 -2 -5 6 7 -4 -7 -9
right_child=1 -3 5 4 -6 8 -8 9 -10 -11
leaf_value=-0.00051807292038574815 0.00024721674271859228 -0.00020678692574923241 3.6887476259532111e-05 2.3581479181302717e-05 0.00013604004634544252 -1.9036106580945972e-05 6.135099916718901e-05 1.1157039140622763e-05 -1.9352299811240907e-06 -9.240708322977276e-08
leaf_weight=2.9999999999999991 3.9999999999999991 2.9999999999999991 2.9999999999999964 4.9999999999999982 5 3 4.9999999999999991 2.9999999999999964 2.9999999999999991 4.0000000000000089
leaf_count=3 4 3 3 5 5 3 5 3 3 4
internal_value=-8.75111e-13 4.09005e-05 6.21308e-05 0.000127641 7.98108e-05 1.84574e-05 3.00346e-05 1.43764e-05 -1.04857e-05 4.72878e-06
internal_weight=41 38 35 14 10 21 15 10 6 7
internal_count=41 38 35 14 10 21 15 10 6 7
is_linear=0
shrinkage=0.05


Tree=207
num_leaves=11
num_cat=0
split_feature=10 26 76 60 85 46 83 19 67 73
split_gain=0.000342765 7.03876e-05 2.56727e-05 1.28882e-05 1.21375e-05 8.10403e-06 3.09659e-06 1.92329e-06 2.81511e-07 7.61522e-08
threshold=-1.3189379337224574 1.2720585270194256 -1.0021555194464102 1.222149237289613 -1.0000000180025095e-35 -0.74473443417610519 -0.097189141349130162 -0.40556643261357533 -0.66127811499467171 -1.0000000180025095e-35
decision_type=2 2 2 2 2 2 2 2 2 2
left_child=-1 2 4 5 -2 -4 8 -8 -7 -10
right_child=1 -3 3 -5 -6 6 7 -9 9 -11
leaf_value=-0.00051452654879540209 9.1508075711317334e-05 -0.000191813458998998 8.9988427259868266e-05 0.0001349415882335355 0.0002187219176751872 -1.883107931159124e-05 5.9619422245305025e-05 1.3103777982905738e-05 -4.6496925278915998e-06 5.4268266391469924e-06
leaf_weight=2.9999999999999991 5.0000000000000009 2.9999999999999991 4.0000000000000027 2.9999999999999991 2.9999999999999991 3.0000000000000027 4 5 5.0000000000000018 2.9999999999999982
leaf_count=3 5 3 4 3 3 3 4 5 5 3
internal_value=-1.45907e-12 4.06205e-05 6.05434e-05 3.72338e-05 0.000139213 2.50204e-05 1.20268e-05 3.37774e-05 -5.7692e-06 -8.70998e-07
internal_weight=41 38 35 27 8 24 20 9 11 8
internal_count=41 38 35 27 8 24 20 9 11 8
is_linear=0
shrinkage=0.05


Tree=208
num_leaves=11
num_cat=0
split_feature=35 16 61 42 42 83 65 48 30 81
split_gain=0.000330255 6.13427e-05 3.38845e-05 2.54972e-05 1.24483e-05 6.28109e-06 4.9448e-06 2.12771e-06 7.77312e-07 1.82979e-07
threshold=-0.85884591277627387 1.3384685607502518 -0.47473347906564595 1.0000000180025095e-35 1.1651276190943898 -0.097189141349130162 -0.12927130117565461 -0.5387443204516108 1.0000000180025095e-35 -1.0000000180025095e-35
decision_type=2 2 2 2 2 2 2 2 2 2
left_child=-1 2 3 -2 5 8 -7 -8 9 -4
right_child=1 -3 4 -5 -6 6 7 -9 -10 -11
leaf_value=-0.00050504942967866855 0.00027256268852700793 -0.00014533963549183683 -1.8011751186956342e-05 6.6418717809331898e-05 0.00012021815782645718 0.00010749610567775865 6.4379313243989605e-06 5.8009658823721062e-05 1.6881465639926319e-05 -2.3921669344417737e-06
leaf_weight=2.9999999999999991 2.9999999999999991 3.9999999999999991 2.9999999999999991 3 3.9999999999999991 2.9999999999999991 3.9999999999999991 4.0000000000000027 4.9999999999999991 5.0000000000000027
leaf_count=3 3 4 3 3 4 3 4 4 5 5
internal_value=-1.53893e-12 3.98723e-05 6.1662e-05 0.000169491 3.85558e-05 2.49454e-05 5.27526e-05 3.22238e-05 1.41625e-06 -8.24951e-06
internal_weight=41 38 34 6 28 24 11 8 13 8
internal_count=41 38 34 6 28 24 11 8 13 8
is_linear=0
shrinkage=0.05


Tree=209
num_leaves=11
num_cat=0
split_feature=40 85 69 2 33 89 89 55 59 10
split_gain=0.000317996 5.91408e-05 3.22574e-05 1.60733e-05 9.63053e-06 3.32266e-06 2.90551e-06 4.73132e-07 3.18755e-08 9.96658e-09
threshold=-1.5094517824273612 -0.85435975191747338 -0.63697287031417382 -0.67064670716018837 0.93914265483505155 -1.0000000180025095e-35 -0.63801057478701384 -1.0414723180350844 1.0000000180025095e-35 -0.18650719772965199
decision_type=2 2 2 2 2 2 2 2 2 2
left_child=-1 -2 3 -3 5 6 -4 -7 -9 -10
right_child=1 2 4 -5 -6 7 -8 8 9 -11
leaf_value=-0.00049558729127359891 -0.00017393134767189624 5.4074876243248551e-05 1.3522389344871044e-05 0.00020046849269419908 0.00010286445540259593 1.9553158017515672e-05 6.7425166489556393e-05 1.2254642115294691e-06 -7.1131824370240799e-06 -3.3007561796694052e-06
leaf_weight=2.9999999999999991 2.9999999999999991 3.0000000000000009 5 4.9999999999999991 3.9999999999999991 2.9999999999999991 5.0000000000000018 3.0000000000000018 2.9999999999999991 4.0000000000000009
leaf_count=3 3 3 5 5 4 3 5 3 3 4
internal_value=1.72693e-12 3.91253e-05 5.73873e-05 0.000145571 3.12588e-05 1.88057e-05 4.04738e-05 2.13795e-06 -3.08662e-06 -4.93465e-06
internal_weight=41 38 35 8 27 23 10 13 10 7
internal_count=41 38 35 8 27 23 10 13 10 7
is_linear=0
shrinkage=0.05


Tree=210
num_leaves=11
num_cat=0
split_feature=86 85 58 63 76 30 40 48 5 65
split_gain=0.000310412 8.5473e-05 6.98694e-05 9.32963e-06 6.91776e-06 4.02659e-06 2.37255e-06 1.07823e-06 4.91606e-08 1.0449e-08
threshold=1.3796545336182986 1.0000000180025095e-35 -1.1575627588910657 0.15296125387154624 -1.0021555194464102 0.23196065767146562 0.30382579202794685 -1.0000000180025095e-35 -1.0000000180025095e-35 -0.035566923083764128
decision_type=2 2 2 2 2 2 2 2 2 2
left_child=1 2 -1 -3 -4 6 8 -8 9 -6
right_child=-2 3 4 -5 5 -7 7 -9 -10 -11
leaf_value=-0.00021791394319734512 -0.00036915894299454521 0.00015358161763288079 9.7716058371588512e-05 0.00026511418012281255 -1.8028107433565274e-06 6.5137995989061892e-05 1.7394078956082611e-05 5.9785640526873374e-05 4.1743448794780619e-06 -5.7064172627481929e-06
leaf_weight=3.0000000000000027 4.9999999999999991 5 4.0000000000000027 3 4.0000000000000071 4.9999999999999991 3 2.9999999999999991 2.9999999999999982 3
leaf_count=3 5 5 4 3 4 5 3 3 3 3
internal_value=-1.04259e-13 5.12721e-05 1.00909e-05 0.000195406 3.74514e-05 2.59725e-05 1.37332e-05 3.85899e-05 -1.18075e-06 -3.47578e-06
internal_weight=41 36 28 8 25 21 16 6 10 7
internal_count=41 36 28 8 25 21 16 6 10 7
is_linear=0
shrinkage=0.05


Tree=211
num_leaves=10
num_cat=0
split_feature=75 85 61 30 30 52 36 0 59
split_gain=0.000308467 5.38984e-05 3.22496e-05 2.56859e-05 3.27467e-06 1.88655e-06 1.46651e-06 6.77722e-07 2.0192e-08
threshold=-0.57000428327576291 -0.85435975191747338 -0.42002062214995012 -0.69464335212418094 0.23196065767146562 0.41925382352954305 0.39326775818027954 0.61531171326305711 1.0000000180025095e-35
decision_type=2 2 2 2 2 2 2 2 2
left_child=-1 -2 3 -3 5 8 -7 -6 -4
right_child=1 2 4 -5 7 6 -8 -9 -10
leaf_value=-0.00048810518734777972 -0.00016486007759037118 0.00021198958391323685 7.8953726188046743e-07 5.172150093130768e-05 6.8105245009064672e-05 4.8568248748779306e-05 7.9502545304421791e-06 3.6667302386679986e-05 -3.9765897236065936e-06
leaf_weight=2.9999999999999991 2.9999999999999991 5 4.0000000000000053 4.9999999999999982 3.9999999999999991 4.9999999999999982 4 3 5
leaf_count=3 3 5 4 5 4 5 4 3 5
internal_value=-5.14641e-13 3.85346e-05 5.59685e-05 0.000131856 2.56136e-05 1.43287e-05 3.05158e-05 5.46318e-05 -1.85831e-06
internal_weight=41 38 35 10 25 18 9 7 9
internal_count=41 38 35 10 25 18 9 7 9
is_linear=0
shrinkage=0.05


Tree=212
num_leaves=12
num_cat=0
split_feature=83 16 61 42 42 8 60 7 52 1 16
split_gain=0.000304242 5.26325e-05 2.67545e-05 1.81317e-05 1.4206e-05 9.03191e-06 2.47517e-06 1.74778e-06 4.78711e-07 1.23072e-07 1.34316e-08
threshold=1.3906258311599931 1.3384685607502518 -0.47473347906564595 1.0000000180025095e-35 0.70780147206209587 -0.26770797591583412 -0.96824793346519 1.0000000180025095e-35 0.53893630079474963 -0.50298442762762074 1.0000000180025095e-35
decision_type=2 2 2 2 2 2 2 2 2 2 2
left_child=1 2 3 -1 6 -6 -4 8 9 -8 -11
right_child=-2 -3 4 -5 5 -7 7 -9 -10 10 -12
leaf_value=0.00024118688500796758 -0.00048475099029019478 -0.00013328966597327962 5.0246864102518854e-05 6.7349336313782238e-05 4.4772295708147175e-05 0.00016746371984481813 -1.3331226364243761e-05 3.912930624210276e-05 1.5726283163530751e-05 1.4376874939140769e-06 -3.2937000772411305e-06
leaf_weight=2.9999999999999991 2.9999999999999991 3.9999999999999991 5.0000000000000027 3 3 2.9999999999999991 3.0000000000000027 3.9999999999999991 3.9999999999999991 3.0000000000000027 3
leaf_count=3 3 4 5 3 3 3 3 4 4 3 3
internal_value=9.06167e-13 3.82698e-05 5.84533e-05 0.000154268 3.79215e-05 0.000106118 1.93225e-05 1.02271e-05 1.33411e-06 -5.06241e-06 -9.28006e-07
internal_weight=41 38 34 6 28 6 22 17 13 9 6
internal_count=41 38 34 6 28 6 22 17 13 9 6
is_linear=0
shrinkage=0.05


Tree=213
num_leaves=11
num_cat=0
split_feature=66 26 76 66 85 68 10 46 78 84
split_gain=0.000296227 6.11158e-05 2.3253e-05 1.00305e-05 1.00225e-05 4.01634e-06 1.72057e-06 9.36046e-07 5.4597e-08 7.448e-09
threshold=-0.86704174366281228 1.2720585270194256 -1.0021555194464102 0.53069156720761979 -1.0000000180025095e-35 1.0601966358628305 0.53138604960455693 0.45129388115638153 -0.78160371939515683 -0.33551213398685481
decision_type=2 2 2 2 2 2 2 2 2 2
left_child=-1 2 4 5 -2 6 7 8 -4 -10
right_child=1 -3 3 -5 -6 -7 -8 -9 9 -11
leaf_value=-0.00047832341612471895 8.7847582180984303e-05 -0.00017882269845965009 3.7961826024002154e-06 0.00010722021543188021 0.00020344764925539494 7.5381778879091149e-05 4.2672159361245582e-05 2.6955790599458854e-05 -1.3886017465362452e-06 -4.5398985093925141e-06
leaf_weight=2.9999999999999991 5.0000000000000009 2.9999999999999991 4.0000000000000062 3.9999999999999991 2.9999999999999991 2.9999999999999991 3.9999999999999991 3.9999999999999991 3.0000000000000053 5
leaf_count=3 5 3 4 4 3 3 4 4 3 5
internal_value=-1.3232e-12 3.77624e-05 5.63268e-05 3.41429e-05 0.000131198 2.14338e-05 1.33416e-05 6.00891e-06 -9.73381e-07 -3.35816e-06
internal_weight=41 38 35 27 8 23 20 16 12 8
internal_count=41 38 35 27 8 23 20 16 12 8
is_linear=0
shrinkage=0.05


Tree=214
num_leaves=12
num_cat=0
split_feature=46 58 76 48 13 18 30 11 54 12 53
split_gain=0.000285125 5.04362e-05 2.47832e-05 1.82626e-05 1.1271e-05 3.4309e-06 2.89925e-06 1.69205e-06 1.53341e-06 1.45798e-07 2.14573e-08
threshold=-1.2581043289471927 -1.3256438904594359 1.0000000180025095e-35 -0.12057605698984035 -0.73374735116923129 0.13953907075525215 0.23196065767146562 1.0000000180025095e-35 -0.3927994502840329 -0.23056763232619609 -0.14481749218138013
decision_type=2 2 2 2 2 2 2 2 2 2 2
left_child=-1 -2 3 -3 -5 -6 8 -8 -4 -10 -11
right_child=1 2 6 4 5 -7 7 -9 9 10 -12
leaf_value=-0.00046927451233689984 -0.00015970560780260713 1.5149090540944595e-05 3.2586475936113873e-05 0.00022264504805207254 0.0001371242513414473 6.6389520846617698e-05 6.7121881875209518e-05 1.7447169436006025e-05 -1.3265358817686029e-05 3.1057198308796339e-06 -2.4881914896468444e-06
leaf_weight=2.9999999999999991 2.9999999999999991 4.0000000000000009 3.9999999999999973 2.9999999999999991 3.9999999999999973 3 3.9999999999999991 3 2.9999999999999964 2.9999999999999964 4.0000000000000107
leaf_count=3 3 4 4 3 4 3 4 3 3 3 4
internal_value=-7.20941e-13 3.7048e-05 5.39126e-05 0.000105443 0.00014156 0.000106809 1.95592e-05 4.58327e-05 6.42244e-06 -4.04317e-06 -9.08009e-08
internal_weight=41 38 35 14 10 7 21 7 14 10 7
internal_count=41 38 35 14 10 7 21 7 14 10 7
is_linear=0
shrinkage=0.05


Tree=215
num_leaves=11
num_cat=0
split_feature=80 26 76 85 60 30 20 52 65 80
split_gain=0.000272231 5.5098e-05 2.14347e-05 9.24453e-06 8.73442e-06 6.77447e-06 4.49547e-06 1.06222e-06 1.56645e-07 1.24092e-08
threshold=-0.9077348392975686 1.2720585270194256 -1.0021555194464102 -1.0000000180025095e-35 1.222149237289613 0.23196065767146562 -1.0000000180025095e-35 0.53893630079474963 1.0000000180025095e-35 -0.69711095914364707
decision_type=2 2 2 2 2 2 2 2 2 2
left_child=-1 2 3 -2 5 7 -7 8 9 -4
right_child=1 -3 4 -5 -6 6 -8 -9 -10 -11
leaf_value=-0.00045854055012265848 8.4077675710432216e-05 -0.00016944499220699074 1.2003529718640481e-06 0.00019510035635903478 0.0001129643666596773 3.1009059894131485e-05 0.0001084297604393214 2.279853717482183e-05 -1.4739285082517504e-05 -2.8672785992966928e-06
leaf_weight=2.9999999999999991 5.0000000000000009 2.9999999999999991 3.0000000000000027 2.9999999999999991 2.9999999999999991 5.0000000000000009 2.9999999999999991 4.9999999999999991 2.9999999999999991 5.0000000000000062
leaf_count=3 5 3 3 3 3 5 3 5 3 5
internal_value=-4.99113e-14 3.62006e-05 5.38273e-05 0.000125711 3.25284e-05 2.24739e-05 6.00418e-05 3.68997e-06 -4.99574e-06 -1.34192e-06
internal_weight=41 38 35 8 27 24 8 16 11 8
internal_count=41 38 35 8 27 24 8 16 11 8
is_linear=0
shrinkage=0.05


Tree=216
num_leaves=11
num_cat=0
split_feature=83 82 23 8 83 30 40 9 1 41
split_gain=0.000269646 4.93471e-05 2.33556e-05 8.59242e-06 3.25269e-06 2.46368e-06 1.62948e-06 8.22957e-07 2.21616e-07 1.07621e-07
threshold=1.3906258311599931 1.462944067915849 -0.6767221580226811 0.4588211163806864 0.41016199817657589 0.23196065767146562 0.30382579202794685 -1.0000000180025095e-35 -0.50298442762762074 0.51298639066457297
decision_type=2 2 2 2 2 2 2 2 2 2
left_child=1 2 -1 4 5 6 8 -7 -4 -10
right_child=-2 -3 3 -5 -6 7 -8 -9 9 -11
leaf_value=0.00015275757468771192 -0.00045635887266447147 -0.0001585893623996526 -1.3751166382765676e-05 0.00011631172207368461 6.3518499728161261e-05 2.7648162510255731e-05 3.2263058092212307e-05 6.4683204982429743e-05 9.6710060461191271e-06 -2.3079331367625853e-06
leaf_weight=4.9999999999999991 2.9999999999999991 2.9999999999999991 3.0000000000000062 2.9999999999999991 4.9999999999999991 3 4.9999999999999991 2.9999999999999991 3.0000000000000053 5
leaf_count=5 3 3 3 3 5 3 5 3 3 5
internal_value=1.93545e-12 3.60283e-05 5.27099e-05 3.60352e-05 2.71156e-05 1.88422e-05 8.59595e-06 4.61657e-05 -2.16183e-06 2.18417e-06
internal_weight=41 38 35 30 27 22 16 6 11 8
internal_count=41 38 35 30 27 22 16 6 11 8
is_linear=0
shrinkage=0.05


Tree=217
num_leaves=12
num_cat=0
split_feature=75 16 61 21 63 33 36 30 52 31 6
split_gain=0.000256889 4.71608e-05 2.88963e-05 1.89787e-05 9.02265e-06 4.72504e-06 3.4959e-06 2.24193e-06 6.40705e-07 1.33322e-07 6.46764e-09
threshold=-0.57000428327576291 1.3384685607502518 -0.47473347906564595 0.44870550398565684 0.09843632237247045 0.93914265483505155 -0.7003354554292166 0.23196065767146562 0.53893630079474963 -0.65768967809081003 -0.23848341611596011
decision_type=2 2 2 2 2 2 2 2 2 2 2
left_child=-1 2 3 -2 5 -4 -6 8 9 -8 -11
right_child=1 -3 4 -5 6 -7 7 -9 -10 10 -12
leaf_value=-0.00044543286785483362 0.0002427731485416492 -0.00012723140607704409 4.291206423658873e-05 6.4921600399732885e-05 6.8270696404700395e-05 0.00013165363731483615 -1.480398059356956e-05 4.3450947043766067e-05 1.5935781520965977e-05 -4.5075084926793303e-07 -3.521904000081124e-06
leaf_weight=2.9999999999999991 2.9999999999999991 3.9999999999999991 3.0000000000000027 3 3.0000000000000027 3 3.0000000000000027 3.9999999999999991 4.9999999999999991 3.0000000000000027 3.9999999999999964
leaf_count=3 3 4 3 3 3 3 3 4 5 3 4
internal_value=2.39685e-12 3.51658e-05 5.42713e-05 0.000153847 3.29336e-05 8.72829e-05 1.8111e-05 1.01911e-05 1.32181e-06 -5.98518e-06 -2.2057e-06
internal_weight=41 38 34 6 28 6 22 19 15 10 7
internal_count=41 38 34 6 28 6 22 19 15 10 7
is_linear=0
shrinkage=0.05


Tree=218
num_leaves=13
num_cat=0
split_feature=35 58 23 30 42 64 10 46 5 83 6 84
split_gain=0.000248533 4.52245e-05 2.52496e-05 1.4389e-05 1.17922e-05 2.85265e-06 2.34341e-06 1.50623e-06 5.00205e-07 1.84371e-07 6.31296e-08 1.70428e-09
threshold=-0.85884591277627387 -1.3256438904594359 -0.6767221580226811 0.23196065767146562 1.1651276190943898 0.91706835852050228 0.53138604960455693 0.45129388115638153 -0.12804498390988617 -0.74538476350117333 -0.34375851814141162 -1.0000000180025095e-35
decision_type=2 2 2 2 2 2 2 2 2 2 2 2
left_child=-1 -2 3 -3 5 6 7 9 -8 -4 -11 -12
right_child=1 2 4 -5 -6 -7 8 -9 -10 10 11 -13
leaf_value=-0.00043812866012255355 -0.0001517219202166113 0.00022135437854255239 -1.4178696437738803e-05 6.6494063078910873e-05 0.00012510443145098788 6.6268789426734062e-05 2.6857658455507279e-05 3.1778996253706281e-05 5.5731082102283839e-05 4.8196234502029183e-06 -2.4469485348769573e-06 -4.1323188876655636e-06
leaf_weight=2.9999999999999991 2.9999999999999991 2.9999999999999991 3.0000000000000062 3 2.9999999999999991 2.9999999999999991 3 3.9999999999999991 2.9999999999999991 4.0000000000000053 3.0000000000000053 2.9999999999999947
leaf_count=3 3 3 3 3 3 3 3 4 3 4 3 3
internal_value=1.35093e-12 3.45891e-05 5.05586e-05 0.000143924 3.12416e-05 2.04113e-05 1.44299e-05 4.94827e-06 4.12944e-05 -3.30734e-06 -4.59308e-08 -3.28963e-06
internal_weight=41 38 35 6 29 26 23 17 6 13 10 6
internal_count=41 38 35 6 29 26 23 17 6 13 10 6
is_linear=0
shrinkage=0.05


Tree=219
num_leaves=12
num_cat=0
split_feature=46 82 69 33 33 89 32 55 5 9 31
split_gain=0.000245631 4.57922e-05 2.69043e-05 1.04074e-05 6.51139e-06 3.03071e-06 2.54581e-06 5.19017e-07 4.49812e-07 1.22288e-08 3.83498e-09
threshold=-1.2581043289471927 1.462944067915849 -0.63697287031417382 0.1711166209443867 0.93914265483505155 -1.0000000180025095e-35 1.0000000180025095e-35 -1.0414723180350844 -0.12804498390988617 -0.45418738966214112 -0.22559576834473472
decision_type=2 2 2 2 2 2 2 2 2 2 2
left_child=-1 2 3 -2 5 6 -4 -7 -8 -9 -11
right_child=1 -3 4 -5 -6 7 8 9 -10 10 -12
leaf_value=-0.00043556283538540204 0.00019092978909611704 -0.00015309024796200297 -1.2705932325237262e-06 6.7732953660500526e-05 8.7598548998357731e-05 2.0589672506806288e-05 3.7433256996640297e-05 -4.5165916162659414e-07 6.1923045432195071e-05 -5.618530970726473e-06 -3.2536464459553794e-06
leaf_weight=2.9999999999999991 3.9999999999999991 2.9999999999999991 3.0000000000000027 3 3.9999999999999991 2.9999999999999991 3.0000000000000009 2.9999999999999991 4.9999999999999991 2.9999999999999991 4.0000000000000036
leaf_count=3 4 3 3 3 4 3 3 3 5 3 4
internal_value=1.05146e-12 3.43865e-05 5.0456e-05 0.000138131 2.85372e-05 1.86936e-05 3.80094e-05 2.34953e-06 5.27394e-05 -3.12252e-06 -4.26717e-06
internal_weight=41 38 35 7 28 24 11 13 8 10 7
internal_count=41 38 35 7 28 24 11 13 8 10 7
is_linear=0
shrinkage=0.05


Tree=220
num_leaves=11
num_cat=0
split_feature=10 48 76 89 85 8 47 52 31 74
split_gain=0.000239355 4.99415e-05 1.91501e-05 1.04023e-05 8.62095e-06 7.46549e-06 3.91443e-06 3.20654e-07 5.57049e-09 5.835e-10
threshold=-1.3189379337224574 -0.83996347153299367 -1.0021555194464102 -1.0000000180025095e-35 -1.0000000180025095e-35 1.0000000180025095e-35 1.0000000180025095e-35 0.41925382352954305 -0.65768967809081003 -0.14562624662257653
decision_type=2 2 2 2 2 2 2 2 2 2
left_child=-1 -2 4 5 -3 6 -4 8 -5 -10
right_child=1 2 3 7 -6 -7 -8 -9 9 -11
leaf_value=-0.00042996205350694555 -0.00011331437164699311 8.3383779856376333e-05 1.3661174307344485e-05 -5.3376045495194072e-06 0.00019059667829424143 0.00013487504717583459 7.6226559467613687e-05 1.5297011729368629e-05 -3.1919115523730095e-06 -2.205757634025452e-06
leaf_weight=2.9999999999999991 4.9999999999999991 5.0000000000000009 4.9999999999999982 2.9999999999999991 2.9999999999999991 2.9999999999999991 5 2.9999999999999991 2.9999999999999991 3.0000000000000036
leaf_count=3 5 5 5 3 3 3 5 3 3 3
internal_value=-1.4685e-12 3.39444e-05 5.62563e-05 3.471e-05 0.000123589 6.56972e-05 4.49439e-05 1.14043e-06 -3.57842e-06 -2.69883e-06
internal_weight=41 38 33 25 8 13 10 12 9 6
internal_count=41 38 33 25 8 13 10 12 9 6
is_linear=0
shrinkage=0.05


Tree=221
num_leaves=11
num_cat=0
split_feature=82 31 76 30 42 54 72 37 14 14
split_gain=0.000236249 5.95621e-05 2.83891e-05 2.3526e-05 7.78845e-06 2.07319e-06 1.32598e-06 1.52203e-06 1.75542e-07 3.93673e-08
threshold=-1.4043624712033482 1.844318609866801 1.0000000180025095e-35 -0.69464335212418094 0.57459416280552478 -0.77896667624259808 0.3615675373593597 -0.087852392459645171 -0.43947741719629513 1.0000000180025095e-35
decision_type=2 2 2 2 2 2 2 2 2 2
left_child=-1 2 3 -2 -5 -4 8 -8 -7 -10
right_child=1 -3 5 4 -6 6 7 -9 9 -11
leaf_value=-0.00042716348155712088 0.00020968457392882557 -0.00018009086197707803 4.7669973719166597e-05 2.208276266173926e-05 0.00011033497634343803 -1.414034365249487e-05 4.1612201130192256e-06 5.127406523873409e-05 -2.9315513529581905e-06 4.6454340614824702e-06
leaf_weight=2.9999999999999991 3.9999999999999991 2.9999999999999991 3.9999999999999991 4.9999999999999982 5 3 4 2.9999999999999991 4.0000000000000053 3
leaf_count=3 4 3 4 5 5 3 4 3 4 3
internal_value=-7.32032e-14 3.37234e-05 5.20504e-05 0.000107202 6.62089e-05 1.52827e-05 7.66213e-06 2.43524e-05 -4.02109e-06 3.15728e-07
internal_weight=41 38 35 14 10 21 17 7 10 7
internal_count=41 38 35 14 10 21 17 7 10 7
is_linear=0
shrinkage=0.05


Tree=222
num_leaves=12
num_cat=0
split_feature=40 82 69 2 33 89 32 55 0 9 13
split_gain=0.00022328 4.21131e-05 2.49878e-05 1.18146e-05 5.36539e-06 2.04015e-06 1.65325e-06 4.65494e-07 2.08848e-07 2.4319e-08 2.96388e-09
threshold=-1.5094517824273612 1.462944067915849 -0.63697287031417382 -0.67064670716018837 0.93914265483505155 -1.0000000180025095e-35 1.0000000180025095e-35 -1.0414723180350844 0.81783464012756568 -0.45418738966214112 -0.10709425803550428
decision_type=2 2 2 2 2 2 2 2 2 2 2
left_child=-1 2 3 -2 5 6 -4 -7 -8 -9 -11
right_child=1 -3 4 -5 -6 7 8 9 -10 10 -12
leaf_value=-0.00041527387123399724 4.7364806717572087e-05 -0.00014700295287184417 1.8275723656794662e-06 0.00017287481110543013 7.8645521716680386e-05 2.0116888481425122e-05 5.3670923080062487e-05 1.4270332333884049e-06 3.6218974370664602e-05 -4.8446029722981627e-06 -2.7655839100286015e-06
leaf_weight=2.9999999999999991 3.0000000000000009 2.9999999999999991 3.0000000000000018 4.9999999999999991 3.9999999999999991 2.9999999999999991 4 2.9999999999999991 3 3.9999999999999991 3.0000000000000036
leaf_count=3 3 3 3 5 4 3 4 3 3 4 3
internal_value=5.92281e-13 3.27848e-05 4.81952e-05 0.000125809 2.51986e-05 1.59035e-05 3.28823e-05 2.84282e-06 4.61915e-05 -2.33941e-06 -3.95359e-06
internal_weight=41 38 35 8 27 23 10 13 7 10 7
internal_count=41 38 35 8 27 23 10 13 7 10 7
is_linear=0
shrinkage=0.05


Tree=223
num_leaves=11
num_cat=0
split_feature=86 85 58 63 76 32 44 74 74 22
split_gain=0.000215643 6.04739e-05 4.8535e-05 8.11179e-06 6.03094e-06 2.27235e-06 2.42965e-06 2.92514e-07 2.36634e-07 3.39398e-09
threshold=1.3796545336182986 1.0000000180025095e-35 -1.1575627588910657 0.15296125387154624 -1.0021555194464102 -1.0000000180025095e-35 -1.0000000180025095e-35 -0.36848277815320701 -0.20029655496709456 -1.0000000180025095e-35
decision_type=2 2 2 2 2 2 2 2 2 2
left_child=1 2 -1 -3 -4 7 -7 -6 -8 -9
right_child=-2 3 4 -5 5 6 8 9 -10 -11
leaf_value=-0.00018193713767686838 -0.00030768881675612646 0.00012497249117586761 8.7168577010743252e-05 0.00022897113036985195 1.3404425953922325e-05 -2.5101197024923705e-06 4.35922329779714e-05 -5.2404890690619733e-06 6.1354886080759529e-05 -2.8621207699567643e-06
leaf_weight=3.0000000000000027 4.9999999999999991 5 4.0000000000000027 3 4 3.0000000000000044 5.0000000000000036 3 2.9999999999999867 3.0000000000000053
leaf_count=3 5 5 4 3 4 3 5 3 3 3
internal_value=-8.42946e-14 4.27346e-05 8.09529e-06 0.000163972 3.08992e-05 2.01812e-05 3.58632e-05 2.93099e-06 5.02532e-05 -4.0513e-06
internal_weight=41 36 28 8 25 21 11 10 8 6
internal_count=41 36 28 8 25 21 11 10 8 6
is_linear=0
shrinkage=0.05


Tree=224
num_leaves=12
num_cat=0
split_feature=35 16 61 42 42 52 30 27 31 48 52
split_gain=0.00021454 3.88766e-05 2.07166e-05 1.55763e-05 7.90815e-06 3.86436e-06 1.98481e-06 9.28884e-07 1.24739e-07 5.50527e-08 8.46854e-10
threshold=-0.85884591277627387 1.3384685607502518 -0.47473347906564595 1.0000000180025095e-35 1.1651276190943898 1.0840582693199898 0.23196065767146562 -0.36579501538650111 -0.65768967809081003 -0.83996347153299367 -1.0000000180025095e-35
decision_type=2 2 2 2 2 2 2 2 2 2 2
left_child=-1 2 3 -2 5 6 7 -4 -9 -10 -11
right_child=1 -3 4 -5 -6 -7 -8 8 9 10 -12
leaf_value=-0.00040706450430055461 0.00021435724338516595 -0.00011530897463671864 2.5258479217882215e-05 5.3234530059853559e-05 9.6504682733211677e-05 7.365076744463295e-05 4.0482532058376818e-05 -1.1393228002513422e-05 5.9099313754510636e-06 -1.7915889960325596e-06 -2.9796221497235953e-06
leaf_weight=2.9999999999999991 2.9999999999999991 3.9999999999999991 4.000000000000008 3 3.9999999999999991 2.9999999999999991 4.9999999999999991 3.0000000000000062 3.0000000000000053 3.0000000000000053 2.9999999999999858
leaf_count=3 3 4 4 3 4 3 5 3 3 3 3
internal_value=-9.76043e-14 3.21367e-05 4.94832e-05 0.000133796 3.14162e-05 2.05681e-05 1.29849e-05 4.3919e-06 -2.56363e-06 3.79573e-07 -2.38561e-06
internal_weight=41 38 34 6 28 24 21 16 12 9 6
internal_count=41 38 34 6 28 24 21 16 12 9 6
is_linear=0
shrinkage=0.05


Tree=225
num_leaves=10
num_cat=0
split_feature=75 82 61 30 32 89 86 3 10
split_gain=0.000209847 3.88151e-05 2.33963e-05 1.94308e-05 1.88168e-06 1.66394e-06 5.28237e-07 3.84162e-07 3.0143e-08
threshold=-0.57000428327576291 1.462944067915849 -0.42002062214995012 -0.69464335212418094 1.0000000180025095e-35 -1.0000000180025095e-35 -0.21556833810257228 1.0000000180025095e-35 1.0000000180025095e-35
decision_type=2 2 2 2 2 2 2 2 2
left_child=-1 2 3 -2 6 7 8 -6 -4
right_child=1 -3 4 -5 5 -7 -8 -9 -10
leaf_value=-0.0004025880984651546 0.00018091186881065367 -0.00014082114406240484 -3.8391695852624249e-06 4.151750326855109e-05 5.7279941393062541e-05 9.7558927700447308e-06 2.3140447835127487e-05 3.6490957136265933e-05 2.5004433458282917e-06
leaf_weight=2.9999999999999991 5 2.9999999999999991 5 4.9999999999999982 3.9999999999999947 5.0000000000000027 3.0000000000000027 5 3
leaf_count=3 5 3 5 5 4 5 3 5 3
internal_value=-6.45519e-13 3.17833e-05 4.65779e-05 0.000111215 2.07232e-05 3.28824e-05 5.24789e-06 4.57305e-05 -1.46181e-06
internal_weight=41 38 35 10 25 14 11 9 8
internal_count=41 38 35 10 25 14 11 9 8
is_linear=0
shrinkage=0.05


Tree=226
num_leaves=11
num_cat=0
split_feature=82 31 76 30 42 64 52 9 68 78
split_gain=0.000205811 5.11061e-05 2.36482e-05 1.70409e-05 6.72261e-06 1.49407e-06 1.13441e-06 7.65282e-07 1.1658e-07 6.65358e-08
threshold=-1.4043624712033482 1.844318609866801 1.0000000180025095e-35 -0.69464335212418094 0.57459416280552478 -0.30573579136824486 0.68637815552215431 -0.36454500721419214 0.35703749303279475 -0.78160371939515683
decision_type=2 2 2 2 2 2 2 2 2 2
left_child=-1 2 3 -2 -5 7 8 -4 9 -7
right_child=1 -3 5 4 -6 6 -8 -9 -10 -11
leaf_value=-0.00039869726169854407 0.00018600982730276883 -0.00016657989957214643 1.466590802010614e-05 2.2904283687239518e-05 0.00010489583597518504 7.0704490402325462e-06 3.2718138148387275e-05 4.8073037032736468e-05 -1.0374048421605646e-05 -2.3483833138016021e-06
leaf_weight=2.9999999999999991 3.9999999999999991 2.9999999999999991 3 4.9999999999999982 5 2.9999999999999956 2.9999999999999991 3.9999999999999991 2.9999999999999991 5.0000000000000062
leaf_count=3 4 3 3 5 5 3 3 4 3 5
internal_value=-1.06477e-13 3.14761e-05 4.84523e-05 9.87886e-05 6.39001e-05 1.48948e-05 5.46441e-06 3.37557e-05 -1.96843e-06 1.18368e-06
internal_weight=41 38 35 14 10 21 14 7 11 8
internal_count=41 38 35 14 10 21 14 7 11 8
is_linear=0
shrinkage=0.05


Tree=227
num_leaves=11
num_cat=0
split_feature=10 26 76 66 85 27 10 46 78 40
split_gain=0.000201527 4.51208e-05 1.54445e-05 7.62343e-06 6.82942e-06 2.86263e-06 1.10464e-06 7.21818e-07 7.18629e-08 1.05262e-08
threshold=-1.3189379337224574 1.2720585270194256 -1.0021555194464102 0.53069156720761979 -1.0000000180025095e-35 -0.52768757511097386 0.53138604960455693 0.45129388115638153 -0.78160371939515683 -0.35387506639531829
decision_type=2 2 2 2 2 2 2 2 2 2
left_child=-1 2 4 5 -2 -4 7 8 -7 -10
right_child=1 -3 3 -5 -6 6 -8 -9 9 -11
leaf_value=-0.00039452657025928302 7.2332063573412564e-05 -0.00015495033391440909 6.3484035005482458e-05 9.2726995717384852e-05 0.00016775685750568909 4.5721776587015407e-06 3.4608451642270666e-05 2.3625976882613032e-05 -5.9772837024259567e-06 -2.2309641281026428e-06
leaf_weight=2.9999999999999991 5.0000000000000009 2.9999999999999991 3.0000000000000027 3.9999999999999991 2.9999999999999991 4.0000000000000062 3.9999999999999991 3.9999999999999991 3.0000000000000053 4.9999999999999964
leaf_count=3 5 3 3 4 3 4 4 4 3 5
internal_value=4.56966e-13 3.11468e-05 4.7098e-05 2.90185e-05 0.000108116 1.79388e-05 1.1107e-05 5.23162e-06 -8.9983e-07 -3.63583e-06
internal_weight=41 38 35 27 8 23 20 16 12 8
internal_count=41 38 35 27 8 23 20 16 12 8
is_linear=0
shrinkage=0.05


Tree=228
num_leaves=11
num_cat=0
split_feature=46 82 69 34 33 32 44 74 86 38
split_gain=0.000194687 3.54456e-05 2.19736e-05 6.53208e-06 4.54913e-06 1.7612e-06 2.13798e-06 1.87393e-07 1.70147e-07 1.52524e-08
threshold=-1.2581043289471927 1.462944067915849 -0.63697287031417382 -0.37493300608227148 0.93914265483505155 1.0000000180025095e-35 -1.0000000180025095e-35 -0.20029655496709456 -0.21556833810257228 -0.033750304569540097
decision_type=2 2 2 2 2 2 2 2 2 2
left_child=-1 2 3 -2 5 8 -7 -8 9 -4
right_child=1 -3 4 -5 -6 6 7 -9 -10 -11
leaf_value=-0.00038777327475448452 6.8214461983491956e-05 -0.00013432884588837624 1.0010136368994905e-06 0.00016581541276536882 7.430924160871655e-05 3.526109649101271e-06 3.9277131436392664e-05 5.5083999177441036e-05 1.2145341315772357e-05 -3.5085865965811538e-06
leaf_weight=2.9999999999999991 3 2.9999999999999991 3.0000000000000009 3.9999999999999991 3.9999999999999991 5.0000000000000009 5 2.9999999999999973 3.0000000000000062 4.9999999999999991
leaf_count=3 3 3 3 4 4 5 5 3 3 5
internal_value=-5.76753e-13 3.06137e-05 4.47516e-05 0.000123986 2.49429e-05 1.67152e-05 2.91745e-05 4.52047e-05 1.99056e-06 -1.81749e-06
internal_weight=41 38 35 7 28 24 13 8 11 8
internal_count=41 38 35 7 28 24 13 8 11 8
is_linear=0
shrinkage=0.05


Tree=229
num_leaves=12
num_cat=0
split_feature=35 16 61 42 42 52 30 27 31 48 52
split_gain=0.000187359 3.43351e-05 1.9708e-05 1.24288e-05 8.87802e-06 3.3661e-06 1.65172e-06 6.92931e-07 1.65989e-07 2.28994e-08 9.13055e-11
threshold=-0.85884591277627387 1.3384685607502518 -0.47473347906564595 1.0000000180025095e-35 1.1651276190943898 1.0840582693199898 0.23196065767146562 -0.36579501538650111 -0.65768967809081003 -0.83996347153299367 -1.0000000180025095e-35
decision_type=2 2 2 2 2 2 2 2 2 2 2
left_child=-1 2 3 -2 5 6 7 -4 -9 -10 -11
right_child=1 -3 4 -5 -6 -7 -8 8 9 10 -12
leaf_value=-0.00038040500755111376 0.00020053140663852298 -0.00010853403509827332 2.0324254182924007e-05 5.6605619223167484e-05 9.7676516452338555e-05 6.6760459352129458e-05 3.5225002793595198e-05 -1.389123062836003e-05 3.2561418872016104e-06 -1.8989731567368494e-06 -2.2890704106733614e-06
leaf_weight=2.9999999999999991 2.9999999999999991 3.9999999999999991 4.000000000000008 3 3.9999999999999991 2.9999999999999991 4.9999999999999991 3.0000000000000062 3.0000000000000053 3.0000000000000053 2.9999999999999858
leaf_count=3 3 4 4 3 4 3 5 3 3 3 3
internal_value=-1.90772e-13 3.0032e-05 4.63339e-05 0.000128569 2.87121e-05 1.72181e-05 1.01406e-05 2.30173e-06 -3.70578e-06 -3.10634e-07 -2.09402e-06
internal_weight=41 38 34 6 28 24 21 16 12 9 6
internal_count=41 38 34 6 28 24 21 16 12 9 6
is_linear=0
shrinkage=0.05


Tree=230
num_leaves=11
num_cat=0
split_feature=66 26 76 60 85 52 10 52 68 75
split_gain=0.000183269 4.05379e-05 1.52786e-05 6.59024e-06 6.16789e-06 4.13136e-06 1.30644e-06 7.12275e-07 1.7213e-07 2.77007e-08
threshold=-0.86704174366281228 1.2720585270194256 -1.0021555194464102 1.222149237289613 1.0000000180025095e-35 0.68637815552215431 0.53138604960455693 0.41925382352954305 0.46959528377766374 1.0000000180025095e-35
decision_type=2 2 2 2 2 2 2 2 2 2
left_child=-1 2 4 5 -2 6 7 8 9 -4
right_child=1 -3 3 -5 -6 -7 -8 -9 -10 -11
leaf_value=-0.0003762301018772026 7.1504469378851337e-05 -0.00014669100443522138 -2.6753553902381031e-06 9.6708568647348647e-05 0.00016218994278460738 6.4493034642509883e-05 3.4386805532449215e-05 2.0711482966362384e-05 -1.4023783417845457e-05 2.907050838985014e-06
leaf_weight=2.9999999999999991 5 2.9999999999999991 5.0000000000000124 2.9999999999999991 3 3.9999999999999991 3.9999999999999991 3.9999999999999991 2.9999999999999991 4
leaf_count=3 5 3 5 3 3 4 4 4 3 4
internal_value=-1.68367e-12 2.97024e-05 4.48218e-05 2.68397e-05 0.000105512 1.81061e-05 8.82866e-06 2.43913e-06 -3.65166e-06 -1.94286e-07
internal_weight=41 38 35 27 8 24 20 16 12 9
internal_count=41 38 35 27 8 24 20 16 12 9
is_linear=0
shrinkage=0.05


Tree=231
num_leaves=11
num_cat=0
split_feature=82 31 76 30 42 30 54 77 55 36
split_gain=0.000178932 4.40601e-05 2.0915e-05 1.73123e-05 5.09997e-06 1.83192e-06 6.94542e-07 6.12548e-07 1.39278e-07 2.39309e-08
threshold=-1.4043624712033482 1.844318609866801 1.0000000180025095e-35 -0.69464335212418094 0.57459416280552478 0.23196065767146562 -0.3927994502840329 -0.19042059801362052 -0.88213604831320536 1.0000000180025095e-35
decision_type=2 2 2 2 2 2 2 2 2 2
left_child=-1 2 3 -2 -5 6 -4 -7 -8 -10
right_child=1 -3 5 4 -6 7 8 -9 9 -11
leaf_value=-0.0003717519110068679 0.00018036247056443246 -0.00015454793659349283 2.4435446942068969e-05 2.1577250663540329e-05 9.2991336714476333e-05 4.724659738712943e-05 -1.189313061331633e-05 1.7358490185870324e-05 -1.9949300622101842e-06 3.474404110193063e-06
leaf_weight=2.9999999999999991 3.9999999999999991 2.9999999999999991 2.9999999999999991 4.9999999999999982 5 4 2.9999999999999956 2.9999999999999991 4.0000000000000053 4
leaf_count=3 4 3 3 5 5 4 3 3 4 4
internal_value=-4.48023e-13 2.93488e-05 4.51114e-05 9.24495e-05 5.72843e-05 1.35527e-05 3.11035e-06 3.44374e-05 -2.70559e-06 7.39737e-07
internal_weight=41 38 35 14 10 21 14 7 11 8
internal_count=41 38 35 14 10 21 14 7 11 8
is_linear=0
shrinkage=0.05


Tree=232
num_leaves=11
num_cat=0
split_feature=40 82 69 2 33 32 21 64 86 0
split_gain=0.00017169 3.26361e-05 1.81459e-05 8.8292e-06 4.30852e-06 1.55624e-06 2.3032e-06 1.17605e-07 1.12267e-07 4.49744e-09
threshold=-1.5094517824273612 1.462944067915849 -0.63697287031417382 -0.67064670716018837 0.93914265483505155 1.0000000180025095e-35 1.0000000180025095e-35 0.36525316567831384 -0.21556833810257228 0.67048036464423977
decision_type=2 2 2 2 2 2 2 2 2 2
left_child=-1 2 3 -2 5 8 7 -7 9 -4
right_child=1 -3 4 -5 -6 6 -8 -9 -10 -11
leaf_value=-0.00036415106248265756 4.0642007176453843e-05 -0.0001295219291932881 -3.8197020937028958e-06 0.00014914207160472871 7.0612448325846344e-05 3.7870396045036625e-05 9.222484732163137e-07 5.0966464914381495e-05 9.0527122665662102e-06 -1.3709096492675597e-06
leaf_weight=2.9999999999999991 3.0000000000000009 2.9999999999999991 3 4.9999999999999991 3.9999999999999991 2.9999999999999982 5 4 3.0000000000000062 5
leaf_count=3 3 3 3 5 4 3 5 4 3 5
internal_value=-7.25377e-13 2.87488e-05 4.23148e-05 0.000108455 2.27179e-05 1.43884e-05 2.68407e-05 4.53539e-05 8.04044e-07 -2.28921e-06
internal_weight=41 38 35 8 27 23 12 7 11 8
internal_count=41 38 35 8 27 23 12 7 11 8
is_linear=0
shrinkage=0.05


Tree=233
num_leaves=12
num_cat=0
split_feature=75 75 10 61 42 0 21 30 25 40 10
split_gain=0.000166053 3.04212e-05 2.35463e-05 1.50296e-05 1.55602e-05 8.77629e-06 3.16613e-06 9.13112e-07 1.16868e-06 1.9893e-08 4.30915e-09
threshold=-0.57000428327576291 -0.078618600011751014 -0.14461635678850343 -0.42002062214995012 1.0000000180025095e-35 -0.84445629768350627 -0.95458037905196857 1.0000000180025095e-35 -0.16637877782139571 -0.17088130990702283 -0.027248473057771949
decision_type=2 2 2 2 2 2 2 2 2 2 2
left_child=-1 2 -2 4 -3 -6 -5 8 -8 -10 -11
right_child=1 3 -4 6 5 -7 7 -9 9 10 -12
leaf_value=-0.00035812296555377544 2.400748447447161e-05 0.00019374192537118998 -0.00017409296391027358 5.9517532354220744e-05 9.153891778623801e-06 0.00012228547517831125 3.3801689278334378e-05 3.2207297699642368e-05 -5.5579230926620461e-06 -1.9112762856821064e-06 7.6863423904190425e-07
leaf_weight=2.9999999999999991 3 2.9999999999999982 2.9999999999999991 4.9999999999999991 4 3 2.9999999999999991 4.9999999999999991 2.9999999999999991 2.9999999999999991 3.0000000000000071
leaf_count=3 3 3 3 5 4 3 3 5 3 3 3
internal_value=-1.06145e-12 2.82729e-05 -7.50427e-05 4.76445e-05 9.84698e-05 5.76389e-05 2.45422e-05 1.42553e-05 6.77528e-06 -2.23352e-06 -5.71321e-07
internal_weight=41 38 6 32 10 7 22 17 12 9 6
internal_count=41 38 6 32 10 7 22 17 12 9 6
is_linear=0
shrinkage=0.05


Tree=234
num_leaves=12
num_cat=0
split_feature=80 26 76 75 1 37 14 70 0 1 23
split_gain=0.00016374 3.48618e-05 1.2529e-05 1.07722e-05 7.04988e-06 4.04598e-06 1.3608e-06 1.19407e-06 7.60097e-07 2.14677e-07 5.05496e-08
threshold=-0.9077348392975686 1.2720585270194256 1.0000000180025095e-35 -0.055963473854951686 -0.65450005394370192 -0.23677806502199736 0.4047917784271225 0.52779937724279347 1.0849175656146997 -0.41170648260761583 0.20318432124593908
decision_type=2 2 2 2 2 2 2 2 2 2 2
left_child=-1 2 3 -2 -5 -4 9 -6 -8 -7 -11
right_child=1 -3 5 4 7 6 8 -9 -10 10 -12
leaf_value=-0.00035562066768761729 0.00016271875162298473 -0.00013550326402764768 7.1429088711738595e-05 0.00010878259054152295 4.3456106504891093e-05 -1.2593661570766322e-05 4.5949224537859365e-05 1.7266413730491569e-06 1.0356686531546678e-05 6.2023591453907935e-06 -1.3387510080065111e-06
leaf_weight=2.9999999999999991 3.0000000000000009 2.9999999999999991 2.9999999999999991 3.9999999999999991 3.9999999999999973 2.9999999999999991 2.9999999999999991 3 3 5.0000000000000053 4
leaf_count=3 3 3 3 4 4 3 3 3 3 5 4
internal_value=-5.27951e-13 2.80753e-05 4.20963e-05 7.87351e-05 5.58304e-05 1.76705e-05 8.71075e-06 2.55721e-05 2.8153e-05 -1.01035e-06 2.85075e-06
internal_weight=41 38 35 14 11 21 18 7 6 12 9
internal_count=41 38 35 14 11 21 18 7 6 12 9
is_linear=0
shrinkage=0.05


Tree=235
num_leaves=12
num_cat=0
split_feature=35 16 61 42 42 64 38 24 27 11 68
split_gain=0.000161012 2.97778e-05 1.58163e-05 1.15553e-05 6.14445e-06 3.08998e-06 1.40135e-06 3.97002e-07 2.24819e-07 1.24436e-07 4.01148e-08
threshold=-0.85884591277627387 1.3384685607502518 -0.47473347906564595 1.0000000180025095e-35 1.1651276190943898 0.91706835852050228 -0.48202232435338083 0.30998131197583778 0.13485984868228248 -0.032952316262001742 -0.069629819588492584
decision_type=2 2 2 2 2 2 2 2 2 2 2
left_child=-1 2 3 -2 5 6 -4 8 -8 -9 -10
right_child=1 -3 4 -5 -6 -7 7 9 10 -11 -12
leaf_value=-0.00035264536660785476 0.0001860793718757729 -0.00010120244332938455 3.4765538066494568e-05 4.7303142461411568e-05 8.4608749602921307e-05 5.2646565454779188e-05 1.9275372809109573e-05 -1.3039903630366702e-06 -1.5767322414224795e-06 -1.5705127467905791e-05 6.5999392973026303e-06
leaf_weight=2.9999999999999991 2.9999999999999991 3.9999999999999991 4.0000000000000062 3 3.9999999999999991 4.9999999999999991 3.0000000000000018 3 3.0000000000000027 2.9999999999999991 2.9999999999999973
leaf_count=3 3 4 4 3 4 5 3 3 3 3 3
internal_value=8.27418e-13 2.78404e-05 4.30219e-05 0.000116691 2.72357e-05 1.76735e-05 8.47003e-06 1.45789e-06 8.09953e-06 -8.50456e-06 2.5116e-06
internal_weight=41 38 34 6 28 24 19 15 9 6 6
internal_count=41 38 34 6 28 24 19 15 9 6 6
is_linear=0
shrinkage=0.05


Tree=236
num_leaves=11
num_cat=0
split_feature=82 31 76 30 40 76 76 32 81 63
split_gain=0.000155487 3.76959e-05 1.76401e-05 1.49985e-05 5.19089e-06 1.56006e-06 1.5569e-06 1.69017e-06 2.94276e-07 1.29235e-07
threshold=-1.4043624712033482 1.844318609866801 1.0000000180025095e-35 -0.69464335212418094 -1.0000000180025095e-35 -1.0021555194464102 0.52235151126728041 1.0000000180025095e-35 0.50506800921698547 0.14322644365169271
decision_type=2 2 2 2 2 2 2 2 2 2
left_child=-1 2 3 -2 5 -5 9 -8 -9 -4
right_child=1 -3 6 4 -6 -7 7 8 -10 -11
leaf_value=-0.00034654277454440797 0.00016724020533729345 -0.00014273923006840052 5.2351265367178691e-07 4.9540467443875968e-05 0.00010770911273236077 1.842557200385878e-06 8.3079292380716661e-07 2.550817516748793e-05 4.5316454488784069e-05 -1.2603321677791727e-05
leaf_weight=2.9999999999999991 3.9999999999999991 2.9999999999999991 5.0000000000000018 3.9999999999999991 2.9999999999999991 3 4.9999999999999991 3 5 3
leaf_count=3 4 3 5 4 3 3 5 3 5 3
internal_value=1.16792e-12 2.73586e-05 4.19385e-05 8.54127e-05 5.26817e-05 2.90985e-05 1.29556e-05 2.36354e-05 3.78883e-05 -4.39905e-06
internal_weight=41 38 35 14 10 7 21 13 8 8
internal_count=41 38 35 14 10 7 21 13 8 8
is_linear=0
shrinkage=0.05


Tree=237
num_leaves=11
num_cat=0
split_feature=46 85 69 34 33 32 44 76 29 12
split_gain=0.000152605 2.92818e-05 1.62972e-05 6.43602e-06 3.78727e-06 1.5204e-06 2.47818e-06 1.67847e-07 1.11876e-07 4.94211e-09
threshold=-1.2581043289471927 -0.85435975191747338 -0.63697287031417382 -0.37493300608227148 0.93914265483505155 1.0000000180025095e-35 -1.0000000180025095e-35 0.62475254766422983 -0.025714897007415027 -1.0000000180025095e-35
decision_type=2 2 2 2 2 2 2 2 2 2
left_child=-1 -2 3 -3 5 8 -7 -8 -4 -10
right_child=1 2 4 -5 -6 6 7 -9 9 -11
leaf_value=-0.00034331579032974941 -0.00012281307038695862 5.2830892188164081e-05 9.9406549755561485e-06 0.00014971152122598142 6.7937790299765771e-05 -6.500893550764883e-07 5.357205712546909e-05 3.8612225325778126e-05 -2.3441509074473289e-06 2.2284651398270649e-07
leaf_weight=2.9999999999999991 2.9999999999999991 3 2.9999999999999991 3.9999999999999991 3.9999999999999991 5.0000000000000009 2.9999999999999973 5 4.9999999999999991 3.0000000000000062
leaf_count=3 3 3 3 4 4 5 3 5 5 3
internal_value=-1.42247e-12 2.71039e-05 3.99539e-05 0.000108191 2.28946e-05 1.53874e-05 2.69636e-05 4.42222e-05 1.70634e-06 -1.38153e-06
internal_weight=41 38 35 7 28 24 13 8 11 8
internal_count=41 38 35 7 28 24 13 8 11 8
is_linear=0
shrinkage=0.05


Tree=238
num_leaves=12
num_cat=0
split_feature=10 26 76 85 60 32 81 30 74 12 78
split_gain=0.000143797 3.12072e-05 1.18237e-05 5.10921e-06 4.92643e-06 3.41692e-06 1.09634e-06 8.54372e-07 8.39057e-07 1.13114e-07 1.54514e-08
threshold=-1.3189379337224574 1.2720585270194256 -1.0021555194464102 -1.0000000180025095e-35 1.222149237289613 1.2833202501044962 -0.29944878170749972 -0.69464335212418094 -0.20029655496709456 -1.0000000180025095e-35 -0.19094330002939952
decision_type=2 2 2 2 2 2 2 2 2 2 2
left_child=-1 2 3 -2 5 6 9 -8 10 -4 -9
right_child=1 -3 4 -5 -6 -7 7 8 -10 -11 -12
leaf_value=-0.00033326092719410859 6.2013390706852062e-05 -0.00012845722861432781 -1.5853626731162267e-05 0.00014454996756588419 8.4165651787770923e-05 6.6120852920903417e-05 -5.7515953812980991e-07 3.402662987355139e-05 7.0001733035951547e-06 -2.1232248400337942e-06 3.9101303749096883e-05
leaf_weight=2.9999999999999991 5.0000000000000009 2.9999999999999991 3 2.9999999999999991 2.9999999999999991 2.9999999999999991 5.0000000000000027 3.0000000000000027 3.9999999999999956 3.0000000000000062 3
leaf_count=3 5 3 3 3 3 3 5 3 4 3 3
internal_value=1.08807e-12 2.63101e-05 3.95758e-05 9.29646e-05 2.3757e-05 1.62059e-05 9.07515e-06 1.63006e-05 2.47384e-05 -8.98843e-06 3.6564e-05
internal_weight=41 38 35 8 27 24 21 15 10 6 6
internal_count=41 38 35 8 27 24 21 15 10 6 6
is_linear=0
shrinkage=0.05


Tree=239
num_leaves=13
num_cat=0
split_feature=83 16 61 42 42 8 51 77 26 71 26 7
split_gain=0.000142255 2.68141e-05 1.5066e-05 1.07656e-05 6.87478e-06 3.25128e-06 1.49531e-06 1.55613e-06 2.95196e-07 2.43186e-07 2.15015e-07 4.67246e-08
threshold=1.3906258311599931 1.3384685607502518 -0.47473347906564595 1.0000000180025095e-35 0.70780147206209587 -0.26770797591583412 -0.20442529797353867 -0.52178463024458233 -0.26376296914843095 0.17920996167510836 0.25292726897159495 -0.3244563402974518
decision_type=2 2 2 2 2 2 2 2 2 2 2 2
left_child=1 2 3 -1 6 -6 7 8 -4 11 -9 -8
right_child=-2 -3 4 -5 5 -7 9 10 -10 -11 -12 -13
leaf_value=0.00017945041957621773 -0.00033146877540275456 -9.6284324899897921e-05 1.8915528319970079e-05 4.5500410033127983e-05 3.5802535300414692e-05 0.00010941503569483757 6.7864642915083082e-06 3.229502860146261e-05 -1.8328251371713121e-06 -1.5060945588629688e-05 5.1225365799230816e-05 -2.0381782330029315e-06
leaf_weight=2.9999999999999991 2.9999999999999991 3.9999999999999991 3 3 3 2.9999999999999991 3 3.0000000000000018 4 3 3 3.0000000000000018
leaf_count=3 3 4 3 3 3 3 3 3 4 3 3 3
internal_value=1.58607e-12 2.61686e-05 4.05748e-05 0.000112475 2.51675e-05 7.26088e-05 1.2229e-05 2.30751e-05 7.05933e-06 -3.43755e-06 4.17602e-05 2.37414e-06
internal_weight=41 38 34 6 28 6 22 13 7 9 6 6
internal_count=41 38 34 6 28 6 22 13 7 9 6 6
is_linear=0
shrinkage=0.05


Tree=240
num_leaves=11
num_cat=0
split_feature=86 85 58 63 76 32 44 74 6 0
split_gain=0.000135911 3.88069e-05 3.16922e-05 3.98129e-06 3.11291e-06 1.44624e-06 1.78975e-06 1.89667e-07 1.67453e-07 2.76762e-09
threshold=1.3796545336182986 1.0000000180025095e-35 -1.1575627588910657 0.15296125387154624 -1.0021555194464102 -1.0000000180025095e-35 -1.0000000180025095e-35 -0.20029655496709456 -0.13677497563562044 0.67048036464423977
decision_type=2 2 2 2 2 2 2 2 2 2
left_child=1 2 -1 -3 -4 8 -7 -8 9 -6
right_child=-2 3 4 -5 5 6 7 -9 -10 -11
leaf_value=-0.00014738158533873487 -0.0002442705306748394 0.000103724158834666 6.5031302801798983e-05 0.0001765828308028479 -2.2406677999242669e-06 -3.5190897203089297e-06 3.5802763886749713e-05 5.170526371027054e-05 1.3026416248370247e-05 -2.3165962375060185e-07
leaf_weight=3.0000000000000027 4.9999999999999991 5 4.0000000000000027 3 3 3.0000000000000044 5.0000000000000036 2.9999999999999867 3.0000000000000053 4
leaf_count=3 5 5 4 3 3 3 5 3 3 4
internal_value=8.93967e-13 3.39265e-05 6.17798e-06 0.000131046 2.46051e-05 1.69049e-05 2.94157e-05 4.17662e-05 3.14306e-06 -1.09266e-06
internal_weight=41 36 28 8 25 21 11 8 10 7
internal_count=41 36 28 8 25 21 11 8 10 7
is_linear=0
shrinkage=0.05


Tree=241
num_leaves=12
num_cat=0
split_feature=75 82 61 30 30 25 32 0 52 81 12
split_gain=0.000135694 2.65243e-05 1.46989e-05 1.16969e-05 1.20341e-06 9.64772e-07 6.12456e-07 2.51117e-07 1.86569e-07 1.50877e-08 4.77275e-09
threshold=-0.57000428327576291 1.462944067915849 -0.42002062214995012 -0.69464335212418094 0.23196065767146562 -0.16252885395941455 1.0000000180025095e-35 0.61531171326305711 0.53893630079474963 -1.0000000180025095e-35 0.32941259989652366
decision_type=2 2 2 2 2 2 2 2 2 2 2
left_child=-1 2 3 -2 5 6 -4 -6 9 -7 -11
right_child=1 -3 4 -5 7 8 -8 -9 -10 10 -12
leaf_value=-0.00032373474289973582 0.00014309681602753697 -0.00011712547469263275 1.0849710148856194e-05 3.4944772633025433e-05 4.3087484664283698e-05 -4.2259822900329409e-06 4.2799036600626997e-05 2.3950810039726389e-05 1.3067094899573318e-05 -1.2934033899606811e-06 1.5269826083870911e-06
leaf_weight=2.9999999999999991 5 2.9999999999999991 3.0000000000000009 4.9999999999999982 3.9999999999999991 2.9999999999999991 3 3 3.0000000000000009 3.0000000000000027 3
leaf_count=3 5 3 3 5 4 3 3 3 3 3 3
internal_value=-6.08918e-13 2.5558e-05 3.7788e-05 8.90208e-05 1.72949e-05 1.04539e-05 2.68244e-05 3.48861e-05 2.26867e-06 -1.3308e-06 1.1679e-07
internal_weight=41 38 35 10 25 18 6 7 12 9 6
internal_count=41 38 35 10 25 18 6 7 12 9 6
is_linear=0
shrinkage=0.05


Tree=242
num_leaves=12
num_cat=0
split_feature=35 58 23 30 42 26 10 41 59 21 22
split_gain=0.000133004 2.48314e-05 1.30752e-05 6.70591e-06 6.03364e-06 1.33291e-06 9.5682e-07 7.68797e-07 1.95149e-07 9.51546e-08 1.40405e-08
threshold=-0.85884591277627387 -1.3256438904594359 -0.6767221580226811 0.23196065767146562 1.1651276190943898 1.0514201785695529 0.53138604960455693 -0.85289465923710661 0.15187654861783237 -1.0000000180025095e-35 0.78262358016517808
decision_type=2 2 2 2 2 2 2 2 2 2 2
left_child=-1 -2 3 -3 5 6 7 -4 9 10 -9
right_child=1 2 4 -5 -6 -7 -8 8 -10 -11 -12
leaf_value=-0.00032051044981926683 -0.00011275155993644148 0.00015718288874874513 2.7976418884160534e-05 5.1463846709035945e-05 9.0376896938929952e-05 4.2039075924549256e-05 2.988883810758125e-05 -1.7729531100485453e-06 1.1388482562324491e-05 -1.0592231289289595e-05 2.5537849069223732e-06
leaf_weight=2.9999999999999991 2.9999999999999991 2.9999999999999991 3.000000000000008 3 2.9999999999999991 3.9999999999999991 4.9999999999999991 5.0000000000000053 3.0000000000000009 2.9999999999999956 3
leaf_count=3 3 3 3 3 3 4 5 5 3 3 3
internal_value=-9.31677e-13 2.53035e-05 3.71367e-05 0.000104323 2.32361e-05 1.5489e-05 1.06618e-05 5.00674e-06 8.46674e-08 -2.99819e-06 -1.50426e-07
internal_weight=41 38 35 6 29 26 22 17 14 11 8
internal_count=41 38 35 6 29 26 22 17 14 11 8
is_linear=0
shrinkage=0.05


Tree=243
num_leaves=11
num_cat=0
split_feature=46 85 69 34 42 81 32 1 26 13
split_gain=0.000130847 2.46321e-05 1.43622e-05 4.35928e-06 3.42384e-06 9.33765e-07 1.13124e-06 4.29207e-07 3.52796e-07 2.60888e-09
threshold=-1.2581043289471927 -0.85435975191747338 -0.63697287031417382 -0.37493300608227148 0.70780147206209587 -0.35234828861804363 1.0000000180025095e-35 -0.27481233249325943 -0.4191161141795739 -1.0000000180025095e-35
decision_type=2 2 2 2 2 2 2 2 2 2
left_child=-1 -2 3 -3 5 -4 8 -8 -7 -10
right_child=1 2 4 -5 -6 6 7 -9 9 -11
leaf_value=-0.00031790025435232872 -0.00011240258172620089 5.5380133562721296e-05 -5.4948344768490603e-06 0.00013511267316062005 6.3696056213302657e-05 1.9929570589738427e-05 2.0005400474474287e-05 4.0722718695178661e-05 -2.1129320278608544e-06 -2.7713304007193016e-08
leaf_weight=2.9999999999999991 2.9999999999999991 3 5.0000000000000027 3.9999999999999991 3.9999999999999991 3 5.0000000000000027 4.9999999999999956 3 3.0000000000000053
leaf_count=3 3 3 5 4 4 3 5 5 3 3
internal_value=2.24046e-13 2.50974e-05 3.68831e-05 0.000100942 2.08685e-05 1.37305e-05 1.87899e-05 3.03641e-05 5.92964e-06 -1.07032e-06
internal_weight=41 38 35 7 28 24 19 10 9 6
internal_count=41 38 35 7 28 24 19 10 9 6
is_linear=0
shrinkage=0.05


Tree=244
num_leaves=13
num_cat=0
split_feature=66 26 76 21 1 37 24 14 0 1 47 46
split_gain=0.000126178 2.72173e-05 1.10892e-05 8.25869e-06 2.64456e-06 2.51985e-06 2.21437e-06 7.63217e-07 4.46456e-07 1.11629e-07 5.37876e-08 4.10896e-09
threshold=-0.86704174366281228 1.2720585270194256 1.0000000180025095e-35 0.297871258133734 -0.55317165675245838 -0.23677806502199736 0.82316361326718435 0.4047917784271225 1.0849175656146997 -0.41170648260761583 -0.73173738213992279 -1.0000000180025095e-35
decision_type=2 2 2 2 2 2 2 2 2 2 2 2
left_child=-1 2 3 4 -2 -4 -5 9 -9 -7 -11 -12
right_child=1 -3 5 6 -6 7 -8 8 -10 10 11 -13
leaf_value=-0.00031217707631488645 7.5358905208607499e-05 -0.00011988980113528669 5.6479927540446318e-05 8.5471943020820607e-05 1.5978066803654661e-05 -8.6489806562894962e-06 0.000146222417242825 3.5183358704671264e-05 7.9052698614153369e-06 7.9544190157321292e-06 -1.553709535073722e-06 1.0632111601201634e-06
leaf_weight=2.9999999999999991 3 2.9999999999999991 2.9999999999999991 3 4.9999999999999982 2.9999999999999991 3 2.9999999999999991 3 2.9999999999999991 2.9999999999999991 3.0000000000000071
leaf_count=3 3 3 3 3 5 3 3 3 3 3 3 3
internal_value=-3.32742e-13 2.46456e-05 3.70343e-05 7.15036e-05 3.82459e-05 1.40548e-05 0.000115847 6.98393e-06 2.15443e-05 -2.96265e-07 2.48797e-06 -2.45249e-07
internal_weight=41 38 35 14 8 21 6 18 6 12 9 6
internal_count=41 38 35 14 8 21 6 18 6 12 9 6
is_linear=0
shrinkage=0.05


Tree=245
num_leaves=11
num_cat=0
split_feature=82 31 76 30 42 30 11 41 81 22
split_gain=0.000122353 3.02292e-05 1.48414e-05 1.03772e-05 3.45992e-06 1.05504e-06 4.22644e-07 3.82764e-07 5.29178e-08 1.28068e-09
threshold=-1.4043624712033482 1.844318609866801 1.0000000180025095e-35 -0.69464335212418094 0.57459416280552478 0.23196065767146562 1.0000000180025095e-35 -0.24113302292180988 -1.0000000180025095e-35 -1.0000000180025095e-35
decision_type=2 2 2 2 2 2 2 2 2 2
left_child=-1 2 3 -2 -5 7 -7 -4 -9 -10
right_child=1 -3 5 4 -6 6 -8 8 9 -11
leaf_value=-0.00030740865234596035 0.00014526564336847514 -0.00012805366131942719 1.3908207620261244e-05 2.0565979939419781e-05 7.9387058503925788e-05 3.7230159796308727e-05 1.2403640115129137e-05 -8.7680011953731764e-06 -1.3653978991593868e-06 9.5582981884944832e-08
leaf_weight=2.9999999999999991 3.9999999999999991 2.9999999999999991 4.9999999999999973 4.9999999999999982 5 3.9999999999999991 3 2.9999999999999964 2.9999999999999964 3.0000000000000107
leaf_count=3 4 3 5 5 5 4 3 3 3 3
internal_value=-6.34428e-13 2.42691e-05 3.73253e-05 7.7202e-05 4.99765e-05 1.07409e-05 2.65902e-05 2.81626e-06 -3.34594e-06 -6.34907e-07
internal_weight=41 38 35 14 10 21 7 14 9 6
internal_count=41 38 35 14 10 21 7 14 9 6
is_linear=0
shrinkage=0.05


Tree=246
num_leaves=11
num_cat=0
split_feature=40 85 69 2 76 48 40 67 78 22
split_gain=0.000119294 2.26227e-05 1.26811e-05 5.99135e-06 2.89263e-06 4.2413e-06 7.95774e-07 7.50797e-07 1.86941e-07 4.09859e-08
threshold=-1.5094517824273612 -0.85435975191747338 -0.63697287031417382 -0.67064670716018837 -1.0000000180025095e-35 -1.0000000180025095e-35 0.30382579202794685 1.0000000180025095e-35 -0.78160371939515683 -0.73175772897239189
decision_type=2 2 2 2 2 2 2 2 2 2
left_child=-1 -2 3 -3 5 -4 8 -8 -6 -10
right_child=1 2 4 -5 6 -7 7 -9 9 -11
leaf_value=-0.0003035420154143746 -0.00010780825493081163 3.4687822335399667e-05 1.2833759592467685e-05 0.00012406603898853063 1.0816814756253736e-05 9.1479953456049176e-05 3.3137096615973866e-05 4.074284970556618e-06 -8.4391119647383061e-06 -1.0466955245647098e-06
leaf_weight=2.9999999999999991 2.9999999999999991 3.0000000000000009 4 4.9999999999999991 2.9999999999999991 2.9999999999999991 4.9999999999999982 4 2.9999999999999991 5.0000000000000062
leaf_count=3 3 3 4 5 3 3 5 4 3 5
internal_value=8.20764e-14 2.39638e-05 3.52586e-05 9.05492e-05 1.88762e-05 4.65393e-05 9.19411e-06 2.02203e-05 1.72694e-07 -3.81885e-06
internal_weight=41 38 35 8 27 7 20 9 11 8
internal_count=41 38 35 8 27 7 20 9 11 8
is_linear=0
shrinkage=0.05


Tree=247
num_leaves=12
num_cat=0
split_feature=35 16 23 30 42 36 30 27 65 84 11
split_gain=0.000116069 2.1948e-05 1.12567e-05 6.95787e-06 4.57442e-06 3.63166e-06 1.24351e-06 4.65196e-07 9.10894e-08 3.34087e-08 2.25356e-10
threshold=-0.85884591277627387 1.3384685607502518 -0.6767221580226811 0.23196065767146562 1.1651276190943898 -1.5994330797532534 0.23196065767146562 -0.36579501538650111 -1.0000000180025095e-35 -0.10905634857358627 -0.50076965058740375
decision_type=2 2 2 2 2 2 2 2 2 2 2
left_child=-1 2 3 -2 5 -4 7 -7 9 10 -9
right_child=1 -3 4 -5 -6 6 -8 8 -10 -11 -12
leaf_value=-0.00029941078197831907 0.00015266449578727286 -8.7148344755405566e-05 6.7959090423149292e-05 4.4977718425798222e-05 8.1693788524717098e-05 1.7779611698642799e-05 3.123461430732277e-05 -7.7673572983864226e-07 -7.9973418451118165e-06 5.3791046714953444e-06 -1.3895930654446901e-06
leaf_weight=2.9999999999999991 2.9999999999999991 3.9999999999999991 3.0000000000000027 3 2.9999999999999991 4.000000000000008 4.9999999999999991 3.0000000000000053 3.9999999999999938 3 3
leaf_count=3 3 4 3 3 3 4 5 3 4 3 3
internal_value=8.07454e-13 2.36377e-05 3.66713e-05 9.88211e-05 2.33535e-05 1.63527e-05 9.31548e-06 2.86867e-06 -1.71931e-06 1.07093e-06 -1.08316e-06
internal_weight=41 38 34 6 28 25 22 17 13 9 6
internal_count=41 38 34 6 28 25 22 17 13 9 6
is_linear=0
shrinkage=0.05


Tree=248
num_leaves=13
num_cat=0
split_feature=80 26 76 60 85 32 40 30 12 66 13 59
split_gain=0.000111952 2.42467e-05 9.09354e-06 4.13463e-06 4.02765e-06 2.43706e-06 8.05262e-07 8.15684e-07 3.39172e-07 8.40816e-08 4.65725e-09 8.92713e-10
threshold=-0.9077348392975686 1.2720585270194256 -1.0021555194464102 1.222149237289613 -1.0000000180025095e-35 1.2833202501044962 0.77635959554370082 1.0000000180025095e-35 1.0000000180025095e-35 0.35794426906420002 -0.33671898563755198 1.0000000180025095e-35
decision_type=2 2 2 2 2 2 2 2 2 2 2 2
left_child=-1 2 4 5 -2 6 7 9 -9 10 -4 -12
right_child=1 -3 3 -5 -6 -7 -8 8 -10 -11 11 -13
leaf_value=-0.00029405304909838986 5.4248095257207734e-05 -0.00011320525857930381 -2.6203672253662511e-06 7.6376583698826539e-05 0.00012752976423750323 5.6272033846956527e-05 3.2078271033242345e-05 3.1038444528045758e-05 7.2626933653433883e-06 -1.0677449123856303e-05 4.0231275306723439e-07 -8.174639636611874e-07
leaf_weight=2.9999999999999991 5.0000000000000009 2.9999999999999991 3.0000000000000053 2.9999999999999991 2.9999999999999991 2.9999999999999991 2.9999999999999991 2.9999999999999991 3 2.9999999999999991 3.0000000000000071 3
leaf_count=3 5 3 3 3 3 3 3 3 3 3 3 3
internal_value=5.53738e-13 2.32147e-05 3.49079e-05 2.1035e-05 8.17287e-05 1.41173e-05 8.09521e-06 4.09803e-06 1.91506e-05 -3.42824e-06 -1.01184e-06 -2.07576e-07
internal_weight=41 38 35 27 8 24 21 18 6 12 9 6
internal_count=41 38 35 27 8 24 21 18 6 12 9 6
is_linear=0
shrinkage=0.05


Tree=249
num_leaves=11
num_cat=0
split_feature=75 85 61 30 36 30 40 29 81 29
split_gain=0.000108786 2.08467e-05 1.14789e-05 1.04176e-05 1.16655e-06 1.05879e-06 5.5364e-07 8.85983e-08 1.3278e-08 6.1847e-10
threshold=-0.57000428327576291 -0.85435975191747338 -0.42002062214995012 -0.69464335212418094 -0.7003354554292166 0.23196065767146562 0.77635959554370082 -0.025714897007415027 -0.074997570509820213 0.15364598432043311
decision_type=2 2 2 2 2 2 2 2 2 2
left_child=-1 -2 3 -3 -4 6 7 -6 -9 -10
right_child=1 2 4 -5 5 -7 -8 8 9 -11
leaf_value=-0.00028986479155719281 -0.00010361001574589561 0.00013003449304960666 4.0364093001699076e-05 2.7967659734713388e-05 7.6947788784309435e-06 3.0986299170763234e-05 2.3987923486856744e-05 -4.3336548969818954e-06 -1.0698477126425118e-07 -1.1222597701513826e-06
leaf_weight=2.9999999999999991 2.9999999999999991 5 3.9999999999999991 4.9999999999999982 3.0000000000000027 4.9999999999999991 2.9999999999999991 4.0000000000000018 3.0000000000000036 3
leaf_count=3 3 5 4 5 3 5 3 4 3 3
internal_value=-8.83984e-13 2.28841e-05 3.37264e-05 7.90011e-05 1.56165e-05 1.09027e-05 4.62661e-06 1.58614e-07 -2.10224e-06 -6.14622e-07
internal_weight=41 38 35 10 25 21 16 13 10 6
internal_count=41 38 35 10 25 21 16 13 10 6
is_linear=0
shrinkage=0.05


Tree=250
num_leaves=13
num_cat=0
split_feature=83 48 73 61 28 42 8 83 30 0 0 65
split_gain=0.000105996 1.9861e-05 1.50192e-05 9.05686e-06 7.21812e-06 4.47705e-06 2.7732e-06 1.2341e-06 6.40709e-07 5.67771e-07 3.18848e-07 7.20133e-08
threshold=1.3906258311599931 -0.83996347153299367 -0.082908108965505239 -0.47473347906564595 0.82982062712457705 0.70780147206209587 -0.26770797591583412 -0.097189141349130162 1.0000000180025095e-35 1.0000000180025095e-35 0.90718378348810547 1.0000000180025095e-35
decision_type=2 2 2 2 2 2 2 2 2 2 2 2
left_child=1 2 -1 4 -3 7 -7 8 11 -10 -9 -5
right_child=-2 3 -4 5 -6 6 -8 10 9 -11 -12 -13
leaf_value=1.821723759955299e-05 -0.00028612423532952866 0.00014845483625928563 -0.00013999788234286825 -9.0020314473804252e-07 3.8772550093805564e-05 2.9350900179755015e-05 9.7336193236211935e-05 4.0266053110826728e-05 3.2354979096756621e-05 1.5932275346131061e-06 1.8702495466034935e-05 -1.1148098807704322e-05
leaf_weight=3 2.9999999999999991 2.9999999999999991 2.9999999999999991 4.0000000000000018 3 3 2.9999999999999991 4.0000000000000027 3 3 3 3
leaf_count=3 3 3 3 4 3 3 3 4 3 3 3 3
internal_value=2.15173e-13 2.25888e-05 -6.08903e-05 3.82411e-05 9.36137e-05 2.54628e-05 6.33435e-05 1.40986e-05 4.98458e-06 1.69741e-05 3.10245e-05 -5.29216e-06
internal_weight=41 38 6 32 6 26 6 20 13 6 7 7
internal_count=41 38 6 32 6 26 6 20 13 6 7 7
is_linear=0
shrinkage=0.05


Tree=251
num_leaves=12
num_cat=0
split_feature=46 58 76 48 13 18 64 83 9 8 33
split_gain=0.000103241 1.94692e-05 1.02691e-05 6.97483e-06 4.64537e-06 1.34032e-06 9.24291e-07 5.92286e-07 3.50607e-07 5.46834e-08 9.67732e-10
threshold=-1.2581043289471927 -1.3256438904594359 1.0000000180025095e-35 -0.12057605698984035 -0.73374735116923129 0.13953907075525215 -0.30573579136824486 1.0000000180025095e-35 -0.36454500721419214 -0.32663596048205096 -0.14267244920369929
decision_type=2 2 2 2 2 2 2 2 2 2 2
left_child=-1 -2 3 -3 -5 -6 8 9 -4 -8 -11
right_child=1 2 6 4 5 -7 7 -9 -10 10 -12
leaf_value=-0.00028238085409005486 -9.9950172928705186e-05 1.0140341601072574e-05 1.051634693188437e-05 0.00014031763809422654 8.4899961075279894e-05 4.0688738226890554e-05 -9.064507382087574e-06 2.191406394255561e-05 3.2137543312273922e-05 -1.6749363567214474e-06 -4.8696526278035773e-07
leaf_weight=2.9999999999999991 2.9999999999999991 4.0000000000000009 3.0000000000000009 2.9999999999999991 3.9999999999999973 3 2.9999999999999964 2.9999999999999991 4.9999999999999991 2.9999999999999964 4.0000000000000089
leaf_count=3 3 4 3 3 4 3 3 3 5 3 4
internal_value=3.78771e-13 2.22932e-05 3.27712e-05 6.59415e-05 8.82619e-05 6.59523e-05 1.06578e-05 2.42892e-06 2.40296e-05 -3.41662e-06 -9.96096e-07
internal_weight=41 38 35 14 10 7 21 13 8 10 7
internal_count=41 38 35 14 10 7 21 13 8 10 7
is_linear=0
shrinkage=0.05


Tree=252
num_leaves=11
num_cat=0
split_feature=10 26 76 85 66 27 10 46 11 30
split_gain=9.92621e-05 2.10977e-05 9.10802e-06 3.55711e-06 3.34392e-06 1.37298e-06 4.68378e-07 5.0495e-07 1.13475e-08 1.11669e-09
threshold=-1.3189379337224574 1.2720585270194256 -1.0021555194464102 1.0000000180025095e-35 0.53069156720761979 -0.52768757511097386 0.53138604960455693 0.45129388115638153 -0.032952316262001742 -0.69464335212418094
decision_type=2 2 2 2 2 2 2 2 2 2
left_child=-1 2 3 -2 5 -4 7 8 9 -7
right_child=1 -3 4 -5 -6 6 -8 -9 -10 -11
leaf_value=-0.00027688600190837559 5.3799425659235565e-05 -0.00010539378175356736 4.3087084486614864e-05 0.00012266750175816315 6.1076882411725825e-05 -4.6261699822025484e-07 2.2116780473879772e-05 1.8372645536146594e-05 -4.3149919747520434e-06 -1.6440813396911834e-06
leaf_weight=2.9999999999999991 5 2.9999999999999991 3.0000000000000027 3 3.9999999999999991 4.0000000000000053 3.9999999999999991 3.9999999999999991 4.0000000000000027 4
leaf_count=3 5 3 3 3 4 4 4 4 4 4
internal_value=2.06855e-13 2.18594e-05 3.27668e-05 7.9625e-05 1.8883e-05 1.15449e-05 6.81355e-06 2.98774e-06 -2.14056e-06 -1.05335e-06
internal_weight=41 38 35 8 27 23 20 16 12 8
internal_count=41 38 35 8 27 23 20 16 12 8
is_linear=0
shrinkage=0.05


Tree=253
num_leaves=10
num_cat=0
split_feature=82 31 76 30 42 76 32 61 31
split_gain=9.61625e-05 2.44081e-05 1.15062e-05 8.99165e-06 2.93113e-06 8.83004e-07 1.11776e-06 1.66874e-07 7.38056e-08
threshold=-1.4043624712033482 1.844318609866801 1.0000000180025095e-35 -0.69464335212418094 0.57459416280552478 0.52235151126728041 1.0000000180025095e-35 -0.109085032512417 -0.65768967809081003
decision_type=2 2 2 2 2 2 2 2 2
left_child=-1 2 3 -2 -5 8 -7 -8 -4
right_child=1 -3 5 4 -6 6 7 -9 -10
leaf_value=-0.00027252867391022544 0.00013171598111512141 -0.0001153578423933747 -9.4300021373783221e-06 1.5946008425089534e-05 7.0085907937027499e-05 -6.6246238020539757e-07 3.6694890877697633e-05 2.2252139024203624e-05 4.9005213440977949e-07
leaf_weight=2.9999999999999991 3.9999999999999991 2.9999999999999991 3 4.9999999999999982 5 4.9999999999999991 3.9999999999999973 4.0000000000000027 5.0000000000000018
leaf_count=3 4 3 3 5 5 5 4 4 5
internal_value=4.71384e-13 2.15154e-05 3.32474e-05 6.83588e-05 4.3016e-05 9.83981e-06 1.78828e-05 2.94735e-05 -3.22997e-06
internal_weight=41 38 35 14 10 21 13 8 8
internal_count=41 38 35 14 10 21 13 8 8
is_linear=0
shrinkage=0.05


Tree=254
num_leaves=12
num_cat=0
split_feature=35 85 23 30 8 26 14 52 36 65 6
split_gain=9.54868e-05 1.89257e-05 1.02494e-05 5.85074e-06 4.17643e-06 1.05732e-06 8.03283e-07 5.43e-07 3.23619e-07 9.61954e-08 1.48665e-09
threshold=-0.85884591277627387 -0.85435975191747338 -0.6767221580226811 0.23196065767146562 0.4588211163806864 1.0514201785695529 0.19881003868425337 0.41925382352954305 0.39326775818027954 1.0000000180025095e-35 -0.13677497563562044
decision_type=2 2 2 2 2 2 2 2 2 2 2
left_child=-1 -2 3 -3 5 6 7 9 -8 10 -4
right_child=1 2 4 -5 -6 -7 8 -9 -10 -11 -12
leaf_value=-0.00027156947568679848 -9.9085292701299007e-05 0.00014062986010685564 -4.8340087535810446e-07 4.1881494689732782e-05 7.5322935663280085e-05 3.6664351500803609e-05 3.2014638418331745e-05 1.5645247940483388e-05 1.0290363873840152e-05 -1.2026111896072201e-05 -1.955825996446944e-06
leaf_weight=2.9999999999999991 2.9999999999999991 2.9999999999999991 3.0000000000000027 3 2.9999999999999991 3.9999999999999991 3.9999999999999991 4.9999999999999991 3 3 4.0000000000000062
leaf_count=3 3 3 3 3 3 4 4 5 3 3 4
internal_value=3.63798e-13 2.14397e-05 3.17704e-05 9.12557e-05 1.94631e-05 1.30177e-05 8.71837e-06 2.19163e-06 2.27042e-05 -4.53518e-06 -1.32479e-06
internal_weight=41 38 35 6 29 26 22 15 7 10 7
internal_count=41 38 35 6 29 26 22 15 7 10 7
is_linear=0
shrinkage=0.05


Tree=255
num_leaves=12
num_cat=0
split_feature=40 16 69 42 47 83 10 19 46 64 31
split_gain=9.22217e-05 1.86246e-05 1.21298e-05 3.76987e-06 3.47492e-06 1.9482e-06 1.81348e-06 5.47512e-07 1.71368e-07 7.11187e-08 3.2926e-09
threshold=-1.5094517824273612 1.3384685607502518 -0.63697287031417382 1.1651276190943898 -0.19989592430754391 -0.097189141349130162 -0.26721504564662563 -0.40556643261357533 0.28861566823279222 -0.096856475598105909 -0.65768967809081003
decision_type=2 2 2 2 2 2 2 2 2 2 2
left_child=-1 2 4 5 -2 8 -7 -8 9 -4 -11
right_child=1 -3 3 -5 -6 6 7 -9 -10 10 -12
leaf_value=-0.00026688607079753036 6.122052218415773e-05 -8.0984272790374242e-05 -1.1424806386154768e-05 7.0714118191972378e-05 0.00013240757398307325 5.9903473205243557e-05 2.7399430473451505e-05 1.2385733043629435e-06 8.6414237254454448e-06 -3.4756035044362459e-06 -1.2843237641391158e-06
leaf_weight=2.9999999999999991 4 3.9999999999999991 2.9999999999999991 2.9999999999999991 2.9999999999999991 2.9999999999999991 3.9999999999999991 4.0000000000000027 2.9999999999999991 2.9999999999999991 4.0000000000000036
leaf_count=3 4 4 3 3 3 3 4 4 3 3 4
internal_value=1.04592e-12 2.107e-05 3.30763e-05 1.787e-05 9.17293e-05 1.12645e-05 2.67511e-05 1.4319e-05 -1.83956e-06 -4.98385e-06 -2.22344e-06
internal_weight=41 38 34 27 7 24 11 8 13 10 7
internal_count=41 38 34 27 7 24 11 8 13 10 7
is_linear=0
shrinkage=0.05


Tree=256
num_leaves=11
num_cat=0
split_feature=75 85 61 30 89 2 52 19 83 13
split_gain=8.90052e-05 1.74822e-05 1.00048e-05 8.78825e-06 1.05431e-06 9.15563e-07 6.36097e-07 3.57022e-07 1.07892e-08 7.34631e-10
threshold=-0.57000428327576291 -0.85435975191747338 -0.42002062214995012 -0.69464335212418094 -1.0000000180025095e-35 1.0000000180025095e-35 0.53893630079474963 -0.54137961585354821 -0.59014462182629646 0.11078215549415633
decision_type=2 2 2 2 2 2 2 2 2 2
left_child=-1 -2 3 -3 5 -4 8 -7 -6 -10
right_child=1 2 4 -5 6 7 -8 -9 9 -11
leaf_value=-0.00026219051408891877 -9.5138422329910108e-05 0.00011976882815361022 4.074962693266572e-05 2.6023152749985462e-05 -4.7106506826821776e-06 2.5774712654917183e-05 2.4048890918493274e-05 2.9568029731308339e-06 -6.8315948169583752e-07 -1.7182131765972974e-06
leaf_weight=2.9999999999999991 2.9999999999999991 5 4.9999999999999982 4.9999999999999982 2.9999999999999956 3 2.9999999999999991 4 4.0000000000000062 3
leaf_count=3 3 5 5 5 3 3 3 4 4 3
internal_value=5.61779e-13 2.06993e-05 3.06282e-05 7.2896e-05 1.37211e-05 2.44083e-05 3.85596e-06 1.27359e-05 -2.20192e-06 -1.12675e-06
internal_weight=41 38 35 10 25 12 13 7 10 7
internal_count=41 38 35 10 25 12 13 7 10 7
is_linear=0
shrinkage=0.05


Tree=257
num_leaves=12
num_cat=0
split_feature=66 26 76 66 5 68 10 46 77 5 9
split_gain=8.68127e-05 1.86089e-05 7.69393e-06 3.5071e-06 2.9476e-06 1.21405e-06 4.72382e-07 3.93975e-07 1.02766e-08 2.68192e-09 7.10272e-10
threshold=-0.86704174366281228 1.2720585270194256 -1.0021555194464102 0.53069156720761979 -0.21067367577278426 1.0601966358628305 0.53138604960455693 0.45129388115638153 -0.19042059801362052 -0.12804498390988617 -0.45418738966214112
decision_type=2 2 2 2 2 2 2 2 2 2 2
left_child=-1 2 4 5 -2 6 7 8 10 -10 -4
right_child=1 -3 3 -5 -6 -7 -8 -9 9 -11 -12
leaf_value=-0.00025894106899310523 9.7262875642627449e-05 -9.906926037122806e-05 -4.0290495538404894e-07 6.1137129887356426e-05 3.457210405031219e-05 4.007151001133025e-05 2.133036691702728e-05 1.5709280705777929e-05 -4.9304202548228191e-06 -2.8162143280496756e-06 -1.4909245085921912e-06
leaf_weight=2.9999999999999991 5.0000000000000009 2.9999999999999991 3.0000000000000062 3.9999999999999991 2.9999999999999991 2.9999999999999991 3.9999999999999991 3.9999999999999991 3 3.0000000000000062 3
leaf_count=3 5 3 3 4 3 3 4 4 3 3 3
internal_value=-1.21451e-12 2.04427e-05 3.06866e-05 1.79259e-05 7.37538e-05 1.04109e-05 5.96186e-06 2.11973e-06 -2.41012e-06 -3.87332e-06 -9.46915e-07
internal_weight=41 38 35 27 8 23 20 16 12 6 6
internal_count=41 38 35 27 8 23 20 16 12 6 6
is_linear=0
shrinkage=0.05


Tree=258
num_leaves=11
num_cat=0
split_feature=35 16 61 42 42 64 38 52 11 26
split_gain=8.37575e-05 1.67174e-05 8.82637e-06 6.39578e-06 3.50831e-06 1.8928e-06 6.8587e-07 2.90735e-07 9.68959e-08 2.12326e-09
threshold=-0.85884591277627387 1.3384685607502518 -0.47473347906564595 1.0000000180025095e-35 1.1651276190943898 0.91706835852050228 -0.48202232435338083 0.53893630079474963 -0.032952316262001742 -0.05518378045427539
decision_type=2 2 2 2 2 2 2 2 2 2
left_child=-1 2 3 -2 5 6 -4 8 9 -8
right_child=1 -3 4 -5 -6 -7 7 -9 -10 -11
leaf_value=-0.00025434377409207324 0.00013811076836039621 -7.6608140443568121e-05 2.362961915878255e-05 3.4865301737833449e-05 6.3014635816216466e-05 3.9808690416975878e-05 -6.1830095319237393e-07 1.0172057518502699e-05 -1.2112659169360997e-05 -2.3779677576385432e-06
leaf_weight=2.9999999999999991 2.9999999999999991 3.9999999999999991 4.0000000000000062 3 3.9999999999999991 4.9999999999999991 4.0000000000000027 4.9999999999999991 2.9999999999999991 3
leaf_count=3 3 4 4 3 4 5 4 5 3 3
internal_value=2.99468e-14 2.00798e-05 3.14548e-05 8.6488e-05 1.9662e-05 1.24365e-05 5.23335e-06 3.2768e-07 -4.59451e-06 -1.37244e-06
internal_weight=41 38 34 6 28 24 19 15 10 7
internal_count=41 38 34 6 28 24 19 15 10 7
is_linear=0
shrinkage=0.05


Tree=259
num_leaves=11
num_cat=0
split_feature=82 31 76 30 40 22 76 32 12 31
split_gain=8.21329e-05 2.0668e-05 1.03141e-05 8.32952e-06 2.85244e-06 9.44766e-07 9.0727e-07 1.05249e-06 2.00851e-07 9.79839e-08
threshold=-1.4043624712033482 1.844318609866801 1.0000000180025095e-35 -0.69464335212418094 -1.0000000180025095e-35 0.64167914583452401 0.52235151126728041 1.0000000180025095e-35 -0.52809821615336261 -0.65768967809081003
decision_type=2 2 2 2 2 2 2 2 2 2
left_child=-1 2 3 -2 5 -5 9 -8 -9 -4
right_child=1 -3 6 4 -6 -7 7 8 -10 -11
leaf_value=-0.00025186493100288012 0.00012490244553191589 -0.00010606675302066531 -1.1873922145847849e-05 6.1408527471940033e-06 8.0321989177415765e-05 4.3259361215556652e-05 -1.3249581115815091e-06 1.7690079403109859e-05 3.4054733114317038e-05 -4.4391043047653484e-07
leaf_weight=2.9999999999999991 3.9999999999999991 2.9999999999999991 3 3.9999999999999991 2.9999999999999991 3 4.9999999999999991 2.9999999999999973 5.0000000000000027 5.0000000000000018
leaf_count=3 4 3 3 4 3 3 5 3 5 5
internal_value=-3.20541e-13 1.98841e-05 3.06799e-05 6.39227e-05 3.95307e-05 2.20488e-05 8.51799e-06 1.66707e-05 2.7918e-05 -4.73016e-06
internal_weight=41 38 35 14 10 7 21 13 8 8
internal_count=41 38 35 14 10 7 21 13 8 8
is_linear=0
shrinkage=0.05


Tree=260
num_leaves=12
num_cat=0
split_feature=46 85 69 34 33 89 1 55 32 83 18
split_gain=8.08914e-05 1.60984e-05 9.85976e-06 3.74231e-06 1.94972e-06 1.00975e-06 8.09155e-07 2.41162e-07 2.25425e-07 1.11209e-08 8.99876e-10
threshold=-1.2581043289471927 -0.85435975191747338 -0.63697287031417382 -0.37493300608227148 0.93914265483505155 -1.0000000180025095e-35 -0.27481233249325943 -1.0414723180350844 1.0000000180025095e-35 -0.59014462182629646 -0.20263654042245971
decision_type=2 2 2 2 2 2 2 2 2 2 2
left_child=-1 -2 3 -3 5 6 8 -7 -4 -9 -11
right_child=1 2 4 -5 -6 7 -8 9 -10 10 -12
leaf_value=-0.00024995422863867135 -9.1425483697094029e-05 4.0122856444213529e-05 -3.1604673343584476e-07 0.00011399800423532725 4.8310737474821509e-05 1.3605099381190182e-05 3.6610182723961752e-05 -4.6005270633031614e-06 1.9067136114851255e-05 -1.8092899457163487e-06 -5.8462954560430486e-07
leaf_weight=2.9999999999999991 2.9999999999999991 3 3 3.9999999999999991 3.9999999999999991 2.9999999999999991 5.0000000000000018 3.9999999999999991 3 2.9999999999999991 3.0000000000000036
leaf_count=3 3 3 3 4 4 3 5 4 3 3 3
internal_value=3.01131e-13 1.97332e-05 2.92611e-05 8.23372e-05 1.59921e-05 1.06057e-05 2.17549e-05 1.17165e-06 9.37554e-06 -2.55839e-06 -1.19696e-06
internal_weight=41 38 35 7 28 24 11 13 6 10 6
internal_count=41 38 35 7 28 24 11 13 6 10 6
is_linear=0
shrinkage=0.05


Tree=261
num_leaves=11
num_cat=0
split_feature=86 85 58 25 76 30 25 17 77 43
split_gain=7.79428e-05 2.12581e-05 1.83818e-05 2.58429e-06 2.46651e-06 9.75558e-07 7.17348e-07 4.07499e-07 9.65825e-09 1.43085e-09
threshold=1.3796545336182986 1.0000000180025095e-35 -1.1575627588910657 -0.15876703176308338 -1.0021555194464102 0.23196065767146562 -0.16252885395941455 1.0000000180025095e-35 -1.0000000180025095e-35 0.42793734227565744
decision_type=2 2 2 2 2 2 2 2 2 2
left_child=1 2 -1 -3 -4 6 7 -6 9 -8
right_child=-2 3 4 -5 5 -7 8 -9 -10 -11
leaf_value=-0.00011179383654962282 -0.0001849831889558118 6.088567024562505e-05 5.5173394503071854e-05 0.00011958589544519782 6.9472100221900999e-06 3.1612153397873046e-05 -4.8203287406067708e-08 3.3008010359480966e-05 -4.2645053326850894e-06 -1.4927302800060714e-06
leaf_weight=3.0000000000000027 4.9999999999999991 3.0000000000000009 4.0000000000000027 4.9999999999999991 3.000000000000008 4.9999999999999991 3.0000000000000071 3 2.9999999999999893 4
leaf_count=3 5 3 4 5 3 5 3 3 3 4
internal_value=-1.78017e-13 2.56921e-05 5.15462e-06 9.75733e-05 1.91884e-05 1.23342e-05 6.30979e-06 1.99776e-05 -1.8909e-06 -8.73647e-07
internal_weight=41 36 28 8 25 21 16 6 10 7
internal_count=41 36 28 8 25 21 16 6 10 7
is_linear=0
shrinkage=0.05


Tree=262
num_leaves=12
num_cat=0
split_feature=10 26 76 60 85 32 40 33 29 11 53
split_gain=7.69325e-05 1.64773e-05 6.36955e-06 2.68937e-06 2.41933e-06 1.67703e-06 5.27085e-07 4.3218e-07 2.99494e-07 5.2741e-08 2.16036e-09
threshold=-1.3189379337224574 1.2720585270194256 -1.0021555194464102 1.222149237289613 -1.0000000180025095e-35 1.2833202501044962 0.77635959554370082 -0.33479620672650295 -1.0000000180025095e-35 -0.032952316262001742 -0.28275665499661323
decision_type=2 2 2 2 2 2 2 2 2 2 2
left_child=-1 2 4 5 -2 6 7 8 -4 10 -9
right_child=1 -3 3 -5 -6 -7 -8 9 -10 -11 -12
leaf_value=-0.00024376095631547894 4.6770842745900138e-05 -9.3214804655872293e-05 2.4615975659495832e-05 6.1906286767528709e-05 0.00010356669857477148 4.6662916550606802e-05 2.6101675272608799e-05 -7.376851651012339e-08 4.6328416283358746e-06 -9.011855581775311e-06 -1.8487384522813953e-06
leaf_weight=2.9999999999999991 5.0000000000000009 2.9999999999999991 3 2.9999999999999991 2.9999999999999991 2.9999999999999991 2.9999999999999991 3.0000000000000053 5.0000000000000071 2.9999999999999982 4
leaf_count=3 5 3 3 3 3 3 3 3 5 3 4
internal_value=-6.99313e-13 1.92443e-05 2.88836e-05 1.72731e-05 6.80693e-05 1.16939e-05 6.69835e-06 3.46446e-06 1.21265e-05 -3.46518e-06 -1.08804e-06
internal_weight=41 38 35 27 8 24 21 18 8 10 7
internal_count=41 38 35 27 8 24 21 18 8 10 7
is_linear=0
shrinkage=0.05


Tree=263
num_leaves=12
num_cat=0
split_feature=83 85 61 42 42 30 25 42 52 68 26
split_gain=7.38885e-05 1.45549e-05 6.93335e-06 6.23839e-06 2.28896e-06 6.5626e-07 8.25616e-07 1.83934e-07 1.62682e-07 4.37701e-08 1.73553e-09
threshold=1.3906258311599931 -0.85435975191747338 -0.47473347906564595 1.0000000180025095e-35 0.70780147206209587 0.23196065767146562 -0.16252885395941455 -1.0000000180025095e-35 0.53893630079474963 0.46959528377766374 -1.0000000180025095e-35
decision_type=2 2 2 2 2 2 2 2 2 2 2
left_child=1 -1 3 -3 5 6 -4 -7 9 10 -8
right_child=-2 2 4 -5 -6 7 8 -9 -10 -11 -12
leaf_value=-8.6835542848954594e-05 -0.00023888978951921069 0.0001269310402373473 2.344921704207079e-05 3.1549445884593291e-05 5.1809860497087361e-05 1.6522348232683722e-05 -6.7472495857145934e-07 3.4031113803697131e-05 9.7533937605476185e-06 -8.5750771783447495e-06 -2.2656327625251532e-06
leaf_weight=2.9999999999999991 2.9999999999999991 2.9999999999999991 5.0000000000000044 4 3.9999999999999991 3 4.0000000000000027 2.9999999999999991 3.0000000000000009 3 2.9999999999999991
leaf_count=3 3 3 5 4 4 3 4 3 3 3 3
internal_value=-6.81012e-13 1.88597e-05 2.79193e-05 7.24273e-05 1.67923e-05 1.09561e-05 6.18251e-06 2.52767e-05 -4.58527e-07 -3.5221e-06 -1.35654e-06
internal_weight=41 38 35 7 28 24 18 6 13 10 7
internal_count=41 38 35 7 28 24 18 6 13 10 7
is_linear=0
shrinkage=0.05


Tree=264
num_leaves=12
num_cat=0
split_feature=40 16 69 42 34 83 10 19 10 8 40
split_gain=7.20734e-05 1.41226e-05 8.92858e-06 3.06405e-06 2.54947e-06 1.22743e-06 1.37584e-06 4.24732e-07 1.66945e-07 4.72358e-08 4.89278e-09
threshold=-1.5094517824273612 1.3384685607502518 -0.63697287031417382 1.1651276190943898 -0.37493300608227148 -0.097189141349130162 -0.26721504564662563 -0.40556643261357533 -0.60895736155703284 -0.33902251435985647 -0.17088130990702283
decision_type=2 2 2 2 2 2 2 2 2 2 2
left_child=-1 2 4 5 -2 8 -7 -8 -4 -10 -11
right_child=1 -3 3 -5 -6 6 7 -9 9 10 -12
leaf_value=-0.00023593735143852734 4.456032474990933e-05 -7.0241335561149756e-05 1.0023770846601111e-05 6.3676324013310179e-05 0.00010553554457146675 5.1249004900455479e-05 2.3064821652951652e-05 2.3216173872242487e-08 -8.6737360106781122e-06 -2.7012630501606812e-06 -3.0063893063925179e-08
leaf_weight=2.9999999999999991 3 3.9999999999999991 2.9999999999999991 2.9999999999999991 3.9999999999999991 2.9999999999999991 3.9999999999999991 4.0000000000000027 2.9999999999999991 2.9999999999999991 4.0000000000000036
leaf_count=3 3 4 3 3 4 3 4 4 3 3 4
internal_value=-1.12661e-12 1.86266e-05 2.90817e-05 1.60353e-05 7.94033e-05 1.00802e-05 2.23727e-05 1.1544e-05 -3.21072e-07 -3.42453e-06 -1.17486e-06
internal_weight=41 38 34 27 7 24 11 8 13 10 7
internal_count=41 38 34 27 7 24 11 8 13 10 7
is_linear=0
shrinkage=0.05


Tree=265
num_leaves=11
num_cat=0
split_feature=75 58 68 30 76 44 32 74 74 12
split_gain=7.0404e-05 1.37709e-05 7.11124e-06 5.9101e-06 2.46045e-06 7.26108e-07 1.29071e-06 2.20539e-07 6.54534e-08 5.05364e-08
threshold=-0.57000428327576291 -1.3256438904594359 0.77838100417639244 -0.69464335212418094 -1.0021555194464102 1.0000000180025095e-35 -1.0000000180025095e-35 -0.20029655496709456 -0.36848277815320701 -0.63272149801129818
decision_type=2 2 2 2 2 2 2 2 2 2
left_child=-1 -2 4 -4 -3 9 8 -8 -7 -6
right_child=1 2 3 -5 5 6 7 -9 -10 -11
leaf_value=-0.00023318885553938649 -8.4399717403963834e-05 5.7645294388445717e-05 0.00011160182912135492 2.5650568204582669e-05 -7.812178046151528e-06 7.4046512319606948e-06 2.3537865781690923e-05 4.068580359065287e-05 -1.9372541100892699e-06 3.9646398363402072e-07
leaf_weight=2.9999999999999991 2.9999999999999991 2.9999999999999991 4.0000000000000009 3.9999999999999991 3 2.9999999999999991 5 2.9999999999999973 5.0000000000000009 5.0000000000000053
leaf_count=3 3 3 4 4 3 3 5 3 5 5
internal_value=-9.20863e-13 1.84096e-05 2.72219e-05 6.86262e-05 1.49539e-05 9.61751e-06 1.57672e-05 2.99683e-05 1.56596e-06 -2.68178e-06
internal_weight=41 38 35 8 27 24 16 8 8 8
internal_count=41 38 35 8 27 24 16 8 8 8
is_linear=0
shrinkage=0.05


Tree=266
num_leaves=13
num_cat=0
split_feature=35 85 23 11 30 66 52 27 14 34 88 24
split_gain=6.85907e-05 1.35899e-05 7.26517e-06 3.72299e-06 2.81337e-06 2.42244e-06 5.92063e-07 2.18746e-07 1.05466e-07 7.15177e-08 3.50692e-08 1.01292e-09
threshold=-0.85884591277627387 -0.85435975191747338 -0.6767221580226811 0.22539959053665082 0.23196065767146562 0.53069156720761979 1.0840582693199898 -0.36579501538650111 0.4047917784271225 -1.088150633350633 1.0000000180025095e-35 -1.0000000180025095e-35
decision_type=2 2 2 2 2 2 2 2 2 2 2 2
left_child=-1 -2 3 -3 6 9 7 -4 10 -6 -9 -12
right_child=1 2 4 -5 5 -7 -8 8 -10 -11 11 -13
leaf_value=-0.00023016635289726162 -8.3960462749625242e-05 0.00011639308650046587 1.2727333887596599e-05 3.7621381064430645e-05 1.5977419085781242e-05 7.6463970860155903e-05 2.6595097733661535e-05 -7.6332572158814044e-06 7.5786857451021168e-06 2.6895118935499347e-05 -6.5102498751912172e-07 -1.8664155201501374e-06
leaf_weight=2.9999999999999991 2.9999999999999991 2.9999999999999991 4.0000000000000044 3 3 3 2.9999999999999991 3.0000000000000018 3.0000000000000009 2.9999999999999982 4.0000000000000018 2.9999999999999982
leaf_count=3 3 3 4 3 3 3 3 3 3 3 4 3
internal_value=1.22504e-12 1.8171e-05 2.69252e-05 7.70072e-05 1.65633e-05 3.97788e-05 6.11638e-06 2.50249e-06 -6.4362e-07 2.14363e-05 -3.11031e-06 -1.17191e-06
internal_weight=41 38 35 6 29 9 20 17 13 6 10 7
internal_count=41 38 35 6 29 9 20 17 13 6 10 7
is_linear=0
shrinkage=0.05


Tree=267
num_leaves=11
num_cat=0
split_feature=80 26 76 85 66 68 17 40 77 55
split_gain=6.74875e-05 1.46578e-05 6.15751e-06 2.43263e-06 2.27144e-06 1.12434e-06 2.99441e-07 2.16867e-07 8.37295e-09 2.41754e-09
threshold=-0.9077348392975686 1.2720585270194256 -1.0021555194464102 -1.0000000180025095e-35 0.53069156720761979 1.0601966358628305 0.45256522391477055 0.77635959554370082 0.085695180148828709 0.42551177277413149
decision_type=2 2 2 2 2 2 2 2 2 2
left_child=-1 2 3 -2 5 6 7 8 9 -4
right_child=1 -3 4 -5 -6 -7 -8 -9 -10 -11
leaf_value=-0.00022830789190872263 4.4286852644290759e-05 -8.8044116273522385e-05 -9.0683994130813352e-07 0.00010123865795321763 5.0475618991185911e-05 3.8195935970482728e-05 1.5967491308401804e-05 1.386259478598125e-05 -3.0352944577316523e-06 8.885393450934011e-07
leaf_weight=2.9999999999999991 5.0000000000000009 2.9999999999999991 5.0000000000000089 2.9999999999999991 3.9999999999999991 2.9999999999999991 4.9999999999999991 2.9999999999999991 3.9999999999999991 3
leaf_count=3 5 3 5 3 4 3 5 3 4 3
internal_value=-5.4126e-13 1.80243e-05 2.71159e-05 6.56438e-05 1.57002e-05 9.65232e-06 5.37077e-06 1.83853e-06 -1.16748e-06 -2.33573e-07
internal_weight=41 38 35 8 27 23 20 15 12 8
internal_count=41 38 35 8 27 23 20 15 12 8
is_linear=0
shrinkage=0.05


Tree=268
num_leaves=11
num_cat=0
split_feature=82 31 76 30 40 22 76 32 29 29
split_gain=6.48025e-05 1.67339e-05 7.95978e-06 6.08774e-06 1.9719e-06 7.41848e-07 6.31326e-07 7.87973e-07 1.32237e-07 5.02488e-08
threshold=-1.4043624712033482 1.844318609866801 1.0000000180025095e-35 -0.69464335212418094 -1.0000000180025095e-35 0.64167914583452401 0.52235151126728041 1.0000000180025095e-35 0.1809514937462057 0.15364598432043311
decision_type=2 2 2 2 2 2 2 2 2 2
left_child=-1 2 3 -2 5 -5 9 -8 -9 -4
right_child=1 -3 6 4 -6 -7 7 8 -10 -11
leaf_value=-0.00022372017653348545 0.00010871150589082391 -9.5669216534588486e-05 -8.2597423897823258e-06 7.0950349709164586e-06 6.9642508363661668e-05 3.9986701449379314e-05 -8.6275470835062161e-07 1.9460576877463608e-05 3.2738987162398785e-05 -7.4488807513262143e-08
leaf_weight=2.9999999999999991 3.9999999999999991 2.9999999999999991 3.0000000000000018 3.9999999999999991 2.9999999999999991 3 4.9999999999999991 5 3 5
leaf_count=3 4 3 3 4 3 3 5 5 3 5
internal_value=3.61164e-13 1.76621e-05 2.73762e-05 5.65796e-05 3.57268e-05 2.11915e-05 7.90735e-06 1.47082e-05 2.444e-05 -3.14396e-06
internal_weight=41 38 35 14 10 7 21 13 8 8
internal_count=41 38 35 14 10 7 21 13 8 8
is_linear=0
shrinkage=0.05


Tree=269
num_leaves=12
num_cat=0
split_feature=46 16 69 42 47 83 10 19 30 6 8
split_gain=6.3871e-05 1.22975e-05 8.52609e-06 2.53972e-06 1.51395e-06 9.60263e-07 1.08607e-06 4.77159e-07 2.55856e-07 2.44366e-07 3.77146e-08
threshold=-1.2581043289471927 1.3384685607502518 -0.63697287031417382 1.1651276190943898 -0.19989592430754391 -0.097189141349130162 -0.26721504564662563 -0.40556643261357533 1.0000000180025095e-35 0.37666235321814434 -0.32663596048205096
decision_type=2 2 2 2 2 2 2 2 2 2 2
left_child=-1 2 4 5 -2 8 -7 -8 10 -10 -4
right_child=1 -3 3 -5 -6 6 7 -9 9 -11 -12
leaf_value=-0.00022210646129678936 5.6263848576539494e-05 -6.5392289252486085e-05 -8.4880456294437564e-06 5.9170674649067227e-05 0.00010649579344317317 4.7194920868302391e-05 2.4129188750521281e-05 -2.9310394893400346e-07 1.9693303329404444e-05 -4.8780199601120926e-07 -1.3967727954877764e-06
leaf_weight=2.9999999999999991 3 3.9999999999999991 2.9999999999999991 2.9999999999999991 2.9999999999999991 2.9999999999999991 3.9999999999999991 4.0000000000000027 2.9999999999999991 3 5.0000000000000027
leaf_count=3 3 4 3 3 3 3 4 4 3 3 5
internal_value=3.42724e-13 1.75347e-05 2.72908e-05 1.57003e-05 8.13798e-05 1.04839e-05 2.1539e-05 1.1918e-05 1.79775e-06 9.60275e-06 -4.056e-06
internal_weight=41 38 34 28 6 25 11 8 14 6 8
internal_count=41 38 34 28 6 25 11 8 14 6 8
is_linear=0
shrinkage=0.05


Tree=270
num_leaves=11
num_cat=0
split_feature=10 26 76 85 66 25 24 29 42 0
split_gain=6.05191e-05 1.3371e-05 5.52527e-06 2.35505e-06 1.97451e-06 8.89488e-07 3.89627e-07 3.14131e-07 1.76241e-08 4.20706e-09
threshold=-1.3189379337224574 1.2720585270194256 -1.0021555194464102 -1.0000000180025095e-35 0.53069156720761979 -0.16637877782139571 -0.44213850143904293 -0.025714897007415027 0.42342200793948565 0.61531171326305711
decision_type=2 2 2 2 2 2 2 2 2 2
left_child=-1 2 3 -2 5 6 -4 -7 9 -9
right_child=1 -3 4 -5 -6 7 -8 8 -10 -11
leaf_value=-0.0002161999116651714 4.1234469972550858e-05 -8.4237076225690554e-05 3.8591715565416955e-05 9.7270793048664927e-05 4.7360920507344421e-05 1.5710702177784671e-05 1.3108814891893402e-05 -2.7484089969220812e-06 2.4490319077585811e-06 -5.7287722938781365e-07
leaf_weight=2.9999999999999991 5.0000000000000009 2.9999999999999991 3 2.9999999999999991 3.9999999999999991 4.0000000000000062 3.0000000000000027 3.9999999999999982 3.9999999999999991 5
leaf_count=3 5 3 3 3 4 4 3 4 4 5
internal_value=-1.14768e-12 1.70684e-05 2.57517e-05 6.22481e-05 1.4938e-05 9.29924e-06 2.58503e-05 3.4577e-06 -3.12453e-07 -1.53978e-06
internal_weight=41 38 35 8 27 23 6 17 13 9
internal_count=41 38 35 8 27 23 6 17 13 9
is_linear=0
shrinkage=0.05


Tree=271
num_leaves=13
num_cat=0
split_feature=35 82 23 30 30 8 25 32 60 55 11 6
split_gain=5.96226e-05 1.23356e-05 6.60564e-06 3.93141e-06 2.3853e-06 1.73086e-06 5.27449e-07 3.33465e-07 2.76706e-07 1.20287e-07 5.16423e-08 1.18183e-09
threshold=-0.85884591277627387 1.462944067915849 -0.6767221580226811 0.23196065767146562 0.23196065767146562 -1.0000000180025095e-35 -0.16252885395941455 1.0000000180025095e-35 0.83147456896626093 0.56217704107498567 -0.032952316262001742 -0.23848341611596011
decision_type=2 2 2 2 2 2 2 2 2 2 2 2
left_child=-1 2 3 -2 6 9 7 -4 10 -6 11 -8
right_child=1 -3 4 -5 5 -7 8 -9 -10 -11 -12 -13
leaf_value=-0.00021459265068794289 0.00011350995822188755 -8.036268894405415e-05 6.3979117309524218e-06 3.2563389565135968e-05 2.8352871110352369e-05 6.7787566028224949e-05 -6.357855124861088e-07 2.9972800984978665e-05 1.3926693645771586e-05 1.4193832127299777e-05 -8.7989511181755508e-06 -1.8910847453904953e-06
leaf_weight=2.9999999999999991 2.9999999999999991 2.9999999999999991 3.0000000000000009 3 3 2.9999999999999982 5 3 3.0000000000000009 3 3.0000000000000027 3
leaf_count=3 3 3 3 3 3 3 5 3 3 3 3 3
internal_value=3.94992e-13 1.69415e-05 2.52819e-05 7.30367e-05 1.54016e-05 3.67781e-05 5.78216e-06 1.81854e-05 4.66503e-07 2.12734e-05 -3.20446e-06 -1.10652e-06
internal_weight=41 38 35 6 29 9 20 6 14 6 11 8
internal_count=41 38 35 6 29 9 20 6 14 6 11 8
is_linear=0
shrinkage=0.05


Tree=272
num_leaves=11
num_cat=0
split_feature=75 82 61 30 89 32 52 0 10 7
split_gain=5.78978e-05 1.12779e-05 6.84747e-06 5.83084e-06 6.31318e-07 6.29357e-07 3.91788e-07 1.91038e-07 6.25756e-08 3.54562e-09
threshold=-0.57000428327576291 1.462944067915849 -0.42002062214995012 -0.69464335212418094 -1.0000000180025095e-35 -1.0000000180025095e-35 0.53893630079474963 0.81783464012756568 0.53138604960455693 -0.25608656488088311
decision_type=2 2 2 2 2 2 2 2 2 2
left_child=-1 2 3 -2 5 -4 9 8 -7 -6
right_child=1 -3 4 -5 6 7 -8 -9 -10 -11
leaf_value=-0.00021146593498997391 9.7817464265972375e-05 -7.6344551052898177e-05 -8.8074999477309224e-07 2.1457511811604496e-05 -7.643635194654058e-07 3.582046968707197e-05 1.889602741963851e-05 1.5261203467768304e-05 2.5608095650871588e-05 -2.6473445177543875e-06
leaf_weight=2.9999999999999991 5 2.9999999999999991 3.0000000000000009 4.9999999999999982 4.9999999999999956 2.9999999999999964 2.9999999999999991 3 3 5.0000000000000062
leaf_count=3 5 3 3 5 5 3 3 3 3 5
internal_value=5.06461e-13 1.66947e-05 2.46695e-05 5.96375e-05 1.06823e-05 1.89523e-05 3.04843e-06 2.55633e-05 3.07143e-05 -1.70585e-06
internal_weight=41 38 35 10 25 12 13 9 6 10
internal_count=41 38 35 10 25 12 13 9 6 10
is_linear=0
shrinkage=0.05


Tree=273
num_leaves=12
num_cat=0
split_feature=40 16 69 42 47 83 10 19 8 46 23
split_gain=5.63256e-05 1.09697e-05 6.97436e-06 3.04802e-06 1.82148e-06 1.06835e-06 1.15381e-06 3.34851e-07 9.04678e-08 4.21111e-08 1.73147e-09
threshold=-1.5094517824273612 1.3384685607502518 -0.63697287031417382 1.1651276190943898 -0.32954524686720571 -0.097189141349130162 -0.26721504564662563 -0.40556643261357533 -0.33902251435985647 0.28861566823279222 0.40609898640400593
decision_type=2 2 2 2 2 2 2 2 2 2 2
left_child=-1 2 4 5 -2 8 -7 -8 -4 10 -10
right_child=1 -3 3 -5 -6 6 7 -9 9 -11 -12
leaf_value=-0.00020857493703564011 4.0704641529979796e-05 -6.1855774038122033e-05 -9.1083795268787081e-06 6.1666525046651571e-05 9.2244130792096263e-05 4.612278135027737e-05 1.9991929730167615e-05 -4.6689910959685179e-07 -2.0136856164754123e-06 5.7477453992760261e-06 -4.2464331121057807e-07
leaf_weight=2.9999999999999991 3 3.9999999999999991 2.9999999999999991 2.9999999999999991 3.9999999999999991 2.9999999999999991 3.9999999999999991 4.0000000000000027 4.0000000000000018 3 3
leaf_count=3 3 4 3 3 4 3 4 4 4 3 3
internal_value=1.80235e-13 1.64664e-05 2.56808e-05 1.41503e-05 7.01558e-05 8.21075e-06 1.9679e-05 9.76252e-06 -1.49312e-06 7.91456e-07 -1.33267e-06
internal_weight=41 38 34 27 7 24 11 8 13 10 7
internal_count=41 38 34 27 7 24 11 8 13 10 7
is_linear=0
shrinkage=0.05


Tree=274
num_leaves=10
num_cat=0
split_feature=82 31 76 30 42 76 32 48 29
split_gain=5.54784e-05 1.43061e-05 7.00053e-06 4.99838e-06 1.73593e-06 5.86933e-07 6.78376e-07 1.52663e-07 4.40262e-08
threshold=-1.4043624712033482 1.844318609866801 1.0000000180025095e-35 -0.69464335212418094 0.57459416280552478 0.52235151126728041 1.0000000180025095e-35 -0.12057605698984035 0.15364598432043311
decision_type=2 2 2 2 2 2 2 2 2
left_child=-1 2 3 -2 -5 8 -7 -8 -4
right_child=1 -3 5 4 -6 6 7 -9 -10
leaf_value=-0.00020700038294307888 9.9949004652444284e-05 -8.8445876705615478e-05 -8.3783835483093984e-06 1.2983716624148659e-05 5.4648217628709971e-05 -8.2432032513679585e-07 2.800308197038249e-05 1.373594980880927e-05 -7.1668379632683353e-07
leaf_weight=2.9999999999999991 3.9999999999999991 2.9999999999999991 3.0000000000000018 4.9999999999999982 5 4.9999999999999991 4.9999999999999973 3.0000000000000027 5
leaf_count=3 4 3 3 5 5 5 5 3 5
internal_value=-2.55102e-14 1.63421e-05 2.5324e-05 5.27111e-05 3.3816e-05 7.06586e-06 1.36232e-05 2.26529e-05 -3.58982e-06
internal_weight=41 38 35 14 10 21 13 8 8
internal_count=41 38 35 14 10 21 13 8 8
is_linear=0
shrinkage=0.05


Tree=275
num_leaves=12
num_cat=0
split_feature=66 26 76 66 85 27 10 37 52 6 78
split_gain=5.31412e-05 1.19938e-05 4.59672e-06 2.03823e-06 1.86675e-06 7.58142e-07 3.3431e-07 2.07261e-07 1.02082e-08 2.52287e-09 8.69533e-10
threshold=-0.86704174366281228 1.2720585270194256 -1.0021555194464102 0.53069156720761979 -1.0000000180025095e-35 -0.52768757511097386 0.53138604960455693 -0.12231412644560079 0.41925382352954305 -0.23848341611596011 -0.29369401972508308
decision_type=2 2 2 2 2 2 2 2 2 2 2
left_child=-1 2 4 5 -2 -4 7 -7 9 -9 -11
right_child=1 -3 3 -5 -6 6 -8 8 -10 10 -12
leaf_value=-0.00020259319038207956 3.8798209861852218e-05 -7.9952296800911427e-05 3.2064644134758624e-05 4.7296798584284261e-05 8.8688069566463445e-05 1.3724017677911089e-05 1.8038839743894642e-05 -4.1024352412932703e-07 1.7021190046762049e-06 -1.6606717508693665e-06 -2.7867577349146316e-06
leaf_weight=2.9999999999999991 5.0000000000000009 2.9999999999999991 3.0000000000000027 3.9999999999999991 2.9999999999999991 3.000000000000008 3.9999999999999991 3.0000000000000053 3.0000000000000009 4.0000000000000053 2.9999999999999876
leaf_count=3 5 3 3 4 3 3 4 3 3 4 3
internal_value=3.52152e-14 1.59942e-05 2.42182e-05 1.43549e-05 5.75069e-05 8.62583e-06 5.11e-06 1.87779e-06 -8.55949e-07 -1.62337e-06 -2.14328e-06
internal_weight=41 38 35 27 8 23 20 16 13 10 7
internal_count=41 38 35 27 8 23 20 16 13 10 7
is_linear=0
shrinkage=0.05


Tree=276
num_leaves=13
num_cat=0
split_feature=35 85 23 30 30 66 25 17 60 0 11 9
split_gain=5.22809e-05 1.04886e-05 5.39093e-06 3.47413e-06 2.39804e-06 1.75735e-06 4.90326e-07 3.201e-07 1.98929e-07 9.22988e-08 6.05041e-08 6.75485e-10
threshold=-0.85884591277627387 -0.85435975191747338 -0.6767221580226811 0.23196065767146562 0.23196065767146562 0.53069156720761979 -0.16252885395941455 1.0000000180025095e-35 0.83147456896626093 -1.0000000180025095e-35 -0.032952316262001742 -0.45418738966214112
decision_type=2 2 2 2 2 2 2 2 2 2 2 2
left_child=-1 -2 3 -3 6 9 7 -4 10 -6 11 -8
right_child=1 2 4 -5 5 -7 8 -9 -10 -11 -12 -13
leaf_value=-0.00020094665815122427 -7.3860192787833523e-05 0.00010474268152999382 5.3940005083556243e-06 2.8649256879968251e-05 1.4238218985459142e-05 6.7308516008779393e-05 -3.8973133390148473e-07 2.8491616346097232e-05 1.1271645053056994e-05 2.6641097307826091e-05 -9.3091920158864523e-06 -1.3387556828092781e-06
leaf_weight=2.9999999999999991 2.9999999999999991 2.9999999999999991 3.0000000000000009 3 3 3 3 3 3.0000000000000009 2.9999999999999982 3.0000000000000027 5
leaf_count=3 3 3 3 3 3 3 3 3 3 3 3 5
internal_value=-8.34628e-14 1.58642e-05 2.35549e-05 6.6696e-05 1.46291e-05 3.60626e-05 4.98406e-06 1.69428e-05 -1.41115e-07 2.04397e-05 -3.25369e-06 -9.82872e-07
internal_weight=41 38 35 6 29 9 20 6 14 6 11 8
internal_count=41 38 35 6 29 9 20 6 14 6 11 8
is_linear=0
shrinkage=0.05


Tree=277
num_leaves=12
num_cat=0
split_feature=46 16 69 42 47 83 81 30 27 13 53
split_gain=5.06266e-05 9.74461e-06 6.65115e-06 2.26485e-06 1.42063e-06 1.06533e-06 3.53399e-07 5.46095e-07 2.29282e-07 6.47639e-08 1.04252e-09
threshold=-1.2581043289471927 1.3384685607502518 -0.63697287031417382 1.1651276190943898 -0.19989592430754391 0.41016199817657589 -0.29944878170749972 0.23196065767146562 -0.16916832142131538 -0.5048693837833601 -0.28275665499661323
decision_type=2 2 2 2 2 2 2 2 2 2 2
left_child=-1 2 4 5 -2 6 9 8 -8 -4 -10
right_child=1 -3 3 -5 -6 -7 7 -9 10 -11 -12
leaf_value=-0.00019774193836686514 4.7739231376908706e-05 -5.8208091286360289e-05 -9.4482053706694061e-06 5.5109432044749468e-05 9.6398415432001158e-05 3.2782142966425454e-05 1.5668206712386245e-05 2.8426157465825483e-05 -1.4854691319972808e-07 -1.5563407941954193e-07 -1.3815686997986637e-06
leaf_weight=2.9999999999999991 3 3.9999999999999991 3 2.9999999999999991 2.9999999999999991 3.9999999999999991 3.0000000000000018 2.9999999999999991 3.0000000000000018 5.0000000000000053 3.9999999999999982
leaf_count=3 3 4 3 3 3 4 3 3 3 5 4
internal_value=4.55302e-13 1.56112e-05 2.42958e-05 1.40588e-05 7.20688e-05 9.13268e-06 4.62802e-06 9.71624e-06 4.10327e-06 -3.64035e-06 -8.53131e-07
internal_weight=41 38 34 28 6 25 21 13 10 8 7
internal_count=41 38 34 28 6 25 21 13 10 8 7
is_linear=0
shrinkage=0.05


Tree=278
num_leaves=11
num_cat=0
split_feature=86 85 58 63 76 32 44 74 32 27
split_gain=4.90975e-05 1.32774e-05 1.1461e-05 1.65781e-06 1.44918e-06 6.27298e-07 6.49328e-07 7.34821e-08 5.11006e-08 1.85461e-09
threshold=1.3796545336182986 1.0000000180025095e-35 -1.1575627588910657 0.15296125387154624 -1.0021555194464102 -1.0000000180025095e-35 -1.0000000180025095e-35 -0.20029655496709456 -0.74313586396029108 0.27260691502559004
decision_type=2 2 2 2 2 2 2 2 2 2
left_child=1 2 -1 -3 -4 8 -7 -8 -6 -10
right_child=-2 3 4 -5 5 6 7 -9 9 -11
leaf_value=-8.8184495083017491e-05 -0.00014681625862067449 5.9568498400039958e-05 4.282464942662042e-05 0.00010658359193863964 6.3840427704538633e-06 -1.6103817263986733e-06 2.1954514959361384e-05 3.1852803658694158e-05 -2.1203945834713488e-06 -4.7581690978404355e-07
leaf_weight=3.0000000000000027 4.9999999999999991 5 4.0000000000000027 3 3 3.0000000000000044 5.0000000000000036 2.9999999999999867 4.0000000000000053 3
leaf_count=3 5 5 4 3 3 3 5 3 4 3
internal_value=6.58829e-13 2.03911e-05 4.16029e-06 7.71992e-05 1.52417e-05 9.98776e-06 1.82273e-05 2.56664e-05 9.2431e-07 -1.41558e-06
internal_weight=41 36 28 8 25 21 11 8 10 7
internal_count=41 36 28 8 25 21 11 8 10 7
is_linear=0
shrinkage=0.05


Tree=279
num_leaves=12
num_cat=0
split_feature=82 31 76 30 48 7 30 54 11 29 73
split_gain=4.85801e-05 1.23279e-05 5.77686e-06 4.38813e-06 1.28112e-06 4.84087e-07 4.81394e-07 1.95627e-07 1.79188e-07 3.95292e-08 1.30669e-08
threshold=-1.4043624712033482 1.844318609866801 1.0000000180025095e-35 -0.69464335212418094 -1.0000000180025095e-35 -0.25608656488088311 0.23196065767146562 -0.3927994502840329 1.0000000180025095e-35 -0.025714897007415027 -0.082908108965505239
decision_type=2 2 2 2 2 2 2 2 2 2 2
left_child=-1 2 3 -2 -5 -6 7 -4 -8 -9 -11
right_child=1 -3 6 4 5 -7 8 9 -10 10 -12
leaf_value=-0.00019370389442580443 9.2769291950389746e-05 -8.1981321757969769e-05 1.3009043292792437e-05 3.467480140291931e-06 3.1133520678849891e-05 5.7703433170293756e-05 2.4678285990376027e-05 -6.2898447140469287e-06 8.5130409085346991e-06 3.0490011871127876e-06 -1.1250370971538335e-06
leaf_weight=2.9999999999999991 3.9999999999999991 2.9999999999999991 2.9999999999999991 2.9999999999999991 3.9999999999999991 3 3.9999999999999991 2.9999999999999956 3 2.9999999999999956 5.0000000000000098
leaf_count=3 4 3 3 3 4 3 4 3 3 3 5
internal_value=5.46251e-13 1.52924e-05 2.36302e-05 4.85089e-05 3.08047e-05 4.25206e-05 7.04437e-06 1.69139e-06 1.77503e-05 -1.39525e-06 4.40227e-07
internal_weight=41 38 35 14 10 7 21 14 7 11 8
internal_count=41 38 35 14 10 7 21 14 7 11 8
is_linear=0
shrinkage=0.05


Tree=280
num_leaves=12
num_cat=0
split_feature=75 82 61 42 0 30 52 27 42 7 9
split_gain=4.76389e-05 9.69194e-06 5.22439e-06 3.84109e-06 2.31333e-06 5.32352e-07 3.80384e-07 2.31235e-07 1.06862e-07 1.14326e-09 4.39594e-10
threshold=-0.57000428327576291 1.462944067915849 -0.42002062214995012 1.0000000180025095e-35 -0.84445629768350627 0.23196065767146562 1.0840582693199898 -0.36579501538650111 -1.0000000180025095e-35 -0.11253470158697988 -0.45418738966214112
decision_type=2 2 2 2 2 2 2 2 2 2 2
left_child=-1 2 3 -2 -5 6 7 -4 -7 10 -9
right_child=1 -3 5 4 -6 8 -8 9 -10 -11 -12
leaf_value=-0.00019181842023196323 0.00010041555894228322 -7.110603425341348e-05 1.2813062267014171e-05 7.9010377703525578e-06 6.5983785316348051e-05 1.4885391525846592e-05 2.2021709446562455e-05 -3.8244955931077133e-07 2.7368978044250981e-05 -1.8996174731000769e-06 -1.1831209576484978e-06
leaf_weight=2.9999999999999991 2.9999999999999982 2.9999999999999991 4.0000000000000009 4 3 3 2.9999999999999991 2.9999999999999991 3.9999999999999991 4.0000000000000044 4
leaf_count=3 3 3 4 4 3 3 3 3 4 4 4
internal_value=-4.3506e-13 1.51436e-05 2.25364e-05 5.30802e-05 3.27936e-05 1.03188e-05 5.76884e-06 2.51826e-06 2.20189e-05 -1.2253e-06 -8.39976e-07
internal_weight=41 38 35 10 7 25 18 15 7 11 7
internal_count=41 38 35 10 7 25 18 15 7 11 7
is_linear=0
shrinkage=0.05


Tree=281
num_leaves=12
num_cat=0
split_feature=10 26 76 60 5 30 20 41 8 42 6
split_gain=4.60878e-05 1.04086e-05 3.90825e-06 1.52625e-06 1.1535e-06 1.0465e-06 6.11561e-07 3.05096e-07 4.25549e-08 2.34524e-08 7.52498e-10
threshold=-1.3189379337224574 1.2720585270194256 -1.0021555194464102 1.222149237289613 -0.21067367577278426 0.23196065767146562 -1.0000000180025095e-35 -0.85289465923710661 -0.32663596048205096 -0.52673171056024115 -0.23848341611596011
decision_type=2 2 2 2 2 2 2 2 2 2 2
left_child=-1 2 4 5 -2 7 -7 -4 -9 -10 -11
right_child=1 -3 3 -5 -6 6 -8 8 9 10 -12
leaf_value=-0.00018866964722595488 6.7957473802380237e-05 -7.448649897317714e-05 1.4634291096626813e-05 4.7085283586056907e-05 2.8740178095176816e-05 1.2730490880130672e-05 4.2594523013879858e-05 -6.3796785980230119e-06 4.1088271321617207e-06 -7.2610752113177957e-07 -1.7736727992693622e-06
leaf_weight=2.9999999999999991 5.0000000000000009 2.9999999999999991 4.0000000000000062 2.9999999999999991 2.9999999999999991 4 2.9999999999999991 3.0000000000000027 3.0000000000000027 4.0000000000000027 2.9999999999999929
leaf_count=3 5 3 4 3 3 4 3 3 3 4 3
internal_value=2.32365e-13 1.4895e-05 2.25562e-05 1.34615e-05 5.3251e-05 9.25853e-06 2.55294e-05 2.55877e-06 -1.15677e-06 4.10103e-07 -1.17506e-06
internal_weight=41 38 35 27 8 24 7 17 13 10 7
internal_count=41 38 35 27 8 24 7 17 13 10 7
is_linear=0
shrinkage=0.05


Tree=282
num_leaves=13
num_cat=0
split_feature=35 85 23 30 30 8 72 25 55 9 26 33
split_gain=4.5244e-05 8.90607e-06 4.48195e-06 2.34237e-06 1.80616e-06 1.29648e-06 3.82522e-07 2.80661e-07 6.19041e-08 4.08827e-08 1.89836e-08 1.84416e-10
threshold=-0.85884591277627387 -0.85435975191747338 -0.6767221580226811 0.23196065767146562 0.23196065767146562 -1.0000000180025095e-35 0.79077291582214515 -0.16637877782139571 0.56217704107498567 -0.45418738966214112 -0.26376296914843095 -1.0000000180025095e-35
decision_type=2 2 2 2 2 2 2 2 2 2 2 2
left_child=-1 -2 3 -3 6 8 7 -4 -6 -9 -11 -12
right_child=1 2 4 -5 5 -7 -8 9 -10 10 11 -13
leaf_value=-0.0001869346034557869 -6.7920922689760724e-05 9.2421776692693438e-05 1.4012685960551594e-05 2.9940190628015741e-05 2.3967313851850724e-05 5.9145322302356384e-05 2.179630804069651e-05 3.0730927818467511e-06 1.3809874387031107e-05 -6.2496282528930597e-06 -1.101137968362308e-06 -1.6555379867592522e-06
leaf_weight=2.9999999999999991 2.9999999999999991 2.9999999999999991 4.0000000000000027 3 3 2.9999999999999982 2.9999999999999991 4.0000000000000027 3 3.0000000000000018 3.0000000000000018 2.9999999999999982
leaf_count=3 3 3 4 3 3 3 3 4 3 3 3 3
internal_value=-4.4837e-13 1.4758e-05 2.18448e-05 6.1181e-05 1.37062e-05 3.23075e-05 5.33566e-06 2.43084e-06 1.88886e-05 -1.13281e-06 -3.0021e-06 -1.37834e-06
internal_weight=41 38 35 6 29 9 20 17 6 13 9 6
internal_count=41 38 35 6 29 9 20 17 6 13 9 6
is_linear=0
shrinkage=0.05


Tree=283
num_leaves=13
num_cat=0
split_feature=40 58 76 5 25 10 52 70 83 47 29 78
split_gain=4.39127e-05 8.44154e-06 4.53703e-06 2.69166e-06 9.68233e-07 5.82703e-07 3.36507e-07 2.54069e-07 2.09356e-07 1.28439e-07 3.01529e-08 4.63365e-09
threshold=-1.5094517824273612 -1.3256438904594359 1.0000000180025095e-35 -0.40280737278148143 -0.15093332106607085 0.088216746022511006 0.53893630079474963 0.52779937724279347 0.29063875625630925 0.36773009643994053 -0.025714897007415027 -0.78160371939515683
decision_type=2 2 2 2 2 2 2 2 2 2 2 2
left_child=-1 -2 3 5 -5 -3 9 -6 -8 10 -4 -12
right_child=1 2 6 4 7 -7 8 -9 -10 -11 11 -13
leaf_value=-0.00018416380868681398 -6.5954574771846328e-05 8.374807851699492e-05 -5.8267227965795177e-06 4.8124790191650396e-05 2.3624482370602588e-05 5.2584446772622556e-05 2.2175418052938767e-05 3.04660764716876e-06 4.7022651415318244e-06 1.0163081848683458e-05 1.6500556649627182e-06 -9.494466667092615e-07
leaf_weight=2.9999999999999991 2.9999999999999991 2.9999999999999991 2.9999999999999964 2.9999999999999991 2.9999999999999991 3 3.9999999999999991 3 3 2.9999999999999991 2.9999999999999964 4.0000000000000089
leaf_count=3 3 3 3 3 3 3 4 3 3 3 3 4
internal_value=-2.13613e-13 1.45392e-05 2.14387e-05 4.22257e-05 2.4932e-05 6.81663e-05 5.8485e-06 1.33355e-05 1.46869e-05 1.08934e-06 -1.63278e-06 1.64626e-07
internal_weight=41 38 35 15 9 6 20 6 7 13 10 7
internal_count=41 38 35 15 9 6 20 6 7 13 10 7
is_linear=0
shrinkage=0.05


Tree=284
num_leaves=11
num_cat=0
split_feature=83 85 61 42 42 60 7 52 65 79
split_gain=4.19361e-05 8.19556e-06 4.11371e-06 3.36647e-06 1.33727e-06 3.96418e-07 2.91559e-07 1.29137e-07 1.91905e-08 4.09037e-10
threshold=1.3906258311599931 -0.85435975191747338 -0.47473347906564595 1.0000000180025095e-35 0.70780147206209587 -0.96824793346519 1.0000000180025095e-35 0.53893630079474963 1.0000000180025095e-35 0.78318565206396695
decision_type=2 2 2 2 2 2 2 2 2 2
left_child=1 -1 3 -3 5 -4 7 8 9 -7
right_child=-2 2 4 -5 -6 6 -8 -9 -10 -11
leaf_value=-6.5104117190154884e-05 -0.00017997125590530534 9.5328252064064153e-05 2.050130067800636e-05 2.526093448977917e-05 3.920115968867322e-05 -5.5711128273590665e-07 1.5042419963720022e-05 7.4194408989569647e-06 -5.8677186946927866e-06 -1.3827793433544378e-06
leaf_weight=2.9999999999999991 2.9999999999999991 2.9999999999999991 5.0000000000000027 4 3.9999999999999991 3.0000000000000053 4.9999999999999991 4.9999999999999991 3 3
leaf_count=3 3 3 5 4 4 3 5 5 3 3
internal_value=-1.61934e-13 1.42083e-05 2.10065e-05 5.52898e-05 1.24356e-05 7.97471e-06 4.67824e-06 9.76741e-07 -2.60254e-06 -9.69945e-07
internal_weight=41 38 35 7 28 24 19 14 9 6
internal_count=41 38 35 7 28 24 19 14 9 6
is_linear=0
shrinkage=0.05


Tree=285
num_leaves=11
num_cat=0
split_feature=80 26 76 85 60 30 20 39 8 6
split_gain=4.1219e-05 9.33472e-06 3.87171e-06 1.44754e-06 1.43869e-06 9.44932e-07 5.85454e-07 2.00768e-07 2.4354e-08 9.00042e-10
threshold=-0.9077348392975686 1.2720585270194256 -1.0021555194464102 1.0000000180025095e-35 1.222149237289613 0.23196065767146562 -1.0000000180025095e-35 0.097871991666222694 -0.32663596048205096 -0.32116387703434074
decision_type=2 2 2 2 2 2 2 2 2 2
left_child=-1 2 3 -2 5 7 -7 -4 -9 -10
right_child=1 -3 4 -5 -6 6 -8 8 9 -11
leaf_value=-0.00017842593661043793 3.5417832259554415e-05 -7.0558939963423961e-05 9.5009275173651793e-06 7.9350187055145683e-05 4.4934441878770791e-05 1.1762281020537554e-05 3.9701606146991254e-05 -6.424532026964386e-06 -6.1161533295717097e-07 -1.6723004364394036e-06
leaf_weight=2.9999999999999991 5 2.9999999999999991 5.0000000000000098 3 2.9999999999999991 5.0000000000000009 2.9999999999999991 3.0000000000000036 4.0000000000000036 3.9999999999999911
leaf_count=3 5 3 5 3 3 5 3 3 4 4
internal_value=4.9634e-13 1.40863e-05 2.13416e-05 5.18925e-05 1.22894e-05 8.20882e-06 2.22395e-05 1.19346e-06 -2.58266e-06 -1.14196e-06
internal_weight=41 38 35 8 27 24 8 16 11 8
internal_count=41 38 35 8 27 24 8 16 11 8
is_linear=0
shrinkage=0.05


Tree=286
num_leaves=13
num_cat=0
split_feature=46 16 69 42 47 78 30 27 20 8 42 41
split_gain=3.98759e-05 7.96806e-06 5.14668e-06 1.71509e-06 1.02065e-06 6.63777e-07 3.22337e-07 2.49806e-07 2.25192e-07 2.81926e-08 7.76056e-09 2.83127e-10
threshold=-1.2581043289471927 1.3384685607502518 -0.63697287031417382 1.1651276190943898 -0.19989592430754391 1.3097425688595317 0.23196065767146562 -0.36579501538650111 -0.42666312954629709 -0.32663596048205096 0.42342200793948565 -1.0000000180025095e-35
decision_type=2 2 2 2 2 2 2 2 2 2 2 2
left_child=-1 2 4 5 -2 6 7 -4 -8 -9 11 -11
right_child=1 -3 3 -5 -6 -7 8 9 -10 10 -12 -13
leaf_value=-0.00017549500480527059 4.3109930508459595e-05 -5.2897072237101384e-05 1.2522513452495305e-05 4.8425583130059144e-05 8.4354138622681299e-05 3.0479040348533699e-05 5.6042355633204944e-06 -6.1033050466600356e-06 2.4977402548150468e-05 -1.2011564346418381e-06 1.5699705500082926e-06 -1.8880902947178938e-06
leaf_weight=2.9999999999999991 3 3.9999999999999991 4.000000000000008 2.9999999999999991 2.9999999999999991 2.9999999999999991 3 3.0000000000000062 2.9999999999999991 3.0000000000000053 3 2.9999999999999911
leaf_count=3 3 4 4 3 3 3 3 3 3 3 3 3
internal_value=-2.60648e-14 1.38549e-05 2.1708e-05 1.27029e-05 6.3732e-05 8.41617e-06 5.4076e-06 1.70139e-06 1.52908e-05 -1.90565e-06 -5.06425e-07 -1.54462e-06
internal_weight=41 38 34 28 6 25 22 16 6 12 9 6
internal_count=41 38 34 28 6 25 22 16 6 12 9 6
is_linear=0
shrinkage=0.05


Tree=287
num_leaves=11
num_cat=0
split_feature=75 58 68 30 76 44 32 74 55 12
split_gain=3.86864e-05 7.88663e-06 4.20918e-06 3.30989e-06 1.3522e-06 4.37213e-07 7.3118e-07 8.35227e-08 4.4724e-08 2.06959e-08
threshold=-0.57000428327576291 -1.3256438904594359 0.77838100417639244 -0.69464335212418094 -1.0021555194464102 1.0000000180025095e-35 -1.0000000180025095e-35 -0.20029655496709456 0.42551177277413149 -0.63272149801129818
decision_type=2 2 2 2 2 2 2 2 2 2
left_child=-1 -2 4 -4 -3 9 8 -8 -7 -6
right_child=1 2 3 -5 5 6 7 -9 -10 -11
leaf_value=-0.00017285754632515211 -6.415651466037767e-05 4.2525674022423727e-05 8.4331184916663893e-05 2.0008899264212234e-05 -5.9060204269674904e-06 -1.8914601423603014e-06 1.842428173404187e-05 2.8977176407352109e-05 5.8307148075679516e-06 -6.5297210312564776e-07
leaf_weight=2.9999999999999991 2.9999999999999991 2.9999999999999991 4.0000000000000009 3.9999999999999991 3 5 5 2.9999999999999973 3 5.0000000000000053
leaf_count=3 3 3 4 4 3 5 5 3 3 5
internal_value=8.69288e-13 1.36466e-05 2.03155e-05 5.217e-05 1.08771e-05 6.92104e-06 1.1693e-05 2.23816e-05 1.00436e-06 -2.62287e-06
internal_weight=41 38 35 8 27 24 16 8 8 8
internal_count=41 38 35 8 27 24 16 8 8 8
is_linear=0
shrinkage=0.05


Tree=288
num_leaves=13
num_cat=0
split_feature=35 82 23 11 8 26 14 46 36 59 60 69
split_gain=3.74096e-05 7.59555e-06 4.09678e-06 2.17615e-06 1.52849e-06 3.98643e-07 2.71185e-07 2.24862e-07 1.80754e-07 4.20504e-08 1.84707e-08 7.0439e-10
threshold=-0.85884591277627387 1.462944067915849 -0.6767221580226811 0.22539959053665082 0.4588211163806864 1.0514201785695529 0.19881003868425337 0.45129388115638153 0.39326775818027954 0.15187654861783237 0.20061677607460518 0.38439928698877829
decision_type=2 2 2 2 2 2 2 2 2 2 2 2
left_child=-1 2 3 -2 5 6 7 9 -8 10 11 -4
right_child=1 -3 4 -5 -6 -7 8 -9 -10 -11 -12 -13
leaf_value=-0.00016998107894323767 8.7684187262008589e-05 -6.293433737785866e-05 -7.745185181799242e-07 2.7460270121082428e-05 4.5976295647657636e-05 2.2803666433901528e-05 2.0728460731334054e-05 1.409552181333614e-05 4.49270158545308e-06 3.9174485815844188e-06 -6.1213044925049552e-06 -1.8580235215874073e-06
leaf_weight=2.9999999999999991 2.9999999999999991 2.9999999999999991 3.0000000000000089 3 2.9999999999999991 3.9999999999999991 3.9999999999999991 2.9999999999999991 3 2.9999999999999991 3 3
leaf_count=3 3 3 3 3 3 4 4 3 3 3 3 3
internal_value=-1.18678e-13 1.34196e-05 1.99642e-05 5.75722e-05 1.21832e-05 8.284e-06 5.64406e-06 1.85182e-06 1.37703e-05 -1.2091e-06 -2.91795e-06 -1.31627e-06
internal_weight=41 38 35 6 29 26 22 15 7 12 9 6
internal_count=41 38 35 6 29 26 22 15 7 12 9 6
is_linear=0
shrinkage=0.05


Tree=289
num_leaves=12
num_cat=0
split_feature=66 26 76 60 85 32 74 30 5 59 12
split_gain=3.64306e-05 8.32252e-06 3.56193e-06 1.3739e-06 1.12263e-06 8.32849e-07 2.13095e-07 2.45197e-07 4.87772e-08 4.46101e-08 1.40972e-08
threshold=-0.86704174366281228 1.2720585270194256 -1.0021555194464102 1.222149237289613 1.0000000180025095e-35 1.2833202501044962 -0.20029655496709456 -0.69464335212418094 -0.18632864678649466 0.15187654861783237 -0.23056763232619609
decision_type=2 2 2 2 2 2 2 2 2 2 2
left_child=-1 2 4 5 -2 6 7 -4 -9 10 -8
right_child=1 -3 3 -5 -6 -7 9 8 -10 -11 -12
leaf_value=-0.0001677423080157799 3.4888340451288962e-05 -6.6681499204908809e-05 -1.1700942991410547e-06 4.3312517906694366e-05 7.3577337510262919e-05 3.2066503445093984e-05 -6.1568369346787212e-06 9.5287649552725762e-06 1.7962827769224535e-05 3.721576164631793e-06 -1.6226958450715741e-06
leaf_weight=2.9999999999999991 5 2.9999999999999991 4.0000000000000027 2.9999999999999991 3 2.9999999999999991 3 3.0000000000000027 3.9999999999999982 3 4.0000000000000036
leaf_count=3 5 3 4 3 3 3 3 3 4 3 4
internal_value=4.93567e-13 1.32428e-05 2.00935e-05 1.1411e-05 4.93967e-05 7.42334e-06 3.90289e-06 8.7052e-06 1.43482e-05 -1.37966e-06 -3.5659e-06
internal_weight=41 38 35 27 8 24 21 11 7 10 7
internal_count=41 38 35 27 8 24 21 11 7 10 7
is_linear=0
shrinkage=0.05


Tree=290
num_leaves=11
num_cat=0
split_feature=82 31 76 30 48 7 76 32 29 14
split_gain=3.59685e-05 9.55946e-06 4.79304e-06 3.35932e-06 1.14553e-06 5.22712e-07 3.49986e-07 4.65402e-07 6.58528e-08 1.45686e-08
threshold=-1.4043624712033482 1.844318609866801 1.0000000180025095e-35 -0.69464335212418094 -1.0000000180025095e-35 -0.25608656488088311 0.52235151126728041 1.0000000180025095e-35 0.12787406548596109 -0.80725400430963468
decision_type=2 2 2 2 2 2 2 2 2 2
left_child=-1 2 3 -2 -5 -6 9 -8 -9 -4
right_child=1 -3 6 4 5 -7 7 8 -10 -11
leaf_value=-0.00016667505066531401 8.1887983833439654e-05 -7.2499526140745729e-05 -5.5898810387589031e-06 1.8216640758813203e-06 2.6917670402326622e-05 5.452724290080368e-05 -1.5099799156814698e-06 1.2079343650839289e-05 2.1449705236591396e-05 -1.1825198816950428e-06
leaf_weight=2.9999999999999991 3.9999999999999991 2.9999999999999991 3 2.9999999999999991 3.9999999999999991 3 4.9999999999999991 3 5 5.0000000000000018
leaf_count=3 4 3 3 3 4 3 5 3 5 5
internal_value=5.4847e-13 1.31586e-05 2.05007e-05 4.31621e-05 2.76717e-05 3.87503e-05 5.39307e-06 1.04567e-05 1.79358e-05 -2.83528e-06
internal_weight=41 38 35 14 10 7 21 13 8 8
internal_count=41 38 35 14 10 7 21 13 8 8
is_linear=0
shrinkage=0.05


Tree=291
num_leaves=11
num_cat=0
split_feature=40 48 79 82 76 7 18 30 1 12
split_gain=3.45496e-05 7.06291e-06 7.936e-06 3.41041e-06 1.26334e-06 4.71748e-07 3.28257e-07 2.64714e-07 1.0311e-07 3.07793e-09
threshold=-1.5094517824273612 -0.12057605698984035 -0.67220296031655657 -0.7543244244528694 1.0000000180025095e-35 -0.25608656488088311 0.13953907075525215 0.23196065767146562 -0.41170648260761583 -0.63272149801129818
decision_type=2 2 2 2 2 2 2 2 2 2
left_child=-1 2 -2 -3 5 -5 -6 8 -4 -10
right_child=1 3 7 4 6 -7 -8 -9 9 -11
leaf_value=-0.0001633542502531782 -8.3286257540748834e-05 6.9899134105071384e-05 8.9019246994818484e-06 2.5571787045919326e-05 1.927562164685999e-05 5.1800880464725229e-05 -2.6037848556370587e-06 1.4871923522150611e-05 -3.2337595863888652e-06 -1.2079504085704682e-06
leaf_weight=2.9999999999999991 3.0000000000000027 5.0000000000000027 2.9999999999999991 4.0000000000000009 3 2.9999999999999973 4 4.9999999999999991 3 5
leaf_count=3 3 5 3 4 3 3 4 5 3 5
internal_value=5.64552e-13 1.28964e-05 -8.65971e-06 3.44525e-05 2.1793e-05 3.68128e-05 6.7731e-06 5.33277e-06 9.96795e-07 -1.96763e-06
internal_weight=41 38 19 19 14 7 7 16 11 8
internal_count=41 38 19 19 14 7 7 16 11 8
is_linear=0
shrinkage=0.05


Tree=292
num_leaves=12
num_cat=0
split_feature=35 16 61 42 42 52 30 41 67 51 41
split_gain=3.32255e-05 6.89577e-06 3.36581e-06 2.69309e-06 1.19716e-06 7.04629e-07 3.346e-07 1.8281e-07 3.45238e-08 2.16998e-08 7.41457e-10
threshold=-0.85884591277627387 1.3384685607502518 -0.47473347906564595 1.0000000180025095e-35 1.1651276190943898 0.77068078106227611 0.23196065767146562 -0.85289465923710661 -0.75823192768719461 -0.16682701105926959 1.0000000180025095e-35
decision_type=2 2 2 2 2 2 2 2 2 2 2
left_child=-1 2 3 -2 5 6 7 -4 -9 10 -10
right_child=1 -3 4 -5 -6 -7 -8 8 9 -11 -12
leaf_value=-0.00016019356359417241 8.7434924595678845e-05 -4.9451350059825932e-05 1.250991444976531e-05 2.0438754169542026e-05 3.7994821832398889e-05 2.7606499315879773e-05 1.7552435656398303e-05 -5.8873738453257693e-06 -7.0234589581256397e-07 3.7860795600863741e-06 -1.7421975144316091e-06
leaf_weight=2.9999999999999991 2.9999999999999991 3.9999999999999991 3.000000000000008 3 3.9999999999999991 3.9999999999999991 3.9999999999999991 3.0000000000000062 3.0000000000000053 2.9999999999999911 4
leaf_count=3 3 4 3 3 4 4 4 3 3 3 4
internal_value=1.27828e-13 1.26469e-05 1.99525e-05 5.39368e-05 1.26702e-05 8.44941e-06 4.61799e-06 1.38438e-06 -1.18305e-06 2.28241e-07 -1.29655e-06
internal_weight=41 38 34 6 28 24 20 16 13 10 7
internal_count=41 38 34 6 28 24 20 16 13 10 7
is_linear=0
shrinkage=0.05


Tree=293
num_leaves=11
num_cat=0
split_feature=75 82 61 30 89 32 52 0 77 22
split_gain=3.24354e-05 6.91018e-06 3.77001e-06 3.3463e-06 4.13698e-07 3.2064e-07 2.8872e-07 1.01268e-07 4.456e-09 3.33013e-10
threshold=-0.57000428327576291 1.462944067915849 -0.42002062214995012 -0.69464335212418094 -1.0000000180025095e-35 -1.0000000180025095e-35 0.53893630079474963 0.61531171326305711 1.0000000180025095e-35 -1.0000000180025095e-35
decision_type=2 2 2 2 2 2 2 2 2 2
left_child=-1 2 3 -2 5 -4 8 -7 9 -6
right_child=1 -3 4 -5 6 7 -8 -9 -10 -11
leaf_value=-0.00015827731501000624 7.360794697888195e-05 -6.0332044571017231e-05 8.9769030940563687e-07 1.5760751566631373e-05 -1.4122259017312917e-06 2.4516544362995785e-05 1.5784087736392394e-05 1.3842909720551686e-05 -3.1941800898493961e-06 -6.6722861523279036e-07
leaf_weight=2.9999999999999991 5 2.9999999999999991 3.0000000000000009 4.9999999999999982 2.9999999999999956 4.9999999999999964 2.9999999999999991 4 4 3.0000000000000062
leaf_count=3 5 3 3 5 3 5 3 4 4 3
internal_value=6.07531e-13 1.24956e-05 1.87379e-05 4.46843e-05 8.35938e-06 1.5054e-05 2.17978e-06 1.97727e-05 -1.90151e-06 -1.03973e-06
internal_weight=41 38 35 10 25 12 13 9 10 6
internal_count=41 38 35 10 25 12 13 9 10 6
is_linear=0
shrinkage=0.05


Tree=294
num_leaves=12
num_cat=0
split_feature=10 48 76 21 48 27 24 30 83 12 22
split_gain=3.19573e-05 7.24953e-06 2.45006e-06 1.97823e-06 7.41816e-07 7.24548e-07 7.02016e-07 3.33581e-07 2.22812e-07 2.06065e-08 2.05869e-09
threshold=-1.3189379337224574 -0.83996347153299367 1.0000000180025095e-35 0.297871258133734 0.39599088676418398 -0.36579501538650111 -1.0000000180025095e-35 0.23196065767146562 -0.45464716744924999 -0.63272149801129818 -0.1892565499973036
decision_type=2 2 2 2 2 2 2 2 2 2 2
left_child=-1 -2 3 4 -3 -4 -5 9 -9 -7 -11
right_child=1 2 5 6 -6 7 -8 8 -10 10 -12
leaf_value=-0.00015710658626630903 -4.3702310663320538e-05 8.1631548891891748e-06 3.0898307644141215e-05 4.0964007591052593e-05 3.7051614344818508e-05 -5.4906912434186531e-06 7.5169670162722474e-05 3.4777185646817075e-06 2.2748243160701047e-05 -1.3416145520750446e-06 5.1072211135760714e-07
leaf_weight=2.9999999999999991 4.9999999999999991 4.9999999999999982 2.9999999999999991 3 4 2.9999999999999964 2.9999999999999991 3 2.9999999999999991 2.9999999999999964 3.0000000000000089
leaf_count=3 5 5 3 3 4 3 3 3 3 3 3
internal_value=2.44565e-13 1.24032e-05 2.0904e-05 3.58282e-05 2.10025e-05 8.46711e-06 5.80668e-05 3.98088e-06 1.3113e-05 -2.10719e-06 -4.15446e-07
internal_weight=41 38 33 15 9 18 6 15 6 9 6
internal_count=41 38 33 15 9 18 6 15 6 9 6
is_linear=0
shrinkage=0.05


Tree=295
num_leaves=12
num_cat=0
split_feature=46 85 69 33 33 89 1 52 11 77 55
split_gain=3.12781e-05 6.40093e-06 3.70117e-06 1.20093e-06 8.29488e-07 3.71241e-07 2.4746e-07 1.09633e-07 4.9221e-08 5.55289e-09 9.73444e-10
threshold=-1.2581043289471927 -0.85435975191747338 -0.63697287031417382 0.1711166209443867 0.93914265483505155 -1.0000000180025095e-35 -0.27481233249325943 0.41925382352954305 -0.032952316262001742 1.0000000180025095e-35 0.25608667250531797
decision_type=2 2 2 2 2 2 2 2 2 2 2
left_child=-1 -2 3 -3 5 6 8 9 -4 10 -7
right_child=1 2 4 -5 -6 7 -8 -9 -10 -11 -12
leaf_value=-0.00015542814993144323 -5.7822124411662426e-05 6.8732802174054089e-05 1.107854647367882e-05 2.6883653481490905e-05 3.1228934676619251e-05 -1.2745338608510782e-06 2.1611035335808983e-05 9.2984132910108503e-06 2.0212266766369184e-06 -3.0427147976297414e-06 -7.9641419385249402e-10
leaf_weight=2.9999999999999991 2.9999999999999991 3.9999999999999991 3 3 3.9999999999999991 3.0000000000000018 5.0000000000000018 2.9999999999999991 3 4 3
leaf_count=3 3 4 3 3 4 3 5 3 3 4 3
internal_value=-7.12068e-13 1.22706e-05 1.82786e-05 5.07975e-05 1.01489e-05 6.63554e-06 1.33959e-05 9.15261e-07 6.54989e-06 -1.59969e-06 -6.37665e-07
internal_weight=41 38 35 7 28 24 11 13 6 10 6
internal_count=41 38 35 7 28 24 11 13 6 10 6
is_linear=0
shrinkage=0.05


Tree=296
num_leaves=11
num_cat=0
split_feature=82 31 76 30 42 64 52 28 31 19
split_gain=3.05586e-05 8.17008e-06 3.98515e-06 2.77226e-06 1.04109e-06 3.06457e-07 2.14736e-07 1.42011e-07 2.12342e-08 2.07004e-09
threshold=-1.4043624712033482 1.844318609866801 1.0000000180025095e-35 -0.69464335212418094 0.57459416280552478 -0.30573579136824486 0.68637815552215431 -1.7245056931539982 -0.98379895222838531 -1.0000000180025095e-35
decision_type=2 2 2 2 2 2 2 2 2 2
left_child=-1 2 3 -2 -5 7 8 -4 -7 -10
right_child=1 -3 5 4 -6 6 -8 -9 9 -11
leaf_value=-0.00015363009297288956 7.4759575363714253e-05 -6.7060291379069295e-05 5.4592541346210042e-06 9.3749566804035591e-06 4.1640888666734094e-05 -5.951597813691485e-06 1.272718194134844e-05 1.9850216267514044e-05 -1.641972485231237e-06 1.936635574869184e-08
leaf_weight=2.9999999999999991 3.9999999999999991 2.9999999999999991 3 4.9999999999999982 5 2.9999999999999956 2.9999999999999991 3.9999999999999991 4.9999999999999956 3.0000000000000098
leaf_count=3 4 3 3 5 5 3 3 4 5 3
internal_value=-2.04082e-13 1.21287e-05 1.89163e-05 3.95798e-05 2.55079e-05 5.14065e-06 8.69642e-07 1.36827e-05 -2.36423e-06 -1.01897e-06
internal_weight=41 38 35 14 10 21 14 7 11 8
internal_count=41 38 35 14 10 21 14 7 11 8
is_linear=0
shrinkage=0.05


Tree=297
num_leaves=12
num_cat=0
split_feature=35 16 61 42 42 52 30 41 67 11 38
split_gain=2.92574e-05 5.93723e-06 3.0996e-06 2.20431e-06 1.27698e-06 5.42143e-07 2.42416e-07 1.45755e-07 3.96942e-08 1.25103e-08 1.28205e-09
threshold=-0.85884591277627387 1.3384685607502518 -0.47473347906564595 1.0000000180025095e-35 1.1651276190943898 0.77068078106227611 0.23196065767146562 -0.85289465923710661 -0.75823192768719461 -0.13103451500160451 0.13828780416414868
decision_type=2 2 2 2 2 2 2 2 2 2 2
left_child=-1 2 3 -2 5 6 7 -4 -9 10 -10
right_child=1 -3 4 -5 -6 -7 -8 8 9 -11 -12
leaf_value=-0.00015032369410619142 8.1565434811636806e-05 -4.5753178346785718e-05 1.1120031801207579e-05 2.095311522983441e-05 3.7813429662492128e-05 2.4102692214000855e-05 1.4947624913475011e-05 -6.1509895507090899e-06 3.0195284731841275e-08 3.1080275978941633e-06 -1.337160506409418e-06
leaf_weight=2.9999999999999991 2.9999999999999991 3.9999999999999991 3.000000000000008 3 3.9999999999999991 3.9999999999999991 3.9999999999999991 3.0000000000000062 3.0000000000000053 2.9999999999999911 4
leaf_count=3 3 4 3 3 4 4 4 3 3 3 4
internal_value=-1.23115e-13 1.18677e-05 1.86466e-05 5.12593e-05 1.16581e-05 7.29893e-06 3.93818e-06 1.18582e-06 -1.10669e-06 4.06603e-07 -7.51151e-07
internal_weight=41 38 34 6 28 24 20 16 13 10 7
internal_count=41 38 34 6 28 24 20 16 13 10 7
is_linear=0
shrinkage=0.05


Tree=298
num_leaves=12
num_cat=0
split_feature=80 26 76 85 60 41 10 52 11 80 77
split_gain=2.83424e-05 6.90795e-06 2.51924e-06 1.05735e-06 1.01538e-06 6.71269e-07 4.02663e-07 9.81498e-08 3.1626e-08 4.26524e-09 3.75233e-10
threshold=-0.9077348392975686 1.2720585270194256 -1.0021555194464102 -1.0000000180025095e-35 1.222149237289613 -0.85289465923710661 0.53138604960455693 0.53893630079474963 0.22539959053665082 -0.7463014523770799 -0.19042059801362052
decision_type=2 2 2 2 2 2 2 2 2 2 2
left_child=-1 2 3 -2 5 -4 7 8 9 -7 -11
right_child=1 -3 4 -5 -6 6 -8 -9 -10 10 -12
leaf_value=-0.00014795436266770896 2.848555071977898e-05 -6.1135263725494354e-05 2.3492606014769973e-05 6.6032772883772858e-05 3.8045168275857583e-05 7.9737322569902204e-07 1.9712173282944909e-05 7.9025126675939357e-06 -6.6333153275384875e-06 -1.1389641940695566e-06 -1.8787038546482418e-06
leaf_weight=2.9999999999999991 5.0000000000000009 2.9999999999999991 5.0000000000000027 2.9999999999999991 2.9999999999999991 3.0000000000000053 2.9999999999999991 2.9999999999999991 2.9999999999999991 4.0000000000000053 2.9999999999999982
leaf_count=3 5 3 5 3 3 3 3 3 3 4 3
internal_value=-2.15173e-13 1.16806e-05 1.7922e-05 4.25658e-05 1.06201e-05 7.19197e-06 2.90233e-06 -2.49516e-07 -2.13075e-06 -7.79985e-07 -1.456e-06
internal_weight=41 38 35 8 27 24 19 16 13 10 7
internal_count=41 38 35 8 27 24 19 16 13 10 7
is_linear=0
shrinkage=0.05


Tree=299
num_leaves=11
num_cat=0
split_feature=86 85 58 63 76 32 44 74 81 5
split_gain=2.74635e-05 7.85072e-06 7.08399e-06 8.21012e-07 6.75916e-07 3.23454e-07 3.94369e-07 4.36975e-08 4.13695e-08 2.1963e-09
threshold=1.3796545336182986 1.0000000180025095e-35 -1.1575627588910657 0.15296125387154624 -1.0021555194464102 -1.0000000180025095e-35 -1.0000000180025095e-35 -0.20029655496709456 -0.074997570509820213 -1.0000000180025095e-35
decision_type=2 2 2 2 2 2 2 2 2 2
left_child=1 2 -1 -3 -4 8 -7 -8 -6 -10
right_child=-2 3 4 -5 5 6 7 -9 9 -11
leaf_value=-6.9830475604248842e-05 -0.00010980507166095776 4.6525947400368747e-05 3.0319673169287829e-05 7.9611943025762819e-05 6.2981519173869535e-06 -1.6494899379419289e-06 1.6745612374506877e-05 2.4378650414291872e-05 -1.4866433957649858e-06 3.030327737481754e-07
leaf_weight=3.0000000000000027 4.9999999999999991 5 4.0000000000000027 3 3 3.0000000000000044 5.0000000000000036 2.9999999999999867 4 3.0000000000000053
leaf_count=3 5 5 4 3 3 3 5 3 4 3
internal_value=-6.26664e-14 1.52507e-05 2.76999e-06 5.89332e-05 1.1482e-05 7.89393e-06 1.38105e-05 1.9608e-05 1.3857e-06 -7.19639e-07
internal_weight=41 36 28 8 25 21 11 8 10 7
internal_count=41 36 28 8 25 21 11 8 10 7
is_linear=0
shrinkage=0.05


end of trees

feature_importances:
Column_30=124
Column_76=117
Column_36=110
Column_16=96
Column_10=86
Column_5=83
Column_42=82
Column_26=79
Column_75=75
Column_85=74
Column_35=73
Column_89=67
Column_31=64
Column_47=64
Column_48=60
Column_40=59
Column_12=57
Column_82=54
Column_21=53
Column_32=51
Column_11=48
Column_61=47
Column_6=43
Column_0=41
Column_17=40
Column_23=39
Column_24=39
Column_55=39
Column_83=38
Column_33=37
Column_52=37
Column_18=36
Column_29=35
Column_46=35
Column_68=35
Column_58=34
Column_1=33
Column_8=33
Column_13=33
Column_54=32
Column_69=32
Column_28=31
Column_73=31
Column_39=30
Column_59=29
Column_60=28
Column_74=27
Column_9=26
Column_19=26
Column_25=26
Column_27=26
Column_63=26
Column_78=26
Column_53=25
Column_2=24
Column_22=24
Column_66=24
Column_72=24
Column_77=23
Column_86=23
Column_14=22
Column_41=22
Column_65=22
Column_20=21
Column_38=21
Column_37=20
Column_80=19
Column_64=18
Column_4=17
Column_34=17
Column_79=17
Column_81=16
Column_3=15
Column_7=15
Column_84=15
Column_44=14
Column_67=13
Column_71=13
Column_43=12
Column_49=9
Column_62=9
Column_88=6
Column_45=5
Column_51=5
Column_70=5
Column_87=4
Column_15=2
Column_50=2
Column_90=2

parameters:
[boosting: gbdt]
[objective: regression]
[metric: l1]
[tree_learner: serial]
[device_type: cpu]
[data_sample_strategy: bagging]
[data: ]
[valid: ]
[num_iterations: 300]
[learning_rate: 0.05]
[num_leaves: 31]
[num_threads: 0]
[seed: 0]
[deterministic: 0]
[force_col_wise: 0]
[force_row_wise: 0]
[histogram_pool_size: -1]
[max_depth: -1]
[min_data_in_leaf: 3]
[min_sum_hessian_in_leaf: 0.001]
[bagging_fraction: 1]
[pos_bagging_fraction: 1]
[neg_bagging_fraction: 1]
[bagging_freq: 0]
[bagging_seed: 3]
[bagging_by_query: 0]
[feature_fraction: 1]
[feature_fraction_bynode: 1]
[feature_fraction_seed: 2]
[extra_trees: 0]
[extra_seed: 6]
[early_stopping_round: 0]
[early_stopping_min_delta: 0]
[first_metric_only: 0]
[max_delta_step: 0]
[lambda_l1: 0]
[lambda_l2: 0]
[linear_lambda: 0]
[min_gain_to_split: 0]
[drop_rate: 0.1]
[max_drop: 50]
[skip_drop: 0.5]
[xgboost_dart_mode: 0]
[uniform_drop: 0]
[drop_seed: 4]
[top_rate: 0.2]
[other_rate: 0.1]
[min_data_per_group: 100]
[max_cat_threshold: 32]
[cat_l2: 10]
[cat_smooth: 10]
[max_cat_to_onehot: 4]
[top_k: 20]
[monotone_constraints: ]
[monotone_constraints_method: basic]
[monotone_penalty: 0]
[feature_contri: ]
[forcedsplits_filename: ]
[refit_decay_rate: 0.9]
[cegb_tradeoff: 1]
[cegb_penalty_split: 0]
[cegb_penalty_feature_lazy: ]
[cegb_penalty_feature_coupled: ]
[path_smooth: 0]
[interaction_constraints: ]
[verbosity: -1]
[saved_feature_importance_type: 0]
[use_quantized_grad: 0]
[num_grad_quant_bins: 4]
[quant_train_renew_leaf: 0]
[stochastic_rounding: 1]
[linear_tree: 0]
[max_bin: 255]
[max_bin_by_feature: ]
[min_data_in_bin: 3]
[bin_construct_sample_cnt: 200000]
[data_random_seed: 1]
[is_enable_sparse: 1]
[enable_bundle: 1]
[use_missing: 1]
[zero_as_missing: 0]
[feature_pre_filter: 1]
[pre_partition: 0]
[two_round: 0]
[header: 0]
[label_column: ]
[weight_column: ]
[group_column: ]
[ignore_column: ]
[categorical_feature: ]
[forcedbins_filename: ]
[precise_float_parser: 0]
[parser_config_file: ]
[objective_seed: 5]
[num_class: 1]
[is_unbalance: 0]
[scale_pos_weight: 1]
[sigmoid: 1]
[boost_from_average: 1]
[reg_sqrt: 0]
[alpha: 0.9]
[fair_c: 1]
[poisson_max_delta_step: 0.7]
[tweedie_variance_power: 1.5]
[lambdarank_truncation_level: 30]
[lambdarank_norm: 1]
[label_gain: ]
[lambdarank_position_bias_regularization: 0]
[eval_at: ]
[multi_error_top_k: 1]
[auc_mu_weights: ]
[num_machines: 1]
[local_listen_port: 12400]
[time_out: 120]
[machine_list_filename: ]
[machines: ]
[gpu_platform_id: -1]
[gpu_device_id: -1]
[gpu_use_dp: 0]
[num_gpu: 1]

end of parameters

pandas_categorical:null
