tree
version=v4
num_class=1
num_tree_per_iteration=1
label_index=0
max_feature_idx=90
objective=regression
feature_names=Column_0 Column_1 Column_2 Column_3 Column_4 Column_5 Column_6 Column_7 Column_8 Column_9 Column_10 Column_11 Column_12 Column_13 Column_14 Column_15 Column_16 Column_17 Column_18 Column_19 Column_20 Column_21 Column_22 Column_23 Column_24 Column_25 Column_26 Column_27 Column_28 Column_29 Column_30 Column_31 Column_32 Column_33 Column_34 Column_35 Column_36 Column_37 Column_38 Column_39 Column_40 Column_41 Column_42 Column_43 Column_44 Column_45 Column_46 Column_47 Column_48 Column_49 Column_50 Column_51 Column_52 Column_53 Column_54 Column_55 Column_56 Column_57 Column_58 Column_59 Column_60 Column_61 Column_62 Column_63 Column_64 Column_65 Column_66 Column_67 Column_68 Column_69 Column_70 Column_71 Column_72 Column_73 Column_74 Column_75 Column_76 Column_77 Column_78 Column_79 Column_80 Column_81 Column_82 Column_83 Column_84 Column_85 Column_86 Column_87 Column_88 Column_89 Column_90
feature_infos=[-1.7097273326586353:1.9957360868564857] [-1.1055175628210132:3.4915968849038057] [-1.6431439036117184:2.3053928889638544] [-1.6767715973373651:2.0046461062618808] [-1.5265368322634296:2.8150019277708878] [-0.78968055066019027:4.9893105551773358] [-0.57182677846666508:4.6112699533654276] [-0.491794446943768:4.2572540841859183] [-0.63890421550670884:5.9511919867360952] [-0.63651700654423538:4.1277644161498852] [-2.0078905086239653:3.1963129748306249] [-1.5362210392954825:3.6634521939291602] [-1.198727062278784:3.6738568030342864] [-0.8650084295043976:3.834766224821557] [-1.8175632697235427:2.3415920490805049] [-1.8130659200764392:2.456951568391931] [-1.9774606195301279:2.901849181013771] [-1.7178165199849194:2.6623990057903697] [-2.0776485975419758:2.9546020124077534] [-1.7489753614364327:2.501954590352113] [-1.7192569298633611:3.1655081042555717] [-1.5938948768131767:3.9834124686002284] [-2.4014503141928025:2.0053856796943506] [-0.85924807068443176:5.4067124258783865] [-2.2676927946316963:2.6246778007164875] [-0.26499844875426321:6.3229472232739985] [-1.9680944005923908:2.5906899899038889] [-5.1796070420927949:2.1248507880259409] [-2.3234994665058832:1.7956653465623633] [-3.4914488022923278:2.5326395864779343] [-1.526732656748371:3.2575179328195349] [-1.5222752807785529:2.595664730483465] [-2.6892476926059272:2.5249785479670117] [-2.345545407391679:2.3084715461530059] [-1.658554174151577:2.5174082709285646] [-1.0815271671392519:4.0636671620303089] [-2.6661917466223546:2.5843149162955878] [-4.001003114129194:2.8830072462079506] [-4.0899743868900877:1.3608320878716664] [-6.2632916611562433:0.89435096675183612] [-2.1152403031618072:2.3510362393619322] [-1.7852199962114685:1.9751849121246194] [-3.7692711066253892:1.7310297155007086] [-1.9232248336125148:2.1794463302651694] [-1.5689411568378029:2.051960676884188] [-2.310178494432404:1.6239491588097672] [-2.3992004887624923:2.6010552881233844] [-2.4706349460502524:2.3154966887321948] [-1.5836949709909995:3.3942526415425385] [-2.0092230354607414:2.3647408291410401] [-1.542736829821485:2.1290944501174898] [-2.3348546190196728:1.5901665515169074] [-2.2761889536943065:2.3281903681445022] [-1.9909680757808246:2.6696178095508651] [-2.0074445092710471:2.9780753603494832] [-2.0229557315371145:3.1943810150311611] [-1.5446565182429104:2.0110245220060721] [-1.918348524939536:1.6215610250354184] [-1.7170472112235908:3.292679944217308] [-5.5367498628474028:2.813863771424975] [-2.2261483685095218:1.6120406092252966] [-0.74747500336718453:5.6761065034874125] [-2.4528745956713975:1.2292974328364434] [-6.2788053015032004:0.59554211755515152] [-2.1046584327492099:2.8401683786517236] [-3.179619721229614:5.1423393266269066] [-1.479503053710725:4.4584870570110704] [-1.7098403655731713:2.6235154618172429] [-2.4973744246565914:1.8448670827314859] [-0.89900478124990046:5.2948322740407079] [-2.4722544281254009:1.8903659780091164] [-6.2278815127713534:0.66134040602378097] [-3.0133042368810665:2.3316425603875115] [-2.9735194809692644:4.8593998456022991] [-2.4247074807107056:1.8682862432522289] [-5.6483418897632696:2.1359907904882469] [-2.261580018972642:2.0615355865360021] [-1.8886887347226227:2.0769508750865078] [-2.0755026442105557:2.0640770413884391] [-2.0724230107920372:2.6670718541594822] [-1.1663342368205436:3.0437637401502213] [-1.5600747744535304:1.9619109102626806] [-1.8366578409174752:2.1915120786365643] [-1.1921961716159761:3.7997659047858465] [-1.4442896625022286:3.715047519949068] [-1.0471017135911838:3.6493585049924757] [-1.5970700226779491:2.1136911011109984] [-4.7707911896976691:1.461688796750537] [-2.4341691008369848:1.9050019050028539] [-1.743296500122258:1.9409899176618852] [-1.7116950245118094:1.5779688507218244]
tree_sizes=1173 1261 1245 1263 1239 1242 1260 1246 1242 1257 1248 1231 1262 1229 1263 1228 1263 1263 1269 1266 1200 1286 1273 1312 1276 1249 1269 1287 1171 1192 1176 1321 1241 1161 1147 1162 1185 1265 1265 1270 1267 1252 1268 1252 1272 1280 1263 1277 1279 1312 1247 1260 1189 1267 1269 1299 1201 1222 1303 1166 1206 1208 1169 1338 1293 1188 1296 1383 1190 1227 1398 1204 1291 1310 1237 1291 1361 1305 1205 1317 1194 1196 1324 1303 1282 1263 1332 1308 1201 1198 1271 1275 1418 1397 1406 1206 1407 1308 1208 1213 1333 1181 1304 1234 1241 1323 1235 1175 1301 1328 1181 1306 1375 1497 1255 1339 1363 1270 1250 1270 1272 1346 1372 1338 1273 1373 1280 1373 1467 1277 1444 1356 1451 1401 1393 1388 1432 1251 1300 1355 1297 1446 1402 1384 1401 1324 1390 1370 1385 1360 1393 1465 1300 1352 1359 1285 1357 1452 1274 1361 1237 1393 1224 1320 1253 1325 1339 1380 1324 1325 1235 1324 1270 1271 1369 1406 1268 1326 1357 1362 1329 1240 1218 1379 1342 1277 1187 1276 1344 1323 1290 1404 1396 1363 1294 1203 1448 1270 1152 1274 1242 1253 1273 1276 1349 1273 1256 1168 1400 1279 1265 1261 1295 1370 1190 1371 1260 1396 1272 1376 1283 1269 1346 1353 1310 1380 1283 1384 1367 1347 1367 1168 1260 1348 1250 1351 1184 1361 1154 1370 1361 1241 1260 1286 1237 1474 1376 1152 1380 1242 1475 1169 1314 1421 1230 1368 1457 1272 1242 1379 1262 1481 1275 1362 1369 1283 1452 1274 1262 1406 1367 1386 1368 1276 1364 1305 1416 1279 1281 1403 1502 1277 1210 1291 1379 1257 1383 1358 1377 1350 1385 1349 1264 1272 1279 1282 1318 1383 1254 1297

Tree=0
num_leaves=12
num_cat=0
split_feature=34 14 8 43 78 68 9 13 74 1 0
split_gain=21.4491 17.2563 9.63333 4.98701 4.41528 2.72222 1.89394 1.03125 0.46875 0.166667 0.166667
threshold=0.33660735032600336 1.1205564647595587 0.4588211163806864 1.5827614015782527 -0.091639553065548149 1.0601966358628305 -0.36454500721419214 -0.45238055094380542 -0.20029655496709456 -0.18364188332673287 -0.95312166137165455
decision_type=2 2 2 2 2 2 2 2 2 2 2
left_child=2 3 4 6 7 10 9 -1 -9 -2 -6
right_child=1 -3 -4 -5 5 -7 -8 8 -10 -11 -12
leaf_value=3.223780488580223 3.0737804846065804 3.2487804905670448 3.1425304890769286 3.1737804875868125 3.1904471542534791 3.2404471562403008 3.1237804899709984 3.2737804905670447 3.2487804905670448 3.0904471552468897 3.1737804875868125
leaf_weight=3.0000000000000027 3 2.9999999999999991 3.9999999999999991 2.9999999999999991 3 3 5.0000000000000018 3.0000000000000018 5 3 2.9999999999999982
leaf_count=3 3 3 4 3 3 3 5 3 5 3 3
internal_value=3.18293 3.13996 3.21336 3.11664 3.22753 3.20156 3.10105 3.24878 3.25816 3.08211 3.18211
internal_weight=41 17 24 14 20 9 11 11 8 6 6
internal_count=41 17 24 14 20 9 11 11 8 6 6
is_linear=0
shrinkage=1


Tree=1
num_leaves=12
num_cat=0
split_feature=34 14 8 43 78 68 66 38 0 74 17
split_gain=19.3578 15.5738 8.69408 4.50078 3.98479 2.45681 1.71504 0.963646 0.62287 0.262813 0.161157
threshold=0.33660735032600336 1.1205564647595587 0.4588211163806864 1.5827614015782527 -0.091639553065548149 1.0601966358628305 1.0000000180025095e-35 0.42361119935729896 0.81783464012756568 -0.20029655496709456 -1.0000000180025095e-35
decision_type=2 2 2 2 2 2 2 2 2 2 2
left_child=2 3 4 6 7 10 8 9 -2 -1 -6
right_child=1 -3 -4 -5 5 -7 -8 -9 -10 -11 -12
leaf_value=0.08068597614765162 -0.080077914396921732 0.062560975551605225 -0.038376523368060592 -0.0086890250444412228 0.0074220868448416372 0.054644308487574247 -0.10389735996723173 0.038394308586915338 -0.049939024448394764 0.062560975551605155 -0.0089668020606040993
leaf_weight=4.0000000000000018 3.0000000000000018 2.9999999999999991 3.9999999999999991 2.9999999999999991 3 3 4 2.9999999999999991 4 4.0000000000000036 2.9999999999999982
leaf_count=4 3 3 4 3 3 3 4 3 4 4 3
internal_value=-2.5441e-10 -0.0408214 0.0289151 -0.0629747 0.0423735 0.0176999 -0.0777799 0.062561 -0.0628557 0.0716235 -0.000772358
internal_weight=41 17 24 14 20 9 11 11 7 8 6
internal_count=41 17 24 14 20 9 11 11 7 8 6
is_linear=0
shrinkage=0.05


Tree=2
num_leaves=12
num_cat=0
split_feature=34 14 8 43 78 68 66 13 0 74 28
split_gain=17.4704 14.0554 7.84641 4.06195 3.59627 2.21727 1.54783 0.891662 0.56214 0.383141 0.15583
threshold=0.33660735032600336 1.1205564647595587 0.4588211163806864 1.5827614015782527 -0.091639553065548149 1.0601966358628305 1.0000000180025095e-35 -0.45238055094380542 0.81783464012756568 -0.20029655496709456 -1.0000000180025095e-35
decision_type=2 2 2 2 2 2 2 2 2 2 2
left_child=2 3 4 6 7 10 8 -1 -2 -9 -6
right_child=1 -3 -4 -5 5 -7 -8 9 -10 -11 -12
leaf_value=0.036186398814121841 -0.076074016094207705 0.059432923793792725 -0.036457699257880449 -0.0082545727491378784 0.0073241305847962686 0.051912092169125859 -0.09870248883962629 0.082276678085327071 -0.047442072629928583 0.059674590826034539 -0.0087916101018587784
leaf_weight=3.0000000000000027 3.0000000000000018 2.9999999999999991 3.9999999999999991 2.9999999999999991 3 3 4 3.0000000000000018 4 5 2.9999999999999982
leaf_count=3 3 3 4 3 3 3 4 3 4 5 3
internal_value=-3.72529e-10 -0.0387803 0.0274694 -0.059826 0.0402548 0.0168149 -0.0738909 0.0594329 -0.0597129 0.0681504 -0.00073374
internal_weight=41 17 24 14 20 9 11 11 7 8 6
internal_count=41 17 24 14 20 9 11 11 7 8 6
is_linear=0
shrinkage=0.05


Tree=3
num_leaves=12
num_cat=0
split_feature=34 14 8 43 78 68 66 38 0 74 28
split_gain=15.7671 12.685 7.08139 3.66591 3.24564 2.00108 1.39691 0.812269 0.507332 0.222172 0.140637
threshold=0.33660735032600336 1.1205564647595587 0.4588211163806864 1.5827614015782527 -0.091639553065548149 1.0601966358628305 1.0000000180025095e-35 0.42361119935729896 0.81783464012756568 -0.20029655496709456 -1.0000000180025095e-35
decision_type=2 2 2 2 2 2 2 2 2 2 2
left_child=2 3 4 6 7 10 8 9 -2 -1 -6
right_child=1 -3 -4 -5 5 -7 -8 -9 -10 -11 -12
leaf_value=0.07311397194862361 -0.072270315885543765 0.056461280584335333 -0.034634812083095316 -0.0078418433666229258 0.0069579241176446266 0.049316487709681181 -0.093767365813255288 0.034273802985747656 -0.045069968700408927 0.056449198722839294 -0.0083520295719305693
leaf_weight=4.0000000000000018 3.0000000000000018 2.9999999999999991 3.9999999999999991 2.9999999999999991 3 3 4 2.9999999999999991 4 4.0000000000000036 2.9999999999999982
leaf_count=4 3 3 4 3 3 3 4 3 4 4 3
internal_value=3.90701e-10 -0.0368413 0.0260959 -0.0568347 0.0382421 0.0159741 -0.0701964 0.0564613 -0.0567273 0.0647816 -0.000697053
internal_weight=41 17 24 14 20 9 11 11 7 8 6
internal_count=41 17 24 14 20 9 11 11 7 8 6
is_linear=0
shrinkage=0.05


Tree=4
num_leaves=12
num_cat=0
split_feature=34 14 8 43 78 68 66 13 0 74 12
split_gain=14.2298 11.4482 6.39095 3.30849 2.92919 1.80598 1.26072 0.771405 0.457867 0.31264 0.135824
threshold=0.33660735032600336 1.1205564647595587 0.4588211163806864 1.5827614015782527 -0.091639553065548149 1.0601966358628305 1.0000000180025095e-35 -0.45238055094380542 0.81783464012756568 -0.20029655496709456 -0.69135926082626498
decision_type=2 2 2 2 2 2 2 2 2 2 2
left_child=2 3 4 6 7 10 8 -1 -2 -9 -6
right_child=1 -3 -4 -5 5 -7 -8 9 -10 -11 -12
leaf_value=0.032016052554051044 -0.068656800190607645 0.053638213872909547 -0.032903073867782955 -0.0074497520923614505 -0.0081850416958332041 0.04685066640377044 -0.089078995585441578 0.074507147073745658 -0.042816471680998794 0.054090160131454457 0.0068606413900852217
leaf_weight=3.0000000000000027 3.0000000000000018 2.9999999999999991 3.9999999999999991 2.9999999999999991 3 3 4 3.0000000000000018 4 5 2.9999999999999982
leaf_count=3 3 3 4 3 3 3 4 3 4 5 3
internal_value=4.40675e-10 -0.0349992 0.0247911 -0.053993 0.03633 0.0151754 -0.0666866 0.0536382 -0.0538909 0.0617465 -0.0006622
internal_weight=41 17 24 14 20 9 11 11 7 8 6
internal_count=41 17 24 14 20 9 11 11 7 8 6
is_linear=0
shrinkage=0.05


Tree=5
num_leaves=12
num_cat=0
split_feature=34 14 8 43 78 68 66 13 0 74 0
split_gain=12.8424 10.332 5.76783 2.98591 2.64359 1.6299 1.1378 0.696193 0.413225 0.282158 0.131169
threshold=0.33660735032600336 1.1205564647595587 0.4588211163806864 1.5827614015782527 -0.091639553065548149 1.0601966358628305 1.0000000180025095e-35 -0.45238055094380542 0.81783464012756568 -0.20029655496709456 -0.95312166137165455
decision_type=2 2 2 2 2 2 2 2 2 2 2
left_child=2 3 4 6 7 10 8 -1 -2 -9 -6
right_child=1 -3 -4 -5 5 -7 -8 9 -10 -11 -12
leaf_value=0.030415250360965696 -0.065223960081736185 0.050956302881240846 -0.031257920104144431 -0.0070772647857666017 0.0067637411256631199 0.044508132338523854 -0.084625045955181111 0.070781785249710016 -0.040675648674368847 0.051385648250579834 -0.0080219214161237114
leaf_weight=3.0000000000000027 3.0000000000000018 2.9999999999999991 3.9999999999999991 2.9999999999999991 3 3 4 3.0000000000000018 4 5 2.9999999999999982
leaf_count=3 3 3 4 3 3 3 4 3 4 5 3
internal_value=-5.04011e-10 -0.0332493 0.0235516 -0.0512933 0.0345135 0.0144167 -0.0633522 0.0509563 -0.0511964 0.0586592 -0.00062909
internal_weight=41 17 24 14 20 9 11 11 7 8 6
internal_count=41 17 24 14 20 9 11 11 7 8 6
is_linear=0
shrinkage=0.05


Tree=6
num_leaves=12
num_cat=0
split_feature=34 14 8 43 78 68 76 38 1 74 28
split_gain=11.5903 9.32462 5.20547 2.69478 2.38584 1.47098 1.02814 0.639526 0.224504 0.177051 0.118395
threshold=0.33660735032600336 1.1205564647595587 0.4588211163806864 1.5827614015782527 -0.091639553065548149 1.0601966358628305 0.20150020092632473 0.42361119935729896 -0.27481233249325943 -0.20029655496709456 -1.0000000180025095e-35
decision_type=2 2 2 2 2 2 2 2 2 2 2
left_child=2 3 4 6 7 10 -2 9 -8 -1 -6
right_child=1 -3 -4 -5 5 -7 8 -9 -10 -11 -12
leaf_value=0.06322954744100566 -0.076929810047149619 0.048408490419387822 -0.029695022711530329 -0.0067234009504318244 0.0064259973665078468 0.042282723387082409 -0.036558531224727624 0.028721140200893086 -0.055902093648910516 0.04835294783115382 -0.0076212691764036833
leaf_weight=4.0000000000000018 5.0000000000000018 2.9999999999999991 3.9999999999999991 2.9999999999999991 3 3 3 2.9999999999999991 3 4.0000000000000036 2.9999999999999982
leaf_count=4 5 3 4 3 3 3 3 3 3 4 3
internal_value=2.22609e-10 -0.0315868 0.022374 -0.0487287 0.0327878 0.0136958 -0.0601846 0.0484085 -0.0462303 0.0557912 -0.000597636
internal_weight=41 17 24 14 20 9 11 11 6 8 6
internal_count=41 17 24 14 20 9 11 11 6 8 6
is_linear=0
shrinkage=0.05


Tree=7
num_leaves=12
num_cat=0
split_feature=34 14 8 43 78 68 9 13 74 17 5
split_gain=10.4602 8.41547 4.69794 2.43204 2.15322 1.32756 0.947158 0.602238 0.229325 0.114477 0.0877834
threshold=0.33660735032600336 1.1205564647595587 0.4588211163806864 1.5827614015782527 -0.091639553065548149 1.0601966358628305 -0.36454500721419214 -0.45238055094380542 -0.20029655496709456 -1.0000000180025095e-35 -0.042406543651037472
decision_type=2 2 2 2 2 2 2 2 2 2 2
left_child=2 3 4 6 7 9 10 -1 -9 -6 -2
right_child=1 -3 -4 -5 5 -7 -8 8 -10 -11 -12
leaf_value=0.026883290708065 -0.076616748174031565 0.045988065004348759 -0.028210271149873734 -0.0063872307538986213 0.0063386713465054811 0.040168587863445272 -0.041103191971778849 0.064081221818923895 0.046595038771629328 -0.0074741789450248107 -0.064521058400471995
leaf_weight=3.0000000000000027 3 2.9999999999999991 3.9999999999999991 2.9999999999999991 3 3 5.0000000000000018 3.0000000000000018 5 2.9999999999999982 3
leaf_count=3 3 3 4 3 3 3 5 3 5 3 3
internal_value=2.63496e-10 -0.0300075 0.0212553 -0.0462922 0.0311484 0.013011 -0.0571754 0.0459881 0.0531524 -0.000567754 -0.0705689
internal_weight=41 17 24 14 20 9 11 11 8 6 6
internal_count=41 17 24 14 20 9 11 11 8 6 6
is_linear=0
shrinkage=0.05


Tree=8
num_leaves=12
num_cat=0
split_feature=34 14 8 43 78 68 76 13 74 2 0
split_gain=9.44033 7.59496 4.23989 2.19492 1.94328 1.19812 0.870936 0.543519 0.206966 0.199631 0.110683
threshold=0.33660735032600336 1.1205564647595587 0.4588211163806864 1.5827614015782527 -0.091639553065548149 1.0601966358628305 0.20150020092632473 -0.45238055094380542 -0.20029655496709456 0.8880976967561518 -0.95312166137165455
decision_type=2 2 2 2 2 2 2 2 2 2 2
left_child=2 3 4 6 7 10 -2 -1 -9 -8 -6
right_child=1 -3 -4 -5 5 -7 9 8 -10 -11 -12
leaf_value=0.025539125750462185 -0.069728574752807582 0.043688663840293886 -0.026799758616834882 -0.0060678690671920783 0.0062516555190086356 0.038160158197085056 -0.050593625505765266 0.060877156257629343 0.044265286922454829 -0.032353053490320832 -0.0073303883274396285
leaf_weight=3.0000000000000027 5.0000000000000018 2.9999999999999991 3.9999999999999991 2.9999999999999991 3 3 3 3.0000000000000018 5 3 2.9999999999999982
leaf_count=3 5 3 4 3 3 3 3 3 5 3 3
internal_value=-9.99468e-11 -0.0285071 0.0201925 -0.0439776 0.029591 0.0123605 -0.0543166 0.0436887 0.0504947 -0.0414733 -0.000539366
internal_weight=41 17 24 14 20 9 11 11 8 6 6
internal_count=41 17 24 14 20 9 11 11 8 6 6
is_linear=0
shrinkage=0.05


Tree=9
num_leaves=12
num_cat=0
split_feature=34 14 8 43 78 68 9 38 74 0 9
split_gain=8.5199 6.85445 3.8265 1.98091 1.75381 1.08131 0.795198 0.50421 0.142249 0.0998915 0.0760221
threshold=0.33660735032600336 1.1205564647595587 0.4588211163806864 1.5827614015782527 -0.091639553065548149 1.0601966358628305 -0.36454500721419214 0.42361119935729896 -0.20029655496709456 -0.95312166137165455 -0.45418738966214112
decision_type=2 2 2 2 2 2 2 2 2 2 2
left_child=2 3 4 6 7 9 10 8 -1 -6 -2
right_child=1 -3 -4 -5 5 -7 -8 -9 -10 -11 -12
leaf_value=0.054726850241422625 -0.05824481248855589 0.04150423109531403 -0.025459770020097496 -0.0057644754648208622 0.0059390726188818599 0.036252150932947785 -0.036874219477176645 0.024023329559713605 0.041392281651496846 -0.0069638685633738864 -0.069501076141993176
leaf_weight=4.0000000000000018 3 2.9999999999999991 3.9999999999999991 2.9999999999999991 3 3 5.0000000000000018 2.9999999999999991 4.0000000000000036 2.9999999999999982 3
leaf_count=4 3 3 4 3 3 3 5 3 4 3 3
internal_value=1.15847e-10 -0.0270817 0.0191829 -0.0417787 0.0281114 0.0117425 -0.0516008 0.0415042 0.0480596 -0.000512398 -0.0638729
internal_weight=41 17 24 14 20 9 11 11 8 6 6
internal_count=41 17 24 14 20 9 11 11 8 6 6
is_linear=0
shrinkage=0.05


Tree=10
num_leaves=12
num_cat=0
split_feature=34 14 8 43 78 68 76 13 3 74 17
split_gain=7.68921 6.18614 3.45341 1.78777 1.58281 0.975878 0.737803 0.470127 0.178004 0.167422 0.0964815
threshold=0.33660735032600336 1.1205564647595587 0.4588211163806864 1.5827614015782527 -0.091639553065548149 1.0601966358628305 0.20150020092632473 -0.45238055094380542 0.87678454559947971 -0.20029655496709456 -1.0000000180025095e-35
decision_type=2 2 2 2 2 2 2 2 2 2 2
left_child=2 3 4 6 7 10 -2 -1 -8 -9 -6
right_child=1 -3 -4 -5 5 -7 8 9 -10 -11 -12
leaf_value=0.022549278291990021 -0.063205922842025725 0.039429017901420595 -0.024186781607568264 -0.0054762512445449829 0.0058536171913146961 0.034439543883005769 -0.045811889568964627 0.05509696006774898 -0.028587680061658217 0.040156096816062921 -0.0068271735062201844
leaf_weight=3.0000000000000027 5.0000000000000018 2.9999999999999991 3.9999999999999991 2.9999999999999991 3 3 3 3.0000000000000018 3 5 2.9999999999999982
leaf_count=3 5 3 4 3 3 3 3 3 3 5 3
internal_value=3.00053e-10 -0.0257276 0.0182238 -0.0396898 0.0267059 0.0111553 -0.0490208 0.039429 -0.0371998 0.0457589 -0.000486778
internal_weight=41 17 24 14 20 9 11 11 6 8 6
internal_count=41 17 24 14 20 9 11 11 6 8 6
is_linear=0
shrinkage=0.05


Tree=11
num_leaves=12
num_cat=0
split_feature=34 14 8 43 78 28 68 43 34 35 28
split_gain=6.93951 5.58299 3.11671 1.6225 1.42849 1.00193 0.88073 0.432775 0.248573 0.11461 0.0931798
threshold=0.33660735032600336 1.1205564647595587 0.4588211163806864 0.42793734227565744 -0.091639553065548149 -0.22457409675981752 1.0601966358628305 -1.0000000180025095e-35 0.98135195598132419 0.53685622230218377 -1.0000000180025095e-35
decision_type=2 2 2 2 2 2 2 2 2 2 2
left_child=2 3 4 8 7 -5 10 9 -2 -1 -6
right_child=1 -3 -4 5 6 -7 -8 -9 -10 -11 -12
leaf_value=0.03941385596990582 -0.043847107887268033 0.037457567453384404 -0.022977442294359208 0.0011590299506982166 0.0057685243586699155 -0.037065911293029781 0.032717565695444734 0.024337870720773914 -0.062886589765548701 0.052342110872268671 -0.0066934023052454012
leaf_weight=4.0000000000000027 3.0000000000000018 2.9999999999999991 3.9999999999999991 3 3 4 3 4.0000000000000027 4 3 2.9999999999999982
leaf_count=4 3 3 4 3 3 4 3 4 4 3 3
internal_value=-5.45164e-11 -0.0244413 0.0173126 -0.0377053 0.0253706 -0.0206838 0.0105976 0.0374576 -0.0547268 0.0449545 -0.000462439
internal_weight=41 17 24 14 20 7 9 11 7 7 6
internal_count=41 17 24 14 20 7 9 11 7 7 6
is_linear=0
shrinkage=0.05


Tree=12
num_leaves=12
num_cat=0
split_feature=34 14 8 43 78 68 9 38 74 17 14
split_gain=6.26291 5.03865 2.81283 1.4864 1.28921 0.794859 0.605657 0.404205 0.105174 0.0840979 0.0569345
threshold=0.33660735032600336 1.1205564647595587 0.4588211163806864 1.5827614015782527 -0.091639553065548149 1.0601966358628305 -0.36454500721419214 0.42361119935729896 -0.20029655496709456 -1.0000000180025095e-35 0.19881003868425337
decision_type=2 2 2 2 2 2 2 2 2 2 2
left_child=2 3 4 6 7 9 10 8 -1 -6 -2
right_child=1 -3 -4 -5 5 -7 -8 -9 -10 -11 -12
leaf_value=0.047187002748250932 -0.050167814890543609 0.035584688186645508 -0.021828570961952211 -0.0046233097712198891 0.0054802092413107541 0.03108168890078862 -0.031476028859615306 0.01993309253205856 0.035721071064472164 -0.0063588432967662829 -0.059909003973007184
leaf_weight=4.0000000000000018 3 2.9999999999999991 3.9999999999999991 2.9999999999999991 3 3 5.0000000000000018 2.9999999999999991 4.0000000000000036 2.9999999999999982 3
leaf_count=4 3 3 4 3 3 3 5 3 4 3 3
internal_value=-2.95297e-10 -0.0232192 0.0164469 -0.03582 0.024102 0.0100677 -0.0443282 0.0355847 0.041454 -0.000439317 -0.0550384
internal_weight=41 17 24 14 20 9 11 11 8 6 6
internal_count=41 17 24 14 20 9 11 11 8 6 6
is_linear=0
shrinkage=0.05


Tree=13
num_leaves=12
num_cat=0
split_feature=34 14 13 43 74 61 28 78 23 34 34
split_gain=5.65228 4.54738 2.57356 1.34737 0.974613 0.97587 0.865175 0.347364 0.320842 0.20049 0.0913322
threshold=0.33660735032600336 1.1205564647595587 -0.84030226908762662 0.42793734227565744 0.3287588393430998 -0.16086285999925834 -0.22457409675981752 -1.0000000180025095e-35 -0.060945946183797096 0.98135195598132419 -0.6133191596846963
decision_type=2 2 2 2 2 2 2 2 2 2 2
left_child=2 3 -1 9 7 8 -5 10 -6 -2 -4
right_child=1 -3 4 6 5 -7 -8 -9 -10 -11 -12
leaf_value=-0.027694660176833436 -0.039769422014554308 0.033805453777313234 0.047365656495094284 0.0017797892292340592 0.015264954976737487 -0.0043862920254468946 -0.033740825951099389 0.020359197755654635 0.036895837386449165 -0.056868572533130636 0.035027893384297674
leaf_weight=3.0000000000000027 3.0000000000000018 2.9999999999999991 3 3 4.0000000000000027 4.9999999999999956 4 3.0000000000000018 3 4 3
leaf_count=3 3 3 3 3 4 5 4 3 3 4 3
internal_value=8.17747e-11 -0.0220582 0.0156246 -0.034029 0.0218131 0.0124847 -0.0185177 0.0342509 0.0245353 -0.0495404 0.0411968
internal_weight=41 17 24 14 21 12 7 9 7 7 6
internal_count=41 17 24 14 21 12 7 9 7 7 6
is_linear=0
shrinkage=0.05


Tree=14
num_leaves=12
num_cat=0
split_feature=34 14 27 74 52 2 81 69 3 47 34
split_gain=5.17124 4.92304 2.57155 1.38714 1.50842 1.00927 0.629168 0.523918 0.0377252 0.0257197 0.0211348
threshold=0.7033273665498142 1.1205564647595587 -0.16916832142131538 -0.20029655496709456 1.0000000180025095e-35 -0.67064670716018837 0.50506800921698547 -0.093119327408639707 0.63772163136932358 -0.32954524686720571 -1.088150633350633
decision_type=2 2 2 2 2 2 2 2 2 2 2
left_child=2 7 5 10 6 -1 9 8 -2 -5 -4
right_child=1 -3 3 4 -6 -7 -8 -9 -10 -11 -12
leaf_value=0.0031460866332054132 -0.046140723427136737 0.032115182280540465 0.044997373223304743 0.028385975460211422 -0.012654812540858984 -0.035218731562296511 0.0045175765951474501 -0.028190620094537735 -0.054070123036702458 0.034510350227355976 0.039062338074048318
leaf_weight=4 2.9999999999999991 2.9999999999999991 3 3.0000000000000009 3.9999999999999991 3.0000000000000027 3 4.9999999999999991 3 3.9999999999999973 3.0000000000000027
leaf_count=4 3 3 3 3 4 3 3 5 3 4 3
internal_value=-9.08607e-12 -0.02466 0.0127867 0.0219156 0.0132952 -0.013296 0.0236752 -0.0401441 -0.0501054 0.0318856 0.0420299
internal_weight=41 14 27 20 14 7 10 11 6 7 6
internal_count=41 14 27 20 14 7 10 11 6 7 6
is_linear=0
shrinkage=0.05


Tree=15
num_leaves=12
num_cat=0
split_feature=34 14 27 74 52 2 81 43 22 28 13
split_gain=4.66704 4.44305 2.32082 1.2519 1.36135 0.910871 0.567824 0.477127 0.0352152 0.0242132 0.0199001
threshold=0.7033273665498142 1.1205564647595587 -0.16916832142131538 -0.20029655496709456 1.0000000180025095e-35 -0.67064670716018837 0.50506800921698547 0.42793734227565744 1.0042579069348172 0.55770104220558381 0.22556764627535852
decision_type=2 2 2 2 2 2 2 2 2 2 2
left_child=2 7 5 10 6 -1 9 8 -2 -5 -4
right_child=1 -3 3 4 -6 -7 -8 -9 -10 -11 -12
leaf_value=0.0029887822922319168 -0.051473522186279312 0.030509421229362489 0.037048832575480105 0.026895737648010259 -0.012022072216495872 -0.033457794785499533 0.0042916978398958834 -0.026729685813188547 -0.043812455733617139 0.032838039100170129 0.042807891964912408
leaf_weight=4 2.9999999999999982 2.9999999999999991 3.0000000000000027 2.9999999999999982 3.9999999999999991 3.0000000000000027 3 5 3 4 3
leaf_count=4 3 3 3 3 4 3 3 5 3 4 3
internal_value=-1.63549e-10 -0.023427 0.0121473 0.0208198 0.0126304 -0.0126312 0.0224914 -0.0381369 -0.047643 0.0302913 0.0399284
internal_weight=41 14 27 20 14 7 10 11 6 7 6
internal_count=41 14 27 20 14 7 10 11 6 7 6
is_linear=0
shrinkage=0.05


Tree=16
num_leaves=12
num_cat=0
split_feature=34 14 27 74 52 2 81 69 6 47 17
split_gain=4.21201 4.00985 2.09454 1.12984 1.22862 0.822061 0.512461 0.44015 0.0320297 0.0222348 0.0192423
threshold=0.7033273665498142 1.1205564647595587 -0.16916832142131538 -0.20029655496709456 1.0000000180025095e-35 -0.67064670716018837 0.50506800921698547 -0.093119327408639707 -0.32116387703434074 -0.32954524686720571 0.14826395812449597
decision_type=2 2 2 2 2 2 2 2 2 2 2
left_child=2 7 5 10 6 -1 9 8 -2 -5 -4
right_child=1 -3 3 4 -6 -7 -8 -9 -10 -11 -12
leaf_value=0.0028393430635333056 -0.049013540148735046 0.028983950614929199 0.0351004064083099 0.025522852440675089 -0.011420968500897289 -0.031784904996554023 0.0040771129230658208 -0.025273776352405547 -0.041707178950309745 0.031217209994792952 0.040763481458028147
leaf_weight=4 2.9999999999999991 2.9999999999999991 3.0000000000000027 3.0000000000000009 3.9999999999999991 3.0000000000000027 3 4.9999999999999991 3 3.9999999999999973 3
leaf_count=4 3 3 3 3 4 3 3 5 3 4 3
internal_value=-1.0449e-10 -0.0222557 0.01154 0.0197788 0.0119989 -0.0119996 0.0213669 -0.0362301 -0.0453604 0.0287768 0.0379319
internal_weight=41 14 27 20 14 7 10 11 6 7 6
internal_count=41 14 27 20 14 7 10 11 6 7 6
is_linear=0
shrinkage=0.05


Tree=17
num_leaves=12
num_cat=0
split_feature=34 14 27 74 52 2 40 43 11 26 37
split_gain=3.80134 3.61889 1.89033 1.01968 1.10883 0.74191 0.463418 0.400671 0.029043 0.0186062 0.0036475
threshold=0.7033273665498142 1.1205564647595587 -0.16916832142131538 -0.20029655496709456 1.0000000180025095e-35 -0.67064670716018837 -1.2466339109171496 0.42793734227565744 -1.0000000180025095e-35 0.519159800556248 0.22391334639158519
decision_type=2 2 2 2 2 2 2 2 2 2 2
left_child=2 7 5 9 6 -1 -5 8 -2 -4 -8
right_child=1 -3 3 4 -6 -7 10 -9 -10 -11 -12
leaf_value=0.0026973759755492205 -0.039651079972585046 0.027534753084182739 0.03881969253222143 0.0071159061044454549 -0.010849919728934766 -0.030195659895737931 0.030319745341936766 -0.023965178653597829 -0.046608452995618187 0.033251001437505083 0.027854147553443905
leaf_weight=4 2.9999999999999991 2.9999999999999991 3.0000000000000027 4.0000000000000009 3.9999999999999991 3.0000000000000027 2.9999999999999973 5 2.9999999999999991 3 3
leaf_count=4 3 3 3 4 4 3 3 5 3 3 3
internal_value=-6.36025e-11 -0.0211429 0.010963 0.0187899 0.011399 -0.0113996 0.0202985 -0.0344186 -0.0431298 0.0360353 0.0290869
internal_weight=41 14 27 20 14 7 10 11 6 6 6
internal_count=41 14 27 20 14 7 10 11 6 6 6
is_linear=0
shrinkage=0.05


Tree=18
num_leaves=12
num_cat=0
split_feature=34 14 27 74 52 2 81 69 42 41 34
split_gain=3.4307 3.26605 1.70602 0.920259 1.00072 0.669574 0.426122 0.369804 0.0263055 0.0180112 0.0172063
threshold=0.7033273665498142 1.1205564647595587 -0.16916832142131538 -0.20029655496709456 1.0000000180025095e-35 -0.67064670716018837 0.50506800921698547 -0.093119327408639707 0.70780147206209587 -1.0000000180025095e-35 -1.088150633350633
decision_type=2 2 2 2 2 2 2 2 2 2 2
left_child=2 7 5 10 6 -1 9 8 -2 -5 -4
right_child=1 -3 3 4 -6 -7 -8 -9 -10 -11 -12
leaf_value=0.0025625070556998249 -0.044377255439758304 0.026158016920089722 0.036911130944887786 0.023111909627914415 -0.010307423723861576 -0.028685877223809525 0.0035174618164698274 -0.022654969915747641 -0.037755882740020744 0.028236980736255659 0.031556028127670249
leaf_weight=4 2.9999999999999991 2.9999999999999991 3 3.0000000000000009 3.9999999999999991 3.0000000000000027 3 4.9999999999999991 3 3.9999999999999973 3.0000000000000027
leaf_count=4 3 3 3 3 4 3 3 5 3 4 3
internal_value=6.81456e-11 -0.0200857 0.0104148 0.0178504 0.010829 -0.0108297 0.0192836 -0.0326977 -0.0410666 0.0260405 0.0342336
internal_weight=41 14 27 20 14 7 10 11 6 7 6
internal_count=41 14 27 20 14 7 10 11 6 7 6
is_linear=0
shrinkage=0.05


Tree=19
num_leaves=12
num_cat=0
split_feature=34 14 27 61 2 29 43 23 32 22 83
split_gain=3.09621 2.94761 1.53968 0.832408 0.60429 0.501661 0.336486 0.26775 0.0780135 0.0246095 0.0162303
threshold=0.7033273665498142 1.1205564647595587 -0.16916832142131538 0.30945312036719747 -0.67064670716018837 0.1809514937462057 0.42793734227565744 -1.0000000180025095e-35 0.17191186503224185 1.0042579069348172 -0.097189141349130162
decision_type=2 2 2 2 2 2 2 2 2 2 2
left_child=2 6 4 5 -1 8 9 -7 -4 -2 -10
right_child=1 -3 3 -5 -6 7 -8 -9 10 -11 -12
leaf_value=0.0024343818426132199 -0.042247969905535393 0.024850115180015564 0.02350724227726456 -0.003443203214555979 -0.027251583337783783 6.5994953426221997e-05 -0.021483162418007851 0.021190626919269564 0.029921398560206043 -0.035843610763549798 0.035122402509053595
leaf_weight=4 2.9999999999999982 2.9999999999999991 4.0000000000000053 3.9999999999999991 3.0000000000000027 3 5 2.9999999999999991 3.0000000000000044 3 2.9999999999999956
leaf_count=4 3 3 4 4 3 3 5 3 3 3 3
internal_value=-1.49352e-10 -0.0190814 0.00989408 0.0169579 -0.0102882 0.0220581 -0.0310628 0.0106283 0.028916 -0.0390458 0.0325219
internal_weight=41 14 27 20 7 16 11 6 10 6 6
internal_count=41 14 27 20 7 16 11 6 10 6 6
is_linear=0
shrinkage=0.05


Tree=20
num_leaves=12
num_cat=0
split_feature=34 14 66 9 39 18 11 60 34 21 35
split_gain=2.79781 2.23075 1.35053 0.71832 0.57014 0.50586 0.349096 0.191756 0.133532 0.103376 0.048638
threshold=0.33660735032600336 1.1205564647595587 0.53069156720761979 -0.36454500721419214 0.14996436062271098 -0.20263654042245971 0.22539959053665082 0.16056028358114319 0.98135195598132419 0.297871258133734 0.53685622230218377
decision_type=2 2 2 2 2 2 2 2 2 2 2
left_child=2 3 4 8 7 -5 -6 10 -2 -9 -1
right_child=1 -3 -4 5 6 -7 -8 9 -10 -11 -12
leaf_value=0.024974118173122367 -0.02725201770663261 0.023607610166072848 -0.012128353938460351 0.0036924149220188447 0.01638866363403698 -0.025343756874402351 -0.007732428610324857 0.0098392878969510364 -0.04017159938812255 0.022965328395366663 0.03339613775412241
leaf_weight=4.0000000000000053 4 2.9999999999999991 4.9999999999999991 3 2.9999999999999991 3.0000000000000009 3 3 4 3 3
leaf_count=4 4 3 5 3 3 3 3 3 4 3 3
internal_value=1.57871e-10 -0.0155192 0.0109927 -0.0239035 0.0170772 -0.0108257 0.00432812 0.0229614 -0.0337118 0.0164023 0.0285836
internal_weight=41 17 24 14 19 6 6 13 8 6 7
internal_count=41 17 24 14 19 6 6 13 8 6 7
is_linear=0
shrinkage=0.05


Tree=21
num_leaves=12
num_cat=0
split_feature=34 14 27 74 52 2 40 69 6 8 31
split_gain=2.53217 2.4051 1.30396 0.687999 0.7843 0.532284 0.333902 0.28326 0.019118 0.0170166 0.00416968
threshold=0.7033273665498142 1.1205564647595587 -0.16916832142131538 -0.20029655496709456 1.0000000180025095e-35 -0.67064670716018837 -1.2466339109171496 -0.093119327408639707 -0.32116387703434074 -0.16845927682153791 -0.65768967809081003
decision_type=2 2 2 2 2 2 2 2 2 2 2
left_child=2 7 5 9 6 -1 -5 8 -2 -4 -8
right_child=1 -3 3 4 -6 -7 10 -9 -10 -11 -12
leaf_value=0.0023149403743445872 -0.038225651780764265 0.022427229583263399 0.026951145629088076 0.0056720850989222501 -0.0093346549430862076 -0.025546265641848215 0.023003775378068275 -0.019289468154311179 -0.032580889264742528 0.032276647289593972 0.025639959673086826
leaf_weight=4 2.9999999999999991 2.9999999999999991 3 4.0000000000000009 3.9999999999999991 3.0000000000000027 3.0000000000000009 4.9999999999999991 3 3.0000000000000027 2.9999999999999964
leaf_count=4 3 3 3 4 4 3 3 5 3 3 3
internal_value=-1.47649e-10 -0.0172561 0.0089476 0.0154482 0.00937721 -0.00962558 0.016862 -0.0280788 -0.0354033 0.0296139 0.0243219
internal_weight=41 14 27 20 14 7 10 11 6 6 6
internal_count=41 14 27 20 14 7 10 11 6 6 6
is_linear=0
shrinkage=0.05


Tree=22
num_leaves=12
num_cat=0
split_feature=34 14 27 74 52 2 40 79 66 13 31
split_gain=2.28528 2.1706 1.17682 0.62092 0.707831 0.480386 0.301346 0.261424 0.0776876 0.016434 0.00376314
threshold=0.7033273665498142 1.1205564647595587 -0.16916832142131538 -0.20029655496709456 1.0000000180025095e-35 -0.67064670716018837 -1.2466339109171496 0.53847027845425133 1.0000000180025095e-35 0.22556764627535852 -0.65768967809081003
decision_type=2 2 2 2 2 2 2 2 2 2 2
left_child=2 7 5 9 6 -1 -5 8 -2 -4 -8
right_child=1 -3 3 4 -6 -7 10 -9 -10 -11 -12
leaf_value=0.0021991933695971965 -0.026467880234122283 0.021305868029594423 0.025516429543495152 0.0053884807974100097 -0.0088679222040809694 -0.024268952508767417 0.021853586037953683 -0.014087634595731891 -0.036322297155857081 0.030749974648157749 0.024357962111632051
leaf_weight=4 3.9999999999999982 2.9999999999999991 3.0000000000000027 4.0000000000000009 3.9999999999999991 3.0000000000000027 3.0000000000000009 3 4 3 2.9999999999999964
leaf_count=4 4 3 3 4 4 3 3 3 4 3 3
internal_value=-4.65661e-11 -0.0163933 0.00850022 0.0146758 0.00890835 -0.0091443 0.0160189 -0.0266749 -0.0313951 0.0281332 0.0231058
internal_weight=41 14 27 20 14 7 10 11 8 6 6
internal_count=41 14 27 20 14 7 10 11 8 6 6
is_linear=0
shrinkage=0.05


Tree=23
num_leaves=13
num_cat=0
split_feature=34 14 13 9 18 74 5 43 78 48 34 34
split_gain=2.06817 1.64344 1.04678 0.562681 0.393751 0.388444 0.387708 0.134373 0.10191 0.0966172 0.0894068 0.033543
threshold=0.33660735032600336 1.1205564647595587 -0.84030226908762662 -0.36454500721419214 -0.20263654042245971 0.3287588393430998 -0.21067367577278426 0.42793734227565744 -1.0000000180025095e-35 0.1300363569748603 0.98135195598132419 -0.6133191596846963
decision_type=2 2 2 2 2 2 2 2 2 2 2 2
left_child=2 3 -1 10 -5 8 9 -8 11 -7 -2 -4
right_child=1 -3 5 4 -6 6 7 -9 -10 -11 -12 -13
leaf_value=-0.018176227559645951 -0.023934594169259069 0.020240575075149536 0.028750983874003086 0.0038438891060650336 -0.021773516138394663 0.010151353230079005 -0.008961040774981192 0.006004060401270786 0.013725878794987984 0.022841061155001317 -0.034506182372570034 0.021274017790953312
leaf_weight=3.0000000000000027 4 2.9999999999999991 3 3 3.0000000000000009 3.0000000000000027 2.9999999999999956 3 3.0000000000000018 3 4 3
leaf_count=3 4 3 3 3 3 3 3 3 3 3 4 3
internal_value=-3.18013e-11 -0.013343 0.00945126 -0.0205394 -0.00896481 0.013398 0.00750886 -0.00147849 0.0212503 0.0164962 -0.0292204 0.0250125
internal_weight=41 17 24 14 6 21 12 6 9 6 8 6
internal_count=41 17 24 14 6 21 12 6 9 6 8 6
is_linear=0
shrinkage=0.05


Tree=24
num_leaves=12
num_cat=0
split_feature=34 14 27 74 52 2 40 79 66 45 31
split_gain=1.86808 1.77073 0.981864 0.523606 0.58738 0.416442 0.250984 0.215278 0.0616579 0.0151165 0.00264232
threshold=0.7033273665498142 1.1205564647595587 -0.16916832142131538 -0.20029655496709456 1.0000000180025095e-35 -0.67064670716018837 -1.2466339109171496 0.53847027845425133 1.0000000180025095e-35 -0.2610778094953512 -0.65768967809081003
decision_type=2 2 2 2 2 2 2 2 2 2 2
left_child=2 7 5 9 6 -1 -5 8 -2 -4 -8
right_child=1 -3 3 4 -6 -7 10 -9 -10 -11 -12
leaf_value=0.0021299840882420536 -0.024001783132553106 0.019228546321392061 0.028193758924802137 0.0048057124018669115 -0.0081634319969452925 -0.022513694564501419 0.019925587375958748 -0.012685515762617186 -0.032780872285366053 0.023174377779165877 0.022024128337701183
leaf_weight=4 3.9999999999999982 2.9999999999999991 3 4.0000000000000009 3.9999999999999991 3.0000000000000027 3.0000000000000009 3 4 3.0000000000000027 2.9999999999999964
leaf_count=4 4 3 3 4 4 3 3 3 4 3 3
internal_value=3.74801e-11 -0.0148215 0.00768524 0.0133261 0.00802988 -0.00843159 0.0145072 -0.0241079 -0.0283913 0.0256841 0.0209749
internal_weight=41 14 27 20 14 7 10 11 8 6 6
internal_count=41 14 27 20 14 7 10 11 8 6 6
is_linear=0
shrinkage=0.05


Tree=25
num_leaves=12
num_cat=0
split_feature=34 14 66 31 39 11 60 30 21 46 35
split_gain=1.68907 1.34003 0.864885 0.472414 0.361603 0.222853 0.104354 0.100503 0.0591279 0.0362961 0.0294286
threshold=0.33660735032600336 1.1205564647595587 0.53069156720761979 1.844318609866801 0.14996436062271098 0.22539959053665082 0.16056028358114319 -0.83920671478679287 0.297871258133734 0.11051740677291906 0.53685622230218377
decision_type=2 2 2 2 2 2 2 2 2 2 2
left_child=2 3 4 7 6 -6 10 -2 -8 -9 -1
right_child=1 -3 -4 -5 5 -7 8 9 -10 -11 -12
leaf_value=0.019436314702033969 -0.031157613794008894 0.018267118930816652 -0.0099614861235022556 -0.00096903408411890273 0.012893261162874601 -0.0063790418828527113 0.0082942719260851519 -0.024774260818958262 0.018221330891052875 -0.017817626595497127 0.02598740359147389
leaf_weight=4.0000000000000053 2.9999999999999991 2.9999999999999991 4.9999999999999991 2.9999999999999991 2.9999999999999991 3 3 3.0000000000000018 3 5 3
leaf_count=4 3 3 5 3 3 3 3 3 3 5 3
internal_value=7.26886e-11 -0.0120582 0.00854123 -0.0185565 0.0134104 0.00325711 0.0180965 -0.0233531 0.0132578 -0.0204264 0.0222439
internal_weight=41 17 24 14 19 6 13 11 6 8 7
internal_count=41 17 24 14 19 6 13 11 6 8 7
is_linear=0
shrinkage=0.05


Tree=26
num_leaves=12
num_cat=0
split_feature=34 14 27 74 52 2 40 43 17 46 31
split_gain=1.545 1.45192 0.82031 0.436957 0.493381 0.355817 0.20465 0.183366 0.0159712 0.0128136 0.00248257
threshold=0.7033273665498142 1.1205564647595587 -0.16916832142131538 -0.20029655496709456 1.0000000180025095e-35 -0.67064670716018837 -1.2466339109171496 0.42793734227565744 0.14826395812449597 0.37396898314581567 -0.65768967809081003
decision_type=2 2 2 2 2 2 2 2 2 2 2
left_child=2 7 5 8 6 -1 -5 9 -4 -2 -8
right_child=1 -3 3 4 -6 -7 10 -9 -10 -11 -12
leaf_value=0.0020203846041113136 -0.025470496714115151 0.017353762686252595 0.020854650437831856 0.0044830190017819387 -0.0075342296622693539 -0.020758999884128548 0.018066543837388347 -0.014816352399066089 0.026013983786106105 -0.030091744661331167 0.020100656151771562
leaf_weight=4 2.9999999999999982 2.9999999999999991 3.0000000000000027 4.0000000000000009 3.9999999999999991 3.0000000000000027 3.0000000000000009 5 3 3 2.9999999999999964
leaf_count=4 3 3 3 4 4 3 3 5 3 3 3
internal_value=1.70364e-11 -0.0134791 0.00698916 0.0121451 0.00730691 -0.00774221 0.0132434 -0.021888 0.0234343 -0.0277811 0.0190836
internal_weight=41 14 27 20 14 7 10 11 6 6 6
internal_count=41 14 27 20 14 7 10 11 6 6 6
is_linear=0
shrinkage=0.05


Tree=27
num_leaves=12
num_cat=0
split_feature=34 14 27 61 36 75 69 67 13 6 1
split_gain=1.39436 1.31036 0.740329 0.395865 0.323496 0.255039 0.169361 0.0657776 0.0282588 0.0115568 0.00806939
threshold=0.7033273665498142 1.1205564647595587 -0.16916832142131538 0.30945312036719747 -0.4884421823307819 0.56387699016843407 -0.093119327408639707 -0.75823192768719461 0.22556764627535852 -0.32116387703434074 -0.50298442762762074
decision_type=2 2 2 2 2 2 2 2 2 2 2
left_child=2 6 4 5 -1 7 9 -4 10 -2 -9
right_child=1 -3 3 -5 -6 -7 -8 8 -10 -11 -12
leaf_value=-0.016663730330765247 -0.028651597102483113 0.016486074030399322 0.012287921210130035 -0.0025309650693088773 0.0050564106553792898 0.0041212209674995398 -0.013997362442314627 0.017022210856278714 0.024799206356207526 -0.024262819190820052 0.020689495901266754
leaf_weight=4 2.9999999999999991 2.9999999999999991 3.0000000000000044 3.9999999999999991 3.0000000000000027 3.9999999999999991 4.9999999999999991 3.0000000000000036 3 3 2.9999999999999964
leaf_count=4 3 3 3 4 3 4 5 3 3 3 3
internal_value=-4.37267e-11 -0.0128051 0.0066397 0.0115379 -0.0073551 0.0150551 -0.0207936 0.0186997 0.020837 -0.0264572 0.0188559
internal_weight=41 14 27 20 7 16 11 12 9 6 6
internal_count=41 14 27 20 7 16 11 12 9 6 6
is_linear=0
shrinkage=0.05


Tree=28
num_leaves=11
num_cat=0
split_feature=34 14 27 74 42 2 35 79 59 66
split_gain=1.25841 1.1826 0.668147 0.360089 0.397457 0.297407 0.166605 0.156965 0.0502736 0.044408
threshold=0.7033273665498142 1.1205564647595587 -0.16916832142131538 -0.14562624662257653 0.42342200793948565 -0.67064670716018837 -0.17104288092504691 0.53847027845425133 0.21697052283566562 -1.0000000180025095e-35
decision_type=2 2 2 2 2 2 2 2 2 2
left_child=2 7 5 8 6 -1 -5 9 -4 -2
right_child=1 -3 3 4 -6 -7 -8 -9 -10 -11
leaf_value=0.0019380467943847176 -0.019686263427138331 0.01566177010536194 0.022248059511184682 0.0066995421734948914 0.016249930709600447 -0.01888786405324934 -0.0088878233684226912 -0.010000483226031063 0.014060787608226136 -0.027136763930320742
leaf_weight=4 3.9999999999999991 2.9999999999999991 5.0000000000000018 3.0000000000000009 5 3.0000000000000027 3.9999999999999973 3 3 3.9999999999999991
leaf_count=4 4 3 5 3 5 3 4 3 3 4
internal_value=-1.65821e-10 -0.0121649 0.00630771 0.010961 0.00548308 -0.00698734 -0.00220752 -0.019754 0.0191778 -0.0234115
internal_weight=41 14 27 20 12 7 7 11 8 8
internal_count=41 14 27 20 12 7 7 11 8 8
is_linear=0
shrinkage=0.05


Tree=29
num_leaves=11
num_cat=0
split_feature=34 14 27 61 36 81 79 45 66 80
split_gain=1.13572 1.0673 0.603003 0.335768 0.270273 0.208487 0.141661 0.0401876 0.0400782 0.0100704
threshold=0.7033273665498142 1.1205564647595587 -0.16916832142131538 0.30945312036719747 -0.4884421823307819 0.50506800921698547 0.53847027845425133 -0.2610778094953512 1.0000000180025095e-35 -0.55238300964591514
decision_type=2 2 2 2 2 2 2 2 2 2
left_child=2 6 4 5 -1 7 8 -4 -2 -9
right_child=1 -3 3 -5 -6 -7 -8 9 -10 -11
leaf_value=-0.015146474167704579 -0.018701949715614324 0.014878681302070618 0.022435396909713707 -0.0025440662633627654 0.0047066878527402822 0.0051865319698117677 -0.0095004585882027918 0.013359311471382758 -0.025779926031827924 0.017023629248142252
leaf_weight=4 3.9999999999999982 2.9999999999999991 3.0000000000000044 3.9999999999999991 3.0000000000000027 4.9999999999999991 3 3.0000000000000036 4 4.9999999999999964
leaf_count=4 4 3 3 4 3 5 3 3 4 5
internal_value=-4.34428e-11 -0.0115566 0.00599233 0.0104129 -0.00663798 0.0136522 -0.0187663 0.0175002 -0.0222409 0.0156495
internal_weight=41 14 27 20 7 16 11 11 8 8
internal_count=41 14 27 20 7 16 11 11 8 8
is_linear=0
shrinkage=0.05


Tree=30
num_leaves=11
num_cat=0
split_feature=34 14 66 9 18 39 11 51 40 34
split_gain=1.02726 0.807343 0.586884 0.344944 0.234627 0.221037 0.148756 0.0598491 0.0570866 0.0337242
threshold=0.33660735032600336 1.1205564647595587 0.53069156720761979 -0.36454500721419214 -0.20263654042245971 0.14996436062271098 0.22539959053665082 0.47327896734989017 -1.0000000180025095e-35 0.98135195598132419
decision_type=2 2 2 2 2 2 2 2 2 2
left_child=2 3 5 9 -5 7 -7 -1 -9 -2
right_child=1 -3 -4 4 -6 6 -8 8 -10 -11
leaf_value=0.018626996576786015 -0.017998220771551131 0.014134748280048371 -0.0085806980729103092 0.0045022984345753974 -0.015272561709086092 0.010606569820083678 -0.0051391133417685812 0.007429970428347578 0.015877350792288795 -0.024490929394960399
leaf_weight=5.0000000000000062 4 2.9999999999999991 4.9999999999999991 3 3.0000000000000009 2.9999999999999991 3 4.0000000000000044 3.9999999999999956 4
leaf_count=5 4 3 5 3 3 3 3 4 4 4
internal_value=2.89619e-11 -0.00940371 0.00666096 -0.0144477 -0.00538513 0.0106719 0.00273373 0.0143357 0.0116537 -0.0212446
internal_weight=41 17 24 14 6 19 6 13 8 8
internal_count=41 17 24 14 6 19 6 13 8 8
is_linear=0
shrinkage=0.05


Tree=31
num_leaves=13
num_cat=0
split_feature=34 14 13 9 11 74 5 43 48 78 34 34
split_gain=0.927102 0.728627 0.537658 0.311312 0.223543 0.197396 0.201654 0.0735403 0.044102 0.0414266 0.0304361 0.0123787
threshold=0.33660735032600336 1.1205564647595587 -0.84030226908762662 -0.36454500721419214 -0.13103451500160451 0.3287588393430998 -0.21067367577278426 0.42793734227565744 0.1300363569748603 0.49773536161804116 0.98135195598132419 -0.6133191596846963
decision_type=2 2 2 2 2 2 2 2 2 2 2 2
left_child=2 3 -1 10 -5 9 8 -8 -7 11 -2 -4
right_child=1 -3 5 4 -6 6 7 -9 -10 -11 -12 -13
leaf_value=-0.013472140083710338 -0.017098309844732283 0.013428010046482086 0.019423815608024593 -0.014766936997572578 0.0045351869737108525 0.0071532318989435753 -0.0070587863524754924 0.0040122228053708865 0.015726639330387111 0.0099566824734210954 -0.023266383633017536 0.014881665011246986
leaf_weight=3.0000000000000027 4 2.9999999999999991 3 3 3.0000000000000009 3.0000000000000027 2.9999999999999956 3 3 3 4 3.0000000000000018
leaf_count=3 4 3 3 3 3 3 3 3 3 3 4 3
internal_value=-4.31589e-11 -0.00893353 0.00632792 -0.0137253 -0.00511588 0.0091565 0.00495833 -0.00152328 0.0114399 0.0147541 -0.0201823 0.0171527
internal_weight=41 17 24 14 6 21 12 6 6 9 8 6
internal_count=41 17 24 14 6 21 12 6 6 9 8 6
is_linear=0
shrinkage=0.05


Tree=32
num_leaves=12
num_cat=0
split_feature=60 3 12 73 1 78 25 27 78 10 6
split_gain=0.849648 0.971827 0.355496 0.306931 0.321625 0.100985 0.0987813 0.0861772 0.0372924 0.0198546 0.0122469
threshold=-0.79721040112886554 -0.37996549592148587 -1.1170645406708355 -0.21132093168638483 -0.41170648260761583 0.32068485486684156 -0.14871204340998218 -0.16916832142131538 -0.53491940671093674 -0.18650719772965199 -0.25629244785933919
decision_type=2 2 2 2 2 2 2 2 2 2 2
left_child=5 2 -2 4 -3 9 10 -4 -9 -1 -5
right_child=1 3 7 6 -6 -7 -8 8 -10 -11 -12
leaf_value=0.014441091815630592 -0.0091937348557015255 0.0090585148582855834 0.0029968893776337307 -0.022103064134717 -0.012598726153373719 0.0060820522407690671 -0.0104421337135136 0.0085267551243305185 0.01557822525501251 0.020193568865458176 -0.017876947919527684
leaf_weight=3 2.9999999999999991 3 2.9999999999999991 3.9999999999999973 3.9999999999999991 3 4.0000000000000044 3 5 2.9999999999999982 3
leaf_count=3 3 3 3 4 4 3 4 3 5 3 3
internal_value=-2.95297e-11 -0.00381719 0.00606292 -0.0115017 -0.00331705 0.0135722 -0.0167101 0.0102238 0.0129339 0.0173173 -0.0202919
internal_weight=41 32 14 18 7 9 11 11 8 6 7
internal_count=41 32 14 18 7 9 11 11 8 6 7
is_linear=0
shrinkage=0.05


Tree=33
num_leaves=11
num_cat=0
split_feature=34 14 27 74 42 2 35 79 59 66
split_gain=0.76842 0.729771 0.420375 0.253406 0.255562 0.210092 0.102113 0.0955583 0.0341489 0.0229247
threshold=0.7033273665498142 1.1205564647595587 -0.16916832142131538 -0.14562624662257653 0.42342200793948565 -0.67064670716018837 -0.17104288092504691 0.53847027845425133 0.21697052283566562 1.0000000180025095e-35
decision_type=2 2 2 2 2 2 2 2 2 2
left_child=2 7 5 8 6 -1 -5 9 -4 -2
right_child=1 -3 3 4 -6 -7 -8 -9 -10 -11
leaf_value=0.0018850238993763921 -0.015644793771207335 0.01235329235593478 0.018043388426303857 0.0048309542859594004 0.012658234685659407 -0.015618818004926028 -0.0073720957618206772 -0.0078574208232263711 0.01129565561811129 -0.020997910946607586
leaf_weight=4 3.9999999999999982 2.9999999999999991 5.0000000000000018 3.0000000000000009 5 3.0000000000000027 3.9999999999999973 3 3 4
leaf_count=4 4 3 5 3 5 3 4 3 3 4
internal_value=-1.13576e-11 -0.00950594 0.00492901 0.00861998 0.00402464 -0.00561662 -0.00214222 -0.0154676 0.015513 -0.0183214
internal_weight=41 14 27 20 12 7 7 11 8 8
internal_count=41 14 27 20 12 7 7 11 8 8
is_linear=0
shrinkage=0.05


Tree=34
num_leaves=11
num_cat=0
split_feature=34 14 27 74 50 36 79 27 59 66
split_gain=0.693499 0.658618 0.379388 0.228699 0.233472 0.193574 0.0862413 0.0676341 0.0308194 0.0206895
threshold=0.7033273665498142 1.1205564647595587 -0.16916832142131538 -0.14562624662257653 0.31546732276894557 -0.4884421823307819 0.53847027845425133 0.20307482599511498 0.21697052283566562 1.0000000180025095e-35
decision_type=2 2 2 2 2 2 2 2 2 2
left_child=2 6 5 8 7 -1 9 -5 -4 -2
right_child=1 -3 3 4 -6 -7 -8 -9 -10 -11
leaf_value=-0.012536498438566921 -0.014862554334104064 0.011735627303520839 0.017141219079494469 0.013352290913462642 -0.0060396571236196895 0.0042651511107881816 -0.0074645500630140284 0.0041575841605663291 0.010730872551600136 -0.019948015362024302
leaf_weight=4 3.9999999999999982 2.9999999999999991 5.0000000000000018 3.9999999999999982 4 3.0000000000000027 3 4 3 4
leaf_count=4 4 3 5 4 4 3 3 4 3 4
internal_value=-6.41704e-11 -0.00903065 0.00468256 0.00818898 0.00382341 -0.00533579 -0.0146942 0.00875494 0.0147373 -0.0174053
internal_weight=41 14 27 20 12 7 11 8 8 8
internal_count=41 14 27 20 12 7 11 8 8 8
is_linear=0
shrinkage=0.05


Tree=35
num_leaves=11
num_cat=0
split_feature=34 14 27 74 42 2 35 79 59 66
split_gain=0.625883 0.594403 0.342398 0.206401 0.214485 0.175512 0.0864345 0.0778328 0.0278145 0.0186723
threshold=0.7033273665498142 1.1205564647595587 -0.16916832142131538 -0.14562624662257653 0.42342200793948565 -0.67064670716018837 -0.17104288092504691 0.53847027845425133 0.21697052283566562 1.0000000180025095e-35
decision_type=2 2 2 2 2 2 2 2 2 2
left_child=2 7 5 8 6 -1 -5 9 -4 -2
right_child=1 -3 3 4 -6 -7 -8 -9 -10 -11
leaf_value=0.0017875357996672389 -0.014119425974786284 0.011148846397797268 0.016284158527851096 0.0043982362995545051 0.011541602462530135 -0.014211052159468315 -0.0068289734888821868 -0.0070913225412368754 0.010194329296549159 -0.018950614705681795
leaf_weight=4 3.9999999999999982 2.9999999999999991 5.0000000000000018 3.0000000000000009 5 3.0000000000000027 3.9999999999999973 3 3 4
leaf_count=4 4 3 5 3 5 3 4 3 3 4
internal_value=8.17747e-11 -0.00857911 0.00444843 0.00777953 0.00363224 -0.005069 -0.00201731 -0.0139595 0.0140005 -0.016535
internal_weight=41 14 27 20 12 7 7 11 8 8
internal_count=41 14 27 20 12 7 7 11 8 8
is_linear=0
shrinkage=0.05


Tree=36
num_leaves=11
num_cat=0
split_feature=34 14 13 78 28 22 79 44 66 74
split_gain=0.564859 0.536449 0.309455 0.31687 0.140863 0.105311 0.0702441 0.0373938 0.0168518 0.0133596
threshold=0.7033273665498142 1.1205564647595587 -0.84030226908762662 0.79187513870965531 1.2292192540499796 1.0000000180025095e-35 0.53847027845425133 -0.65428100981019777 1.0000000180025095e-35 -0.20029655496709456
decision_type=2 2 2 2 2 2 2 2 2 2
left_child=2 6 -1 4 7 -6 8 -4 -2 -9
right_child=1 -3 3 -5 5 -7 -8 9 -10 -11
leaf_value=-0.010914209174613158 -0.013413455151021485 0.010591403643290203 0.0085985424369573512 -0.0050809140130877494 0.0093528563777605708 -0.0038954726420342908 -0.0067367564886808388 0.016153819486498817 -0.018003083765506741 0.012067316845059392
leaf_weight=2.9999999999999991 3.9999999999999982 2.9999999999999991 5.0000000000000044 4.9999999999999991 2.9999999999999991 3 3 4.0000000000000036 4 4
leaf_count=3 4 3 5 5 3 3 3 4 4 4
internal_value=-7.49601e-11 -0.00815016 0.00422601 0.00611853 0.00906576 0.00272869 -0.0132615 0.0119906 -0.0157083 0.0141106
internal_weight=41 14 27 24 19 6 11 13 8 8
internal_count=41 14 27 24 19 6 11 13 8 8
is_linear=0
shrinkage=0.05


Tree=37
num_leaves=12
num_cat=0
split_feature=60 3 12 73 1 78 25 67 10 0 6
split_gain=0.514907 0.592534 0.224991 0.189762 0.21423 0.0642037 0.0592743 0.0531229 0.0121602 0.00655649 0.00593718
threshold=-0.79721040112886554 -0.37996549592148587 -1.1170645406708355 -0.21132093168638483 -0.41170648260761583 0.32068485486684156 -0.14871204340998218 -0.66127811499467171 -0.18650719772965199 -0.95312166137165455 -0.25629244785933919
decision_type=2 2 2 2 2 2 2 2 2 2 2
left_child=5 2 -2 4 -3 8 10 -4 -1 -9 -5
right_child=1 3 7 6 -6 -7 -8 9 -10 -11 -12
leaf_value=0.011300872514645255 -0.0073941602061192201 0.0075637843459844568 0.0042470701411366461 -0.017102929577231415 -0.01011158311739564 0.0045933208738764119 -0.0082119257887825255 0.012878156205018363 0.015802761415640517 0.0095724826057751941 -0.014160416523615516
leaf_weight=3 2.9999999999999991 3 4.9999999999999991 3.9999999999999973 3.9999999999999991 3 4.0000000000000044 2.9999999999999991 2.9999999999999982 3 3
leaf_count=3 3 3 5 4 4 3 4 3 3 3 3
internal_value=1.13576e-11 -0.00297159 0.0047432 -0.00897198 -0.00253643 0.0105657 -0.0130673 0.00805339 0.0135518 0.0112253 -0.0158419
internal_weight=41 32 14 18 7 9 11 11 6 6 7
internal_count=41 32 14 18 7 9 11 11 6 6 7
is_linear=0
shrinkage=0.05


Tree=38
num_leaves=12
num_cat=0
split_feature=60 3 12 73 1 78 25 25 10 10 6
split_gain=0.464704 0.534762 0.203054 0.17126 0.193342 0.0579439 0.053495 0.0503506 0.0109746 0.00702812 0.0053583
threshold=-0.79721040112886554 -0.37996549592148587 -1.1170645406708355 -0.21132093168638483 -0.41170648260761583 0.32068485486684156 -0.14871204340998218 -0.14992913900420743 -0.18650719772965199 -0.26721504564662563 -0.25629244785933919
decision_type=2 2 2 2 2 2 2 2 2 2 2
left_child=5 2 -2 4 -3 8 10 9 -1 -4 -5
right_child=1 3 7 6 -6 -7 -8 -9 -10 -11 -12
leaf_value=0.010735828677813209 -0.0070244521833956247 0.0071855951721469542 0.0090275236715873074 -0.016247783228755006 -0.0096060042269527912 0.0043636549885074285 -0.0078013293212279584 0.003945049159228802 0.015012622872988388 0.012450028707583743 -0.013452395300070441
leaf_weight=3 2.9999999999999991 3 2.9999999999999991 3.9999999999999973 3.9999999999999991 3 4.0000000000000044 4.9999999999999991 2.9999999999999982 3 3
leaf_count=3 3 3 3 4 4 3 4 5 3 3 3
internal_value=-3.63443e-11 -0.00282301 0.00450604 -0.00852338 -0.0024096 0.0100374 -0.012414 0.00765072 0.0128742 0.0107388 -0.0150498
internal_weight=41 32 14 18 7 9 11 11 6 6 7
internal_count=41 32 14 18 7 9 11 11 6 6 7
is_linear=0
shrinkage=0.05


Tree=39
num_leaves=12
num_cat=0
split_feature=60 3 12 73 1 78 25 67 10 0 6
split_gain=0.419395 0.482623 0.183257 0.154563 0.174492 0.0522943 0.0482793 0.0466421 0.00990456 0.00489709 0.00483587
threshold=-0.79721040112886554 -0.37996549592148587 -1.1170645406708355 -0.21132093168638483 -0.41170648260761583 0.32068485486684156 -0.14871204340998218 -0.66127811499467171 -0.18650719772965199 -0.95312166137165455 -0.25629244785933919
decision_type=2 2 2 2 2 2 2 2 2 2 2
left_child=5 2 -2 4 -3 8 10 -4 -1 -9 -5
right_child=1 3 7 6 -6 -7 -8 9 -10 -11 -12
leaf_value=0.010199037442604697 -0.0066732298194741206 0.0068263154476881013 0.0037015898525714873 -0.015435394272208219 -0.0091257038526237014 0.004145472186307112 -0.0074112628586590198 0.011668788393338521 0.014261991779009506 0.0088118982811768824 -0.012779776006937025
leaf_weight=3 2.9999999999999991 3 4.9999999999999991 3.9999999999999973 3.9999999999999991 3 4.0000000000000044 2.9999999999999991 2.9999999999999982 3 3
leaf_count=3 3 3 5 4 4 3 4 3 3 3 3
internal_value=-3.80479e-11 -0.00268186 0.00428074 -0.00809721 -0.00228912 0.0095355 -0.0117933 0.00726818 0.0122305 0.0102403 -0.0142973
internal_weight=41 32 14 18 7 9 11 11 6 6 7
internal_count=41 32 14 18 7 9 11 11 6 6 7
is_linear=0
shrinkage=0.05


Tree=40
num_leaves=12
num_cat=0
split_feature=60 3 12 73 1 78 86 25 42 10 6
split_gain=0.378504 0.435567 0.165389 0.139493 0.157479 0.0471956 0.0441292 0.043572 0.0212978 0.00893887 0.00436437
threshold=-0.79721040112886554 -0.37996549592148587 -1.1170645406708355 -0.21132093168638483 -0.41170648260761583 0.32068485486684156 0.85531612523607958 -0.14871204340998218 -0.36741044717360277 -0.18650719772965199 -0.25629244785933919
decision_type=2 2 2 2 2 2 2 2 2 2 2
left_child=5 2 -2 4 -3 9 8 10 -4 -1 -5
right_child=1 3 6 7 -6 -7 -8 -9 -10 -11 -12
leaf_value=0.0096890854338804872 -0.0063395680161193015 0.0064849998181064905 0.0055135525763034821 -0.014663624390959746 -0.0086694188416004177 0.0039381985242168101 0.001733221734563509 -0.0070406995713710695 0.010842437148094179 0.013548892488082255 -0.012140787392854686
leaf_weight=3 2.9999999999999991 3 2.9999999999999991 3.9999999999999973 3.9999999999999991 3 3 4.0000000000000044 4.9999999999999991 2.9999999999999982 3
leaf_count=3 3 3 3 4 4 3 3 4 5 3 3
internal_value=5.6788e-13 -0.00254777 0.0040667 -0.00769235 -0.00217467 0.00905873 0.00690477 -0.0112036 0.00884411 0.011619 -0.0135824
internal_weight=41 32 14 18 7 9 11 11 8 6 7
internal_count=41 32 14 18 7 9 11 11 8 6 7
is_linear=0
shrinkage=0.05


Tree=41
num_leaves=12
num_cat=0
split_feature=34 14 8 9 18 78 68 13 28 18 74
split_gain=0.341653 0.29654 0.22595 0.13654 0.0923434 0.0766039 0.0707913 0.020411 0.0169857 0.00489827 0.00303962
threshold=0.33660735032600336 1.1205564647595587 0.4588211163806864 -0.36454500721419214 -0.20263654042245971 -0.091639553065548149 1.0601966358628305 -0.45238055094380542 -1.0000000180025095e-35 -0.54356665987825592 -0.20029655496709456
decision_type=2 2 2 2 2 2 2 2 2 2 2
left_child=2 3 5 9 -5 7 8 -1 -7 -2 -9
right_child=1 -3 -4 4 -6 6 -8 10 -10 -11 -12
leaf_value=0.0052929059291879276 -0.0111591229836146 0.0088424665232499436 -0.0070067551452666528 0.0034245784704883884 -0.0089812949299812265 0.0021147289002935088 0.008861259743571279 0.011387207110722851 -0.0032059446598092728 -0.013714710175991058 0.0093740436434745777
leaf_weight=3.0000000000000027 3 2.9999999999999991 3.9999999999999991 3 3.0000000000000009 3 3 3.0000000000000018 2.9999999999999982 5 5
leaf_count=3 3 3 4 3 3 3 3 3 3 5 5
internal_value=-2.27152e-11 -0.00542316 0.0038414 -0.00848008 -0.00277836 0.00601103 0.00259001 0.00881005 -0.000545608 -0.0127564 0.010129
internal_weight=41 17 24 14 6 20 9 11 6 8 8
internal_count=41 17 24 14 6 20 9 11 6 8 8
is_linear=0
shrinkage=0.05


Tree=42
num_leaves=12
num_cat=0
split_feature=60 3 12 73 1 78 86 25 6 10 6
split_gain=0.312523 0.360184 0.137801 0.112917 0.12901 0.0398968 0.0384341 0.036094 0.0168593 0.00820898 0.00320939
threshold=-0.79721040112886554 -0.37996549592148587 -1.1170645406708355 -0.21132093168638483 -0.41170648260761583 0.32068485486684156 0.85531612523607958 -0.14871204340998218 -0.23848341611596011 -0.18650719772965199 -0.25629244785933919
decision_type=2 2 2 2 2 2 2 2 2 2 2
left_child=5 2 -2 4 -3 9 8 10 -4 -1 -5
right_child=1 3 6 7 -6 -7 -8 -9 -10 -11 -12
leaf_value=0.0087359289328257216 -0.0057989456846068302 0.0058089245731631906 0.009878236502408981 -0.013244707509875303 -0.0079074704088270675 0.0035234232122699411 0.001464090123772621 -0.0063635815866291447 0.0051370276759068172 0.012434797982374832 -0.011081294715404508
leaf_weight=3 2.9999999999999991 3 4.9999999999999991 3.9999999999999973 3.9999999999999991 3 3 4.0000000000000044 2.9999999999999991 2.9999999999999982 3
leaf_count=3 3 3 5 4 4 3 3 4 3 3 3
internal_value=1.93079e-11 -0.00231508 0.00369984 -0.00699334 -0.00202902 0.00823138 0.00629041 -0.0101525 0.00810028 0.0105854 -0.0123175
internal_weight=41 32 14 18 7 9 11 11 8 6 7
internal_count=41 32 14 18 7 9 11 11 8 6 7
is_linear=0
shrinkage=0.05


Tree=43
num_leaves=12
num_cat=0
split_feature=60 3 12 73 1 78 27 53 43 10 43
split_gain=0.282052 0.325066 0.124365 0.101907 0.116431 0.0360069 0.0353685 0.033632 0.0149141 0.0074086 0.00268282
threshold=-0.79721040112886554 -0.37996549592148587 -1.1170645406708355 -0.21132093168638483 -0.41170648260761583 0.32068485486684156 -0.16916832142131538 -0.14481749218138013 -0.43235999795456559 -0.18650719772965199 0.20174397159744292
decision_type=2 2 2 2 2 2 2 2 2 2 2
left_child=5 2 -2 4 -3 9 -4 10 -8 -1 -5
right_child=1 3 6 7 -6 -7 8 -9 -10 -11 -12
leaf_value=0.008299132684866586 -0.0055089985951781275 0.005518477999915678 0.0013460489610830943 -0.012582472153007991 -0.0075120969675481321 0.0033472519988814982 0.0093843248486518843 -0.0059874651953577924 0.004925012961030005 0.011813057710727061 -0.01060448015729586
leaf_weight=3 2.9999999999999991 3 2.9999999999999991 3.9999999999999973 3.9999999999999991 3 5 4.0000000000000044 3 2.9999999999999982 3
leaf_count=3 3 3 3 4 4 3 5 4 3 3 3
internal_value=-5.6788e-11 -0.00219932 0.00351484 -0.00664367 -0.00192756 0.00781981 0.00597589 -0.00964484 0.00771208 0.0100561 -0.0117348
internal_weight=41 32 14 18 7 9 11 11 8 6 7
internal_count=41 32 14 18 7 9 11 11 8 6 7
is_linear=0
shrinkage=0.05


Tree=44
num_leaves=12
num_cat=0
split_feature=60 3 12 73 1 78 86 53 42 10 43
split_gain=0.254552 0.293372 0.11224 0.0919714 0.105079 0.0324962 0.0321354 0.0303529 0.0139723 0.00668627 0.00242125
threshold=-0.79721040112886554 -0.37996549592148587 -1.1170645406708355 -0.21132093168638483 -0.41170648260761583 0.32068485486684156 0.85531612523607958 -0.14481749218138013 -0.36741044717360277 -0.18650719772965199 0.20174397159744292
decision_type=2 2 2 2 2 2 2 2 2 2 2
left_child=5 2 -2 4 -3 9 8 10 -4 -1 -5
right_child=1 3 6 7 -6 -7 -8 -9 -10 -11 -12
leaf_value=0.0078841758271058389 -0.0052335487368206186 0.0052425544864187629 0.0046343988428513205 -0.011953348852694041 -0.0071364922448992731 0.0031798894206682832 0.0012639338771502173 -0.0056880918331444191 0.0089506143331527701 0.01122240523497264 -0.010074255863825479
leaf_weight=3 2.9999999999999991 3 2.9999999999999991 3.9999999999999973 3.9999999999999991 3 3 4.0000000000000044 4.9999999999999991 2.9999999999999982 3
leaf_count=3 3 3 3 4 4 3 3 4 5 3 3
internal_value=-1.93079e-11 -0.00208936 0.0033391 -0.00631149 -0.00183119 0.00742882 0.0056771 -0.00916259 0.00733203 0.00955329 -0.011148
internal_weight=41 32 14 18 7 9 11 11 8 6 7
internal_count=41 32 14 18 7 9 11 11 8 6 7
is_linear=0
shrinkage=0.05


Tree=45
num_leaves=12
num_cat=0
split_feature=60 31 88 81 66 21 85 32 24 64 33
split_gain=0.229733 0.26741 0.103595 0.0925657 0.0523354 0.0403369 0.0386875 0.0295421 0.00597846 0.00225403 0.000793819
threshold=-0.79721040112886554 -0.22559576834473472 0.60325060325090507 0.50506800921698547 1.0000000180025095e-35 0.66108656787043818 -0.48131077215812995 0.60835032721315629 0.64286568603343619 0.15306972653340764 0.93914265483505155
decision_type=2 2 2 2 2 2 2 2 2 2 2
left_child=7 3 4 5 6 9 -3 8 -1 -2 -6
right_child=1 2 -4 -5 10 -7 -8 -9 -10 -11 -12
leaf_value=0.010661284625530246 0.008707660622894766 -0.0080178614705801055 0.00041226871311664579 -0.0041622182354331015 -0.012077144781748456 0.0010009896320601302 -0.00083570438437163656 0.0030061737944682434 0.0075046882033348063 0.0068946180244286838 -0.010926913718382515
leaf_weight=2.9999999999999982 3.9999999999999982 4.9999999999999964 4.9999999999999991 2.9999999999999991 2.9999999999999991 3 3.0000000000000053 3 3 3 3
leaf_count=3 4 5 5 3 3 3 3 3 3 3 3
internal_value=-4.42946e-11 -0.00198489 -0.00576564 0.00354083 -0.00797204 0.00585175 -0.00532455 0.00705738 0.00908299 0.00793064 -0.011502
internal_weight=41 32 19 13 14 10 8 9 6 7 6
internal_count=41 32 19 13 14 10 8 9 6 7 6
is_linear=0
shrinkage=0.05


Tree=46
num_leaves=12
num_cat=0
split_feature=60 3 12 73 1 27 30 78 43 8 45
split_gain=0.207334 0.24165 0.0919451 0.078632 0.0902466 0.0278133 0.0275221 0.0275031 0.0104035 0.00561123 0.00352298
threshold=-0.79721040112886554 -0.37996549592148587 -1.1170645406708355 -0.21132093168638483 -0.41170648260761583 -0.16916832142131538 -1.0000000180025095e-35 0.32068485486684156 -0.43235999795456559 -0.16845927682153791 -0.86593195655414046
decision_type=2 2 2 2 2 2 2 2 2 2 2
left_child=7 2 -2 4 -3 -4 10 9 -7 -1 -5
right_child=1 3 5 6 -6 8 -8 -9 -10 -11 -12
leaf_value=0.007129907608032224 -0.0047178982136150205 0.0049806127635141206 0.0010515224188566209 -0.0085307737191518199 -0.0064915100112557418 0.0080934873223304747 -0.0042696881418426763 0.0027956110735734298 0.0043690565973520269 0.010188021014134093 -0.010698102116584778
leaf_weight=3 2.9999999999999991 3 2.9999999999999991 2.9999999999999973 3.9999999999999991 5 3.0000000000000044 3 3 2.9999999999999982 5
leaf_count=3 3 3 3 3 4 5 3 3 3 3 5
internal_value=4.54304e-12 -0.00188564 0.00304111 -0.00571756 -0.00157489 0.0051572 -0.00835381 0.00670451 0.00669683 0.00865896 -0.00988535
internal_weight=41 32 14 18 7 11 11 9 8 6 8
internal_count=41 32 14 18 7 11 11 9 8 6 8
is_linear=0
shrinkage=0.05


Tree=47
num_leaves=12
num_cat=0
split_feature=60 31 88 81 7 21 49 66 10 24 1
split_gain=0.187119 0.223123 0.0880952 0.0770108 0.0460612 0.031682 0.0257905 0.0117941 0.00525458 0.00164102 0.000763968
threshold=-0.79721040112886554 -0.22559576834473472 0.60325060325090507 0.50506800921698547 -1.0000000180025095e-35 0.66108656787043818 -1.0000000180025095e-35 1.0000000180025095e-35 -1.0000000180025095e-35 0.82316361326718435 1.0000000180025095e-35
decision_type=2 2 2 2 2 2 2 2 2 2 2
left_child=6 3 4 5 7 9 -1 -3 -8 -2 -9
right_child=1 2 -4 -5 -6 -7 8 10 -10 -11 -12
leaf_value=0.0025840458770593003 0.0065433466807007807 -0.0069903503172099634 0.00045214310288429257 -0.0037699914226929348 -0.00274489231233019 0.0010649459436535833 0.0067822438975175207 -0.0099312293032805116 0.0097415725390116413 0.0080903281768163037 -0.01105962644020716
leaf_weight=3 3.9999999999999982 3.9999999999999964 4.9999999999999991 2.9999999999999991 4.0000000000000044 3 3 3 2.9999999999999982 3 3
leaf_count=3 4 4 5 3 4 3 3 3 3 3 3
internal_value=-1.16415e-11 -0.00179136 -0.00524489 0.00325609 -0.00727954 0.00536392 0.00636929 -0.0090934 0.00826191 0.00720634 -0.0104954
internal_weight=41 32 19 13 14 10 9 10 6 7 6
internal_count=41 32 19 13 14 10 9 10 6 7 6
is_linear=0
shrinkage=0.05


Tree=48
num_leaves=12
num_cat=0
split_feature=34 14 37 74 39 46 9 78 42 14 8
split_gain=0.171371 0.206958 0.112275 0.078355 0.10471 0.0390282 0.0200409 0.0106522 0.00796529 0.00354121 0.00142246
threshold=0.7033273665498142 1.1205564647595587 -1.3793881901517298 -0.14562624662257653 0.19538089543856388 -0.74473443417610519 -0.36454500721419214 -1.0000000180025095e-35 0.42342200793948565 -0.1471010844542322 -0.26770797591583412
decision_type=2 2 2 2 2 2 2 2 2 2 2
left_child=2 6 -1 7 5 -5 10 9 -7 -4 -2
right_child=1 -3 3 4 -6 8 -8 -9 -10 -11 -12
leaf_value=-0.0067918868114550841 -0.0084541810055573773 0.0071516364812850954 0.0071575532356897972 -0.00068913022987544521 -0.0071003270645936326 0.0037820400670170794 -0.0048406476707896218 0.0047232521076997084 0.0069374509155750268 0.0095869590838750171 -0.0098944677039980861
leaf_weight=3.0000000000000027 2.9999999999999991 2.9999999999999991 3 4 2.9999999999999991 3.9999999999999982 3.9999999999999991 3.0000000000000018 4 3 4
leaf_count=3 3 3 3 4 3 4 4 3 4 3 4
internal_value=-9.93789e-12 -0.00448915 0.00232771 0.00346766 0.0012547 0.00334345 -0.00766391 0.00715592 0.00535975 0.00837226 -0.0092772
internal_weight=41 14 27 24 15 12 11 9 8 6 7
internal_count=41 14 27 24 15 12 11 9 8 6 7
is_linear=0
shrinkage=0.05


Tree=49
num_leaves=12
num_cat=0
split_feature=34 14 27 36 78 28 77 9 45 80 8
split_gain=0.154662 0.186779 0.102665 0.0777069 0.0720565 0.037338 0.0226689 0.0180869 0.00666709 0.00241466 0.00128377
threshold=0.7033273665498142 1.1205564647595587 -0.16916832142131538 -0.4884421823307819 1.103553955979192 1.2292192540499796 1.0000000180025095e-35 -0.36454500721419214 -0.2610778094953512 -0.55238300964591514 -0.26770797591583412
decision_type=2 2 2 2 2 2 2 2 2 2 2
left_child=2 7 3 -1 5 8 -7 10 -4 -10 -2
right_child=1 -3 4 -5 -6 6 -8 -9 9 -11 -12
leaf_value=-0.0075624913908541192 -0.0080314720670382183 0.0067940545578797657 0.009036861360073074 0.0030828123601774338 -0.0031088676303625109 0.0051966420685251556 -0.00095001738518476456 -0.0045986152137629686 0.0051514764626820813 0.0069457869231700931 -0.0093997443094849566
leaf_weight=4 2.9999999999999991 2.9999999999999991 3.0000000000000044 3.0000000000000027 2.9999999999999991 2.9999999999999991 3 3.9999999999999991 3.0000000000000036 4.9999999999999964 4
leaf_count=4 3 3 3 3 3 3 3 4 3 5 4
internal_value=3.40728e-12 -0.00426469 0.00221132 -0.00300022 0.00403536 0.00529611 0.00212331 -0.00728071 0.00702672 0.00627292 -0.00881334
internal_weight=41 14 27 7 20 17 6 11 11 8 7
internal_count=41 14 27 7 20 17 6 11 11 8 7
is_linear=0
shrinkage=0.05


Tree=50
num_leaves=12
num_cat=0
split_feature=60 31 73 15 81 25 21 32 24 16 21
split_gain=0.141499 0.165462 0.0702941 0.0841162 0.0589176 0.0316688 0.0231578 0.0189184 0.00397203 0.00167219 0.00121663
threshold=-0.79721040112886554 -0.22559576834473472 -0.21132093168638483 0.089490473385022404 0.50506800921698547 -0.14871204340998218 0.66108656787043818 0.60835032721315629 0.64286568603343619 0.55664355447904434 0.297871258133734
decision_type=2 2 2 2 2 2 2 2 2 2 2
left_child=7 4 3 -3 6 9 10 8 -1 -4 -2
right_child=1 2 5 -5 -6 -7 -8 -9 -10 -11 -12
leaf_value=0.0084461520115534493 0.0054465334862470642 -0.0060925834812223904 -0.0082082770764827766 0.004161449417006224 -0.0033567004526654878 -0.0027443327009677842 0.00095708447818954761 0.0022967558354139322 0.0058732074995835604 -0.0097014548877874997 0.0067785466089844695
leaf_weight=2.9999999999999982 2.9999999999999982 4 4.9999999999999973 4 2.9999999999999991 3.0000000000000044 3 3 3 3 4
leaf_count=3 3 4 5 4 3 3 3 3 3 3 4
internal_value=1.47649e-11 -0.00155776 -0.00453175 -0.000965567 0.00278884 -0.00712534 0.0046325 0.00553871 0.00715968 -0.00876822 0.00620768
internal_weight=41 32 19 8 13 11 10 9 6 8 7
internal_count=41 32 19 8 13 11 10 9 6 8 7
is_linear=0
shrinkage=0.05


Tree=51
num_leaves=12
num_cat=0
split_feature=60 5 71 86 66 60 36 10 8 9 0
split_gain=0.128574 0.113925 0.135839 0.101035 0.0278378 0.0266536 0.016174 0.00919396 0.00669454 0.00169243 0.000103922
threshold=1.094402299754244 -0.042406543651037472 0.23128470323138781 1.0000000180025095e-35 -1.0000000180025095e-35 0.16056028358114319 -0.2324660938463031 -0.027248473057771949 -0.16845927682153791 -0.33009340362160799 0.81783464012756568
decision_type=2 2 2 2 2 2 2 2 2 2 2
left_child=1 2 5 7 -2 8 -7 -3 9 10 -1
right_child=4 3 -4 -5 -6 6 -8 -9 -10 -11 -12
leaf_value=0.0058455081035693468 -0.0025299541652202603 -0.004444616163770356 -0.0066493404408295952 0.0034244680311530822 -0.0089015111327171333 0.0047729233279824243 0.0002765388693660498 -0.0081062907353043577 0.008296105265617356 0.0045991074293851844 0.0062616847455501546
leaf_weight=3 3 3 2.9999999999999991 4 3.9999999999999991 4.0000000000000009 3.9999999999999991 3.9999999999999982 3.0000000000000044 3 3
leaf_count=3 3 3 3 4 4 4 4 4 3 3 3
internal_value=-5.45164e-11 0.00127047 0.00327205 -0.00291465 -0.00617084 0.00476025 0.00252473 -0.006537 0.0062506 0.00556877 0.0060536
internal_weight=41 34 23 11 7 20 8 7 12 9 6
internal_count=41 34 23 11 7 20 8 7 12 9 6
is_linear=0
shrinkage=0.05


Tree=52
num_leaves=11
num_cat=0
split_feature=60 3 12 86 75 49 27 78 2 8
split_gain=0.116656 0.137405 0.0560923 0.0486719 0.0246307 0.0165284 0.0153164 0.00457272 0.00391056 0.00358551
threshold=-0.79721040112886554 -0.37996549592148587 -1.1170645406708355 -1.0000000180025095e-35 0.038081328693971475 -1.0000000180025095e-35 -0.16916832142131538 -0.53491940671093674 0.83005469575250879 -0.16845927682153791
decision_type=2 2 2 2 2 2 2 2 2 2
left_child=5 2 -2 4 8 -1 -4 -8 -3 -7
right_child=1 3 6 -5 -6 9 7 -9 -10 -11
leaf_value=0.0019987789293130233 -0.0037596223875880244 -0.0080971884727478044 0.000906721999247869 -0.00011155209504067889 -0.0019428431987762451 0.0053218819200992577 0.0035527503117918956 0.0060219529271125782 -0.0061196747422218312 0.0077664361645778043
leaf_weight=3 2.9999999999999991 4.9999999999999982 2.9999999999999991 5.0000000000000027 2.9999999999999991 3 3 5 5 2.9999999999999982
leaf_count=3 3 5 3 5 3 3 3 5 5 3
internal_value=-1.70364e-11 -0.00141442 0.00230067 -0.00430392 -0.00591637 0.00502903 0.00395347 0.005096 -0.00710843 0.00654416
internal_weight=41 32 14 18 13 9 11 8 10 6
internal_count=41 32 14 18 13 9 11 8 10 6
is_linear=0
shrinkage=0.05


Tree=53
num_leaves=12
num_cat=0
split_feature=60 5 71 86 66 60 36 10 8 9 0
split_gain=0.107868 0.0948925 0.113913 0.0850547 0.0248155 0.0220304 0.0128917 0.00725054 0.00526417 0.00160787 0.000191998
threshold=1.094402299754244 -0.042406543651037472 0.23128470323138781 1.0000000180025095e-35 -1.0000000180025095e-35 0.16056028358114319 -0.2324660938463031 -0.027248473057771949 -0.16845927682153791 -0.33009340362160799 0.81783464012756568
decision_type=2 2 2 2 2 2 2 2 2 2 2
left_child=1 2 5 7 -2 8 -7 -3 9 10 -1
right_child=4 3 -4 -5 -6 6 -8 -9 -10 -11 -12
leaf_value=0.0052932884544134133 -0.0022145792841911311 -0.004121323054035504 -0.0060950376093387611 0.0031603473704308266 -0.0082303348928689964 0.0043279848527163246 0.00031368754571303725 -0.007373046129941942 0.0075220530231793594 0.0041584430883328111 0.0058589703092972421
leaf_weight=3 3 3 2.9999999999999991 4 3.9999999999999991 4.0000000000000009 3.9999999999999991 3.9999999999999982 3.0000000000000044 3 3
leaf_count=3 3 3 3 4 4 4 4 4 3 3 3
internal_value=-5.6788e-12 0.00116368 0.00299043 -0.00265589 -0.00565215 0.00435325 0.00232084 -0.00597945 0.00570819 0.00510357 0.00557613
internal_weight=41 34 23 11 7 20 8 7 12 9 6
internal_count=41 34 23 11 7 20 8 7 12 9 6
is_linear=0
shrinkage=0.05


Tree=54
num_leaves=12
num_cat=0
split_feature=60 5 71 86 66 60 36 10 8 9 0
split_gain=0.0973505 0.0856405 0.102807 0.0767619 0.022396 0.0198824 0.0116347 0.00654361 0.00475091 0.0014511 0.000173278
threshold=1.094402299754244 -0.042406543651037472 0.23128470323138781 1.0000000180025095e-35 -1.0000000180025095e-35 0.16056028358114319 -0.2324660938463031 -0.027248473057771949 -0.16845927682153791 -0.33009340362160799 0.81783464012756568
decision_type=2 2 2 2 2 2 2 2 2 2 2
left_child=1 2 5 7 -2 8 -7 -3 9 10 -1
right_child=4 3 -4 -5 -6 6 -8 -9 -10 -11 -12
leaf_value=0.0050286239633957532 -0.0021038502454757686 -0.0039152568827072768 -0.0057902856419483825 0.0030023300088942045 -0.0078188182786107074 0.0041115856729447824 0.00029800315387547017 -0.0070043939165771027 0.0071459500739971676 0.0039505209773778903 0.0055660218000411973
leaf_weight=3 3 3 2.9999999999999991 4 3.9999999999999991 4.0000000000000009 3.9999999999999991 3.9999999999999982 3.0000000000000044 3 3
leaf_count=3 3 3 3 4 4 4 4 4 3 3 3
internal_value=-3.18013e-11 0.00110549 0.00284091 -0.00252309 -0.00536955 0.00413559 0.00220479 -0.00568048 0.00542278 0.00484839 0.00529732
internal_weight=41 34 23 11 7 20 8 7 12 9 6
internal_count=41 34 23 11 7 20 8 7 12 9 6
is_linear=0
shrinkage=0.05


Tree=55
num_leaves=12
num_cat=0
split_feature=60 80 34 63 64 52 26 28 32 18 28
split_gain=0.0878588 0.0774551 0.0801863 0.045789 0.0293588 0.0207175 0.0115559 0.0111557 0.0051112 0.0026622 0.000246761
threshold=1.094402299754244 -0.6124628168910774 0.33660735032600336 0.33337157392123112 0.68705283807818596 0.53893630079474963 -0.4191161141795739 1.0000000180025095e-35 0.86987905957234979 -0.20263654042245971 -0.10480116582198383
decision_type=2 2 2 2 2 2 2 2 2 2 2
left_child=1 2 7 4 8 -2 -4 -1 9 -3 -11
right_child=5 3 6 -5 -6 -7 -8 -9 -10 10 -12
leaf_value=0.0047232542186975484 -0.0074567684903740885 0.0069936813165744132 -0.0026259261338661098 -0.0026481924268106621 0.00030599590390920642 -0.0019601362446943914 -0.0065512163192033767 0.00041130911558866494 0.0033943949267268183 0.0054705240763723842 0.0048706407348314829
leaf_weight=2.9999999999999991 3.9999999999999991 3 3.0000000000000009 2.9999999999999991 3.9999999999999991 3 4.9999999999999991 3 2.9999999999999991 4 3.0000000000000053
leaf_count=3 4 3 3 3 4 3 5 3 3 4 3
internal_value=2.15794e-11 0.00105022 -0.00180215 0.00304688 0.0040519 -0.00510107 -0.00507923 0.00256728 0.00520448 0.00574751 0.00521343
internal_weight=41 34 14 20 17 7 8 6 13 10 7
internal_count=41 34 14 20 17 7 8 6 13 10 7
is_linear=0
shrinkage=0.05


Tree=56
num_leaves=11
num_cat=0
split_feature=60 3 31 86 75 78 33 53 3 21
split_gain=0.0795546 0.0960967 0.0416067 0.0336706 0.0172452 0.0123671 0.0113879 0.00311088 0.00284879 0.000352783
threshold=-0.79721040112886554 -0.37996549592148587 -0.22559576834473472 -1.0000000180025095e-35 0.038081328693971475 0.32068485486684156 0.1711166209443867 -0.28275665499661323 0.63772163136932358 0.297871258133734
decision_type=2 2 2 2 2 2 2 2 2 2
left_child=5 2 6 4 7 8 9 -3 -1 -2
right_child=1 3 -4 -5 -6 -7 -8 -9 -10 -11
leaf_value=0.0043741222470998781 0.0044475127011537564 -0.006804956495761876 -0.003280613198876381 -9.7531452775001464e-05 -0.0016007736325263978 0.0015318369492888445 0.0015999760292470452 -0.0050411885231733296 0.0065531097352504722 0.0052143059670925127
leaf_weight=2.9999999999999982 2.9999999999999982 4.9999999999999964 2.9999999999999991 5.0000000000000027 2.9999999999999991 3 5 5.0000000000000018 3 3
leaf_count=3 3 5 3 5 3 3 5 5 3 3
internal_value=2.27152e-12 -0.00116804 0.00193882 -0.00358448 -0.00492562 0.00415302 0.0033623 -0.00592307 0.00546362 0.00483091
internal_weight=41 32 14 18 13 9 11 10 6 6
internal_count=41 32 14 18 13 9 11 10 6 6
is_linear=0
shrinkage=0.05


Tree=57
num_leaves=11
num_cat=0
split_feature=60 5 85 6 27 66 40 10 34 7
split_gain=0.0736947 0.0682022 0.0522436 0.0356425 0.0187967 0.0187252 0.0135892 0.00500097 0.00350647 0.000261593
threshold=1.094402299754244 1.0000000180025095e-35 -0.75231084124509529 0.37666235321814434 -0.16916832142131538 -1.0000000180025095e-35 -1.2466339109171496 -0.027248473057771949 0.33660735032600336 -0.36569196616769345
decision_type=2 2 2 2 2 2 2 2 2 2
left_child=1 2 -1 7 -4 -2 -6 -3 9 -8
right_child=5 3 4 -5 6 -7 8 -9 -10 -11
leaf_value=-0.0029316847212612629 -0.0016857301195462541 -0.0035518943021694812 0.00021916530095040783 0.0016794068117936449 0.0018386304005980467 -0.0069113959558308128 0.0047490810975432361 -0.0064389251172542591 0.0064215480039517096 0.0042065936326980621
leaf_weight=3.9999999999999991 3 3 4.0000000000000027 3 5.0000000000000062 3.9999999999999991 4.0000000000000027 2.9999999999999982 2.9999999999999991 4.9999999999999956
leaf_count=4 3 3 4 3 5 4 4 3 3 5
internal_value=-2.72582e-11 0.000961846 0.00230548 -0.00277047 0.00330304 -0.00467182 0.00402865 -0.00499541 0.00494116 0.0044477
internal_weight=41 34 25 9 21 7 17 6 12 9
internal_count=41 34 25 9 21 7 17 6 12 9
is_linear=0
shrinkage=0.05


Tree=58
num_leaves=12
num_cat=0
split_feature=60 5 85 6 52 27 40 10 34 36 42
split_gain=0.0665094 0.0615525 0.0471499 0.0321674 0.0173071 0.0169641 0.0122643 0.00451337 0.00316459 0.000238116 0.000106971
threshold=1.094402299754244 1.0000000180025095e-35 -0.75231084124509529 0.37666235321814434 0.53893630079474963 -0.16916832142131538 -1.2466339109171496 -0.027248473057771949 0.33660735032600336 -0.075226369772536092 0.12786718868547098
decision_type=2 2 2 2 2 2 2 2 2 2 2
left_child=1 2 -1 7 -2 -4 -7 -3 9 -8 -11
right_child=4 3 5 -5 -6 6 8 -9 -10 10 -12
leaf_value=-0.0027851005084812645 -0.0065913304686546327 -0.003374299655357996 0.00020820706849917754 0.0015954365332921342 -0.0015674379964669542 0.0017466989159584023 0.0045890267938375421 -0.006116978824138644 0.0061004704485336939 0.0042545774330695523 0.0038323383778333651
leaf_weight=3.9999999999999991 3.9999999999999991 3 4.0000000000000027 3 3 5.0000000000000062 3.0000000000000027 2.9999999999999982 2.9999999999999991 2.9999999999999956 3
leaf_count=4 4 3 4 3 3 5 3 3 3 3 3
internal_value=-4.20231e-11 0.000913754 0.00219021 -0.00263195 -0.00443823 0.00313788 0.00382722 -0.00474564 0.0046941 0.00422531 0.00404346
internal_weight=41 34 25 9 7 21 17 6 12 9 6
internal_count=41 34 25 9 7 21 17 6 12 9 6
is_linear=0
shrinkage=0.05


Tree=59
num_leaves=11
num_cat=0
split_feature=2 60 1 72 38 33 38 0 30 25
split_gain=0.0610051 0.0583263 0.0756431 0.0484366 0.0139373 0.00767952 0.00588011 0.0018423 0.00088288 0.000707698
threshold=-0.74174001747287732 1.094402299754244 -0.50298442762762074 0.53215664918212624 0.20387467856347977 -0.33479620672650295 -0.26348979886666951 0.61531171326305711 0.23196065767146562 -0.15876703176308338
decision_type=2 2 2 2 2 2 2 2 2 2
left_child=5 2 4 6 9 8 -4 -3 -1 -2
right_child=1 7 3 -5 -6 -7 -8 -9 -10 -11
leaf_value=0.0045535715296864503 0.0048254410425821927 -0.0065070763230323792 -0.0032458577770739789 0.0026613652706146242 0.00054513695649802683 0.0015016460791230206 -0.0058178453147411319 -0.0047547915329535792 0.0034188762307167048 0.0038095373660325979
leaf_weight=4 3 2.9999999999999991 4 2.9999999999999991 4 4.9999999999999982 5.0000000000000018 3 3 4.0000000000000018
leaf_count=4 3 3 4 3 4 5 5 3 3 4
internal_value=4.54304e-12 -0.00124066 -9.53714e-05 -0.00284071 0.00289955 0.00299826 -0.00467474 -0.00563093 0.00406727 0.00424492
internal_weight=41 29 23 12 11 12 9 6 7 7
internal_count=41 29 23 12 11 12 9 6 7 7
is_linear=0
shrinkage=0.05


Tree=60
num_leaves=11
num_cat=0
split_feature=2 60 10 1 16 64 15 27 0 11
split_gain=0.0550571 0.0526395 0.0698459 0.0522981 0.0149546 0.0120931 0.00693581 0.00357726 0.00166268 0.000795525
threshold=-0.74174001747287732 1.094402299754244 0.53138604960455693 -0.50298442762762074 -0.40769684561482883 0.91706835852050228 0.089490473385022404 -0.26563660646404763 0.61531171326305711 1.0000000180025095e-35
decision_type=2 2 2 2 2 2 2 2 2 2
left_child=6 2 3 4 -2 7 9 -5 -3 -1
right_child=1 8 -4 5 -6 -7 -8 -9 -10 -11
leaf_value=0.0043258929625153552 0.0038371291942894455 -0.0061817223827044174 0.0051373019814491272 -0.0033429924398660615 -0.00083286520093679239 -0.00098551778743664431 0.0014260461926460263 -0.0055269530415534987 -0.0045170519500970828 0.0032487949356436725
leaf_weight=3.9999999999999982 4 2.9999999999999991 4.9999999999999991 3.0000000000000036 3.0000000000000062 2.9999999999999991 5 4.9999999999999982 3 3
leaf_count=4 4 3 5 3 3 3 5 5 3 3
internal_value=-4.54304e-12 -0.00117863 -9.06028e-05 -0.0015428 0.0018357 -0.00369275 0.00284835 -0.00470797 -0.00534939 0.00386428
internal_weight=41 29 23 18 7 11 12 8 6 7
internal_count=41 29 23 18 7 11 12 8 6 7
is_linear=0
shrinkage=0.05


Tree=61
num_leaves=11
num_cat=0
split_feature=60 3 12 15 7 79 85 53 78 1
split_gain=0.049782 0.0595944 0.02834 0.0237826 0.0162714 0.00917186 0.0074103 0.00184669 0.00075904 0.00010044
threshold=-0.79721040112886554 -0.37996549592148587 -1.1170645406708355 0.87893450781645655 -1.0000000180025095e-35 -0.67220296031655657 -0.037467314844353013 -0.14481749218138013 -0.19094330002939952 -0.41170648260761583
decision_type=2 2 2 2 2 2 2 2 2 2
left_child=5 2 -2 4 7 -1 -4 9 -8 -3
right_child=1 3 6 -5 -6 -7 8 -9 -10 -11
leaf_value=0.0015006798319518564 -0.0027850006086130937 -0.0051543703923622817 0.00098071934189647436 0.0012370290855566661 -0.001310798320919274 0.0047128980606794373 0.0030772851780056956 -0.0039719894062727685 0.0041293943300843234 -0.0055635151763757055
leaf_weight=4 2.9999999999999991 2.9999999999999964 3.9999999999999991 2.9999999999999991 5.0000000000000044 4.9999999999999982 2.9999999999999991 4 4 3
leaf_count=4 3 3 4 3 5 5 3 4 4 3
internal_value=-1.59006e-11 -0.000923975 0.00152266 -0.00282692 -0.00363971 0.00328525 0.00269748 -0.00480416 0.00367849 -0.00535894
internal_weight=41 32 14 18 15 9 11 10 7 6
internal_count=41 32 14 18 15 9 11 10 7 6
is_linear=0
shrinkage=0.05


Tree=62
num_leaves=11
num_cat=0
split_feature=60 24 39 63 29 66 17 16 27 26
split_gain=0.0459439 0.0439269 0.0519379 0.0290624 0.0161517 0.0130599 0.00518563 0.00256428 0.00212387 0.00102347
threshold=1.094402299754244 1.0000000180025095e-35 0.097871991666222694 0.33337157392123112 0.1809514937462057 -1.0000000180025095e-35 0.14826395812449597 0.10575727134121447 0.13485984868228248 0.71339678803145223
decision_type=2 2 2 2 2 2 2 2 2 2
left_child=1 2 -1 6 8 -2 9 -8 -4 -3
right_child=5 3 4 -5 -6 -7 7 -9 -10 -11
leaf_value=0.0030785954464226961 -0.001194986949364344 0.0018349255202338083 -0.0031888969242572793 -0.0020385949561993284 6.1338953673839553e-05 -0.0055591215379536159 0.0053776476532220834 0.0035285815596580502 -0.0048717007040977476 0.0030566268290082607
leaf_weight=4.9999999999999991 3 4.0000000000000027 2.9999999999999982 2.9999999999999991 3 3.9999999999999991 3 5 5 3
leaf_count=5 3 4 3 3 3 4 3 5 5 3
internal_value=3.06655e-11 0.000759454 -0.00114676 0.00245387 -0.00306738 -0.00368878 0.00335236 0.00422198 -0.00424065 0.00235851
internal_weight=41 34 16 18 11 7 15 8 8 7
internal_count=41 34 16 18 11 7 15 8 8 7
is_linear=0
shrinkage=0.05


Tree=63
num_leaves=12
num_cat=0
split_feature=60 80 34 5 87 18 26 28 70 39 6
split_gain=0.0414644 0.0401518 0.0376038 0.0260885 0.0120902 0.0112541 0.00589973 0.00492516 0.00490453 0.00130515 0.000210224
threshold=1.094402299754244 -0.6124628168910774 0.33660735032600336 -1.0000000180025095e-35 0.42461049097032288 1.3404381555685008 -0.4191161141795739 1.0000000180025095e-35 1.0000000180025095e-35 0.078622151690724049 -0.34375851814141162
decision_type=2 2 2 2 2 2 2 2 2 2 2
left_child=1 2 7 5 -2 8 -4 -1 -3 -10 -11
right_child=4 3 6 -5 -6 -7 -8 -9 9 10 -12
leaf_value=0.0030925323565800986 -0.0011049118513862292 0.0054721162964900339 -0.0018234218160311372 -0.0014526245184242714 -0.0053039096295833576 0.00030155753095944724 -0.0046281157433986668 0.00022746566683053962 0.0022945224928359199 0.0038574151694774662 0.0033037219662219253
leaf_weight=2.9999999999999991 2.9999999999999991 2.9999999999999991 3.0000000000000009 4.0000000000000027 4 2.9999999999999991 4.9999999999999991 3 2.9999999999999982 2.9999999999999964 4.0000000000000036
leaf_count=3 3 3 3 4 4 3 5 3 3 3 4
internal_value=2.27152e-12 0.000721482 -0.0013322 0.00215906 -0.00350434 0.00306198 -0.00357636 0.00166 0.003699 0.00316707 0.00354102
internal_weight=41 34 14 20 7 16 8 6 13 10 7
internal_count=41 34 14 20 7 16 8 6 13 10 7
is_linear=0
shrinkage=0.05


Tree=64
num_leaves=12
num_cat=0
split_feature=2 1 60 49 38 33 22 10 29 14 29
split_gain=0.0380925 0.0378167 0.0442847 0.0277068 0.00786297 0.00538997 0.00440928 0.00275005 0.000719634 0.000630909 0.000295436
threshold=-0.74174001747287732 -0.50298442762762074 1.094402299754244 0.59068691653090533 0.20387467856347977 -0.33479620672650295 -0.30503181777029448 -0.027248473057771949 0.1809514937462057 1.1205564647595587 0.10420437847348581
decision_type=2 2 2 2 2 2 2 2 2 2 2
left_child=5 2 4 6 9 8 -3 10 -1 -2 -8
right_child=1 3 -4 -5 -6 -7 7 -9 -10 -11 -12
leaf_value=0.0037038567475974555 0.0029565844219177971 -0.0054592246810595234 -0.0044962192575136789 0.0015731058393915487 0.00058872378431260573 0.0011154016293585304 -0.0029786424090464938 -0.0044818537930647467 0.0026794223735729845 0.0039157904684543601 -0.0022769348695874207
leaf_weight=4 3.9999999999999982 2.9999999999999973 3.0000000000000009 3.0000000000000009 4 4.9999999999999982 2.9999999999999964 3.0000000000000036 3 3 3
leaf_count=4 4 3 3 3 4 5 3 3 3 3 3
internal_value=-2.49867e-11 -0.000980369 0.000888568 -0.00272471 0.00235715 0.00236923 -0.00379916 -0.00324581 0.00326481 0.00336767 -0.00262779
internal_weight=41 29 14 15 11 12 12 9 7 7 6
internal_count=41 29 14 15 11 12 12 9 7 7 6
is_linear=0
shrinkage=0.05


Tree=65
num_leaves=11
num_cat=0
split_feature=60 3 41 15 7 89 17 40 7 67
split_gain=0.0348745 0.042009 0.021738 0.0170078 0.0115602 0.00797002 0.00692141 0.0012738 0.000657497 0.000219055
threshold=-0.79721040112886554 -0.37996549592148587 1.3095641668621947 0.87893450781645655 -1.0000000180025095e-35 -0.63801057478701384 0.33578982455603085 0.59231307091017282 -0.36569196616769345 -0.073555092011320503
decision_type=2 2 2 2 2 2 2 2 2 2
left_child=6 2 5 4 7 -2 -1 9 -7 -3
right_child=1 3 -4 -5 -6 8 -8 -9 -10 -11
leaf_value=0.0011994539294391876 0.00011194491138060888 -0.0047322994718949039 -0.0024918701499700548 0.0010656633724768958 -0.0010953802336007346 0.0034850302338600156 0.0039899004623293868 -0.0031778945277134568 0.0025487276415030154 -0.004167095758020877
leaf_weight=3.9999999999999982 2.9999999999999991 2.9999999999999964 2.9999999999999991 2.9999999999999991 5.0000000000000044 5 5 3 3 4
leaf_count=4 3 3 3 3 5 5 5 3 3 4
internal_value=7.95031e-12 -0.000773354 0.00128083 -0.00237105 -0.00305839 0.00230974 0.0027497 -0.0040399 0.00313392 -0.00440933
internal_weight=41 32 14 18 15 11 9 10 8 7
internal_count=41 32 14 18 15 11 9 10 8 7
is_linear=0
shrinkage=0.05


Tree=66
num_leaves=12
num_cat=0
split_feature=60 24 39 63 29 52 59 36 27 17 62
split_gain=0.0320667 0.0312868 0.0374987 0.0208577 0.0116509 0.0101062 0.00407005 0.00140565 0.00135794 0.000773467 0.000141814
threshold=1.094402299754244 1.0000000180025095e-35 0.097871991666222694 0.33337157392123112 0.1809514937462057 0.53893630079474963 -1.0000000180025095e-35 -0.52845248860071514 0.27260691502559004 0.33578982455603085 1.0000000180025095e-35
decision_type=2 2 2 2 2 2 2 2 2 2 2
left_child=1 2 -1 6 8 -2 -3 -8 -4 10 -9
right_child=5 3 4 -5 -6 -7 7 9 -10 -11 -12
leaf_value=0.0026160170417279006 -0.0047270406968891628 0.0044728737324476247 -0.0030981060117483148 -0.0017413846527536709 5.105702827374139e-05 -0.00088799819350242587 0.0033511353656649613 0.0015305606958766758 -0.0044436874488989501 0.0027569200222690893 0.0020167256395022069
leaf_weight=4.9999999999999991 3.9999999999999991 2.9999999999999991 4.9999999999999982 2.9999999999999991 3 3 2.9999999999999973 3.0000000000000036 3 3 3
leaf_count=5 4 3 5 3 3 3 3 3 3 3 3
internal_value=-2.61225e-11 0.000634475 -0.000974271 0.00206447 -0.00260622 -0.00308174 0.00282564 0.00241384 -0.0036027 0.0021014 0.00177364
internal_weight=41 34 16 18 11 7 15 12 8 9 6
internal_count=41 34 16 18 11 7 15 12 8 9 6
is_linear=0
shrinkage=0.05


Tree=67
num_leaves=13
num_cat=0
split_feature=60 5 71 6 25 66 34 34 67 10 73 65
split_gain=0.0289402 0.0286894 0.0239259 0.0152153 0.0127896 0.00963076 0.00820289 0.00617086 0.00174998 0.00154347 0.000139338 9.75581e-05
threshold=1.094402299754244 1.0000000180025095e-35 0.2016032029669034 0.37666235321814434 -0.14357474122842537 -1.0000000180025095e-35 0.85777997987272092 1.0000000180025095e-35 -0.75823192768719461 -0.027248473057771949 -0.063700613963873956 0.13520694392371821
decision_type=2 2 2 2 2 2 2 2 2 2 2 2
left_child=1 2 6 9 -4 -2 7 8 10 -3 -1 -10
right_child=5 3 4 -5 -6 -7 -8 -9 11 -11 -12 -13
leaf_value=0.0019359355171521501 -0.00078613708416620874 -0.0024696999539931611 0.0010301148518919942 0.0010894497235616047 -0.0035868081574638687 -0.0045337845571339136 -5.5824530621369685e-05 0.0048373493055502573 0.0026970122940838297 -0.0040735849489768354 0.0014540327092011749 0.0030742021277546873
leaf_weight=3 3 3 3 3 2.9999999999999991 3.9999999999999991 2.9999999999999991 2.9999999999999991 4.0000000000000053 2.9999999999999982 3.0000000000000036 3
leaf_count=3 3 3 3 3 3 4 3 3 4 3 3 3
internal_value=-9.08607e-12 0.000602751 0.0014742 -0.00181795 -0.00127835 -0.00292765 0.00234343 0.00279329 0.00232158 -0.00327164 0.00169498 0.00285867
internal_weight=41 34 25 9 6 7 19 16 13 6 6 7
internal_count=41 34 25 9 6 7 19 16 13 6 6 7
is_linear=0
shrinkage=0.05


Tree=68
num_leaves=11
num_cat=0
split_feature=60 3 41 15 7 3 89 33 6 67
split_gain=0.0268899 0.0319924 0.0172872 0.013819 0.00806837 0.00577509 0.00574728 0.000861423 0.000593434 7.39926e-05
threshold=-0.79721040112886554 -0.37996549592148587 1.3095641668621947 0.87893450781645655 -1.0000000180025095e-35 0.63772163136932358 -0.63801057478701384 0.55724696650925043 -0.34375851814141162 0.39499991137619112
decision_type=2 2 2 2 2 2 2 2 2 2
left_child=5 2 6 4 7 -1 -2 -3 -8 -9
right_child=1 3 -4 -5 -6 -7 8 9 -10 -11
leaf_value=0.0012816411443054678 0.00016477713361382485 -0.0029445279389619852 -0.0022508183183769389 0.001024485006928444 -0.0010529542248696078 0.0038305587135255333 0.0031616223044693467 -0.0040673808505137755 0.0023003484820947047 -0.0037162099033594118
leaf_weight=4.9999999999999982 2.9999999999999991 3.9999999999999964 2.9999999999999991 2.9999999999999991 5.0000000000000044 4 4 3 4 3
leaf_count=5 3 4 3 3 5 4 4 3 4 3
internal_value=1.13576e-12 -0.000679076 0.00111355 -0.00207334 -0.00269291 0.00241449 0.00203111 -0.00351289 0.00273099 -0.0038918
internal_weight=41 32 14 18 15 9 11 10 8 6
internal_count=41 32 14 18 15 9 11 10 8 6
is_linear=0
shrinkage=0.05


Tree=69
num_leaves=11
num_cat=0
split_feature=60 24 39 63 29 87 51 30 36 39
split_gain=0.0244673 0.0244255 0.0290785 0.0161703 0.00882916 0.0086216 0.00336862 0.000927804 0.000899431 0.000600456
threshold=1.094402299754244 1.0000000180025095e-35 0.097871991666222694 0.33337157392123112 0.1809514937462057 0.42461049097032288 -0.33102071998422694 -0.40302351960654509 -0.52845248860071514 0.11193214171185796
decision_type=2 2 2 2 2 2 2 2 2 2
left_child=1 2 -1 6 7 -2 -3 -4 -8 -10
right_child=5 3 4 -5 -6 -7 8 -9 9 -11
leaf_value=0.002294378448277712 -0.00066570832083622617 0.0039865078404545786 -0.0035888623446226121 -0.0015332996224363647 8.9096526304880755e-06 -0.0042115736752748488 0.0028630426153540629 -0.002476624834040801 0.0014067499898374066 0.0022286462038755414
leaf_weight=4.9999999999999991 2.9999999999999991 2.9999999999999991 4.9999999999999991 2.9999999999999991 3 4 2.9999999999999973 2.9999999999999991 4.0000000000000036 5
leaf_count=5 3 3 5 3 3 4 3 3 4 5
internal_value=-2.95297e-11 0.000554218 -0.000867223 0.00181772 -0.00230431 -0.00269192 0.00248793 -0.00317177 0.00211328 0.00186336
internal_weight=41 34 16 18 11 7 15 8 12 9
internal_count=41 34 16 18 11 7 15 8 12 9
is_linear=0
shrinkage=0.05


Tree=70
num_leaves=13
num_cat=0
split_feature=60 5 71 6 25 66 34 34 67 10 9 6
split_gain=0.0220818 0.0225721 0.0182164 0.0114594 0.00989163 0.00812546 0.0068007 0.0052201 0.00111729 0.00105715 0.000112929 5.66278e-05
threshold=1.094402299754244 1.0000000180025095e-35 0.2016032029669034 0.37666235321814434 -0.14357474122842537 -1.0000000180025095e-35 0.85777997987272092 1.0000000180025095e-35 -0.75823192768719461 -0.027248473057771949 -0.21733934860294632 -0.34375851814141162
decision_type=2 2 2 2 2 2 2 2 2 2 2 2
left_child=1 2 6 9 -4 -2 7 8 10 -3 -1 -10
right_child=5 3 4 -5 -6 -7 -8 -9 11 -11 -12 -13
leaf_value=0.0017499476050337151 -0.00059027553846438714 -0.0022185453524192168 0.00092785855134328184 0.00090249869972467388 -0.0031324430058399834 -0.0040326054207980638 -0.00012664453436930974 0.0043475630382696787 0.0026270653431614203 -0.0035459200541178397 0.0013161102620263875 0.0023396941833198058
leaf_weight=3 3 3 3 3 2.9999999999999991 3.9999999999999991 2.9999999999999991 2.9999999999999991 3.0000000000000036 2.9999999999999982 3.0000000000000036 4.0000000000000018
leaf_count=3 3 3 3 3 3 4 3 3 3 3 3 4
internal_value=2.27152e-12 0.000526507 0.00129949 -0.00162066 -0.00110229 -0.00255732 0.00205794 0.00246755 0.0020337 -0.00288223 0.00153303 0.00246285
internal_weight=41 34 25 9 6 7 19 16 13 6 6 7
internal_count=41 34 25 9 6 7 19 16 13 6 6 7
is_linear=0
shrinkage=0.05


Tree=71
num_leaves=11
num_cat=0
split_feature=60 68 1 71 18 21 3 0 6 5
split_gain=0.0206808 0.0244733 0.0182343 0.0129919 0.0115888 0.00562674 0.00447495 0.0023894 0.00162629 0.000572609
threshold=-0.79721040112886554 0.46959528377766374 -0.41170648260761583 0.2016032029669034 -1.0000000180025095e-35 0.66108656787043818 0.63772163136932358 0.81783464012756568 -0.34375851814141162 -0.042406543651037472
decision_type=2 2 2 2 2 2 2 2 2 2
left_child=6 2 4 5 -2 8 -1 9 -3 -4
right_child=1 3 7 -5 -6 -7 -8 -9 -10 -11
leaf_value=0.0011202478222548963 -0.0018745890663315848 0.0030085550993680953 -0.0042649574577808408 -0.0015637022908776999 0.0025202542543411258 -8.2803020874659206e-05 0.0033639759290963406 -0.0022965425252914422 0.0015360130618015926 -0.0032880497475465081
leaf_weight=4.9999999999999982 3 4.9999999999999991 2.9999999999999973 3.9999999999999991 2.9999999999999991 3 4 5 2.9999999999999991 3.0000000000000044
leaf_count=5 3 5 3 4 3 3 4 5 3 3
internal_value=1.47649e-11 -0.000595536 -0.0018944 0.000876506 0.000322833 0.00176386 0.00211746 -0.00310379 0.00245635 -0.0037765
internal_weight=41 32 17 15 6 11 9 11 8 6
internal_count=41 32 17 15 6 11 9 11 8 6
is_linear=0
shrinkage=0.05


Tree=72
num_leaves=12
num_cat=0
split_feature=60 68 1 71 17 21 49 0 6 55 5
split_gain=0.0186644 0.0220872 0.0164564 0.0117252 0.0104589 0.00507813 0.00434067 0.00215644 0.00146772 0.00133406 0.00051678
threshold=-0.79721040112886554 0.46959528377766374 -0.41170648260761583 0.2016032029669034 0.33578982455603085 0.66108656787043818 -1.0000000180025095e-35 0.81783464012756568 -0.34375851814141162 0.56217704107498567 -0.042406543651037472
decision_type=2 2 2 2 2 2 2 2 2 2 2
left_child=6 2 4 5 -2 8 -1 10 -3 -8 -4
right_child=1 3 7 -5 -6 -7 9 -9 -10 -11 -12
leaf_value=0.00045869142437974597 -0.0017808595672249795 0.0028581273183226584 -0.0040517096718152385 -0.0014855172485113144 0.0023942415292064344 -7.8662764281034456e-05 0.0035335935031374308 -0.002181715406477451 0.0014592123528321586 0.0020424769570430118 -0.0031236474091807949
leaf_weight=3 2.9999999999999991 4.9999999999999991 2.9999999999999973 3.9999999999999991 3 3 2.9999999999999982 5 2.9999999999999991 3 3.0000000000000044
leaf_count=3 3 5 3 4 3 3 3 5 3 3 3
internal_value=-9.08607e-12 -0.000565759 -0.00179968 0.000832681 0.000306691 0.00167566 0.00201159 -0.0029486 0.00233353 0.00278804 -0.00358768
internal_weight=41 32 17 15 6 11 9 11 8 6 6
internal_count=41 32 17 15 6 11 9 11 8 6 6
is_linear=0
shrinkage=0.05


Tree=73
num_leaves=12
num_cat=0
split_feature=60 5 71 71 37 87 61 45 10 65 67
split_gain=0.0174219 0.0170601 0.0139737 0.00933533 0.0076568 0.00645819 0.00533644 0.0047789 0.000706529 0.000378774 0.000345933
threshold=1.094402299754244 1.0000000180025095e-35 0.2016032029669034 0.23128470323138781 0.22391334639158519 0.42461049097032288 0.054020077168172365 -0.31855505247183513 -0.027248473057771949 0.073140366057238046 -0.75823192768719461
decision_type=2 2 2 2 2 2 2 2 2 2 2
left_child=1 2 6 8 -4 -2 7 -1 -3 10 -9
right_child=5 3 4 -5 -6 -7 -8 9 -10 -11 -12
leaf_value=-0.00035769521879653053 -0.00051785707473754887 -0.0019951138645410531 -0.0027500504627823831 0.00087832765032847698 0.00082225079337755816 -0.0035867656581103796 0.0037391237914562226 0.0013990336656570426 -0.0030802631129821152 0.0022610590793192388 0.0020228726789355278
leaf_weight=3.0000000000000062 2.9999999999999991 3 2.9999999999999991 3 3 4 2.9999999999999991 5.0000000000000027 2.9999999999999982 3.9999999999999991 3.9999999999999991
leaf_count=3 3 3 3 3 3 4 3 5 3 4 4
internal_value=5.6788e-12 0.000467666 0.00113967 -0.00139902 -0.0009639 -0.00227152 0.00180396 0.00144111 -0.00253769 0.00185622 0.0016763
internal_weight=41 34 25 9 6 7 19 16 6 13 9
internal_count=41 34 25 9 6 7 19 16 6 13 9
is_linear=0
shrinkage=0.05


Tree=74
num_leaves=11
num_cat=0
split_feature=60 24 39 63 66 29 59 30 82 43
split_gain=0.0157233 0.0159645 0.0193084 0.0102941 0.00615503 0.00559632 0.00240458 0.000464493 0.000391457 0.000154295
threshold=1.094402299754244 1.0000000180025095e-35 0.097871991666222694 0.33337157392123112 -1.0000000180025095e-35 0.1809514937462057 -1.0000000180025095e-35 -0.40302351960654509 -0.087127230593112143 0.20174397159744292
decision_type=2 2 2 2 2 2 2 2 2 2
left_child=1 2 -1 6 -2 7 -3 -4 9 -8
right_child=4 3 5 -5 -6 -7 8 -9 -10 -11
leaf_value=0.0018713967874646187 -0.00044593680649995788 0.003266627217332522 -0.0028616645932197575 -0.001207938293615977 -0.0034419481176882986 -3.4269504249095909e-05 0.0021286312025040398 -0.0020746927708387374 0.0013460822589695439 0.0016542750100294744
leaf_weight=4.9999999999999991 3 2.9999999999999991 4.9999999999999991 2.9999999999999991 3.9999999999999991 3 3.9999999999999973 2.9999999999999991 5.0000000000000044 3
leaf_count=5 3 3 5 3 4 3 4 3 5 3
internal_value=-2.04437e-11 0.000444282 -0.000704889 0.00146577 -0.00215794 -0.00187593 0.00200051 -0.00256655 0.00168398 0.00192534
internal_weight=41 34 16 18 7 11 15 8 12 7
internal_count=41 34 16 18 7 11 15 8 12 7
is_linear=0
shrinkage=0.05


Tree=75
num_leaves=12
num_cat=0
split_feature=60 5 71 6 25 52 61 45 10 65 77
split_gain=0.0141903 0.014426 0.01149 0.007824 0.00653453 0.00588918 0.00474469 0.0040014 0.000538839 0.000307387 0.000315748
threshold=1.094402299754244 1.0000000180025095e-35 0.2016032029669034 0.37666235321814434 -0.14357474122842537 0.53893630079474963 0.054020077168172365 -0.31855505247183513 -0.027248473057771949 0.073140366057238046 0.085695180148828709
decision_type=2 2 2 2 2 2 2 2 2 2 2
left_child=1 2 6 8 -4 -2 7 -1 -3 10 -9
right_child=5 3 4 -5 -6 -7 -8 9 -10 -11 -12
leaf_value=-0.00034574073118468049 -0.0033060152083635333 -0.0018630658586819963 0.00078259905179341605 0.00079040266573429099 -0.0025175341094533605 -0.0003754205380876858 0.0034671050185958543 0.001782894879579543 -0.0028107288603981349 0.0020447899587452412 0.0011868940433487293
leaf_weight=3.0000000000000062 3.9999999999999991 3 3 3 2.9999999999999991 3 2.9999999999999991 5.0000000000000018 2.9999999999999982 3.9999999999999991 4
leaf_count=3 4 3 3 3 3 3 3 5 3 4 4
internal_value=-1.24934e-11 0.000422068 0.00104002 -0.00129446 -0.000867468 -0.00205005 0.00164238 0.00130025 -0.0023369 0.00168009 0.00151801
internal_weight=41 34 25 9 6 7 19 16 6 13 9
internal_count=41 34 25 9 6 7 19 16 6 13 9
is_linear=0
shrinkage=0.05


Tree=76
num_leaves=12
num_cat=0
split_feature=60 45 51 4 42 67 86 55 16 52 19
split_gain=0.0131443 0.0176365 0.0186466 0.00768796 0.0073073 0.000984865 0.000708684 0.00046731 0.000153009 8.36248e-05 1.07185e-05
threshold=1.222149237289613 -0.52688298945428969 -1.5102062311292281 0.8472186218135852 1.1651276190943898 -0.75823192768719461 -0.78710272001059123 -0.88213604831320536 0.10575727134121447 -0.80298328244584616 -0.20604255699229013
decision_type=2 2 2 2 2 2 2 2 2 2 2
left_child=1 2 -1 4 5 8 -4 -7 -3 -9 -11
right_child=-2 3 6 -5 -6 7 -8 9 -10 10 -12
leaf_value=0.0021325400099158286 -0.0027228131657466292 0.00095416369537512299 -0.0029152675066143278 -0.0013237517482290666 -0.00091881410529216139 0.0025284179175893424 -0.0020223682373762134 0.0020377679417530672 0.0014591538347303865 0.0016508047779401126 0.0017758291214704542
leaf_weight=2.9999999999999991 3.9999999999999991 3.0000000000000044 3.9999999999999991 2.9999999999999991 2.9999999999999991 3.0000000000000044 4.9999999999999991 3.0000000000000027 3 3.0000000000000027 3.9999999999999929
leaf_count=3 4 3 4 3 3 3 5 3 3 3 4
internal_value=-1.02218e-11 0.000294358 -0.00128127 0.00105066 0.00137445 0.00173654 -0.00241921 0.0019811 0.00120666 0.0018169 0.00172225
internal_weight=41 37 12 25 22 19 9 13 6 10 7
internal_count=41 37 12 25 22 19 9 13 6 10 7
is_linear=0
shrinkage=0.05


Tree=77
num_leaves=12
num_cat=0
split_feature=53 52 48 8 12 34 0 73 28 55 39
split_gain=0.0119569 0.0132486 0.0143871 0.00660444 0.00652218 0.00592038 0.00206892 0.00168722 0.000635576 0.000460902 2.98899e-05
threshold=0.66476490494561713 -0.24075202019797196 -1.2141226273189709 1.0000000180025095e-35 -0.23056763232619609 -0.6133191596846963 -0.91461887957759636 -0.21132093168638483 -0.10480116582198383 -0.3149576413303502 0.11193214171185796
decision_type=2 2 2 2 2 2 2 2 2 2 2
left_child=1 4 -3 6 -1 -4 -2 -7 -6 -9 -11
right_child=3 2 5 -5 8 7 -8 9 -10 10 -12
leaf_value=-0.00093759841596086795 0.0016001517418771979 0.0020074537023901918 0.00029512029141187603 -0.00045942249707877622 0.0023990284651517861 -0.0012586822849698356 0.0033371524264415118 -0.0020296860951930268 0.0014362815301865329 -0.0026130170561373305 -0.0028217978154619528
leaf_weight=3 4 3.0000000000000027 3.0000000000000062 3 3 4.0000000000000027 2.9999999999999982 4.0000000000000027 4.0000000000000018 3.9999999999999885 3
leaf_count=3 4 3 3 3 3 4 3 4 4 4 3
internal_value=-4.54304e-12 -0.000484961 -0.00119825 0.00150338 0.00101294 -0.00173253 0.00234458 -0.00213806 0.00184889 -0.00245784 -0.00270249
internal_weight=41 31 21 10 10 18 7 15 7 11 7
internal_count=41 31 21 10 10 18 7 15 7 11 7
is_linear=0
shrinkage=0.05


Tree=78
num_leaves=11
num_cat=0
split_feature=60 45 51 11 61 42 82 12 26 1
split_gain=0.0109947 0.0145632 0.0156421 0.00663267 0.0123888 0.000723845 0.00055436 0.000379168 0.000239559 7.8393e-05
threshold=1.222149237289613 -0.52688298945428969 -1.5102062311292281 1.0000000180025095e-35 -0.16086285999925834 -0.88890179408427084 1.1240535988307803 -0.37568355051934671 0.25292726897159495 0.24445565244095926
decision_type=2 2 2 2 2 2 2 2 2 2
left_child=1 2 -1 5 8 -3 -4 -7 -5 -9
right_child=-2 3 6 4 -6 7 -8 9 -10 -11
leaf_value=0.0019641380136211713 -0.0024902331875637177 0.0023161025096972796 -0.0018538165464997297 0.0010800288058817383 -0.0021963924635201699 0.0010502921533770864 -0.002643535146489739 0.0015252670831978302 0.0017119025190671282 0.0018485687052210169
leaf_weight=2.9999999999999991 3.9999999999999991 2.9999999999999973 4.9999999999999982 3 3.9999999999999982 3.9999999999999973 4 5.0000000000000053 3 3
leaf_count=3 4 3 5 3 4 4 4 5 3 3
internal_value=-5.6788e-12 0.000269214 -0.00116257 0.00095647 -4.09776e-05 0.00162143 -0.0022048 0.00144777 0.00139597 0.00164651
internal_weight=41 37 12 25 10 15 9 12 6 8
internal_count=41 37 12 25 10 15 9 12 6 8
is_linear=0
shrinkage=0.05


Tree=79
num_leaves=12
num_cat=0
split_feature=53 52 48 1 12 34 32 40 28 38 45
split_gain=0.00993379 0.0109505 0.011815 0.00567582 0.00531316 0.0048491 0.0017786 0.00146403 0.000547172 0.000493696 0.000147178
threshold=0.66476490494561713 -0.24075202019797196 -1.2141226273189709 0.91836724369846479 -0.23056763232619609 -0.6133191596846963 0.40868779363094038 0.77635959554370082 -0.10480116582198383 -0.26348979886666951 -0.86593195655414046
decision_type=2 2 2 2 2 2 2 2 2 2 2
left_child=1 4 -3 6 -1 -4 -2 9 -6 -7 -11
right_child=3 2 5 -5 8 7 -8 -9 -10 10 -12
leaf_value=-0.00084071988239884364 0.0030704258009791388 0.0018145264126360396 0.00026036861042181588 -0.00044928320373098041 0.0021847225104769065 -0.0016332001735766711 0.001459899474866688 -0.00095376133297880503 0.0012914365855976931 -0.0021477819420397267 -0.0025546906515955974
leaf_weight=3 2.9999999999999982 3.0000000000000027 3.0000000000000062 3 3 3.0000000000000027 4 2.9999999999999991 4.0000000000000018 4.0000000000000018 4.9999999999999893
leaf_count=3 3 3 3 3 3 3 4 3 4 4 5
internal_value=-1.36291e-11 -0.000442033 -0.00109051 0.0013703 0.000919775 -0.00157469 0.00215013 -0.0019417 0.00167427 -0.00218868 -0.00237384
internal_weight=41 31 21 10 10 18 7 15 7 12 9
internal_count=41 31 21 10 10 18 7 15 7 12 9
is_linear=0
shrinkage=0.05


Tree=80
num_leaves=11
num_cat=0
split_feature=60 53 45 13 39 27 63 82 72 30
split_gain=0.00941436 0.0121558 0.0118869 0.00725764 0.00704425 0.00378276 0.002058 0.000251934 0.000210387 9.573e-05
threshold=1.222149237289613 0.66476490494561713 -0.52688298945428969 -0.45238055094380542 0.12600755000903921 -1.0000000180025095e-35 0.13184610945243469 1.1240535988307803 -1.0000000180025095e-35 -0.10877441746686083
decision_type=2 2 2 2 2 2 2 2 2 2
left_child=1 2 5 4 -4 -1 -3 -7 -5 -8
right_child=-2 6 3 8 -6 7 9 -9 -10 -11
leaf_value=-3.1282659620046602e-05 -0.0023043278139084577 0.0029169044767816872 0.00095192309236153945 0.0018083038507029415 -0.0020154512021690603 -0.0018326217308640487 0.0011132831064363318 -0.0023937966208904976 0.0013218011334538446 0.0015127202495932575
leaf_weight=3.0000000000000009 3.9999999999999991 2.9999999999999982 4 3.9999999999999991 4 3.9999999999999973 3 4 5.0000000000000044 3
leaf_count=3 4 3 4 4 4 4 3 4 5 3
internal_value=-1.24934e-11 0.000249117 -0.000264693 0.000564006 -0.000531764 -0.00154541 0.00184764 -0.00211321 0.00153802 0.001313
internal_weight=41 37 28 17 8 11 9 8 9 6
internal_count=41 37 28 17 8 11 9 8 9 6
is_linear=0
shrinkage=0.05


Tree=81
num_leaves=11
num_cat=0
split_feature=60 53 45 13 39 27 63 82 72 30
split_gain=0.00849646 0.0109706 0.0107279 0.00655002 0.00635743 0.00341395 0.00185735 0.00022737 0.000189874 8.63964e-05
threshold=1.222149237289613 0.66476490494561713 -0.52688298945428969 -0.45238055094380542 0.12600755000903921 -1.0000000180025095e-35 0.13184610945243469 1.1240535988307803 -1.0000000180025095e-35 -0.10877441746686083
decision_type=2 2 2 2 2 2 2 2 2 2
left_child=1 2 5 4 -4 -1 -3 -7 -5 -8
right_child=-2 6 3 8 -6 7 9 -9 -10 -11
leaf_value=-2.9718534400065723e-05 -0.0021891114301979542 0.0027710592995087314 0.00090432695578783733 0.00171788870356977 -0.0019146786537021397 -0.0017409906256943949 0.0010576189495623109 -0.0022741067688912152 0.0012557110935449587 0.0014370842526356376
leaf_weight=3.0000000000000009 3.9999999999999991 2.9999999999999982 4 3.9999999999999991 4 3.9999999999999973 3 4 5.0000000000000044 3
leaf_count=3 4 3 4 4 4 4 3 4 5 3
internal_value=2.27152e-12 0.000236661 -0.000251459 0.000535806 -0.000505176 -0.00146814 0.00175525 -0.00200755 0.00146112 0.00124735
internal_weight=41 37 28 17 8 11 9 8 9 6
internal_count=41 37 28 17 8 11 9 8 9 6
is_linear=0
shrinkage=0.05


Tree=82
num_leaves=12
num_cat=0
split_feature=60 68 1 71 18 8 78 3 12 11 32
split_gain=0.0077445 0.0090086 0.00751875 0.00482383 0.00387527 0.00224676 0.00217978 0.000977731 0.000710589 0.000704503 0.000253786
threshold=-0.79721040112886554 0.46959528377766374 -0.41170648260761583 0.2016032029669034 -1.0000000180025095e-35 -0.16845927682153791 -0.19094330002939952 0.73564041780086586 1.0000000180025095e-35 0.88926641763010217 -1.0000000180025095e-35
decision_type=2 2 2 2 2 2 2 2 2 2 2
left_child=5 2 4 6 -2 8 -3 -4 -1 -8 -9
right_child=1 3 7 -5 -6 -7 9 10 -10 -11 -12
leaf_value=0.00019302604099114733 -0.00099940942600369427 0.00013826040085405112 -0.0024454560130834566 -0.000958248064853251 0.0015420054085552694 0.0024130019669731466 0.0021806311793625354 -0.0018239327085514873 0.0012812883903582887 0.0011670238338410853 -0.0011735657850901271
leaf_weight=3 3 3.9999999999999991 5.0000000000000018 3.9999999999999991 2.9999999999999991 2.9999999999999982 2.9999999999999991 2.9999999999999973 3 4 3.0000000000000027
leaf_count=3 3 4 5 4 3 3 3 3 3 4 3
internal_value=-4.54304e-12 -0.000364436 -0.00115247 0.000528669 0.000271298 0.00129577 0.00106937 -0.00192907 0.000737157 0.00160143 -0.00149875
internal_weight=41 32 17 15 6 9 11 11 6 7 6
internal_count=41 32 17 15 6 9 11 11 6 7 6
is_linear=0
shrinkage=0.05


Tree=83
num_leaves=12
num_cat=0
split_feature=60 53 45 39 6 0 73 60 53 60 22
split_gain=0.00726433 0.00921762 0.00890052 0.00539204 0.00325008 0.00288455 0.0015819 0.000355324 0.000174934 0.000125918 7.34772e-05
threshold=1.222149237289613 0.66476490494561713 -0.52688298945428969 0.12600755000903921 1.0000000180025095e-35 0.81783464012756568 -0.041768233278129542 0.20061677607460518 -0.40407029956727669 -0.4210582136098821 -0.30503181777029448
decision_type=2 2 2 2 2 2 2 2 2 2 2
left_child=1 2 5 7 -5 8 10 9 -1 -4 -3
right_child=-2 6 3 4 -6 -7 -8 -9 -10 -11 -12
leaf_value=-0.0021344906960924464 -0.0020241682417690755 0.00096711550528804442 0.0011665147170424463 -0.0018809212371706963 0.00044647927085558563 -1.4618163307507829e-05 0.0025482816932102057 0.00068209256666402031 -0.0016515362076461319 0.0015762599495549963 0.0013170611423750714
leaf_weight=3 3.9999999999999991 3 4.9999999999999991 2.9999999999999991 3 3 2.9999999999999982 2.9999999999999991 4.9999999999999982 3.0000000000000062 3
leaf_count=3 4 3 5 3 3 3 3 3 5 3 3
internal_value=-7.95031e-12 0.000218829 -0.000228597 0.000488489 -0.000717221 -0.00133682 0.00161082 0.00114615 -0.00183264 0.00132017 0.00114209
internal_weight=41 37 28 17 6 11 9 11 8 8 6
internal_count=41 37 28 17 6 11 9 11 8 8 6
is_linear=0
shrinkage=0.05


Tree=84
num_leaves=12
num_cat=0
split_feature=60 53 45 13 39 0 63 53 70 11 73
split_gain=0.00655605 0.0083189 0.00803272 0.00493244 0.00487832 0.00260331 0.00145581 0.000157878 0.000134224 6.28746e-05 1.09925e-05
threshold=1.222149237289613 0.66476490494561713 -0.52688298945428969 -0.45238055094380542 0.12600755000903921 0.81783464012756568 0.13184610945243469 -0.40407029956727669 -1.0000000180025095e-35 -0.50076965058740375 -0.041768233278129542
decision_type=2 2 2 2 2 2 2 2 2 2 2
left_child=1 2 5 4 -4 7 -3 -1 -5 -8 -10
right_child=-2 6 3 8 -6 -7 9 -9 10 -11 -12
leaf_value=-0.0020277661581834154 -0.0019229598576202989 0.0024296015501022346 0.00079541763989254821 0.0015401092357933523 -0.0016739761224016545 -1.3887261350949601e-05 0.001242474062989155 -0.0015689593739807611 0.00119817644978563 0.00091875973157584635 0.0010628222798307716
leaf_weight=3 3.9999999999999991 2.9999999999999982 4 2.9999999999999991 4 3 3 4.9999999999999982 2.9999999999999991 3 3.0000000000000053
leaf_count=3 4 3 4 3 4 3 3 5 3 3 3
internal_value=-1.36291e-11 0.000207888 -0.000217167 0.000464064 -0.000439279 -0.00126998 0.00153028 -0.00174101 0.00126704 0.00108062 0.0011305
internal_weight=41 37 28 17 8 11 9 8 9 6 6
internal_count=41 37 28 17 8 11 9 8 9 6 6
is_linear=0
shrinkage=0.05


Tree=85
num_leaves=12
num_cat=0
split_feature=60 53 45 13 39 0 73 53 4 22 15
split_gain=0.00591684 0.00750781 0.00724953 0.00445153 0.00440269 0.00234949 0.00134808 0.000142485 0.000121301 5.27392e-05 9.89368e-06
threshold=1.222149237289613 0.66476490494561713 -0.52688298945428969 -0.45238055094380542 0.12600755000903921 0.81783464012756568 -0.041768233278129542 -0.40407029956727669 0.64521295139850721 -0.30503181777029448 -0.15511539556729223
decision_type=2 2 2 2 2 2 2 2 2 2 2
left_child=1 2 5 4 -4 7 9 -1 10 -3 -5
right_child=-2 6 3 8 -6 -7 -8 -9 -10 -11 -12
leaf_value=-0.0019263778502742444 -0.0018268118496052922 0.00087282174887756486 0.00075564675498753777 0.0011380925153692564 -0.0015902772778645154 -1.3192867239316301e-05 0.002319173018137615 -0.0014905113913118843 0.001463278910766045 0.0011692989307145274 0.0010096811999877277
leaf_weight=3 3.9999999999999991 3 4 2.9999999999999991 4 3 2.9999999999999982 4.9999999999999982 3 3 3.0000000000000044
leaf_count=3 4 3 4 3 4 3 3 5 3 3 3
internal_value=9.08607e-12 0.000197493 -0.000206308 0.000440861 -0.000417315 -0.00120648 0.00145376 -0.00165396 0.00120368 0.00102106 0.00107389
internal_weight=41 37 28 17 8 11 9 8 9 6 6
internal_count=41 37 28 17 8 11 9 8 9 6 6
is_linear=0
shrinkage=0.05


Tree=86
num_leaves=12
num_cat=0
split_feature=60 68 1 55 18 8 73 40 78 12 10
split_gain=0.00536668 0.00629958 0.00542446 0.00351556 0.00266438 0.00170211 0.0013914 0.000679806 0.000540748 0.000461521 0.000323203
threshold=-0.79721040112886554 0.46959528377766374 -0.41170648260761583 1.0000000180025095e-35 -1.0000000180025095e-35 -0.16845927682153791 -0.2562186201010494 -0.058687847952000514 0.32068485486684156 1.0000000180025095e-35 -0.14461635678850343
decision_type=2 2 2 2 2 2 2 2 2 2 2
left_child=5 2 4 6 -2 9 -3 -4 -8 -1 -9
right_child=1 3 7 -5 -6 -7 8 10 -10 -11 -12
leaf_value=0.00015392427643140153 -0.00080666424085696514 8.3816718930999434e-05 -0.0022638615841666875 -0.00063905157148838045 0.0013006163450578849 0.002051089238375426 0.00099025515373796225 -0.00097099733538925741 0.0018782814033329481 0.0010309661428133646 -0.0016274551860988116
leaf_weight=3 3 2.9999999999999991 2.9999999999999973 4.9999999999999991 2.9999999999999991 2.9999999999999982 3.9999999999999991 2.9999999999999964 3 3 5.0000000000000071
leaf_count=3 3 3 3 5 3 3 4 3 3 3 5
internal_value=-6.81456e-12 -0.000303373 -0.000962353 0.00044347 0.000246976 0.00107866 0.000984731 -0.00162199 0.00137084 0.000592445 -0.00138128
internal_weight=41 32 17 15 6 9 10 11 7 6 8
internal_count=41 32 17 15 6 9 10 11 7 6 8
is_linear=0
shrinkage=0.05


Tree=87
num_leaves=12
num_cat=0
split_feature=60 53 45 39 6 67 63 60 60 70 11
split_gain=0.00499844 0.00624421 0.00601754 0.00379225 0.00222359 0.00199432 0.00115814 0.000248962 0.000110764 0.000102374 2.87162e-05
threshold=1.222149237289613 0.66476490494561713 -0.52688298945428969 0.12600755000903921 1.0000000180025095e-35 -0.40247357034766779 0.13184610945243469 0.20061677607460518 -0.4210582136098821 -1.0000000180025095e-35 -0.50076965058740375
decision_type=2 2 2 2 2 2 2 2 2 2 2
left_child=1 2 5 7 -5 -1 -3 8 -4 -7 -8
right_child=-2 6 3 4 -6 9 10 -9 -10 -11 -12
leaf_value=1.4314738412698105e-06 -0.0016790591995231809 0.0021293336525559435 0.00095597216859459881 -0.0015708109363913537 0.00035428286840518308 -0.0013716959394514559 0.0010355275124311445 0.00056597793785234294 0.0013402707874774903 -0.0017411525671680774 0.00081675763552387527
leaf_weight=3 3.9999999999999991 2.9999999999999982 4.9999999999999991 2.9999999999999991 3 5 3 2.9999999999999991 3.0000000000000062 2.9999999999999982 3
leaf_count=3 4 3 5 3 3 5 3 3 3 3 3
internal_value=-1.36291e-11 0.00018152 -0.000186736 0.000402884 -0.000608264 -0.00109797 0.00132721 0.000954419 0.00110008 -0.00151024 0.000926143
internal_weight=41 37 28 17 6 11 9 11 8 8 6
internal_count=41 37 28 17 6 11 9 11 8 8 6
is_linear=0
shrinkage=0.05


Tree=88
num_leaves=11
num_cat=0
split_feature=60 53 45 13 39 27 73 72 53 31
split_gain=0.00451109 0.0056354 0.00543083 0.00347715 0.0033869 0.00187271 0.00107315 0.000102159 8.59009e-05 2.39694e-05
threshold=1.222149237289613 0.66476490494561713 -0.52688298945428969 -0.45238055094380542 0.12600755000903921 -1.0000000180025095e-35 -0.041768233278129542 -1.0000000180025095e-35 -0.40407029956727669 -0.65768967809081003
decision_type=2 2 2 2 2 2 2 2 2 2
left_child=1 2 5 4 -4 -1 9 -5 -7 -3
right_child=-2 6 3 7 -6 8 -8 -9 -10 -11
leaf_value=2.228350689013798e-05 -0.0015951062378007919 0.00077484071565171069 0.0006530657410621642 0.0012452679220587015 -0.0014045104617252944 -0.0016540948611994582 0.0020329840481281289 0.00090625578537583253 -0.0013156652823090558 0.00097471320380767158
leaf_weight=3.0000000000000009 3.9999999999999991 3 4 3.9999999999999991 4 3 2.9999999999999982 5.0000000000000044 4.9999999999999973 3
leaf_count=3 4 3 4 4 4 3 3 5 5 3
internal_value=5.11092e-12 0.000172444 -0.0001774 0.00038274 -0.000375722 -0.00104307 0.00126085 0.00105693 -0.00144258 0.000874777
internal_weight=41 37 28 17 8 11 9 9 8 6
internal_count=41 37 28 17 8 11 9 9 8 6
is_linear=0
shrinkage=0.05


Tree=89
num_leaves=11
num_cat=0
split_feature=60 31 71 9 84 8 43 77 1 17
split_gain=0.0041005 0.00475679 0.00549187 0.00312042 0.00371705 0.0013817 0.00110082 0.000485336 0.000358754 0.000210443
threshold=-0.79721040112886554 -0.1741568345093932 0.2016032029669034 -0.36454500721419214 0.32552184825918146 -0.16845927682153791 -0.43235999795456559 0.66826173592948757 -0.18364188332673287 1.0000000180025095e-35
decision_type=2 2 2 2 2 2 2 2 2 2
left_child=5 2 6 9 -5 8 7 -2 -1 -3
right_child=1 3 -4 4 -6 -7 -8 -9 -10 -11
leaf_value=0.0008914274163544175 0.00091621560975909332 -0.0014291214989498259 -0.0012600385583937169 0.00064986688550561689 -0.0013950484339147803 0.0018189995549619206 0.00020199657883495067 0.0017206501215696333 0.00011817193590104577 -0.0019831040874123567
leaf_weight=3 4.9999999999999938 3.9999999999999991 3.9999999999999991 4.9999999999999982 4 2.9999999999999982 4.0000000000000044 3 3 3
leaf_count=3 5 4 4 5 4 3 4 3 3 3
internal_value=-8.51819e-12 -0.000265181 0.000344429 -0.000874791 -0.000258984 0.000942866 0.000879251 0.00121788 0.0005048 -0.00166654
internal_weight=41 32 16 16 9 9 12 8 6 7
internal_count=41 32 16 16 9 9 12 8 6 7
is_linear=0
shrinkage=0.05


Tree=90
num_leaves=12
num_cat=0
split_feature=60 53 45 13 39 35 63 17 5 10 10
split_gain=0.00375876 0.00462048 0.00442827 0.00291304 0.00281534 0.00165563 0.000937404 7.96083e-05 6.0414e-05 2.10825e-05 5.67775e-06
threshold=1.222149237289613 0.66476490494561713 -0.52688298945428969 -0.45238055094380542 0.12600755000903921 -0.52522926705131134 0.13184610945243469 0.45256522391477055 -0.18632864678649466 -0.14461635678850343 -0.18650719772965199
decision_type=2 2 2 2 2 2 2 2 2 2 2
left_child=1 2 5 4 -4 -1 -3 10 -7 -8 -5
right_child=-2 6 3 7 -6 8 9 -9 -10 -11 -12
leaf_value=6.0642572740713742e-05 -0.0014560326642822476 0.0018645911787947026 0.00059018812607973797 0.00090700189272562666 -0.0012857572874054311 -0.0014940869684020675 0.00087584011877576496 0.0011738157520691551 -0.0012102700397372248 0.00068839009230335538 0.00080972439609467849
leaf_weight=3 3.9999999999999991 2.9999999999999982 4 2.9999999999999991 4 3 3 3 4.9999999999999982 3 3.0000000000000044
leaf_count=3 4 3 4 3 4 3 3 3 5 3 3
internal_value=-9.65395e-12 0.000157409 -0.000159369 0.000346432 -0.000347785 -0.000941062 0.00114294 0.000963514 -0.0013167 0.000782115 0.000858363
internal_weight=41 37 28 17 8 11 9 9 8 6 6
internal_count=41 37 28 17 8 11 9 9 8 6 6
is_linear=0
shrinkage=0.05


Tree=91
num_leaves=12
num_cat=0
split_feature=88 65 31 53 26 47 6 73 85 1 24
split_gain=0.00342702 0.00418335 0.00375231 0.00292565 0.00283685 0.00218156 0.00146139 0.000748186 0.000528092 0.000109584 1.79181e-05
threshold=0.60325060325090507 -0.035566923083764128 -0.51953905238872966 -0.53232456097043812 0.519159800556248 -0.6266203210856095 -0.34375851814141162 -0.21132093168638483 -0.48131077215812995 1.0000000180025095e-35 0.82316361326718435
decision_type=2 2 2 2 2 2 2 2 2 2 2
left_child=2 6 8 -3 7 -6 -2 -4 -1 -9 -10
right_child=1 3 4 -5 5 -7 -8 9 10 -11 -12
leaf_value=-3.722817637026309e-05 0.0023333399556577199 0.00095084286294877497 -0.00079497531056404091 -0.001114725833758712 -0.00097833567997440674 0.00080532520078122624 0.00087347782682627422 -0.0014094457340737177 0.00068884128704667033 -0.0018368104472756379 0.0008616517918805279
leaf_weight=3 3 3 5.0000000000000009 3.9999999999999982 3 3.9999999999999991 4 3.0000000000000009 3.0000000000000018 3 3
leaf_count=3 3 3 5 4 3 4 4 3 3 3 3
internal_value=-4.82698e-12 0.000634825 -0.000329169 -0.000229482 -0.000745964 4.08991e-05 0.00149913 -0.0012467 0.000504422 -0.00162313 0.000775247
internal_weight=41 14 27 7 18 7 7 11 9 6 6
internal_count=41 14 27 7 18 7 7 11 9 6 6
is_linear=0
shrinkage=0.05


Tree=92
num_leaves=13
num_cat=0
split_feature=37 53 52 54 74 12 37 72 10 49 11 11
split_gain=0.00320905 0.00389631 0.00326198 0.00351204 0.00172786 0.00172469 0.000785554 0.000344167 0.00018808 7.09993e-05 1.51346e-05 5.61436e-06
threshold=-1.3793881901517298 0.66476490494561713 -0.24075202019797196 -0.77896667624259808 -0.92377475693053468 -0.23056763232619609 -1.0000000180025095e-35 1.0000000180025095e-35 -0.37924664133383124 0.54686124812298742 -0.50076965058740375 -0.69459330800101793
decision_type=2 2 2 2 2 2 2 2 2 2 2 2
left_child=-1 2 5 -4 -5 -2 10 -7 -6 11 -3 -10
right_child=1 6 3 4 8 7 -8 -9 9 -11 -12 -13
leaf_value=-0.0015743355887631576 -0.00042983988920847563 0.00078222082617382188 0.0010274287623663733 6.313542835414405e-05 -0.00079396116392065985 0.0014078914187848571 0.0016937399593492356 0.00069943564012646658 -0.0013020377916594336 -0.0010524963649610676 0.00062339912789563328 -0.0013987707595030478
leaf_weight=2.9999999999999991 3 3 3.0000000000000027 4.0000000000000027 3.0000000000000027 2.9999999999999982 2.9999999999999982 4 3.0000000000000018 3 3 2.9999999999999964
leaf_count=3 3 3 3 4 3 3 3 4 3 3 3 3
internal_value=-2.8394e-12 0.00012429 -0.000157761 -0.000542472 -0.000836829 0.00057319 0.00103312 0.00100306 -0.00113682 -0.0012511 0.00070281 -0.0013504
internal_weight=41 38 29 19 16 10 9 7 12 9 6 6
internal_count=41 38 29 19 16 10 9 7 12 9 6 6
is_linear=0
shrinkage=0.05


Tree=93
num_leaves=13
num_cat=0
split_feature=60 63 1 68 17 8 37 78 14 32 10 54
split_gain=0.00290895 0.00324073 0.00260244 0.00275655 0.00201399 0.00162728 0.000988999 0.000642949 0.00047526 0.000247391 0.000233726 3.25615e-05
threshold=-0.79721040112886554 0.095317395041392708 -0.41170648260761583 0.46959528377766374 -0.29511975248625238 -0.32663596048205096 0.31174457957850127 0.32068485486684156 1.0000000180025095e-35 0.17191186503224185 -0.14461635678850343 -0.27836574625832622
decision_type=2 2 2 2 2 2 2 2 2 2 2 2
left_child=6 -2 4 10 5 -3 9 -6 -5 -1 -4 -12
right_child=1 2 3 8 7 -7 -8 -9 -10 -11 11 -13
leaf_value=0.00074458269712825641 -0.0015546220587566496 0.0006358453693489232 -0.00067501047936578652 0.00079321785209079596 0.00064580169273540397 -0.0010110107560952501 0.001535390395050247 0.0016141168773174284 -9.6782265851894992e-05 0.00010246305416027702 -0.001332004833966495 -0.0010990475304424726
leaf_weight=2.9999999999999982 3.9999999999999991 3 2.9999999999999964 2.9999999999999991 3.9999999999999982 3 3 3 3 3 2.9999999999999964 3.0000000000000089
leaf_count=3 4 3 3 3 4 3 3 3 3 3 3 3
internal_value=-7.95031e-12 -0.000223353 -3.31722e-05 -0.000481925 0.00048462 -0.000187583 0.000794145 0.00106079 0.000348218 0.000423523 -0.00103535 -0.00121553
internal_weight=41 32 28 15 13 6 9 7 6 6 9 6
internal_count=41 32 28 15 13 6 9 7 6 6 9 6
is_linear=0
shrinkage=0.05


Tree=94
num_leaves=13
num_cat=0
split_feature=37 53 52 48 12 34 73 40 72 45 22 42
split_gain=0.00276049 0.0032498 0.00258851 0.00288584 0.00146456 0.00100284 0.000676526 0.000635097 0.000282588 5.48821e-05 1.19967e-05 3.46625e-06
threshold=-1.3793881901517298 0.66476490494561713 -0.24075202019797196 -1.2141226273189709 -0.23056763232619609 -0.37493300608227148 -0.041768233278129542 0.77635959554370082 1.0000000180025095e-35 -1.0784619383567864 -0.30503181777029448 0.70780147206209587
decision_type=2 2 2 2 2 2 2 2 2 2 2 2
left_child=-1 2 4 -4 -2 -5 10 9 -6 -7 -3 -11
right_child=1 6 3 5 8 7 -8 -9 -10 11 -12 -13
leaf_value=-0.0014601660271485648 -0.00041547451789180424 0.0005680548570429284 0.00093806108149389422 7.2172206516067064e-05 0.0012717847712337975 -0.00098995924927294181 0.0015583519513408348 -0.00030394830003691205 0.0006298286956734954 -0.0012670629347364105 0.00070945681072771534 -0.001191055836776892
leaf_weight=2.9999999999999991 3 3 2.9999999999999991 3.0000000000000044 2.9999999999999982 4.0000000000000018 2.9999999999999982 3.0000000000000009 4 3 3 3
leaf_count=3 3 3 3 3 3 4 3 3 4 3 3 3
internal_value=-7.0985e-13 0.000115276 -0.000142314 -0.000485018 0.000508825 -0.000751845 0.000945288 -0.000942003 0.000904953 -0.00113342 0.000638756 -0.00122906
internal_weight=41 38 29 19 10 16 9 13 7 10 6 6
internal_count=41 38 29 19 10 16 9 13 7 10 6 6
is_linear=0
shrinkage=0.05


Tree=95
num_leaves=11
num_cat=0
split_feature=83 84 44 6 39 26 13 55 30 1
split_gain=0.0025005 0.00325638 0.00359341 0.00242298 0.00142805 0.00120045 0.000200516 0.000116666 6.30072e-05 2.63152e-05
threshold=0.29063875625630925 0.46788573460597732 0.66281975781012314 -0.4432917908718364 0.14996436062271098 0.25292726897159495 -0.5048693837833601 -0.88213604831320536 -0.10877441746686083 1.0000000180025095e-35
decision_type=2 2 2 2 2 2 2 2 2 2
left_child=1 2 4 -2 7 -6 -5 -1 -9 -4
right_child=3 -3 9 6 5 -7 -8 8 -10 -11
leaf_value=0.00089796667452901483 0.00023364088032394646 0.0014119826443493367 -0.00094563256328304614 -0.0015164879150688644 -0.00097449046249190963 0.00043998577748425292 -0.00097573059611022494 0.00038609547385324975 0.00067593960091471661 -0.00115505705277125
leaf_weight=4.0000000000000044 5 4.9999999999999991 2.9999999999999991 3 2.9999999999999991 3 3.9999999999999982 3.0000000000000036 5 3
leaf_count=4 5 5 3 3 3 3 4 3 5 3
internal_value=-6.95653e-12 0.000251179 9.34451e-06 -0.000607015 0.000362574 -0.000267252 -0.00120748 0.000677488 0.000567248 -0.00105034
internal_weight=41 29 24 12 18 6 7 12 8 6
internal_count=41 29 24 12 18 6 7 12 8 6
is_linear=0
shrinkage=0.05


Tree=96
num_leaves=13
num_cat=0
split_feature=60 63 1 68 17 8 19 78 14 10 10 54
split_gain=0.0022991 0.00257105 0.00200254 0.00196549 0.00150672 0.00118789 0.00085265 0.000511949 0.000329376 0.000201072 0.000164436 2.4623e-05
threshold=-0.79721040112886554 0.095317395041392708 -0.41170648260761583 0.46959528377766374 -0.29511975248625238 -0.32663596048205096 -0.54137961585354821 0.32068485486684156 1.0000000180025095e-35 -1.0000000180025095e-35 -0.14461635678850343 -0.27836574625832622
decision_type=2 2 2 2 2 2 2 2 2 2 2 2
left_child=6 -2 4 10 5 -3 -1 -6 -5 -8 -4 -12
right_child=1 2 3 8 7 -7 9 -9 -10 -11 11 -13
leaf_value=0.0013942641206085679 -0.0013843324966728689 0.00054715324658900484 -0.00058789034762109379 0.00064862184226512911 0.00055308692390099179 -0.00085990852676331986 7.2434063379963229e-05 0.0014171424632271126 -9.229667484760282e-05 0.00065133008174598237 -0.0011425509738425424 -0.00093997189154227268
leaf_weight=3 3.9999999999999991 3 2.9999999999999964 2.9999999999999991 3.9999999999999982 3 3 3 3 2.9999999999999982 2.9999999999999964 3.0000000000000089
leaf_count=3 4 3 3 3 4 3 3 3 3 3 3 3
internal_value=-1.98758e-12 -0.000198565 -2.91698e-05 -0.000422818 0.000425039 -0.000156378 0.000706009 0.000923396 0.000278163 0.000361882 -0.000890138 -0.00104126
internal_weight=41 32 28 15 13 6 9 7 6 6 9 6
internal_count=41 32 28 15 13 6 9 7 6 6 9 6
is_linear=0
shrinkage=0.05


Tree=97
num_leaves=12
num_cat=0
split_feature=37 53 38 79 39 63 58 10 44 28 11
split_gain=0.00218035 0.00247822 0.00202096 0.0026092 0.00285119 0.000566142 0.000227653 0.000141711 4.29573e-05 8.66779e-06 7.73287e-06
threshold=-1.3793881901517298 0.66476490494561713 0.76301582908459442 -0.39605472639275058 0.097871991666222694 0.13184610945243469 0.76292358488311807 -0.37924664133383124 1.0551928455365933 -0.10480116582198383 -0.50076965058740375
decision_type=2 2 2 2 2 2 2 2 2 2 2
left_child=-1 2 3 6 -5 -3 9 -6 -9 -2 -7
right_child=1 5 -4 4 7 10 -8 8 -10 -11 -12
leaf_value=-0.0012976953759789467 0.0006233465081701675 0.0013880858663469558 -0.0010369650460779667 0.00063908020500093657 -0.00053572970985745394 0.00060361330397427069 0.0010966978501528498 -0.001053732936270535 -0.00080344101103643555 0.00050315370317548474 0.00049008748028427345
leaf_weight=2.9999999999999991 3 2.9999999999999982 4.9999999999999991 5.0000000000000027 2.9999999999999991 3 3 3.9999999999999991 3 3.0000000000000018 3
leaf_count=3 3 3 5 5 3 3 3 4 3 3 3
internal_value=-2.55546e-12 0.00010245 -0.000122492 6.8023e-05 -0.000335803 0.000827262 0.000741066 -0.000823244 -0.000946465 0.00056325 0.00054685
internal_weight=41 38 29 24 15 9 9 10 7 6 6
internal_count=41 38 29 24 15 9 9 10 7 6 6
is_linear=0
shrinkage=0.05


Tree=98
num_leaves=11
num_cat=0
split_feature=83 84 44 6 39 26 68 37 26 1
split_gain=0.0019762 0.00259423 0.0026013 0.00179159 0.00106697 0.000895238 0.00015539 8.41159e-05 3.46249e-05 2.07352e-05
threshold=0.29063875625630925 0.46788573460597732 0.66281975781012314 -0.4432917908718364 0.14996436062271098 0.25292726897159495 1.0000000180025095e-35 0.078114529241648439 0.25292726897159495 1.0000000180025095e-35
decision_type=2 2 2 2 2 2 2 2 2 2
left_child=1 2 4 -2 7 -6 -5 8 -1 -4
right_child=3 -3 9 6 5 -7 -8 -9 -10 -11
leaf_value=0.00038256261614151208 0.00018323614262044427 0.0012593836244195701 -0.00080121660915513843 -0.0013279963905612634 -0.0008471735597898564 0.0003743268486383991 -0.00085196053842082607 0.00076740110525861391 0.00059060390340164286 -0.00098711606115102729
leaf_weight=4.0000000000000089 5 4.9999999999999991 2.9999999999999991 2.9999999999999982 2.9999999999999991 3 4 3.9999999999999991 4 3
leaf_count=4 5 5 3 3 3 3 4 4 4 3
internal_value=-3.3008e-12 0.000223298 7.44718e-06 -0.000539638 0.000307985 -0.000236423 -0.00105598 0.000580189 0.000486583 -0.000894166
internal_weight=41 29 24 12 18 6 7 12 8 6
internal_count=41 29 24 12 18 6 7 12 8 6
is_linear=0
shrinkage=0.05


Tree=99
num_leaves=11
num_cat=0
split_feature=45 45 21 71 89 55 1 30 16 54
split_gain=0.00184538 0.00253692 0.00248833 0.00108808 0.000830595 9.57992e-05 3.45374e-05 2.41643e-05 2.70769e-05 2.22477e-06
threshold=-1.4738893408630298 -0.52688298945428969 0.66108656787043818 0.17684759319999463 -1.374867858343843 -1.0414723180350844 -0.058590785479054296 -0.10877441746686083 -1.0000000180025095e-35 0.077373127170041536
decision_type=2 2 2 2 2 2 2 2 2 2
left_child=-1 6 4 -4 -3 -6 -2 8 -7 -9
right_child=1 2 3 -5 5 7 -8 9 -10 -11
leaf_value=0.0011938580622275672 -0.00071808933280408365 -0.00035104551352560477 -0.00120017125736922 -3.3940361026907334e-05 0.00080550600153704306 0.00052448419543604048 -0.00091520493850111978 0.00057560141431167808 0.00031205023018022327 0.0005255727376788854
leaf_weight=2.9999999999999991 4 3.0000000000000027 4 4 3.0000000000000062 3 4.9999999999999982 3.9999999999999929 3.0000000000000044 5
leaf_count=3 4 3 4 4 3 3 5 4 3 5
internal_value=-5.46584e-12 -9.4252e-05 0.000133338 -0.000617056 0.000419203 0.000547577 -0.000827598 0.000495992 0.000418267 0.000547808
internal_weight=41 38 29 8 21 18 9 15 6 9
internal_count=41 38 29 8 21 18 9 15 6 9
is_linear=0
shrinkage=0.05


Tree=100
num_leaves=12
num_cat=0
split_feature=60 5 58 45 87 71 46 48 54 12 42
split_gain=0.00174666 0.00205894 0.0017898 0.00191972 0.00086019 0.000710776 0.000206464 8.2029e-05 2.74793e-05 2.15218e-05 6.65192e-07
threshold=1.094402299754244 1.0000000180025095e-35 0.76292358488311807 -0.52688298945428969 0.42461049097032288 0.23128470323138781 -1.2581043289471927 -0.74232672986200965 -0.27836574625832622 0.32941259989652366 0.42342200793948565
decision_type=2 2 2 2 2 2 2 2 2 2 2
left_child=1 2 3 -1 -2 9 -5 -8 -9 -3 -10
right_child=4 5 -4 6 -6 -7 7 8 10 -11 -12
leaf_value=-0.00078864410752430491 -7.9227667689944314e-05 -0.00090930021057526299 0.0013508876785635949 5.2367864797512601e-05 -0.0011992469429969784 0.00012798329504827655 0.00074120050606628135 0.00034169898717664152 0.00051932941423729162 -0.00071990727446973306 0.00048818343008557945
leaf_weight=4.0000000000000027 2.9999999999999991 2.9999999999999982 3.9999999999999991 3.0000000000000044 4 3 3.0000000000000044 4.0000000000000027 3.999999999999992 3 3
leaf_count=4 3 3 4 3 4 3 3 4 4 3 3
internal_value=-1.27773e-12 0.000148079 0.000381534 0.000196895 -0.000719239 -0.000500408 0.000428786 0.000509448 0.000446242 -0.000814604 0.000505981
internal_weight=41 34 25 21 7 9 17 14 11 6 7
internal_count=41 34 25 21 7 9 17 14 11 6 7
is_linear=0
shrinkage=0.05


Tree=101
num_leaves=10
num_cat=0
split_feature=51 45 60 5 16 55 40 60 31
split_gain=0.00165526 0.00210251 0.00208109 0.000805368 0.000210764 9.05966e-05 2.93495e-05 2.35298e-05 2.94781e-06
threshold=-1.5102062311292281 -0.52688298945428969 1.222149237289613 -1.0000000180025095e-35 -1.7284541983928929 -1.0414723180350844 1.0000000180025095e-35 0.16056028358114319 -0.90500894454278313
decision_type=2 2 2 2 2 2 2 2 2
left_child=-1 6 3 4 -3 -6 -2 8 -7
right_child=1 2 -4 -5 5 7 -8 -9 -10
leaf_value=0.0011306866072118282 -0.00083763807080686106 4.2862965104480488e-05 -0.00094097874316503296 -0.00028022977523505671 0.00074677808831135218 0.00046671940945088806 -0.0006559289060533045 0.00035703262314200389 0.00052430662326514901
leaf_weight=2.9999999999999991 4.9999999999999982 3.0000000000000062 3.9999999999999991 5.0000000000000027 3.000000000000008 5.0000000000000053 4 5.0000000000000009 3.9999999999999858
leaf_count=3 5 3 4 5 3 5 4 5 4
internal_value=-4.61402e-12 -8.92647e-05 0.000117926 0.00028735 0.000429245 0.000497431 -0.000756878 0.000443999 0.000492314
internal_weight=41 38 29 25 20 17 9 14 9
internal_count=41 38 29 25 20 17 9 14 9
is_linear=0
shrinkage=0.05


Tree=102
num_leaves=12
num_cat=0
split_feature=37 53 38 79 39 73 3 26 22 22 28
split_gain=0.00152797 0.00167421 0.00134344 0.00165978 0.00175311 0.000462775 0.000209422 9.46216e-05 3.03195e-05 5.56949e-06 3.57829e-06
threshold=-1.3793881901517298 0.66476490494561713 0.76301582908459442 -0.39605472639275058 0.097871991666222694 -0.041768233278129542 0.73564041780086586 0.519159800556248 0.64167914583452401 -0.30503181777029448 -1.0000000180025095e-35
decision_type=2 2 2 2 2 2 2 2 2 2 2
left_child=-1 2 3 6 -5 9 10 8 -6 -3 -2
right_child=1 5 -4 4 7 -7 -8 -9 -10 -11 -12
leaf_value=-0.0010863405962785086 0.00046107699163258062 0.00037981202670683454 -0.00084471517242491246 0.00049856888595968454 -0.00086893833552797659 0.0011885564463833972 0.00093410631331304692 -0.00041315472238541884 -0.00065866248914971939 0.00047615769629677127 0.00038385125032315619
leaf_weight=2.9999999999999991 3 3 4.9999999999999991 5.0000000000000027 2.9999999999999982 2.9999999999999982 3 3 4 3 3.0000000000000018
leaf_count=3 3 3 5 5 3 3 3 3 4 3 3
internal_value=-4.33008e-12 8.57637e-05 -9.91227e-05 5.62091e-05 -0.000265872 0.000681509 0.000593012 -0.000648093 -0.000748781 0.000427985 0.000422464
internal_weight=41 38 29 24 15 9 9 10 7 6 6
internal_count=41 38 29 24 15 9 9 10 7 6 6
is_linear=0
shrinkage=0.05


Tree=103
num_leaves=11
num_cat=0
split_feature=45 45 60 11 61 55 1 39 12 42
split_gain=0.00146603 0.0017015 0.00169786 0.00067615 0.00117675 7.00854e-05 2.69121e-05 2.01928e-05 1.03521e-05 2.67405e-06
threshold=-1.4738893408630298 -0.52688298945428969 1.222149237289613 -1.0000000180025095e-35 -0.16086285999925834 -0.88213604831320536 -0.058590785479054296 0.097871991666222694 -0.69135926082626498 1.0000000180025095e-35
decision_type=2 2 2 2 2 2 2 2 2 2
left_child=-1 6 3 5 8 -3 -2 -7 -5 -9
right_child=1 2 -4 4 -6 7 -8 9 -10 -11
leaf_value=0.0010640950097392003 -0.00058792222989723076 0.00068388064391910986 -0.00085406821235665129 0.0004454789993663628 -0.0007273475290276105 0.00030134427361190304 -0.00076192260719835773 0.00048160322476178421 0.00031412640431274964 0.0004267552122473716
leaf_weight=2.9999999999999991 4 3.0000000000000009 3.9999999999999991 3 4.0000000000000018 3.0000000000000009 4.9999999999999982 3.9999999999999982 3 5
leaf_count=3 4 3 4 3 4 3 5 4 3 5
internal_value=7.80834e-13 -8.40075e-05 0.00010238 0.000255412 -6.30574e-05 0.000467724 -0.000684589 0.000413685 0.000379803 0.000451132
internal_weight=41 38 29 25 10 15 9 12 6 9
internal_count=41 38 29 25 10 15 9 12 6 9
is_linear=0
shrinkage=0.05


Tree=104
num_leaves=11
num_cat=0
split_feature=51 45 60 11 61 55 40 39 12 42
split_gain=0.00138457 0.00156756 0.00153231 0.000610225 0.00106202 6.32521e-05 2.85547e-05 1.8224e-05 9.34277e-06 2.41333e-06
threshold=-1.5102062311292281 -0.52688298945428969 1.222149237289613 -1.0000000180025095e-35 -0.16086285999925834 -0.88213604831320536 1.0000000180025095e-35 0.097871991666222694 -0.69135926082626498 1.0000000180025095e-35
decision_type=2 2 2 2 2 2 2 2 2 2
left_child=-1 6 3 5 8 -3 -2 -7 -5 -9
right_child=1 2 -4 4 -6 7 -8 9 -10 -11
leaf_value=0.0010341092012822628 -0.00073775782249867932 0.00064968660784264374 -0.00081136478111147885 0.00042320503853261466 -0.00069098018575459682 0.00028627705760300145 -0.00055852610385045401 0.00045752306468784822 0.00029842007594803961 0.00040541745722293848
leaf_weight=2.9999999999999991 4.9999999999999982 3.0000000000000009 3.9999999999999991 3 4.0000000000000018 3.0000000000000009 4 3.9999999999999982 3 5
leaf_count=3 5 3 4 3 4 3 4 4 3 5
internal_value=2.27152e-12 -8.16402e-05 9.72609e-05 0.000242641 -5.99045e-05 0.000444338 -0.000658099 0.000393001 0.000360813 0.000428576
internal_weight=41 38 29 25 10 15 9 12 6 9
internal_count=41 38 29 25 10 15 9 12 6 9
is_linear=0
shrinkage=0.05


Tree=105
num_leaves=12
num_cat=0
split_feature=37 60 55 39 0 81 26 61 73 37 2
split_gain=0.00126819 0.00126884 0.000950674 0.00133667 0.000522745 0.000354115 0.000310415 0.000295442 0.000153536 9.16642e-06 6.79442e-06
threshold=-1.3793881901517298 -0.79721040112886554 1.0000000180025095e-35 0.14996436062271098 -1.0000000180025095e-35 0.2654013701299951 0.519159800556248 0.054020077168172365 -0.21132093168638483 -1.0000000180025095e-35 0.83005469575250879
decision_type=2 2 2 2 2 2 2 2 2 2 2
left_child=-1 7 3 5 -4 9 -5 -2 -6 -3 -10
right_child=1 2 4 6 8 -7 -8 -9 10 -11 -12
leaf_value=-0.00098969528141121059 0.00040226794779300683 0.00040077889570966347 8.26587085612118e-05 -0.00064320119563490155 -0.00031224984365204971 0.0010005087902148562 2.9619740477452668e-05 0.0010299010823170342 -0.00069712934394677525 0.00028516015348335055 -0.0008035437980045872
leaf_weight=2.9999999999999991 5 4.0000000000000009 4.0000000000000009 3.9999999999999991 2.9999999999999991 3 3 3 2.9999999999999973 3.0000000000000044 3
leaf_count=3 5 4 4 4 3 3 3 3 3 3 3
internal_value=-3.12334e-12 7.81338e-05 -7.10652e-05 0.000175069 -0.000392933 0.000546012 -0.000354849 0.00063763 -0.000604308 0.000351228 -0.000750337
internal_weight=41 38 30 17 13 10 7 8 9 7 6
internal_count=41 38 30 17 13 10 7 8 9 7 6
is_linear=0
shrinkage=0.05


Tree=106
num_leaves=11
num_cat=0
split_feature=45 45 21 11 39 55 1 39 42 51
split_gain=0.00121387 0.00130363 0.00127497 0.000425232 0.000546709 4.65283e-05 2.50414e-05 1.54906e-05 6.03551e-06 1.4179e-06
threshold=-1.4738893408630298 -0.52688298945428969 1.0181490612295623 -1.0000000180025095e-35 0.12600755000903921 -0.88213604831320536 -0.18364188332673287 0.097871991666222694 0.25752366751975903 -0.16682701105926959
decision_type=2 2 2 2 2 2 2 2 2 2
left_child=-1 6 3 5 -5 -3 -2 -7 -8 -9
right_child=1 2 -4 4 -6 7 8 9 -10 -11
leaf_value=0.00096826814115047455 -0.00048418811832865068 0.00057717232654492026 -0.00063963968306779862 0.00031487402971833926 -0.00046937564329709849 0.00025862471666187031 -0.00071125899751981131 0.0004075692780315877 -0.0006109635345637797 0.00036763014504685991
leaf_weight=2.9999999999999991 3 3.0000000000000009 4.9999999999999991 5.0000000000000018 4 3.0000000000000009 2.9999999999999982 4.9999999999999982 3 4
leaf_count=3 3 3 5 5 4 3 3 5 3 4
internal_value=-6.53062e-12 -7.64422e-05 8.67044e-05 0.000238026 -3.36814e-05 0.000401051 -0.000602137 0.00035702 -0.000661111 0.000389819
internal_weight=41 38 29 24 9 15 9 12 6 9
internal_count=41 38 29 24 9 15 9 12 6 9
is_linear=0
shrinkage=0.05


Tree=107
num_leaves=10
num_cat=0
split_feature=51 45 60 5 16 55 38 60 31
split_gain=0.00115534 0.00120642 0.00116583 0.000462 0.000123558 5.74705e-05 2.64411e-05 1.39219e-05 1.67397e-06
threshold=-1.5102062311292281 -0.52688298945428969 1.222149237289613 -1.0000000180025095e-35 -1.7284541983928929 -1.0414723180350844 0.42361119935729896 0.16056028358114319 -0.90500894454278313
decision_type=2 2 2 2 2 2 2 2 2
left_child=-1 6 3 4 -3 -6 -2 8 -7
right_child=1 2 -4 -5 5 7 -8 -9 -10
leaf_value=0.00094463718123734004 -0.00050363702699542058 2.0810806502898484e-05 -0.00071018352755345413 -0.000220705922693014 0.0005674515385180695 0.00034417541231960018 -0.00067610811674967397 0.00025940398685634128 0.00038757142028771475
leaf_weight=2.9999999999999991 4.9999999999999982 3.0000000000000062 3.9999999999999991 5.0000000000000027 3.000000000000008 5.0000000000000053 4 5.0000000000000009 3.9999999999999858
leaf_count=3 5 3 4 5 3 5 4 5 4
internal_value=-1.70364e-12 -7.45766e-05 8.23692e-05 0.000209178 0.000316648 0.000368855 -0.000580291 0.000326299 0.000363463
internal_weight=41 38 29 25 20 17 9 14 9
internal_count=41 38 29 25 20 17 9 14 9
is_linear=0
shrinkage=0.05


Tree=108
num_leaves=12
num_cat=0
split_feature=37 53 38 79 39 73 3 26 22 29 29
split_gain=0.00106075 0.0010201 0.000840029 0.000942799 0.000964649 0.000337749 0.000138902 8.37249e-05 2.15263e-05 3.45382e-06 2.33325e-06
threshold=-1.3793881901517298 0.66476490494561713 0.76301582908459442 -0.39605472639275058 0.097871991666222694 -0.041768233278129542 0.73564041780086586 0.519159800556248 0.64167914583452401 0.15364598432043311 0.12787406548596109
decision_type=2 2 2 2 2 2 2 2 2 2 2
left_child=-1 2 3 6 -5 9 10 8 -6 -3 -2
right_child=1 5 -4 4 7 -7 -8 -9 -10 -11 -12
leaf_value=-0.00090513937175273895 0.00028446724172681543 0.00035783251126607249 -0.00066243437118828307 0.00037427727831527567 -0.0006722612151255213 0.0009696558273086949 0.00073233357785890477 -0.00025530637164289746 -0.00049508200027048577 0.00028196177057300997 0.00034682709568490576
leaf_weight=2.9999999999999991 3.0000000000000018 3 4.9999999999999991 5.0000000000000027 2.9999999999999982 2.9999999999999982 3 3 4 3 3
leaf_count=3 3 3 5 5 3 3 3 3 4 3 3
internal_value=-6.53062e-12 7.14584e-05 -7.28597e-05 4.99683e-05 -0.000192776 0.000536483 0.000454543 -0.000476303 -0.000571016 0.000319897 0.000315647
internal_weight=41 38 29 24 15 9 9 10 7 6 6
internal_count=41 38 29 24 15 9 9 10 7 6 6
is_linear=0
shrinkage=0.05


Tree=109
num_leaves=12
num_cat=0
split_feature=51 45 21 11 26 55 40 39 78 31 28
split_gain=0.00101206 0.000969455 0.000980726 0.000316476 0.000419554 3.73066e-05 2.41916e-05 1.31584e-05 6.56164e-06 1.09829e-06 2.93011e-07
threshold=-1.5102062311292281 -0.52688298945428969 1.0181490612295623 -1.0000000180025095e-35 1.0000000180025095e-35 -0.88213604831320536 0.25458891268831424 0.097871991666222694 -1.0000000180025095e-35 -0.90500894454278313 0.55770104220558381
decision_type=2 2 2 2 2 2 2 2 2 2 2
left_child=-1 6 3 5 -5 -3 8 -7 -2 -9 -11
right_child=1 2 -4 4 -6 7 -8 9 -10 10 -12
leaf_value=0.0008841244659076134 -0.00052881194278597821 0.00050195358538379241 -0.00056614706292748454 -0.00041247239278163739 0.00027454924304038281 0.0002141351501146951 -0.00040720471491416285 0.00031034878144661597 -0.00063338756250838461 0.00035845024200777207 0.00033635156384358795
leaf_weight=2.9999999999999991 3 3.0000000000000009 4.9999999999999991 4.0000000000000018 5 3.0000000000000009 3 2.9999999999999982 2.9999999999999982 3 3
leaf_count=3 3 3 5 4 5 3 3 3 3 3 3
internal_value=8.51819e-13 -6.97993e-05 7.0891e-05 0.000203607 -3.07937e-05 0.000344248 -0.000523135 0.000304821 -0.0005811 0.00033505 0.000347401
internal_weight=41 38 29 24 9 15 9 12 6 9 6
internal_count=41 38 29 24 9 15 9 12 6 9 6
is_linear=0
shrinkage=0.05


Tree=110
num_leaves=10
num_cat=0
split_feature=45 45 60 5 16 55 1 60 31
split_gain=0.000965163 0.000899367 0.000891743 0.000360208 9.59007e-05 4.94828e-05 2.53124e-05 9.82246e-06 9.41998e-07
threshold=-1.4738893408630298 -0.52688298945428969 1.222149237289613 1.0000000180025095e-35 -1.7284541983928929 -1.0414723180350844 -0.058590785479054296 0.16056028358114319 -0.90500894454278313
decision_type=2 2 2 2 2 2 2 2 2
left_child=-1 6 3 4 -3 -6 -2 8 -7
right_child=1 2 -4 -5 5 7 -8 -9 -10
leaf_value=0.00086339502595365056 -0.00041105371201410884 1.251396412650741e-05 -0.00062580926460213964 -0.0002013315772637725 0.00050342021665225275 0.0002964006736874577 -0.00057980353012681023 0.00022346369223669163 0.00032895444892346942
leaf_weight=2.9999999999999991 4 3.0000000000000062 3.9999999999999991 4.9999999999999991 3.000000000000008 5.0000000000000053 4.9999999999999982 5.0000000000000009 3.9999999999999893
leaf_count=3 4 3 4 5 3 5 5 5 4
internal_value=-4.82698e-12 -6.81628e-05 6.73465e-05 0.000178251 0.000273147 0.000319141 -0.000504804 0.000279653 0.000310869
internal_weight=41 38 29 25 20 17 9 14 9
internal_count=41 38 29 25 20 17 9 14 9
is_linear=0
shrinkage=0.05


Tree=111
num_leaves=12
num_cat=0
split_feature=37 53 38 79 39 73 3 40 22 1 29
split_gain=0.000895065 0.000806411 0.000658203 0.000716392 0.000742317 0.000279339 0.000115945 7.63554e-05 1.82623e-05 4.27311e-06 1.69598e-06
threshold=-1.3793881901517298 0.66476490494561713 0.76301582908459442 -0.39605472639275058 0.097871991666222694 -0.041768233278129542 0.73564041780086586 0.59231307091017282 0.17195979822944232 -0.50298442762762074 0.12787406548596109
decision_type=2 2 2 2 2 2 2 2 2 2 2
left_child=-1 2 3 6 -5 9 10 8 -6 -3 -2
right_child=1 5 -4 4 7 -7 -8 -9 -10 -11 -12
leaf_value=-0.00083145082462579014 0.0002452345138105251 0.00032432718047251292 -0.00058455552905797967 0.00033188338158652165 -0.00059796816979845388 0.00087304116071512325 0.0006525161908939479 -0.00020321890090902641 -0.00043477332801558069 0.00023993616147587691 0.00029840067339440181
leaf_weight=2.9999999999999991 3.0000000000000018 3 4.9999999999999991 5.0000000000000027 2.9999999999999982 2.9999999999999982 3 3 4 3 3
leaf_count=3 3 3 5 5 3 3 3 3 4 3 3
internal_value=-2.27152e-12 6.56409e-05 -6.26745e-05 4.60507e-05 -0.000165549 0.000479102 0.000398717 -0.000414265 -0.000504714 0.000282132 0.000271818
internal_weight=41 38 29 24 15 9 9 10 7 6 6
internal_count=41 38 29 24 15 9 9 10 7 6 6
is_linear=0
shrinkage=0.05


Tree=112
num_leaves=12
num_cat=0
split_feature=51 45 21 89 21 71 83 43 1 85 5
split_gain=0.00084787 0.000716792 0.000758897 0.000249471 0.000130561 3.65486e-05 2.32426e-05 1.0817e-05 7.28081e-06 7.72404e-07 9.05156e-08
threshold=-1.5102062311292281 -0.52688298945428969 1.0181490612295623 -1.374867858343843 0.66108656787043818 0.23128470323138781 -0.27106945412185685 -0.27576009153776798 -0.18364188332673287 -0.037467314844353013 -0.31810459943001473
decision_type=2 2 2 2 2 2 2 2 2 2 2
left_child=-1 6 3 -3 5 7 -2 9 -8 -5 -11
right_child=1 2 -4 4 -6 -7 8 -9 -10 10 -12
leaf_value=0.00080923335626721389 -0.0005673300009220837 -0.00025267004190633661 -0.00050329178106039757 0.00026680224109441002 -7.0618011523038146e-05 0.00044497484341263774 -0.0003418010814736286 0.00019375074421986924 -0.00045195864513516445 0.00028902624423305138 0.00030130872813363918
leaf_weight=2.9999999999999991 3 3.0000000000000027 4.9999999999999991 4.0000000000000053 2.9999999999999991 2.9999999999999991 3 5.0000000000000027 2.9999999999999982 3.0000000000000053 2.9999999999999947
leaf_count=3 3 3 5 4 3 3 3 5 3 3 3
internal_value=-1.13576e-12 -6.38868e-05 5.70886e-05 0.000173834 0.000234764 0.000285661 -0.000453697 0.000253798 -0.00039688 0.000283821 0.000295167
internal_weight=41 38 29 24 21 18 9 15 6 10 6
internal_count=41 38 29 24 21 18 9 15 6 10 6
is_linear=0
shrinkage=0.05


Tree=113
num_leaves=13
num_cat=0
split_feature=37 45 45 72 32 49 16 38 1 47 21 13
split_gain=0.000806574 0.000684269 0.000601926 0.000511379 0.000224622 8.18862e-05 3.75309e-05 6.81928e-06 4.45806e-06 1.17696e-06 8.27046e-07 2.41568e-07
threshold=-1.3793881901517298 -1.4738893408630298 -0.52688298945428969 -1.0674544644265234 -0.61795297983537278 -1.4754840728091376 0.89767096144825886 0.53727294026852424 -0.058590785479054296 -0.6266203210856095 -0.57809114472660539 -0.45238055094380542
decision_type=2 2 2 2 2 2 2 2 2 2 2 2
left_child=-1 -2 8 -4 -5 -6 7 9 -3 -7 -11 -12
right_child=1 2 3 4 5 6 -8 -9 -10 10 11 -13
leaf_value=-0.00078928063157945871 0.00078702295819918315 -0.00036843493580818165 -0.00051296993624418976 -0.00016551399894524353 1.4530223173399733e-06 0.00024105441601326015 0.00044504890684038401 0.00018389464821666479 -0.00044906579423695806 0.00025578183121979195 0.00027790210830668562 0.00029796732123941322
leaf_weight=2.9999999999999991 2.9999999999999991 3 2.9999999999999991 4.0000000000000027 3.0000000000000062 3.0000000000000062 2.9999999999999991 2.9999999999999991 3.9999999999999991 3.0000000000000044 3.0000000000000044 2.9999999999999858
leaf_count=3 3 3 3 4 3 3 3 3 4 3 3 3
internal_value=-1.13576e-12 6.23116e-05 1.93514e-07 0.000103869 0.00017789 0.0002433 0.000283608 0.00025132 -0.00041451 0.000268176 0.000277217 0.000287935
internal_weight=41 38 35 28 25 21 18 15 7 12 9 6
internal_count=41 38 35 28 25 21 18 15 7 12 9 6
is_linear=0
shrinkage=0.05


Tree=114
num_leaves=11
num_cat=0
split_feature=51 45 21 89 12 5 83 43 1 85
split_gain=0.000739386 0.000595226 0.000636862 0.000219206 0.000111122 2.99067e-05 2.68933e-05 7.41317e-06 7.12547e-06 7.75632e-07
threshold=-1.5102062311292281 -0.52688298945428969 1.0181490612295623 -1.374867858343843 -0.92945915214086694 -0.042406543651037472 -0.27106945412185685 -0.097169383063797243 -0.18364188332673287 -0.037467314844353013
decision_type=2 2 2 2 2 2 2 2 2 2
left_child=-1 6 3 -3 -5 7 -2 9 -8 -6
right_child=1 2 -4 4 5 -7 8 -9 -10 -11
leaf_value=0.00075569227337837221 -0.0005371116877843934 -0.00024226832514007859 -0.00046277033630758528 -6.7088754925255818e-05 0.0002437049802392718 0.00040571081141630859 -0.00029927519305298717 0.0001830654894001782 -0.0004082512731353443 0.00027155515737831588
leaf_weight=2.9999999999999991 3 3.0000000000000027 4.9999999999999991 3.0000000000000062 5.0000000000000053 2.9999999999999956 3 4.9999999999999991 2.9999999999999982 5
leaf_count=3 3 3 5 3 5 3 3 5 3 5
internal_value=1.4197e-13 -5.96599e-05 5.05806e-05 0.000157529 0.000214643 0.000261598 -0.000414879 0.000232775 -0.000353763 0.00025763
internal_weight=41 38 29 24 21 18 9 15 6 10
internal_count=41 38 29 24 21 18 9 15 6 10
is_linear=0
shrinkage=0.05


Tree=115
num_leaves=12
num_cat=0
split_feature=37 53 38 14 79 39 11 26 73 1 35
split_gain=0.000727728 0.000613362 0.000477915 0.000552792 0.000302656 0.000330419 0.000272342 6.47927e-05 1.65063e-05 2.64381e-06 1.7477e-06
threshold=-1.3793881901517298 0.66476490494561713 0.76301582908459442 1.1205564647595587 -0.39605472639275058 0.097871991666222694 -1.0000000180025095e-35 0.519159800556248 -0.21132093168638483 0.24445565244095926 0.21100848357865024
decision_type=2 2 2 2 2 2 2 2 2 2 2
left_child=-1 2 3 4 10 -6 9 8 -7 -3 -2
right_child=1 6 -4 -5 5 7 -8 -9 -10 -11 -12
leaf_value=-0.00074971071444451809 0.00020273623910422079 0.0002584812153751651 -0.00049741966184228663 0.0005765008623711765 0.00018934640102088435 -0.00036517514963634284 0.00080875242905070407 -0.00015393797463426984 -0.00052032580909629721 0.00019210093305446202 0.0002567069760213295
leaf_weight=2.9999999999999991 3.0000000000000062 3 4.9999999999999991 3.9999999999999991 4.0000000000000027 4.0000000000000027 2.9999999999999982 3 2.9999999999999956 3 3
leaf_count=3 3 3 5 4 4 4 3 3 3 3 3
internal_value=7.0985e-13 5.91877e-05 -5.27197e-05 3.99261e-05 -6.73888e-05 -0.000194722 0.000419778 -0.000348349 -0.000431668 0.000225291 0.000229722
internal_weight=41 38 29 24 20 14 9 10 7 6 6
internal_count=41 38 29 24 20 14 9 10 7 6 6
is_linear=0
shrinkage=0.05


Tree=116
num_leaves=12
num_cat=0
split_feature=45 37 45 72 32 73 73 40 79 42 79
split_gain=0.000664936 0.000560066 0.000439774 0.000386081 0.000173935 6.68536e-05 3.18306e-05 7.14511e-06 2.80717e-06 9.33196e-07 5.84766e-07
threshold=-1.4738893408630298 -1.3793881901517298 -0.52688298945428969 -1.0674544644265234 -0.61795297983537278 -0.43809678423101533 -0.21132093168638483 -1.2466339109171496 0.78318565206396695 0.12786718868547098 0.19466717429377742
decision_type=2 2 2 2 2 2 2 2 2 2 2
left_child=-1 -2 8 -4 -5 -6 -7 -8 -3 10 -9
right_child=1 2 3 4 5 6 7 9 -10 -11 -12
leaf_value=0.00071663673346241319 -0.00071222518260280303 -0.00038227023906074465 -0.00044772895829131207 -0.00014962944260332723 -8.4086476514736613e-06 0.00039521155413240101 0.00014778289672297702 0.00026252605021000007 -0.00031828756133715303 0.00021755674853920936 0.00023332359851337966
leaf_weight=2.9999999999999991 2.9999999999999991 3.9999999999999991 2.9999999999999991 4.0000000000000027 3.0000000000000062 3.0000000000000062 3.0000000000000062 2.9999999999999876 3 5 4
leaf_count=3 3 4 3 4 3 3 3 3 3 5 4
internal_value=1.56167e-12 -5.65766e-05 -3.78131e-07 8.82396e-05 0.000152556 0.000210115 0.000246536 0.0002168 -0.000354849 0.000234055 0.000245839
internal_weight=41 38 35 28 25 21 18 15 7 12 7
internal_count=41 38 35 28 25 21 18 15 7 12 7
is_linear=0
shrinkage=0.05


Tree=117
num_leaves=11
num_cat=0
split_feature=51 63 45 42 4 16 67 1 42 16
split_gain=0.000625926 0.000481961 0.000366054 0.000261073 0.000211902 3.04947e-05 9.47588e-06 9.10183e-06 1.03603e-06 5.1024e-07
threshold=-1.5102062311292281 0.095317395041392708 -0.52688298945428969 0.70780147206209587 0.8472186218135852 0.89767096144825886 -0.66127811499467171 -0.18364188332673287 0.12786718868547098 -0.40769684561482883
decision_type=2 2 2 2 2 2 2 2 2 2
left_child=-1 -2 7 4 5 6 -4 -3 9 -8
right_child=1 2 3 -5 -6 -7 8 -9 -10 -11
leaf_value=0.00069529778944949318 -0.00051235497929155835 -0.00024068436274925862 0.00013597165088867746 -0.0002707469917368144 -0.00022213236661627889 0.00037633404135704044 0.00022166325555493386 -0.00035589504404924814 0.0002074510953389108 0.00024894145317375663
leaf_weight=2.9999999999999991 4.9999999999999991 3 4.0000000000000062 3.9999999999999991 2.9999999999999991 2.9999999999999991 3.0000000000000062 3.9999999999999991 5 3.9999999999999991
leaf_count=3 5 3 4 4 3 3 3 4 5 4
internal_value=-1.84561e-12 -5.48919e-05 1.44207e-05 0.000100827 0.000168386 0.000230047 0.000202619 -0.000306519 0.000224834 0.000237251
internal_weight=41 38 33 26 22 19 16 7 12 7
internal_count=41 38 33 26 22 19 16 7 12 7
is_linear=0
shrinkage=0.05


Tree=118
num_leaves=11
num_cat=0
split_feature=37 45 45 72 78 54 67 1 89 1
split_gain=0.000591054 0.000489296 0.000359864 0.000322121 0.000154542 6.42543e-06 8.24744e-06 2.18824e-06 1.88039e-06 1.45441e-06
threshold=-1.3793881901517298 -1.4738893408630298 -0.52688298945428969 -1.0674544644265234 0.79187513870965531 0.1109397275574832 -0.75823192768719461 -0.058590785479054296 0.83570399232664472 -0.27481233249325943
decision_type=2 2 2 2 2 2 2 2 2 2
left_child=-1 -2 7 -4 5 6 -5 -3 -7 -8
right_child=1 2 3 4 -6 8 9 -9 -10 -11
leaf_value=-0.00067565157466257619 0.00066616755599776915 -0.00028755986907829837 -0.00040858859041084845 0.00010694574254254488 -0.00010890612844377756 0.00025536817498505109 0.00018020131101366117 -0.00034405040787532926 0.00020529642157877481 0.00022065142169594749
leaf_weight=2.9999999999999991 2.9999999999999991 3 2.9999999999999991 3.0000000000000027 4.9999999999999991 5 4.0000000000000027 3.9999999999999991 3 5.0000000000000027
leaf_count=3 3 3 3 3 5 5 4 4 3 5
internal_value=2.8394e-13 5.33409e-05 8.12916e-07 8.09762e-05 0.000139724 0.000201881 0.000178742 -0.00031984 0.000236591 0.000202674
internal_weight=41 38 35 28 25 20 12 7 8 9
internal_count=41 38 35 28 25 20 12 7 8 9
is_linear=0
shrinkage=0.05


Tree=119
num_leaves=11
num_cat=0
split_feature=51 63 45 42 4 16 1 67 42 16
split_gain=0.000546333 0.000426596 0.000292236 0.000223376 0.000179104 2.83657e-05 8.88029e-06 7.01248e-06 8.56576e-07 3.98808e-07
threshold=-1.5102062311292281 0.095317395041392708 -0.52688298945428969 0.70780147206209587 0.8472186218135852 0.89767096144825886 -0.18364188332673287 -0.66127811499467171 0.12786718868547098 -0.40769684561482883
decision_type=2 2 2 2 2 2 2 2 2 2
left_child=-1 -2 6 4 5 7 -3 -4 9 -9
right_child=1 2 3 -5 -6 -7 -8 8 -10 -11
leaf_value=0.00064958821361263592 -0.00048166968859732158 -0.00020780395328377679 0.00012652393343159907 -0.00025257172528654338 -0.0002054041911227008 0.0003513987641781569 -0.00032160389819182458 0.00020047761111830625 0.00018716207006946203 0.00022459389292635025
leaf_weight=2.9999999999999991 4.9999999999999991 3 4.0000000000000062 3.9999999999999991 2.9999999999999991 2.9999999999999991 3.9999999999999991 3.0000000000000062 5 3.9999999999999991
leaf_count=3 5 3 4 4 3 3 4 3 5 4
internal_value=1.27773e-12 -5.12833e-05 1.39268e-05 9.11312e-05 0.000153623 0.000210311 -0.000272832 0.000183857 0.000202968 0.000214258
internal_weight=41 38 33 26 22 19 7 16 12 7
internal_count=41 38 33 26 22 19 7 16 12 7
is_linear=0
shrinkage=0.05


Tree=120
num_leaves=11
num_cat=0
split_feature=37 60 18 78 58 38 82 6 71 25
split_gain=0.000532322 0.000435585 0.000287289 0.000340365 0.00031557 4.74989e-05 4.54048e-05 3.55551e-05 3.55308e-06 1.46332e-06
threshold=-1.3793881901517298 -0.96824793346519 0.98218221908150138 0.79187513870965531 1.0000000180025095e-35 -0.033750304569540097 0.9994517921295567 -0.4432917908718364 0.17920996167510836 -0.15254037163038803
decision_type=2 2 2 2 2 2 2 2 2 2
left_child=-1 -2 3 4 6 -6 8 -5 9 -3
right_child=1 2 -4 7 5 -7 -8 -9 -10 -11
leaf_value=-0.00064120421496530373 0.00048551882617175584 0.00018413785146549345 0.00033384125679731375 -0.00028970848458508643 -0.00011338651723538834 -0.00037657706416212023 -3.1194226661076145e-05 -0.00053313932536790771 0.00014780724013689907 0.00022690646583214364
leaf_weight=2.9999999999999991 4.9999999999999991 3.9999999999999991 4.9999999999999991 3 3 3.9999999999999991 2.9999999999999991 2.9999999999999991 3.9999999999999991 4.0000000000000062
leaf_count=3 5 4 5 3 3 4 3 3 4 4
internal_value=1.98758e-12 5.06214e-05 -1.52722e-05 -7.76138e-05 1.34253e-05 -0.000263781 0.000142788 -0.000411424 0.000186284 0.000205522
internal_weight=41 38 33 28 22 7 15 6 12 8
internal_count=41 38 33 28 22 7 15 6 12 8
is_linear=0
shrinkage=0.05


Tree=121
num_leaves=12
num_cat=0
split_feature=45 37 45 72 17 78 55 37 1 12 48
split_gain=0.000488848 0.000409501 0.000273671 0.000245633 0.000121512 0.00025388 2.18961e-05 7.51182e-06 2.17512e-06 1.38037e-06 6.0894e-07
threshold=-1.4738893408630298 -1.3793881901517298 -0.52688298945428969 -1.0674544644265234 -0.29511975248625238 0.79187513870965531 -0.88213604831320536 -0.12231412644560079 -0.058590785479054296 1.0000000180025095e-35 -0.5387443204516108
decision_type=2 2 2 2 2 2 2 2 2 2 2
left_child=-1 -2 8 -4 5 7 -6 -5 -3 -8 -11
right_child=1 2 3 4 6 -7 9 -9 -10 10 -12
leaf_value=0.00061446373971800017 -0.00060914402905230727 -0.00024790048288802303 -0.00035805605972806612 0.00019553013844415541 0.00033157597451160333 -0.00039908771092692997 0.00016048619290813803 9.0865253393227779e-05 -0.00030422138515859846 0.00021191197447478771 0.0001821120269596576
leaf_weight=2.9999999999999991 2.9999999999999991 3 2.9999999999999991 4 3.0000000000000009 3 5 3.0000000000000018 3.9999999999999991 2.9999999999999991 4.0000000000000009
leaf_count=3 3 3 3 4 3 3 5 3 4 3 4
internal_value=1.56167e-12 -4.85103e-05 -4.55973e-07 6.9451e-05 0.000120752 -1.42547e-05 0.000210756 0.000150674 -0.000280084 0.000180551 0.000194883
internal_weight=41 38 35 28 25 10 15 7 7 12 7
internal_count=41 38 35 28 25 10 15 7 7 12 7
is_linear=0
shrinkage=0.05


Tree=122
num_leaves=12
num_cat=0
split_feature=51 63 45 11 84 35 48 28 12 53 29
split_gain=0.000472043 0.00035374 0.000211657 0.000163237 0.000197815 8.21209e-05 1.87661e-05 1.13139e-05 3.04109e-06 3.68314e-07 7.84982e-08
threshold=-1.5102062311292281 0.095317395041392708 -0.52688298945428969 -1.0000000180025095e-35 0.32552184825918146 -1.0000000180025095e-35 -0.61382592734994035 -0.22457409675981752 -0.37568355051934671 1.0000000180025095e-35 0.15364598432043311
decision_type=2 2 2 2 2 2 2 2 2 2 2
left_child=-1 -2 7 6 5 -5 -4 -3 -8 -10 -11
right_child=1 2 3 4 -6 -7 8 -9 9 10 -12
leaf_value=0.00060380979751547181 -0.00043958465103060011 -0.00015893147598641609 0.00029655337178458789 0.00018504755804315209 -0.00041513176014026004 -0.00014585203025490028 0.00011314213043078787 -0.00028738147229887548 0.00015696673265968748 0.00018414255464449519 0.00017270444271465138
leaf_weight=2.9999999999999991 4.9999999999999991 3 2.9999999999999973 4.9999999999999991 2.9999999999999991 3.0000000000000027 2.9999999999999973 3.9999999999999991 3.0000000000000018 3 3
leaf_count=3 5 3 3 5 3 3 3 4 3 3 3
internal_value=-1.56167e-12 -4.76692e-05 1.17119e-05 7.74159e-05 -6.88831e-05 6.09602e-05 0.000184702 -0.000232331 0.000156739 0.000171271 0.000178423
internal_weight=41 38 33 26 11 8 15 7 12 9 6
internal_count=41 38 33 26 11 8 15 7 12 9 6
is_linear=0
shrinkage=0.05


Tree=123
num_leaves=12
num_cat=0
split_feature=37 45 45 72 17 78 48 26 6 68 12
split_gain=0.000433712 0.000359438 0.000224262 0.000201738 0.000101464 0.000209931 2.14118e-05 6.1019e-06 1.5772e-06 1.39652e-06 3.77633e-07
threshold=-1.3793881901517298 -1.4738893408630298 -0.52688298945428969 -1.0674544644265234 -0.29511975248625238 0.79187513870965531 -0.74232672986200965 1.0514201785695529 -0.40463999091224817 0.56413097921210509 0.32941259989652366
decision_type=2 2 2 2 2 2 2 2 2 2 2
left_child=-1 -2 8 -4 5 7 -6 -5 -3 10 -8
right_child=1 2 3 4 6 -7 9 -9 -10 -11 -12
leaf_value=-0.00057877504732459781 0.00057093991587559392 -0.0002250531377891699 -0.00032347711579253281 9.662544252932997e-05 0.00031216707235823076 -0.00036286474205553525 0.00014381336513906708 0.00019095784906918799 -0.0002730123931542039 0.00019236555090174079 0.00016442494525108483
leaf_weight=2.9999999999999991 2.9999999999999991 3 2.9999999999999991 4.0000000000000018 2.9999999999999991 3 5.0000000000000018 3 3.9999999999999991 2.9999999999999991 4
leaf_count=3 3 3 3 4 3 3 5 3 4 3 4
internal_value=-3.90417e-12 4.56928e-05 6.71578e-07 6.39541e-05 0.000110446 -1.29219e-05 0.000192691 0.000137054 -0.000252458 0.000162822 0.000152974
internal_weight=41 38 35 28 25 10 15 7 7 12 9
internal_count=41 38 35 28 25 10 15 7 7 12 9
is_linear=0
shrinkage=0.05


Tree=124
num_leaves=11
num_cat=0
split_feature=51 63 45 42 4 16 1 67 61 78
split_gain=0.000412193 0.00031634 0.000167617 0.000133031 0.000108377 2.06189e-05 1.08886e-05 4.41085e-06 3.34922e-07 1.03021e-07
threshold=-1.5102062311292281 0.095317395041392708 -0.52688298945428969 0.70780147206209587 0.8472186218135852 0.89767096144825886 -0.18364188332673287 -0.66127811499467171 1.0000000180025095e-35 -0.19094330002939952
decision_type=2 2 2 2 2 2 2 2 2 2
left_child=-1 -2 6 4 5 7 -3 -4 9 -9
right_child=1 2 3 -5 -6 -7 -8 8 -10 -11
leaf_value=0.00056423422259589033 -0.00041516342666000124 -0.00013355826983267127 9.4377714412985212e-05 -0.0001951614336576313 -0.00016097706587364278 0.00028269131823132433 -0.00025957073085010053 0.00015523796027991897 0.00014319219917524606 0.0001665859104832634
leaf_weight=2.9999999999999991 4.9999999999999991 3 4.0000000000000062 3.9999999999999991 2.9999999999999991 2.9999999999999991 3.9999999999999991 4.0000000000000053 3.9999999999999991 4
leaf_count=3 5 3 4 4 3 3 4 4 4 4
internal_value=-9.40551e-13 -4.45448e-05 1.16095e-05 7.00797e-05 0.000118305 0.000162403 -0.000205565 0.000139848 0.000155005 0.000160912
internal_weight=41 38 33 26 22 19 7 16 12 8
internal_count=41 38 33 26 22 19 7 16 12 8
is_linear=0
shrinkage=0.05


Tree=125
num_leaves=12
num_cat=0
split_feature=37 60 63 1 26 56 58 71 82 14 1
split_gain=0.000391793 0.000329018 0.000208622 0.000181273 0.000171175 0.000143038 0.000103591 5.15213e-05 3.34196e-06 3.18544e-06 1.87595e-06
threshold=-1.3793881901517298 -0.96824793346519 0.095317395041392708 -0.50298442762762074 -0.73280379874200618 0.28010265995935707 0.17976561346641387 0.2016032029669034 -0.087127230593112143 0.4047917784271225 -0.65450005394370192
decision_type=2 2 2 2 2 2 2 2 2 2 2
left_child=-1 -2 -3 4 -4 6 8 10 -5 -7 -6
right_child=1 2 3 5 7 9 -8 -9 -10 -11 -12
leaf_value=-0.00055009482760700246 0.00042140091769397262 -0.00041139094779888796 0.00050352946855127814 0.00015413822140544656 0.00017996577856441338 -0.00023733709628383318 -0.00018252924783155323 -0.00010176684396962322 8.7385333608835738e-05 -0.00031020041399945809 0.00012404994922690093
leaf_weight=2.9999999999999991 4.9999999999999991 2.9999999999999991 2.9999999999999991 4.9999999999999991 2.9999999999999991 2.9999999999999991 3.9999999999999991 3 3.0000000000000062 3 2.9999999999999991
leaf_count=3 5 3 3 5 3 3 4 3 3 3 3
internal_value=-2.31588e-12 4.34285e-05 -1.384e-05 2.59151e-05 0.000176445 -7.44379e-05 2.52275e-05 6.74163e-05 0.000129106 -0.000273769 0.000152008
internal_weight=41 38 33 30 12 18 12 9 8 6 6
internal_count=41 38 33 30 12 18 12 9 8 6 6
is_linear=0
shrinkage=0.05


Tree=126
num_leaves=11
num_cat=0
split_feature=51 63 45 11 84 35 55 28 17 84
split_gain=0.000363383 0.000264592 0.000129167 0.000113321 0.000145306 5.54801e-05 1.49247e-05 1.05488e-05 2.7623e-06 1.6247e-07
threshold=-1.5102062311292281 0.095317395041392708 -0.52688298945428969 -1.0000000180025095e-35 0.32552184825918146 -1.0000000180025095e-35 -0.88213604831320536 -0.22457409675981752 -0.18619640579903343 1.0000000180025095e-35
decision_type=2 2 2 2 2 2 2 2 2 2
left_child=-1 -2 7 6 5 -5 -4 -3 -8 -10
right_child=1 2 3 4 -6 -7 8 -9 9 -11
leaf_value=0.00052977528733511763 -0.00038077658507972961 -0.00011023877984068043 0.0002499985586230954 0.00015224043279886247 -0.00035779179694751898 -0.00011974025983363375 8.3762236560384537e-05 -0.00023426995612680913 0.00013165188429411492 0.0001451714686118066
leaf_weight=2.9999999999999991 4.9999999999999991 3 2.9999999999999991 4.9999999999999991 2.9999999999999991 3.0000000000000027 2.9999999999999956 3.9999999999999991 4.0000000000000018 5
leaf_count=3 5 3 3 5 3 3 3 4 4 5
internal_value=7.80834e-13 -4.18244e-05 9.53203e-06 6.08597e-05 -6.10358e-05 5.02477e-05 0.00015025 -0.000181114 0.000125313 0.000139163
internal_weight=41 38 33 26 11 8 15 7 12 9
internal_count=41 38 33 26 11 8 15 7 12 9
is_linear=0
shrinkage=0.05


Tree=127
num_leaves=12
num_cat=0
split_feature=37 60 18 78 58 62 38 82 87 8 10
split_gain=0.000354468 0.000289489 0.000171386 0.000200923 0.0001599 3.46509e-05 2.53283e-05 2.42949e-05 2.06499e-06 8.56433e-07 5.0195e-08
threshold=-1.3793881901517298 -0.96824793346519 0.98218221908150138 0.79187513870965531 1.0000000180025095e-35 0.90621078957858281 -0.033750304569540097 0.9994517921295567 0.31283216343908632 -0.26770797591583412 -0.26721504564662563
decision_type=2 2 2 2 2 2 2 2 2 2 2
left_child=-1 -2 3 4 7 -5 -6 8 9 -3 -11
right_child=1 2 -4 5 6 -7 -8 -9 -10 10 -12
leaf_value=-0.00052323607766690356 0.00039584913291037084 9.949888335540891e-05 0.00025723602389916779 -0.00043719167200227579 -7.8115049594392361e-05 -0.00019687635358422992 -0.00027030545170418917 -2.5795633943441015e-05 0.00016921191321065028 0.00013679125501463811 0.00012764475929240353
leaf_weight=2.9999999999999991 4.9999999999999991 2.9999999999999991 4.9999999999999991 2.9999999999999991 3 3 3.9999999999999991 2.9999999999999991 2.9999999999999991 2.9999999999999991 3.0000000000000071
leaf_count=3 5 3 5 3 3 3 4 3 3 3 3
internal_value=1.20674e-12 4.13081e-05 -1.24102e-05 -6.05613e-05 9.38575e-06 -0.000317034 -0.000187938 0.00010147 0.000133287 0.000121312 0.000132218
internal_weight=41 38 33 28 22 6 7 15 12 9 6
internal_count=41 38 33 28 22 6 7 15 12 9 6
is_linear=0
shrinkage=0.05


Tree=128
num_leaves=13
num_cat=0
split_feature=45 37 45 72 17 78 48 26 6 57 61 16
split_gain=0.000332856 0.000272154 0.000135752 0.000125249 6.61478e-05 0.000133684 1.88863e-05 5.17616e-06 2.02645e-06 6.82479e-07 2.87537e-07 3.5145e-08
threshold=-1.4738893408630298 -1.3793881901517298 -0.52688298945428969 -1.0674544644265234 -0.29511975248625238 0.79187513870965531 -0.74232672986200965 1.0514201785695529 -0.40463999091224817 -0.28669383518828773 -0.42002062214995012 -1.0000000180025095e-35
decision_type=2 2 2 2 2 2 2 2 2 2 2 2
left_child=-1 -2 8 -4 5 7 -6 -5 -3 -8 -11 -12
right_child=1 2 3 4 6 -7 9 -9 -10 10 11 -13
leaf_value=0.00050703439240654309 -0.00049707428746235862 -0.00016673215432092545 -0.00025689015941073501 6.7848886101273782e-05 0.00026363037371387088 -0.0002938484928260246 0.0001027159276418388 0.00015473139549915986 -0.00022109420388005674 0.0001428922987543047 0.00012776060029864316 0.00012010716600343561
leaf_weight=2.9999999999999991 2.9999999999999991 3 2.9999999999999991 4.0000000000000018 2.9999999999999991 3 2.9999999999999991 3 3.9999999999999991 2.9999999999999982 2.9999999999999982 3.0000000000000053
leaf_count=3 3 3 3 4 3 3 3 3 4 3 3 3
internal_value=-2.20053e-12 -4.0029e-05 -8.53726e-07 4.83819e-05 8.50145e-05 -1.45956e-05 0.000151421 0.000105084 -0.000197796 0.000123369 0.000130253 0.000123934
internal_weight=41 38 35 28 25 10 15 7 7 12 9 6
internal_count=41 38 35 28 25 10 15 7 7 12 9 6
is_linear=0
shrinkage=0.05


Tree=129
num_leaves=11
num_cat=0
split_feature=51 63 45 11 84 12 55 28 17 84
split_gain=0.000314054 0.000222806 9.11418e-05 8.10927e-05 0.000110682 4.20459e-05 1.30273e-05 1.262e-05 2.66927e-06 2.41181e-07
threshold=-1.5102062311292281 0.095317395041392708 -0.52688298945428969 -1.0000000180025095e-35 0.32552184825918146 -0.37568355051934671 -0.88213604831320536 -0.22457409675981752 -0.18619640579903343 1.0000000180025095e-35
decision_type=2 2 2 2 2 2 2 2 2 2
left_child=-1 -2 7 6 5 -5 -4 -3 -8 -10
right_child=1 2 3 4 -6 -7 8 -9 9 -11
leaf_value=0.00049250577576458458 -0.00034991983557119966 -7.4377566731224432e-05 0.00022017117201661072 0.00013415896915830672 -0.00031075285126765573 -0.00010261344917428979 6.2835521142308998e-05 -0.00021003949223086238 0.0001081440306734293 0.00012461608741432426
leaf_weight=2.9999999999999991 4.9999999999999991 3 2.9999999999999991 4.9999999999999991 2.9999999999999991 3.0000000000000027 2.9999999999999956 3.9999999999999991 4.0000000000000018 5
leaf_count=3 5 3 3 5 3 3 3 4 4 5
internal_value=1.56167e-12 -3.8882e-05 8.24491e-06 5.13605e-05 -5.17549e-05 4.53693e-05 0.000126978 -0.000151899 0.00010368 0.000117295
internal_weight=41 38 33 26 11 8 15 7 12 9
internal_count=41 38 33 26 11 8 15 7 12 9
is_linear=0
shrinkage=0.05


Tree=130
num_leaves=13
num_cat=0
split_feature=36 60 63 1 26 10 76 38 78 13 86 8
split_gain=0.000297661 0.00028123 0.000144896 0.00011668 0.000121219 8.98206e-05 3.93316e-05 3.48056e-05 3.082e-05 5.74116e-06 1.53003e-06 2.19631e-07
threshold=-1.5994330797532534 -0.96824793346519 0.095317395041392708 -0.50298442762762074 -0.73280379874200618 -0.14461635678850343 0.77851375520763855 -0.26348979886666951 0.32068485486684156 -1.0000000180025095e-35 0.53207036284089892 -0.22051637116984457
decision_type=2 2 2 2 2 2 2 2 2 2 2 2
left_child=-1 -2 -3 4 -4 7 9 -5 10 -7 -6 -9
right_child=1 2 3 5 8 6 -8 11 -10 -11 -12 -13
leaf_value=-0.0004794793436303735 0.00043442227615742013 -0.00034060388570651413 0.00042061774681011839 -9.3137688236311081e-05 0.00014429400907829408 -0.00029119562823325389 -2.0555220544338223e-05 0.0001001920357036094 -7.7233009506016956e-05 -0.00019337644334882471 9.3795985837156557e-05 0.00011808882700279347
leaf_weight=2.9999999999999991 3.9999999999999991 2.9999999999999991 2.9999999999999991 2.9999999999999991 2.9999999999999982 3 3 2.9999999999999991 3 3.0000000000000036 3 4.0000000000000018
leaf_count=3 4 3 3 3 3 3 3 3 3 3 3 4
internal_value=2.12955e-12 3.78536e-05 -8.8015e-06 2.33084e-05 0.000145369 -5.37823e-05 -0.000168376 4.93518e-05 5.3619e-05 -0.000242286 0.000119045 0.000110419
internal_weight=41 38 34 31 12 19 9 10 9 6 6 7
internal_count=41 38 34 31 12 19 9 10 9 6 6 7
is_linear=0
shrinkage=0.05


Tree=131
num_leaves=12
num_cat=0
split_feature=45 37 45 72 78 24 16 41 16 61 11
split_gain=0.000276981 0.000229067 9.92712e-05 9.1394e-05 4.76914e-05 5.07714e-06 1.85744e-06 1.72367e-06 4.46388e-07 1.1283e-07 2.48765e-08
threshold=-1.4738893408630298 -1.3793881901517298 -0.52688298945428969 -1.0674544644265234 0.79187513870965531 1.0996342430017807 -0.2155807628963152 0.89776769475408524 -0.93433325239204235 -0.16086285999925834 -0.13103451500160451
decision_type=2 2 2 2 2 2 2 2 2 2 2
left_child=-1 -2 6 -4 5 7 -3 8 -5 10 -10
right_child=1 2 3 4 -6 -7 -8 -9 9 -11 -12
leaf_value=0.00046252387886246046 -0.00045582243086149296 -0.00013924772695948675 -0.00021924193715676667 8.8683775781343182e-05 -6.529633770696819e-05 0.00016732021079709133 -0.00019129348802380264 6.8066093081142751e-05 0.0001182303802731134 0.00010416966688353567 0.00011179136733214058
leaf_weight=2.9999999999999991 2.9999999999999991 3 2.9999999999999991 3.0000000000000062 4.9999999999999991 2.9999999999999991 3.9999999999999991 3.9999999999999991 3.0000000000000053 4 3
leaf_count=3 3 3 3 3 5 3 4 4 3 4 3
internal_value=-1.13576e-12 -3.6515e-05 -5.74411e-07 4.1529e-05 7.28215e-05 0.000107351 -0.000168988 9.67682e-05 0.0001056 0.000110674 0.000115011
internal_weight=41 38 35 28 25 20 7 17 13 10 6
internal_count=41 38 35 28 25 20 7 17 13 10 6
is_linear=0
shrinkage=0.05


Tree=132
num_leaves=13
num_cat=0
split_feature=51 60 46 39 73 26 47 41 27 43 35 78
split_gain=0.000266632 0.000186253 0.000179442 7.11864e-05 6.08285e-05 5.08908e-05 2.31895e-05 1.58981e-05 5.58583e-06 1.5262e-06 6.76267e-07 1.61401e-07
threshold=-1.5102062311292281 1.094402299754244 0.28861566823279222 0.14996436062271098 -0.02756935224371887 1.0000000180025095e-35 -0.6266203210856095 1.3095641668621947 0.27260691502559004 -1.2510673405531196 1.0000000180025095e-35 -1.0000000180025095e-35
decision_type=2 2 2 2 2 2 2 2 2 2 2 2
left_child=-1 3 -3 4 6 8 -2 9 -5 -8 11 -11
right_child=1 2 -4 5 -6 -7 7 -9 -10 10 -12 -13
leaf_value=0.0004538006925334533 0.00023070181099077013 -0.00056109180829177303 -4.9538491293787945e-05 -0.00023336379866426197 -0.0001393838707978525 4.5121306902728969e-05 0.00013504313537850962 -2.452951399997498e-05 -0.00013687689012537396 9.5354168054958101e-05 7.4480188777670245e-05 0.00011175543768331433
leaf_weight=2.9999999999999991 3.0000000000000062 2.9999999999999991 4 2.9999999999999982 3.0000000000000027 4 3.0000000000000027 2.9999999999999991 3 3.0000000000000018 3 2.9999999999999929
leaf_count=3 3 3 4 3 3 4 3 3 3 3 3 3
internal_value=-2.02307e-12 -3.58264e-05 -0.000268776 1.67751e-05 6.90602e-05 -9.30237e-05 0.000103801 7.84207e-05 -0.00018512 0.000104158 9.38633e-05 0.000103555
internal_weight=41 38 7 31 21 10 18 15 6 12 9 6
internal_count=41 38 7 31 21 10 18 15 6 12 9 6
is_linear=0
shrinkage=0.05


Tree=133
num_leaves=13
num_cat=0
split_feature=36 60 63 1 14 10 76 0 60 13 29 41
split_gain=0.000252079 0.000231636 0.000122708 9.10831e-05 9.84819e-05 7.17958e-05 3.2621e-05 2.52926e-05 2.52824e-05 5.13415e-06 1.15352e-06 2.60035e-07
threshold=-1.5994330797532534 -0.96824793346519 0.095317395041392708 -0.50298442762762074 1.1205564647595587 -0.14461635678850343 0.77851375520763855 0.4704289632436664 1.0000000180025095e-35 -1.0000000180025095e-35 1.0000000180025095e-35 0.51298639066457297
decision_type=2 2 2 2 2 2 2 2 2 2 2 2
left_child=-1 -2 -3 4 7 8 9 10 -5 -7 -4 -10
right_child=1 2 3 5 -6 6 -8 -9 11 -11 -12 -13
leaf_value=-0.00044124251386771607 0.00039474217919632792 -0.00031284914196779334 0.00012838018204395973 -7.5304116277645006e-05 0.00037798081369449696 -0.00026208402123302212 -1.3901057536713774e-05 -7.1351527003571372e-05 0.00010652954515535383 -0.00016958039486780738 8.4533451202635935e-05 8.7056025707473329e-05
leaf_weight=2.9999999999999991 3.9999999999999991 2.9999999999999991 2.9999999999999982 3 2.9999999999999991 3 3 3 4 3.0000000000000036 3 3
leaf_count=3 4 3 3 3 3 3 3 3 4 3 3 3
internal_value=-7.0985e-14 3.48349e-05 -7.50709e-06 2.20421e-05 0.000129886 -4.60696e-05 -0.000148522 4.71874e-05 4.61374e-05 -0.000215832 0.000106457 9.81838e-05
internal_weight=41 38 34 31 12 19 9 9 10 6 6 7
internal_count=41 38 34 31 12 19 9 9 10 6 6 7
is_linear=0
shrinkage=0.05


Tree=134
num_leaves=12
num_cat=0
split_feature=45 37 45 72 89 48 67 6 67 6 35
split_gain=0.000234917 0.000194669 7.54966e-05 6.90523e-05 3.99507e-05 2.02982e-05 1.08394e-05 1.99007e-06 2.1956e-06 1.6863e-06 1.24435e-07
threshold=-1.4738893408630298 -1.3793881901517298 -0.52688298945428969 -1.0674544644265234 -1.374867858343843 -0.74232672986200965 0.96044845770644816 -0.50279862239329165 -0.75823192768719461 -0.40463999091224817 -0.013563473985330234
decision_type=2 2 2 2 2 2 2 2 2 2 2
left_child=-1 -2 9 -4 -5 -6 7 -7 -9 -3 -10
right_child=1 2 3 4 5 6 -8 8 10 -11 -12
leaf_value=0.00042595795045296354 -0.00042017312953248622 -0.00011902736344685155 -0.00019044622313231231 -8.140288991853588e-05 0.0002114177681505675 0.00012471471757938437 -1.582176385757824e-05 4.8938466352410544e-05 8.8071911886799948e-05 -0.00016861759941093625 0.00010054363665403838
leaf_weight=2.9999999999999991 2.9999999999999991 3 2.9999999999999991 4.0000000000000027 3.0000000000000062 3.0000000000000062 2.9999999999999991 4.0000000000000053 4.0000000000000053 3.9999999999999991 3.999999999999984
leaf_count=3 3 3 3 4 3 3 3 4 4 4 4
internal_value=-7.0985e-13 -3.36283e-05 -4.95843e-07 3.62214e-05 6.34215e-05 9.10071e-05 7.09386e-05 8.82907e-05 7.91847e-05 -0.000147365 9.43078e-05
internal_weight=41 38 35 28 25 21 18 15 12 7 8
internal_count=41 38 35 28 25 21 18 15 12 7 8
is_linear=0
shrinkage=0.05


Tree=135
num_leaves=12
num_cat=0
split_feature=51 63 50 42 4 25 41 41 80 29 9
split_gain=0.000226644 0.00016213 5.27758e-05 4.72112e-05 3.58412e-05 1.72813e-05 9.95028e-06 1.68545e-06 2.8829e-07 4.08679e-08 1.1676e-08
threshold=-1.5102062311292281 0.095317395041392708 0.88250539162976216 0.70780147206209587 0.8472186218135852 -0.16637877782139571 1.3095641668621947 0.70207065823539783 -0.7463014523770799 0.1809514937462057 -0.36454500721419214
decision_type=2 2 2 2 2 2 2 2 2 2 2
left_child=-1 -2 3 4 5 -3 7 8 -7 10 -10
right_child=1 2 -4 -5 -6 6 -8 -9 9 -11 -12
leaf_value=0.00041839030260841059 -0.00029835832887329164 0.00019459303002804495 -0.00014246161445043981 -0.00012514337722677738 -0.00010126493483160932 7.6555406364301666e-05 -1.8152675086942814e-05 4.8077771013292179e-05 9.4629723268250458e-05 8.9688030614828041e-05 9.9041076221813816e-05
leaf_weight=2.9999999999999991 4.9999999999999991 3.0000000000000027 4.9999999999999991 3.9999999999999991 2.9999999999999991 3.0000000000000062 2.9999999999999991 2.9999999999999991 3.0000000000000044 3 2.9999999999999973
leaf_count=3 5 3 5 4 3 3 3 3 3 3 3
internal_value=-8.51819e-13 -3.30308e-05 7.17032e-06 3.38903e-05 6.03959e-05 8.34903e-05 6.49732e-05 8.15984e-05 8.99786e-05 9.44529e-05 9.68354e-05
internal_weight=41 38 33 28 24 21 18 15 12 9 6
internal_count=41 38 33 28 24 21 18 15 12 9 6
is_linear=0
shrinkage=0.05


Tree=136
num_leaves=13
num_cat=0
split_feature=36 60 63 1 26 10 76 71 58 13 48 41
split_gain=0.000220304 0.000196343 0.000101579 7.31288e-05 8.06207e-05 5.62921e-05 2.65169e-05 2.08858e-05 2.08375e-05 4.98924e-06 1.00968e-06 3.76002e-07
threshold=-1.5994330797532534 -0.96824793346519 0.095317395041392708 -0.50298442762762074 -0.73280379874200618 -0.14461635678850343 0.77851375520763855 0.2016032029669034 -0.099132243696238603 -1.0000000180025095e-35 0.1300363569748603 0.51298639066457297
decision_type=2 2 2 2 2 2 2 2 2 2 2 2
left_child=-1 -2 -3 4 -4 8 9 10 11 -7 -6 -5
right_child=1 2 3 5 7 6 -8 -9 -10 -11 -12 -13
leaf_value=-0.00041249697096645832 0.00036392156180227176 -0.00028423017744595805 0.00034157180537780127 9.8369663464836787e-05 7.5623235898092419e-05 -0.00023756270141651227 -9.9076292826794068e-06 -6.544328837965924e-05 -6.9167009011531833e-05 -0.0001463739201426504 0.00011664523432652153 7.4953093038250985e-05
leaf_weight=2.9999999999999991 3.9999999999999991 2.9999999999999991 2.9999999999999991 3.9999999999999991 2.9999999999999982 3 3 3 3.0000000000000009 3.0000000000000036 3 3
leaf_count=3 4 3 3 4 3 3 3 3 3 3 3 3
internal_value=-2.02307e-12 3.25655e-05 -6.41751e-06 2.04676e-05 0.000117099 -4.05629e-05 -0.000131281 4.22751e-05 4.10837e-05 -0.000191968 9.61342e-05 8.8334e-05
internal_weight=41 38 34 31 12 19 9 9 10 6 6 7
internal_count=41 38 34 31 12 19 9 9 10 6 6 7
is_linear=0
shrinkage=0.05


Tree=137
num_leaves=11
num_cat=0
split_feature=51 60 46 39 73 26 40 43 83 8
split_gain=0.000199551 0.000136511 0.00014631 4.85657e-05 4.16966e-05 2.94042e-05 1.79573e-05 8.5953e-06 1.5975e-06 2.0722e-07
threshold=-1.5102062311292281 1.094402299754244 0.28861566823279222 0.14996436062271098 -0.02756935224371887 -0.26376296914843095 -1.2466339109171496 -1.0000000180025095e-35 0.29063875625630925 -0.26770797591583412
decision_type=2 2 2 2 2 2 2 2 2 2
left_child=-1 3 -3 4 6 -5 -2 8 9 -8
right_child=1 2 -4 5 -6 -7 7 -9 -10 -11
leaf_value=0.00039258752949535849 -7.4418749136384441e-06 -0.0004943787159087758 -3.2460417423862963e-05 -0.00016239002929069099 -0.00011535304947756219 9.0865936363115935e-06 6.7885685712099005e-05 0.00018770197057165229 0.00011742955830413847 8.526947203790769e-05
leaf_weight=2.9999999999999991 4.0000000000000062 2.9999999999999991 4 5 3.0000000000000027 4.9999999999999982 3.0000000000000027 2.9999999999999956 4 3.9999999999999991
leaf_count=3 4 3 4 5 3 5 3 3 4 4
internal_value=8.51819e-13 -3.09938e-05 -0.000230425 1.40392e-05 5.72254e-05 -7.66517e-05 8.59884e-05 0.000112683 9.2223e-05 7.78193e-05
internal_weight=41 38 7 31 21 10 18 14 11 7
internal_count=41 38 7 31 21 10 18 14 11 7
is_linear=0
shrinkage=0.05


Tree=138
num_leaves=12
num_cat=0
split_feature=37 58 16 45 11 70 10 37 42 17 12
split_gain=0.000199522 0.000169234 0.000281122 9.63353e-05 4.33707e-05 5.52435e-05 2.4807e-05 1.34875e-05 9.24348e-06 1.55425e-06 6.96259e-08
threshold=-1.3793881901517298 0.76292358488311807 -1.0000000180025095e-35 -0.52688298945428969 1.0000000180025095e-35 0.27192474102019931 0.92829222330411121 1.0000000180025095e-35 -0.71112550021514387 -0.18619640579903343 0.49896907496584936
decision_type=2 2 2 2 2 2 2 2 2 2 2
left_child=-1 3 -3 6 8 -6 -2 -7 -5 -10 -11
right_child=1 2 -4 4 5 7 -8 -9 9 10 -12
leaf_value=-0.00039255844894796614 -0.00010084082605317227 -2.1366903092712159e-05 0.00061892220207179598 0.00016725716025878977 -0.00019284590962342923 0.0001001912518404424 -0.00029104293789714567 -4.0055832747990873e-05 3.7077794452973945e-05 7.5774284778162826e-05 8.5850876833622636e-05
leaf_weight=2.9999999999999991 4.0000000000000027 4 2.9999999999999991 3.0000000000000009 3.9999999999999982 4 3 3 3 4 3
leaf_count=3 4 4 3 3 4 4 3 3 3 4 3
internal_value=8.16327e-13 3.09915e-05 0.000253043 -1.91491e-05 2.84529e-05 -4.46169e-05 -0.000182356 4.00854e-05 9.02811e-05 6.71883e-05 8.00928e-05
internal_weight=41 38 7 31 24 11 7 7 13 10 7
internal_count=41 38 7 31 24 11 7 7 13 10 7
is_linear=0
shrinkage=0.05


Tree=139
num_leaves=12
num_cat=0
split_feature=36 58 4 50 59 89 29 87 67 47 18
split_gain=0.000185675 0.000153849 0.000254654 8.34386e-05 3.78197e-05 2.60429e-05 2.12704e-05 1.10159e-05 1.32728e-06 4.08662e-07 5.94325e-08
threshold=-1.5994330797532534 0.76292358488311807 0.64521295139850721 0.88250539162976216 -0.026710697167952983 -1.374867858343843 0.1848003585040433 0.57398650830420539 -0.66127811499467171 0.36773009643994053 -0.20263654042245971
decision_type=2 2 2 2 2 2 2 2 2 2 2
left_child=-1 3 -3 4 -2 -6 7 8 -7 10 -10
right_child=1 2 -4 -5 5 6 -8 -9 9 -11 -12
leaf_value=-0.00037869136237228909 -0.00014629860525019466 0.00058797606810306511 -6.350180580435941e-05 -0.00020128557109273969 -7.4465649959165549e-05 4.4836014664421427e-05 -2.4018764961510896e-05 0.00018075888316767912 7.072838294940685e-05 9.8306179279461492e-05 8.0680977165078094e-05
leaf_weight=2.9999999999999991 2.9999999999999991 2.9999999999999991 3 4.9999999999999991 4.0000000000000027 3.0000000000000027 4.9999999999999991 2.9999999999999991 3.0000000000000018 3 3
leaf_count=3 3 3 3 5 4 3 5 3 3 3 3
internal_value=-2.05856e-12 2.98967e-05 0.000262237 -1.36671e-05 2.1077e-05 4.1999e-05 6.52919e-05 9.50621e-05 7.36379e-05 8.32385e-05 7.57047e-05
internal_weight=41 38 6 32 27 24 20 15 12 9 6
internal_count=41 38 6 32 27 24 20 15 12 9 6
is_linear=0
shrinkage=0.05


Tree=140
num_leaves=12
num_cat=0
split_feature=37 58 15 45 11 70 10 37 42 17 12
split_gain=0.000169617 0.000141833 0.00024588 7.86906e-05 3.71082e-05 4.74105e-05 2.29536e-05 1.14013e-05 7.28692e-06 1.4104e-06 3.88508e-08
threshold=-1.3793881901517298 0.76292358488311807 -0.24838186631224973 -0.52688298945428969 1.0000000180025095e-35 0.27192474102019931 0.92829222330411121 1.0000000180025095e-35 -0.71112550021514387 -0.18619640579903343 0.49896907496584936
decision_type=2 2 2 2 2 2 2 2 2 2 2
left_child=-1 3 -3 6 8 -6 -2 -7 -5 -10 -11
right_child=1 2 -4 4 5 7 -8 -9 9 10 -12
leaf_value=-0.00036194592248648408 -8.6421842570416559e-05 -2.4776891223154959e-05 0.00057403500347087786 0.00015123056752296778 -0.00017921300604939466 9.1836001956835376e-05 -0.00026938095688819878 -3.7109264909910651e-05 3.3698144155399242e-05 7.1448416565544901e-05 7.8975525684654696e-05
leaf_weight=2.9999999999999991 4.0000000000000027 4 2.9999999999999991 3.0000000000000009 3.9999999999999982 4 3 3 3 4 3
leaf_count=3 4 4 3 3 4 4 3 3 3 4 3
internal_value=1.06477e-13 2.85747e-05 0.000231857 -1.73277e-05 2.56946e-05 -4.18942e-05 -0.000164833 3.65737e-05 8.28851e-05 6.23815e-05 7.46743e-05
internal_weight=41 38 7 31 24 11 7 7 13 10 7
internal_count=41 38 7 31 24 11 7 7 13 10 7
is_linear=0
shrinkage=0.05


Tree=141
num_leaves=13
num_cat=0
split_feature=36 60 63 1 14 10 81 60 0 40 37 10
split_gain=0.000165253 0.000133406 6.99669e-05 4.80802e-05 5.0624e-05 4.0285e-05 1.78937e-05 1.61032e-05 1.25983e-05 4.67046e-06 6.5274e-07 4.74464e-07
threshold=-1.5994330797532534 -0.96824793346519 0.095317395041392708 -0.50298442762762074 1.1205564647595587 -0.14461635678850343 1.1246278356799726 1.0000000180025095e-35 0.4704289632436664 0.16166019120186342 -1.0000000180025095e-35 -0.14461635678850343
decision_type=2 2 2 2 2 2 2 2 2 2 2 2
left_child=-1 -2 -3 4 8 7 9 -5 11 -7 -9 -4
right_child=1 2 3 5 -6 6 -8 10 -10 -11 -12 -13
leaf_value=-0.00035725916968658571 0.00030133854488667566 -0.00023449564080995819 6.5215442252034939e-05 -5.8953130307296897e-05 0.0002746140021675577 -0.00011358443492402617 -8.1418198533356169e-06 9.7134856817622991e-05 -4.6214721320817856e-05 -0.00020181195189555479 6.6281783801969114e-05 9.3336139495174095e-05
leaf_weight=2.9999999999999991 3.9999999999999991 2.9999999999999991 2.9999999999999991 3 2.9999999999999991 3.0000000000000036 3 2.9999999999999991 3 3 4.0000000000000009 2.9999999999999991
leaf_count=3 4 3 3 3 3 3 3 3 3 3 4 3
internal_value=7.45342e-13 2.82047e-05 -3.92872e-06 1.83842e-05 9.67377e-05 -3.11022e-05 -0.000107846 3.79672e-05 3.74456e-05 -0.000157698 7.95045e-05 7.92758e-05
internal_weight=41 38 34 31 12 19 9 10 9 6 7 6
internal_count=41 38 34 31 12 19 9 10 9 6 7 6
is_linear=0
shrinkage=0.05


Tree=142
num_leaves=12
num_cat=0
split_feature=36 31 33 86 70 0 44 38 67 18 62
split_gain=0.00014914 0.000126856 7.76971e-05 4.39152e-05 3.88465e-05 2.19297e-05 1.92572e-05 8.09939e-06 4.72779e-07 2.89892e-08 7.65421e-09
threshold=-1.5994330797532534 1.844318609866801 0.93914265483505155 -1.0062604119131784 -0.81985387839257473 0.81783464012756568 0.36784840575575484 -0.26348979886666951 -0.75823192768719461 -0.54356665987825592 -1.0255730491743866
decision_type=2 2 2 2 2 2 2 2 2 2 2
left_child=-1 2 3 -2 -5 6 7 -6 -9 -10 -11
right_child=1 -3 -4 4 5 -7 -8 8 9 10 -12
leaf_value=-0.0003393962164409459 0.00021194543417853617 0.00033883267509130145 -0.00018243118072859945 -0.00013351627421798174 -2.0686453217422188e-05 0.00016136747241641086 -8.1726812641136359e-05 4.4279095406333455e-05 6.318562858117104e-05 6.7419457870224916e-05 7.0991153673579868e-05
leaf_weight=2.9999999999999991 2.9999999999999991 2.9999999999999991 4.9999999999999991 4.0000000000000027 4.0000000000000098 2.9999999999999991 3.9999999999999991 3.0000000000000098 3.000000000000008 3.000000000000008 2.9999999999999751
leaf_count=3 3 3 5 4 4 3 4 3 3 3 3
internal_value=9.36114e-13 2.67944e-05 4.83046e-08 3.04616e-05 1.02967e-05 3.53076e-05 1.63986e-05 4.093e-05 6.14688e-05 6.71987e-05 6.92053e-05
internal_weight=41 38 35 30 27 23 20 16 12 9 6
internal_count=41 38 35 30 27 23 20 16 12 9 6
is_linear=0
shrinkage=0.05


Tree=143
num_leaves=12
num_cat=0
split_feature=62 51 8 73 25 45 13 70 22 84 54
split_gain=0.000141262 0.000152091 7.90031e-05 2.62482e-05 2.53393e-05 2.11094e-05 1.61233e-05 7.14339e-06 1.42974e-06 5.61307e-07 1.03782e-08
threshold=1.1407379490150575 -1.1115438371884896 0.4588211163806864 -0.082908108965505239 -0.15254037163038803 -0.52688298945428969 -1.0000000180025095e-35 -1.0000000180025095e-35 -0.48764123063273884 -0.58271898432198876 0.077373127170041536
decision_type=2 2 2 2 2 2 2 2 2 2 2
left_child=1 -1 3 6 -5 -6 7 -3 -7 -9 -10
right_child=-2 2 -4 4 5 8 -8 9 10 -11 -12
leaf_value=-0.00037544101166228454 0.00024903346318751575 -1.9450607942417259e-05 -0.00021190852130530404 -0.00015079745013887695 -0.00010319416372415926 2.1772289619548275e-05 0.0001771157296995322 8.8119299228613582e-05 6.1967745811367808e-05 6.0762220527976751e-05 6.6126714227721071e-05
leaf_weight=2.9999999999999991 4.9999999999999991 3 3.9999999999999991 2.9999999999999973 2.9999999999999973 2.9999999999999956 2.9999999999999991 2.9999999999999991 3.0000000000000098 4.9999999999999991 3
leaf_count=3 5 3 4 3 3 3 3 3 3 5 3
internal_value=-7.63088e-13 -3.4588e-05 -3.60134e-06 2.51307e-05 -2.0825e-05 1.16681e-05 7.43689e-05 4.6347e-05 4.99556e-05 7.10211e-05 6.40472e-05
internal_weight=41 36 33 29 15 12 14 11 9 8 6
internal_count=41 36 33 29 15 12 14 11 9 8 6
is_linear=0
shrinkage=0.05


Tree=144
num_leaves=12
num_cat=0
split_feature=45 37 54 24 16 89 1 57 61 86 47
split_gain=0.000135309 0.000111526 2.97301e-05 3.34602e-05 1.93969e-05 1.36936e-05 7.04082e-06 1.61329e-06 6.10209e-07 2.92303e-07 1.21413e-08
threshold=-1.4738893408630298 -1.3793881901517298 -1.6786949348913096 -1.0000000180025095e-35 0.89767096144825886 1.0000000180025095e-35 -0.27481233249325943 -0.28669383518828773 -0.59710188348983417 -0.21556833810257228 0.36773009643994053
decision_type=2 2 2 2 2 2 2 2 2 2 2
left_child=-1 -2 -3 5 7 -4 -7 -5 -9 -10 -11
right_child=1 2 3 4 -6 6 -8 8 9 10 -12
leaf_value=0.00032327558534840742 -0.00031809793629993996 0.00015006049070507289 -0.00015609544934704913 2.0683674362468704e-05 -6.0236725257709626e-05 1.7764910201852512e-05 -7.9125575721263888e-05 8.1206730101257671e-05 4.2424836040784981e-05 5.9290534894292226e-05 6.3788931583985673e-05
leaf_weight=2.9999999999999991 2.9999999999999991 2.9999999999999991 3.9999999999999956 2.9999999999999973 4.9999999999999991 3.0000000000000009 4.9999999999999991 2.9999999999999956 2.9999999999999947 3.000000000000016 3
leaf_count=3 3 3 4 3 5 3 5 3 3 3 3
internal_value=-7.67525e-13 -2.55218e-05 -4.43799e-07 -1.45536e-05 2.505e-05 -8.05596e-05 -4.27916e-05 5.34789e-05 6.16778e-05 5.51681e-05 6.15397e-05
internal_weight=41 38 35 32 20 12 8 15 12 9 6
internal_count=41 38 35 32 20 12 8 15 12 9 6
is_linear=0
shrinkage=0.05


Tree=145
num_leaves=12
num_cat=0
split_feature=51 63 42 31 43 25 45 44 54 29 43
split_gain=0.00013076 9.99131e-05 2.44707e-05 3.17298e-05 2.60385e-05 1.51623e-05 1.06746e-05 6.57605e-06 3.46367e-06 1.28543e-06 5.09752e-07
threshold=-1.5102062311292281 0.095317395041392708 -0.52673171056024115 -0.22559576834473472 0.42793734227565744 -0.15876703176308338 -0.52688298945428969 0.19081225711834024 -0.3927994502840329 0.1809514937462057 -1.2510673405531196
decision_type=2 2 2 2 2 2 2 2 2 2 2
left_child=-1 -2 5 7 8 -3 -6 10 -5 -7 -4
right_child=1 2 3 4 6 9 -8 -9 -10 -11 -12
leaf_value=0.00031779436394572261 -0.00023337562975939363 0.00016855955279121792 8.2570250378921606e-05 -0.00018720301256204639 -7.8562897397205304e-05 5.4033230602120376e-05 4.6205148828448679e-05 -2.0528501894053377e-05 -0.00011122416472062458 7.7473979520921884e-06 5.6499771308153884e-05
leaf_weight=2.9999999999999991 4.9999999999999991 3 3 3 2.9999999999999964 2.9999999999999982 4.0000000000000036 3 3.0000000000000018 3 4.9999999999999982
leaf_count=3 5 3 3 3 3 3 4 3 3 3 5
internal_value=-9.6717e-13 -2.5089e-05 6.46955e-06 -1.98969e-05 -7.27807e-05 7.67801e-05 -7.26687e-06 4.26022e-05 -0.000149214 3.08903e-05 6.62762e-05
internal_weight=41 38 33 24 13 9 7 11 6 6 8
internal_count=41 38 33 24 13 9 7 11 6 6 8
is_linear=0
shrinkage=0.05


Tree=146
num_leaves=12
num_cat=0
split_feature=36 58 4 50 59 33 29 81 43 28 6
split_gain=0.000125795 0.000111585 0.000168945 5.65393e-05 1.95596e-05 1.63464e-05 1.44889e-05 7.20594e-06 6.98891e-07 9.18631e-08 1.90094e-09
threshold=-1.5994330797532534 0.76292358488311807 0.64521295139850721 0.88250539162976216 -0.026710697167952983 -0.84287783505931435 0.1848003585040433 0.50506800921698547 -1.2510673405531196 -0.22457409675981752 -0.32116387703434074
decision_type=2 2 2 2 2 2 2 2 2 2 2
left_child=-1 3 -3 4 -2 -6 7 8 -7 -10 -11
right_child=1 2 -4 -5 5 6 -8 -9 9 10 -12
leaf_value=-0.0003117032193889221 -0.00010426050187864651 0.00048779671390851339 -4.2839527789813767e-05 -0.00016693521523848177 -4.9285047971352436e-05 7.8441736210758402e-05 -3.2230227952823042e-05 0.000144180052060013 4.3431276571936873e-05 5.3257124576096687e-05 5.5037079922234034e-05
leaf_weight=2.9999999999999991 2.9999999999999991 2.9999999999999991 3 4.9999999999999991 5.0000000000000027 3.0000000000000027 3.9999999999999991 2.9999999999999991 3.0000000000000018 3.0000000000000018 2.9999999999999982
leaf_count=3 3 3 3 5 5 3 4 3 3 3 3
internal_value=-6.16682e-13 2.46081e-05 0.000222479 -1.24926e-05 1.61079e-05 3.1154e-05 5.23222e-05 7.48695e-05 5.75418e-05 5.05752e-05 5.41471e-05
internal_weight=41 38 6 32 27 24 19 15 12 9 6
internal_count=41 38 6 32 27 24 19 15 12 9 6
is_linear=0
shrinkage=0.05


Tree=147
num_leaves=12
num_cat=0
split_feature=62 51 13 26 78 22 5 17 27 51 12
split_gain=0.000117043 0.000130191 6.12368e-05 1.94679e-05 1.56406e-05 1.25113e-05 1.29446e-05 2.65742e-06 2.18655e-06 1.72708e-06 1.12328e-07
threshold=1.1407379490150575 -1.1115438371884896 -0.84030226908762662 -1.0790087864735085 1.103553955979192 0.41667746019635316 -0.21067367577278426 -0.41996176514402422 0.20307482599511498 -0.33102071998422694 -0.52809821615336261
decision_type=2 2 2 2 2 2 2 2 2 2 2
left_child=1 -1 -3 -4 5 7 8 -5 -7 -9 -11
right_child=-2 2 3 4 -6 6 -8 9 -10 10 -12
leaf_value=-0.0003468427962313096 0.0002266822528326884 -0.00021820146939717234 0.000139558487959827 9.0976226298759277e-05 -0.00010233845385603975 -7.6979544246569245e-06 -9.3634748191107097e-05 5.5340138108779926e-06 5.2669731667265288e-05 4.2370508890598988e-05 5.460857704747466e-05
leaf_weight=2.9999999999999991 4.9999999999999991 2.9999999999999991 2.9999999999999991 3.0000000000000027 2.9999999999999991 3 3.9999999999999982 3.0000000000000027 3 3.0000000000000009 5.0000000000000009
leaf_count=3 5 3 3 3 3 3 4 3 3 3 5
internal_value=9.94898e-13 -3.14836e-05 -2.81463e-06 1.87241e-05 5.298e-06 1.87526e-05 -2.39624e-05 4.92632e-05 2.24859e-05 3.7887e-05 5.00193e-05
internal_weight=41 36 33 30 27 24 10 14 6 11 8
internal_count=41 36 33 30 27 24 10 14 6 11 8
is_linear=0
shrinkage=0.05


Tree=148
num_leaves=12
num_cat=0
split_feature=63 62 71 54 72 58 54 67 27 23 32
split_gain=0.000109387 0.000185501 4.94919e-05 1.70234e-05 1.35089e-05 9.10442e-06 1.14944e-05 7.34956e-06 1.27684e-06 3.41716e-07 2.21796e-08
threshold=0.095317395041392708 1.1407379490150575 -0.07899608317294772 -1.6786949348913096 -0.89421861821926352 -0.55559272501688217 -1.0000000180025095e-35 -1.0555545824178758 -0.16916832142131538 0.20318432124593908 -1.0000000180025095e-35
decision_type=2 2 2 2 2 2 2 2 2 2 2
left_child=-1 2 -2 -4 -5 6 -6 -7 -9 10 -10
right_child=1 -3 3 4 5 7 -8 8 9 -11 -12
leaf_value=-0.00021914251090493055 -0.00016865752622834408 0.00040686982683837416 0.00013173336240773398 -9.3848678322198378e-05 -0.00010319701395928858 -3.3370981448873182e-05 3.5213226995741244e-05 8.1781501648947407e-05 4.69795292398581e-05 3.0590729147661469e-05 5.2417622646317063e-05
leaf_weight=4.9999999999999991 3.9999999999999991 2.9999999999999991 2.9999999999999991 3.0000000000000027 3 3.0000000000000062 3.0000000000000062 3.0000000000000062 3.0000000000000053 3 4.9999999999999822
leaf_count=5 4 3 3 3 3 3 3 3 3 3 5
internal_value=-9.40551e-13 3.04365e-05 -3.78476e-06 1.89563e-05 5.94358e-06 1.896e-05 -3.39919e-05 3.76488e-05 5.28674e-05 4.49817e-05 5.03783e-05
internal_weight=41 36 33 29 26 23 6 17 14 11 8
internal_count=41 36 33 29 26 23 6 17 14 11 8
is_linear=0
shrinkage=0.05


Tree=149
num_leaves=12
num_cat=0
split_feature=37 58 15 44 70 11 63 87 78 12 47
split_gain=0.000105476 0.000100275 0.000153169 4.9441e-05 1.59149e-05 1.43585e-05 1.16537e-05 7.21503e-06 6.41307e-06 1.99626e-07 1.67365e-08
threshold=-1.3793881901517298 0.76292358488311807 -0.24838186631224973 1.0551928455365933 -0.15618993564922337 1.0000000180025095e-35 0.33337157392123112 0.57398650830420539 1.103553955979192 -0.63272149801129818 0.36773009643994053
decision_type=2 2 2 2 2 2 2 2 2 2 2
left_child=-1 3 -3 4 5 -2 7 8 9 -6 -11
right_child=1 2 -4 -5 6 -7 -8 -9 -10 10 -12
leaf_value=-0.00028542078798636793 1.3772858073934897e-05 -9.0929963334929191e-06 0.00046352818996335077 -0.00018011616630246864 3.3718955819494941e-05 -0.00014092329268654182 -6.2475953018292782e-05 0.00010318884014850483 -3.7754377262899656e-05 4.707159823738036e-05 5.1795504987239831e-05
leaf_weight=2.9999999999999991 3.0000000000000027 4 2.9999999999999991 3.9999999999999991 3.0000000000000062 3 2.9999999999999991 3.9999999999999991 2.9999999999999991 5.0000000000000018 3
leaf_count=3 3 4 3 4 3 3 3 4 3 5 3
internal_value=-1.24224e-13 2.25332e-05 0.000193459 -1.60629e-05 8.24128e-06 -6.35752e-05 2.87603e-05 4.39663e-05 2.70456e-05 4.47183e-05 4.88431e-05
internal_weight=41 38 7 31 27 6 21 18 14 11 8
internal_count=41 38 7 31 27 6 21 18 14 11 8
is_linear=0
shrinkage=0.05


Tree=150
num_leaves=12
num_cat=0
split_feature=36 31 33 71 25 24 57 26 32 17 68
split_gain=0.000103672 9.56274e-05 4.58924e-05 2.62094e-05 3.41984e-05 1.032e-05 3.98635e-06 3.31705e-06 5.15909e-07 1.23062e-07 8.23943e-09
threshold=-1.5994330797532534 1.844318609866801 0.93914265483505155 -0.07899608317294772 -0.15876703176308338 1.0000000180025095e-35 -0.28669383518828773 -0.26376296914843095 -0.32609537928750049 -0.18619640579903343 -0.069629819588492584
decision_type=2 2 2 2 2 2 2 2 2 2 2
left_child=-1 2 3 -2 -5 7 -7 -6 -8 -10 -11
right_child=1 -3 -4 4 5 6 8 -9 9 10 -12
leaf_value=-0.00028297029202803973 -0.00011771189359327157 0.00029326076425301531 -0.00014112529461272061 0.0001730052186758256 -7.8949694094868975e-05 -9.1485781013034081e-06 6.6116403710717798e-05 -4.5963359298184411e-06 3.400261969848839e-05 4.4620862900046565e-05 4.8087249160744637e-05
leaf_weight=2.9999999999999991 2.9999999999999991 2.9999999999999991 4.9999999999999991 4.0000000000000027 3 4.000000000000008 3.0000000000000062 3.0000000000000062 3.0000000000000053 4.0000000000000053 2.9999999999999751
leaf_count=3 3 3 5 4 3 4 3 3 3 4 3
internal_value=1.06477e-13 2.23398e-05 -8.8204e-07 2.24918e-05 3.807e-05 1.4603e-05 3.45005e-05 -4.1773e-05 4.79309e-05 4.24753e-05 4.61065e-05
internal_weight=41 38 35 30 27 23 17 6 13 10 7
internal_count=41 38 35 30 27 23 17 6 13 10 7
is_linear=0
shrinkage=0.05


Tree=151
num_leaves=13
num_cat=0
split_feature=36 60 63 1 26 10 58 52 78 18 5 79
split_gain=9.35644e-05 9.0418e-05 4.06475e-05 2.45296e-05 2.73286e-05 2.10332e-05 1.3428e-05 6.72057e-06 4.89529e-06 9.6105e-07 2.34962e-07 1.37736e-07
threshold=-1.5994330797532534 -0.96824793346519 0.095317395041392708 -0.50298442762762074 -0.73280379874200618 -0.027248473057771949 0.17976561346641387 1.0000000180025095e-35 0.32068485486684156 -0.20263654042245971 -0.40280737278148143 1.0000000180025095e-35
decision_type=2 2 2 2 2 2 2 2 2 2 2 2
left_child=-1 -2 -3 4 -4 6 9 -7 10 -5 -6 -11
right_child=1 2 3 5 8 7 -8 -9 -10 11 -12 -13
leaf_value=-0.00026882177917286754 0.00024608430539956315 -0.0001809702361545836 0.00019843282061628999 7.0251730115463343e-05 6.0146336909383539e-05 -3.5879232261019384e-05 -7.5002209632657436e-05 -0.00013487841060850768 -2.7972865306461842e-05 4.3167381469781207e-05 4.0357368804203973e-05 2.8016165985415372e-05
leaf_weight=2.9999999999999991 3.9999999999999991 2.9999999999999991 2.9999999999999991 2.9999999999999991 2.9999999999999991 3.0000000000000044 3.0000000000000009 4 3 2.9999999999999991 2.9999999999999991 3
leaf_count=3 4 3 3 3 3 3 3 4 3 3 3 3
internal_value=5.6788e-13 2.12228e-05 -5.23153e-06 1.17754e-05 6.77409e-05 -2.35712e-05 1.66083e-05 -9.24502e-05 2.41769e-05 4.71451e-05 5.02519e-05 3.55918e-05
internal_weight=41 38 34 31 12 19 12 7 9 9 6 6
internal_count=41 38 34 31 12 19 12 7 9 9 6 6
is_linear=0
shrinkage=0.05


Tree=152
num_leaves=11
num_cat=0
split_feature=62 51 8 40 0 71 58 87 12 5
split_gain=9.14184e-05 9.44509e-05 4.38446e-05 1.65421e-05 1.80444e-05 8.69063e-06 7.78588e-06 1.04223e-06 4.00496e-07 1.64719e-09
threshold=1.1407379490150575 -1.1115438371884896 0.4588211163806864 0.30382579202794685 0.4704289632436664 0.2016032029669034 -0.24664370354557513 0.57398650830420539 1.0000000180025095e-35 -0.31810459943001473
decision_type=2 2 2 2 2 2 2 2 2 2
left_child=1 -1 3 4 5 7 -5 8 -3 -10
right_child=-2 2 -4 6 -6 -7 -8 -9 9 -11
leaf_value=-0.00029643201269209386 0.00020033694803714755 1.8451613990085448e-05 -0.00015858723782002926 4.0973579743877039e-05 -8.8219026220031087e-05 -4.3225637182331414e-05 0.00014286162331700325 6.7397796859343856e-05 3.9997702697291926e-05 4.1654602197619805e-05
leaf_weight=2.9999999999999991 4.9999999999999991 3.0000000000000089 3.9999999999999991 5.0000000000000009 4.9999999999999991 3.9999999999999991 2.9999999999999991 2.9999999999999991 3.0000000000000027 2.9999999999999973
leaf_count=3 5 3 4 5 5 4 3 3 3 3
internal_value=-3.19432e-13 -2.78246e-05 -3.40572e-06 1.79986e-05 -5.30917e-06 2.06002e-05 7.91816e-05 4.18754e-05 3.3368e-05 4.08262e-05
internal_weight=41 36 33 29 21 16 8 12 9 6
internal_count=41 36 33 29 21 16 8 12 9 6
is_linear=0
shrinkage=0.05


Tree=153
num_leaves=12
num_cat=0
split_feature=51 63 42 31 43 25 5 45 54 1 29
split_gain=8.7456e-05 6.68034e-05 1.59576e-05 1.66267e-05 1.77831e-05 9.76474e-06 4.5222e-06 3.47861e-06 1.29492e-06 4.92862e-07 3.28159e-07
threshold=-1.5102062311292281 0.095317395041392708 -0.52673171056024115 -0.22559576834473472 0.42793734227565744 -0.15876703176308338 -0.21067367577278426 -0.52688298945428969 -0.3927994502840329 -0.65450005394370192 0.1809514937462057
decision_type=2 2 2 2 2 2 2 2 2 2 2
left_child=-1 -2 5 6 8 -3 9 -6 -5 -4 -7
right_child=1 2 3 4 7 10 -8 -9 -10 -11 -12
leaf_value=0.0002598986029624939 -0.00019083191466052086 0.00013571853827064231 6.4890848201078639e-05 -0.00014067981004094079 -4.0845335267173784e-05 3.6931409461734209e-05 -2.311494463356212e-05 3.0379445070138867e-05 -9.422340857175482e-05 3.9255913579836486e-05 1.354482325647647e-05
leaf_weight=2.9999999999999991 4.9999999999999991 3 3.0000000000000009 3 2.9999999999999964 2.9999999999999982 2.9999999999999991 4.0000000000000036 3.0000000000000018 4.9999999999999991 3
leaf_count=3 5 3 3 3 3 3 3 4 3 5 3
internal_value=-1.32209e-12 -2.05183e-05 5.28678e-06 -1.6005e-05 -5.42868e-05 6.20649e-05 2.9237e-05 -1.45461e-07 -0.000117452 4.8869e-05 2.52381e-05
internal_weight=41 38 33 24 13 9 11 7 6 8 6
internal_count=41 38 33 24 13 9 11 7 6 8 6
is_linear=0
shrinkage=0.05


Tree=154
num_leaves=12
num_cat=0
split_feature=37 58 15 44 70 11 63 87 78 12 63
split_gain=8.42044e-05 8.28896e-05 0.000119801 3.69812e-05 1.08839e-05 9.13163e-06 7.68686e-06 5.07337e-06 4.15137e-06 8.6083e-08 1.1065e-08
threshold=-1.3793881901517298 0.76292358488311807 -0.24838186631224973 1.0551928455365933 -0.15618993564922337 1.0000000180025095e-35 0.33337157392123112 0.57398650830420539 1.103553955979192 -0.63272149801129818 0.15296125387154624
decision_type=2 2 2 2 2 2 2 2 2 2 2
left_child=-1 3 -3 4 5 -2 7 8 9 -6 -11
right_child=1 2 -4 -5 6 -7 -8 -9 -10 10 -12
leaf_value=-0.00025502142574017247 8.3553798807163937e-06 -3.5994646168546744e-06 0.00041438439317668485 -0.00015684124009567315 2.8187404192673597e-05 -0.00011501151214664179 -5.1068107131868602e-05 8.5041433339938532e-05 -3.0944496150671817e-05 4.0519644971936905e-05 3.6678630858659742e-05
leaf_weight=2.9999999999999991 3.0000000000000027 4 2.9999999999999991 3.9999999999999991 3.0000000000000062 3 2.9999999999999991 3.9999999999999991 2.9999999999999991 3.0000000000000018 5
leaf_count=3 3 4 3 4 3 3 3 4 3 3 5
internal_value=-2.14729e-12 2.01333e-05 0.000175536 -1.49578e-05 6.06199e-06 -5.33281e-05 2.30306e-05 3.53804e-05 2.11915e-05 3.54104e-05 3.8119e-05
internal_weight=41 38 7 31 27 6 21 18 14 11 8
internal_count=41 38 7 31 27 6 21 18 14 11 8
is_linear=0
shrinkage=0.05


Tree=155
num_leaves=11
num_cat=0
split_feature=36 31 33 71 25 45 38 26 15 8
split_gain=8.22189e-05 7.87965e-05 3.21047e-05 1.80989e-05 2.30541e-05 5.49106e-06 4.24768e-06 3.18604e-07 2.88933e-08 3.02779e-09
threshold=-1.5994330797532534 1.844318609866801 0.93914265483505155 -0.07899608317294772 -0.15876703176308338 -0.52688298945428969 -0.48202232435338083 1.0514201785695529 0.089490473385022404 -0.22051637116984457
decision_type=2 2 2 2 2 2 2 2 2 2
left_child=-1 2 3 -2 -5 -6 -7 8 9 -8
right_child=1 -3 -4 4 5 6 7 -9 -10 -11
leaf_value=-0.00025199685284557443 -9.8143245365160222e-05 0.00026582091522868722 -0.00011848431080579759 0.00014209923756425255 -4.1202543798135519e-05 -1.630701306567059e-05 3.4657508755723561e-05 5.1823863759636849e-05 3.0634299037046724e-05 3.69039092523358e-05
leaf_weight=2.9999999999999991 2.9999999999999991 2.9999999999999991 4.9999999999999991 4.0000000000000027 4.0000000000000062 5.000000000000008 3.0000000000000053 3.0000000000000009 5 2.9999999999999858
leaf_count=3 3 3 5 4 4 5 3 3 5 3
internal_value=-1.2866e-12 1.98945e-05 -1.18492e-06 1.8365e-05 3.13103e-05 1.20427e-05 2.32522e-05 3.73805e-05 3.34414e-05 3.57807e-05
internal_weight=41 38 35 30 27 23 19 14 11 6
internal_count=41 38 35 30 27 23 19 14 11 6
is_linear=0
shrinkage=0.05


Tree=156
num_leaves=12
num_cat=0
split_feature=62 51 31 26 78 46 27 89 0 12 54
split_gain=7.63809e-05 7.72125e-05 3.77014e-05 1.0129e-05 7.70447e-06 6.40623e-06 1.25531e-05 3.12407e-06 2.71148e-06 1.64536e-06 3.21581e-07
threshold=1.1407379490150575 -1.1115438371884896 1.844318609866801 -1.0790087864735085 1.103553955979192 -0.74473443417610519 0.16885892986144327 1.0000000180025095e-35 0.61531171326305711 -0.63272149801129818 -1.0000000180025095e-35
decision_type=2 2 2 2 2 2 2 2 2 2 2
left_child=1 -1 3 -3 5 6 -5 9 10 -7 -9
right_child=-2 2 -4 4 -6 7 -8 8 -10 -11 -12
leaf_value=-0.00026829501051300517 0.00018312039406737313 0.00010070458714229365 -0.00017235705842419218 -0.00010426840356861528 -7.168402471506852e-05 8.3490119626124682e-05 3.1033346022013572e-05 1.6616963572838925e-05 -2.7823378331959237e-05 3.4505578514654132e-05 3.8272743404377325e-05
leaf_weight=2.9999999999999991 4.9999999999999991 2.9999999999999991 2.9999999999999991 3.0000000000000062 2.9999999999999991 3 4 3.0000000000000062 3 4.0000000000000062 3.999999999999992
leaf_count=3 5 3 3 3 3 3 4 3 3 4 4
internal_value=6.45519e-13 -2.54334e-05 -3.35506e-06 1.35451e-05 3.86076e-06 1.33039e-05 -2.69531e-05 2.98803e-05 1.19472e-05 5.5499e-05 2.89917e-05
internal_weight=41 36 33 30 27 24 7 17 10 7 7
internal_count=41 36 33 30 27 24 7 17 10 7 7
is_linear=0
shrinkage=0.05


Tree=157
num_leaves=13
num_cat=0
split_feature=36 60 63 1 26 10 58 52 78 44 26 1
split_gain=7.07318e-05 7.30864e-05 2.9904e-05 1.56258e-05 1.72101e-05 1.47861e-05 6.74765e-06 4.62514e-06 2.42403e-06 6.98649e-07 1.71334e-07 4.25644e-08
threshold=-1.5994330797532534 -0.96824793346519 0.095317395041392708 -0.50298442762762074 -0.73280379874200618 -0.027248473057771949 0.17976561346641387 1.0000000180025095e-35 0.32068485486684156 -1.0000000180025095e-35 0.71339678803145223 -0.27481233249325943
decision_type=2 2 2 2 2 2 2 2 2 2 2 2
left_child=-1 -2 -3 4 -4 6 9 -7 10 11 -6 -5
right_child=1 2 3 5 8 7 -8 -9 -10 -11 -12 -13
leaf_value=-0.00023373121318096915 0.00022061739509808833 -0.00015606710900707794 0.00015763632448700569 3.0740080789352463e-05 2.9252083428824949e-05 -2.9776654749487789e-05 -5.0208117075574866e-05 -0.00011190454533789305 -1.7344437461967264e-05 5.6080608434664703e-05 4.6150528942234803e-05 2.2317447777216629e-05
leaf_weight=2.9999999999999991 3.9999999999999991 2.9999999999999991 2.9999999999999991 2.9999999999999991 2.9999999999999982 3.0000000000000044 3.0000000000000009 4 3 2.9999999999999991 3 3
leaf_count=3 4 3 3 3 3 3 3 4 3 3 3 3
internal_value=6.38865e-13 1.84525e-05 -5.33164e-06 9.25566e-06 5.39236e-05 -1.89557e-05 1.47325e-05 -7.67069e-05 1.93527e-05 3.63794e-05 3.77013e-05 2.65288e-05
internal_weight=41 38 34 31 12 19 12 7 9 9 6 6
internal_count=41 38 34 31 12 19 12 7 9 9 6 6
is_linear=0
shrinkage=0.05


Tree=158
num_leaves=11
num_cat=0
split_feature=62 63 71 54 42 58 69 48 67 72
split_gain=6.92971e-05 6.6567e-05 2.70522e-05 8.65878e-06 5.65795e-06 5.03219e-06 2.54365e-06 9.59266e-07 2.83409e-08 7.02211e-09
threshold=1.1407379490150575 0.095317395041392708 -0.07899608317294772 -1.6786949348913096 0.70780147206209587 -0.55559272501688217 -1.0000000180025095e-35 0.90110714834168493 -0.75823192768719461 0.53215664918212624
decision_type=2 2 2 2 2 2 2 2 2 2
left_child=1 -1 -3 -4 5 -5 7 8 -7 -10
right_child=-2 2 3 4 -6 6 -8 -9 9 -11
leaf_value=-0.00024972429964691399 0.00017442222306272016 -0.00012561963230837137 9.3518964422401052e-05 -3.697481952258383e-05 -5.0893810112029314e-05 2.5176920947463514e-05 -5.2819716802332519e-06 6.147959890464941e-05 2.961400023195892e-05 3.2814089596892386e-05
leaf_weight=2.9999999999999991 4.9999999999999991 3.9999999999999991 2.9999999999999991 4.0000000000000027 3.9999999999999991 3.0000000000000053 5.0000000000000027 2.9999999999999991 4 3
leaf_count=3 5 4 3 4 4 3 5 3 4 3
internal_value=7.98581e-13 -2.42253e-05 -3.7254e-06 1.30876e-05 3.80706e-06 1.37527e-05 2.50254e-05 3.66821e-05 2.92429e-05 3.09855e-05
internal_weight=41 36 33 29 26 22 18 13 10 7
internal_count=41 36 33 29 26 22 18 13 10 7
is_linear=0
shrinkage=0.05


Tree=159
num_leaves=12
num_cat=0
split_feature=51 63 42 31 43 25 5 13 5 79 29
split_gain=6.67053e-05 4.71698e-05 1.10387e-05 9.66274e-06 1.27078e-05 7.55317e-06 3.307e-06 1.79024e-06 7.28821e-07 4.63938e-07 1.94719e-07
threshold=-1.5102062311292281 0.095317395041392708 -0.52673171056024115 -0.22559576834473472 0.42793734227565744 -0.15876703176308338 -0.21067367577278426 -0.10709425803550428 1.0000000180025095e-35 -1.0000000180025095e-35 0.1809514937462057
decision_type=2 2 2 2 2 2 2 2 2 2 2
left_child=-1 -2 5 6 8 -3 9 -6 -5 -4 -7
right_child=1 2 3 4 7 10 -8 -9 -10 -11 -12
leaf_value=0.00022698095999658109 -0.00016103356465464459 0.00011576580000109967 2.8006929205730548e-05 -7.9097536702950723e-05 3.1837423254425357e-05 2.7606006672916322e-05 -2.4223354072698083e-05 -1.9258236352470684e-05 -0.00011395009933039542 5.2878267403381567e-05 9.5912429969757772e-06
leaf_weight=2.9999999999999991 4.9999999999999991 3 5.0000000000000009 3.0000000000000018 2.9999999999999964 2.9999999999999982 2.9999999999999991 4.0000000000000036 3 2.9999999999999991 3
leaf_count=3 5 3 5 3 3 3 3 4 3 3 3
internal_value=1.95209e-13 -1.79195e-05 3.76439e-06 -1.39443e-05 -4.3128e-05 5.09877e-05 2.05454e-05 2.6399e-06 -9.65238e-05 3.73337e-05 1.85986e-05
internal_weight=41 38 33 24 13 9 11 7 6 8 6
internal_count=41 38 33 24 13 9 11 7 6 8 6
is_linear=0
shrinkage=0.05


Tree=160
num_leaves=11
num_cat=0
split_feature=67 37 31 27 26 71 75 27 62 11
split_gain=6.39226e-05 5.26015e-05 2.36259e-05 2.68669e-05 1.6081e-05 6.64877e-06 5.87387e-06 3.44764e-06 1.28347e-06 5.78387e-07
threshold=1.7108425301081198 -1.3793881901517298 1.0000000180025095e-35 0.27260691502559004 -1.0790087864735085 0.2016032029669034 -0.078618600011751014 0.11683106831262474 -0.45535398143713574 1.0000000180025095e-35
decision_type=2 2 2 2 2 2 2 2 2 2
left_child=1 -1 4 6 -3 8 -4 -7 9 -6
right_child=-2 2 3 -5 5 7 -8 -9 -10 -11
leaf_value=-0.00022122718898269037 0.00018987862167705317 0.00011712451450875961 -5.8079278824152417e-05 -0.000190692109754309 2.605324581963942e-05 -7.4615932923431205e-05 2.7608182062977e-05 1.1869095033034681e-06 3.3508540582260989e-06 5.1561789587140072e-05
leaf_weight=2.9999999999999991 3.9999999999999991 3.9999999999999991 4 3 4.9999999999999982 2.9999999999999991 3.9999999999999982 3 4.0000000000000062 4
leaf_count=3 4 4 4 3 5 3 4 3 4 4
internal_value=-1.24224e-13 -2.05274e-05 -2.81862e-06 -6.30873e-05 2.60056e-05 6.82262e-06 -1.52355e-05 -3.67145e-05 2.69167e-05 3.73904e-05
internal_weight=41 37 34 11 23 19 8 6 13 9
internal_count=41 37 34 11 23 19 8 6 13 9
is_linear=0
shrinkage=0.05


Tree=161
num_leaves=12
num_cat=0
split_feature=45 36 59 23 61 58 55 10 41 26 7
split_gain=6.03702e-05 5.1029e-05 7.57649e-06 7.66207e-06 5.24006e-06 7.66243e-06 3.2768e-06 2.88938e-06 1.42305e-06 4.91717e-07 2.64402e-07
threshold=-1.4738893408630298 -1.5994330797532534 -0.026710697167952983 -0.060945946183797096 1.0000000180025095e-35 -0.55559272501688217 -0.88213604831320536 -0.027248473057771949 0.51298639066457297 -0.26376296914843095 -0.11253470158697988
decision_type=2 2 2 2 2 2 2 2 2 2 2
left_child=-1 -2 7 4 5 -4 -5 -3 9 -7 -8
right_child=1 2 3 6 -6 8 10 -9 -10 -11 -12
leaf_value=0.00021593380564202867 -0.00021495396310153108 -1.6530464927200223e-05 -6.600477305861811e-05 8.7937755354990574e-05 -6.0063899945816962e-05 5.1160119861985264e-05 1.7572542128618809e-05 -8.5925206076353791e-05 -5.2234875814368333e-06 2.5554989115335027e-05 3.5752281837630984e-05
leaf_weight=2.9999999999999991 2.9999999999999991 3 2.9999999999999991 2.9999999999999991 3.9999999999999991 2.9999999999999982 3.9999999999999991 2.9999999999999991 2.9999999999999991 5.0000000000000036 4.0000000000000027
leaf_count=3 3 3 3 3 4 3 4 3 3 5 4
internal_value=0 -1.70474e-05 -8.39865e-08 1.04975e-05 -9.59362e-06 4.82647e-06 4.33739e-05 -5.12278e-05 2.41441e-05 3.51569e-05 2.66624e-05
internal_weight=41 38 35 29 18 14 11 6 11 8 8
internal_count=41 38 35 29 18 14 11 6 11 8 8
is_linear=0
shrinkage=0.05


Tree=162
num_leaves=11
num_cat=0
split_feature=62 51 58 42 25 31 11 81 41 74
split_gain=5.83206e-05 5.86498e-05 2.54174e-05 7.21034e-06 7.34668e-06 6.54784e-06 6.50047e-06 2.60738e-06 7.25583e-07 1.67197e-07
threshold=1.1407379490150575 -1.1115438371884896 -1.3256438904594359 -0.36741044717360277 -0.15876703176308338 -0.22559576834473472 1.0000000180025095e-35 1.0000000180025095e-35 0.086519904674862189 0.98309357146734755
decision_type=2 2 2 2 2 2 2 2 2 2
left_child=1 -1 -3 4 -4 7 -7 8 -5 -6
right_child=-2 2 3 5 9 6 -8 -9 -10 -11
leaf_value=-0.00023388872505165638 0.00016001303360098975 -0.00014174629128926123 0.00011102474915484584 2.2682749840896576e-05 2.419660850137007e-05 -5.9590965975075906e-08 -8.5575856064679085e-05 -2.0312457248413304e-05 5.37865077300618e-05 8.5815627244301123e-06
leaf_weight=2.9999999999999991 4.9999999999999991 2.9999999999999991 3 5 3.9999999999999982 5.0000000000000036 4 3.0000000000000009 3 3
leaf_count=3 5 3 3 5 4 5 4 3 3 3
internal_value=2.48447e-13 -2.2224e-05 -2.98179e-06 1.08947e-05 4.55605e-05 -6.43827e-06 -3.80668e-05 1.94396e-05 3.43467e-05 1.75044e-05
internal_weight=41 36 33 30 10 20 9 11 8 7
internal_count=41 36 33 30 10 20 9 11 8 7
is_linear=0
shrinkage=0.05


Tree=163
num_leaves=12
num_cat=0
split_feature=51 63 42 25 5 86 13 14 24 65 31
split_gain=5.66374e-05 4.14159e-05 8.56257e-06 6.49644e-06 6.48891e-06 4.37992e-06 3.20313e-06 1.71856e-06 1.43939e-06 3.31902e-07 1.24656e-07
threshold=-1.5102062311292281 0.095317395041392708 -0.52673171056024115 -0.15876703176308338 -0.25728625045018755 -1.0000000180025095e-35 0.11078215549415633 -0.43947741719629513 -1.0000000180025095e-35 -1.0000000180025095e-35 -0.032763000073689937
decision_type=2 2 2 2 2 2 2 2 2 2 2
left_child=-1 -2 3 -3 8 6 -6 -7 -4 -10 -5
right_child=1 2 4 10 5 7 -8 -9 9 -11 -12
leaf_value=0.00020915146451443435 -0.00015061350452015177 0.00010547351169710355 -1.0004793633318813e-05 8.1524844669426465e-06 -8.9620979269966548e-05 -2.822940344534193e-05 -2.6344531033828385e-05 2.5289365051624625e-05 2.1961564925732088e-05 4.3962107156403376e-05 2.2566377204687651e-05
leaf_weight=2.9999999999999991 4.9999999999999991 3 3 3 3.9999999999999964 3 4 3.0000000000000053 4 2.9999999999999982 2.9999999999999982
leaf_count=3 5 3 3 3 4 3 4 3 4 3 3
internal_value=8.51819e-13 -1.6512e-05 3.80646e-06 4.53975e-05 -1.17902e-05 -3.3763e-05 -5.79828e-05 -1.47002e-06 1.89718e-05 3.13904e-05 1.53594e-05
internal_weight=41 38 33 9 24 14 8 6 10 7 6
internal_count=41 38 33 9 24 14 8 6 10 7 6
is_linear=0
shrinkage=0.05


Tree=164
num_leaves=11
num_cat=0
split_feature=67 36 60 1 16 89 33 8 18 27
split_gain=5.48357e-05 4.39802e-05 1.82883e-05 9.81074e-06 7.37097e-06 6.75504e-06 4.0919e-06 2.59838e-06 1.46264e-06 2.94366e-07
threshold=1.7108425301081198 -1.5994330797532534 1.094402299754244 -0.50298442762762074 0.89767096144825886 -0.63801057478701384 -1.0000000180025095e-35 -0.22051637116984457 -0.20263654042245971 0.13485984868228248
decision_type=2 2 2 2 2 2 2 2 2 2
left_child=1 -1 3 4 9 -5 8 -8 -7 -3
right_child=-2 2 -4 5 -6 6 7 -9 -10 -11
leaf_value=-0.0002025296174300214 0.00017586543035577054 3.0514165700878955e-05 -0.00010324613213015256 -6.8918468332412829e-05 0.00011498654882113136 5.6238511266807684e-05 -5.8883772968935459e-05 2.6735921892395685e-06 1.2077575665898622e-05 1.0702862588611118e-05
leaf_weight=2.9999999999999991 3.9999999999999991 4.9999999999999982 3.9999999999999991 4.0000000000000027 3 3.0000000000000009 3 4.0000000000000027 4.9999999999999991 3
leaf_count=3 4 5 4 4 3 3 3 4 5 3
internal_value=-1.95209e-13 -1.90125e-05 -2.81979e-06 1.05704e-05 4.8149e-05 -1.11857e-05 4.20976e-06 -2.37081e-05 2.86379e-05 2.30849e-05
internal_weight=41 37 34 30 11 19 15 7 8 8
internal_count=41 37 34 30 11 19 15 7 8 8
is_linear=0
shrinkage=0.05


Tree=165
num_leaves=12
num_cat=0
split_feature=84 82 36 84 24 51 63 38 18 65 35
split_gain=5.29636e-05 7.81912e-05 6.17112e-05 3.15687e-05 7.14415e-06 6.47404e-06 3.39261e-06 3.1763e-06 7.2526e-07 3.17274e-07 1.01513e-07
threshold=0.46788573460597732 0.68282487493919863 -0.7003354554292166 0.32552184825918146 -0.44213850143904293 -0.16682701105926959 0.11486272365329754 0.76301582908459442 -0.54356665987825592 0.041826462388840233 -0.17104288092504691
decision_type=2 2 2 2 2 2 2 2 2 2 2
left_child=2 4 -1 5 -2 7 -7 8 -4 10 -8
right_child=1 -3 3 -5 -6 6 9 -9 -10 -11 -12
leaf_value=-0.00024954715045168965 -4.8783394110311433e-05 0.00031153847376117475 -1.760953164193779e-05 -0.00016342640155926348 4.881540982751177e-05 7.7686313306912791e-05 1.8538404256105412e-05 -6.5163903248806776e-05 1.4912318753583016e-05 3.8343375005448852e-06 3.0172417367187677e-05
leaf_weight=3.0000000000000027 3 3 4 2.9999999999999991 4.9999999999999982 2.9999999999999991 5.0000000000000027 3 3.0000000000000053 3 2.9999999999999956
leaf_count=3 3 3 4 3 5 3 5 3 3 3 3
internal_value=-5.4126e-13 9.38493e-05 -3.44114e-05 -1.05074e-05 1.22159e-05 8.60743e-06 3.05551e-05 -2.21193e-05 -3.6716e-06 1.77011e-05 2.29012e-05
internal_weight=41 11 30 27 8 24 14 10 7 11 8
internal_count=41 11 30 27 8 24 14 10 7 11 8
is_linear=0
shrinkage=0.05


Tree=166
num_leaves=12
num_cat=0
split_feature=84 19 36 22 40 51 32 63 10 57 78
split_gain=4.77996e-05 7.47638e-05 5.56943e-05 2.85893e-05 5.55905e-06 4.61208e-06 3.91779e-06 1.90493e-06 5.45232e-07 1.12393e-07 2.54192e-08
threshold=0.46788573460597732 -0.54137961585354821 -0.7003354554292166 1.0042579069348172 -0.17088130990702283 -0.33102071998422694 1.2833202501044962 0.11486272365329754 1.0000000180025095e-35 1.4343072501180465 -0.78160371939515683
decision_type=2 2 2 2 2 2 2 2 2 2 2
left_child=2 -2 -1 5 -3 8 7 -7 -4 10 -9
right_child=1 4 3 -5 -6 6 -8 9 -10 -11 -12
leaf_value=-0.00023706978342185391 0.00030202153138816348 6.3140913456057493e-05 -1.46832317113876e-05 -0.00015550603663238389 -2.295243211847265e-05 6.084332526370412e-05 -3.1297095665649978e-05 2.1093992594008597e-05 -4.4828205136582246e-05 2.8803722428468361e-05 1.5272290911525509e-05
leaf_weight=3.0000000000000027 3 3 3.0000000000000062 2.9999999999999991 4.9999999999999982 4.0000000000000027 2.9999999999999991 3.0000000000000062 3 3 4.999999999999992
leaf_count=3 3 3 3 3 5 4 3 3 3 3 5
internal_value=4.126e-13 8.91568e-05 -3.26908e-05 -9.98207e-06 9.33257e-06 8.20843e-06 2.08631e-05 3.12952e-05 -2.97557e-05 2.05504e-05 1.74554e-05
internal_weight=41 11 30 27 8 24 18 15 6 11 8
internal_count=41 11 30 27 8 24 18 15 6 11 8
is_linear=0
shrinkage=0.05


Tree=167
num_leaves=12
num_cat=0
split_feature=62 51 58 26 61 63 11 75 63 33 49
split_gain=4.68845e-05 4.39031e-05 1.81476e-05 4.92436e-06 3.04852e-06 2.35606e-06 1.67555e-06 1.17126e-06 9.69647e-07 5.32141e-07 2.97079e-08
threshold=1.1407379490150575 -1.1115438371884896 -1.3256438904594359 -1.0790087864735085 1.0000000180025095e-35 0.33337157392123112 -1.0000000180025095e-35 0.066343133931716536 0.15296125387154624 0.55724696650925043 -0.32783102073204329
decision_type=2 2 2 2 2 2 2 2 2 2 2
left_child=1 -1 -3 -4 5 7 -6 8 -5 -9 -10
right_child=-2 2 3 4 6 -7 -8 9 10 -11 -12
leaf_value=-0.00020305772068240913 0.00014346931566251443 -0.00012053056367828202 6.921955015665541e-05 -1.8451682080922101e-05 -3.3143417870936283e-06 -3.0347877570117516e-05 -5.6159315378560373e-05 4.1141285328194507e-05 1.284466634388079e-05 1.6673791105858981e-05 1.9881227732791285e-05
leaf_weight=2.9999999999999991 4.9999999999999991 2.9999999999999991 2.9999999999999991 3.0000000000000124 3 2.9999999999999991 2.9999999999999991 4.9999999999999982 3.0000000000000053 4 2.9999999999999947
leaf_count=3 5 3 3 3 3 3 3 5 3 4 3
internal_value=-3.54925e-14 -1.99263e-05 -3.27798e-06 8.44728e-06 1.6948e-06 1.06753e-05 -2.97368e-05 1.75125e-05 4.75807e-06 3.02668e-05 1.63629e-05
internal_weight=41 36 33 30 27 21 6 18 9 9 6
internal_count=41 36 33 30 27 21 6 18 9 9 6
is_linear=0
shrinkage=0.05


Tree=168
num_leaves=12
num_cat=0
split_feature=51 63 42 25 31 43 10 5 18 70 29
split_gain=4.55004e-05 3.22951e-05 5.55525e-06 3.99016e-06 3.53871e-06 5.36087e-06 1.20408e-06 8.25716e-07 7.44295e-07 2.82128e-07 1.01455e-07
threshold=-1.5102062311292281 0.095317395041392708 -0.52673171056024115 -0.15876703176308338 -0.22559576834473472 0.42793734227565744 0.53138604960455693 1.0000000180025095e-35 -0.54356665987825592 0.45558866335546816 0.1809514937462057
decision_type=2 2 2 2 2 2 2 2 2 2 2
left_child=-1 -2 3 -3 6 7 9 -6 -7 -4 -5
right_child=1 2 4 10 5 8 -8 -9 -10 -11 -12
leaf_value=0.00018746345303952694 -0.00013321794016519562 8.3725179623191526e-05 3.3703791753699393e-05 1.960330846486614e-05 -4.3213350969987578e-05 -1.6180859529413296e-05 -1.5562099558034483e-05 -8.0310431076213701e-05 1.6764998508733678e-05 1.4308679819805546e-05 6.5997781348414709e-06
leaf_weight=2.9999999999999991 4.9999999999999991 3 2.9999999999999982 2.9999999999999982 3.0000000000000018 2.9999999999999964 3 3 4.0000000000000036 5 3
leaf_count=3 5 3 3 3 3 3 3 3 4 5 3
internal_value=4.7693e-14 -1.47997e-05 3.1424e-06 3.66428e-05 -9.42023e-06 -2.70811e-05 1.14517e-05 -6.17619e-05 2.64535e-06 2.15818e-05 1.31015e-05
internal_weight=41 38 33 9 24 13 11 6 7 8 6
internal_count=41 38 33 9 24 13 11 6 7 8 6
is_linear=0
shrinkage=0.05


Tree=169
num_leaves=12
num_cat=0
split_feature=67 37 60 1 26 10 11 61 23 32 27
split_gain=4.50585e-05 3.61357e-05 1.27171e-05 7.64125e-06 6.4087e-06 3.59902e-06 3.44063e-06 1.33606e-06 3.41177e-07 1.89975e-07 1.01367e-07
threshold=1.7108425301081198 -1.3793881901517298 1.094402299754244 -0.50298442762762074 -0.86504808548116963 -0.027248473057771949 -0.50076965058740375 1.0000000180025095e-35 -0.060945946183797096 0.60835032721315629 0.13485984868228248
decision_type=2 2 2 2 2 2 2 2 2 2 2
left_child=1 -1 3 4 -3 7 -7 9 10 -5 -6
right_child=-2 2 -4 5 8 6 -8 -9 -10 -11 -12
leaf_value=-0.00018358181890410681 0.00015941802157612984 0.00010280338271210593 -8.6301023839041593e-05 2.8524505614768705e-05 1.8033905750295768e-05 4.558147338684647e-07 -7.0379086537286544e-05 -1.7211142403539269e-05 3.2186129343851161e-05 1.1879795238201039e-05 5.0360033734856785e-06
leaf_weight=2.9999999999999991 3.9999999999999991 2.9999999999999991 3.9999999999999991 3 2.9999999999999991 3 4.0000000000000044 4 2.9999999999999991 4 3
leaf_count=3 4 3 4 3 3 3 4 4 3 4 3
internal_value=5.85626e-13 -1.72344e-05 -2.55666e-06 8.60925e-06 3.95149e-05 -1.19945e-05 -4.00213e-05 5.84074e-06 1.84187e-05 1.90132e-05 1.1535e-05
internal_weight=41 37 34 30 12 18 7 11 9 7 6
internal_count=41 37 34 30 12 18 7 11 9 7 6
is_linear=0
shrinkage=0.05


Tree=170
num_leaves=11
num_cat=0
split_feature=67 36 27 31 0 49 54 27 11 28
split_gain=4.06653e-05 3.31434e-05 1.16847e-05 1.65069e-05 5.63229e-06 4.33768e-06 2.67547e-06 2.09605e-06 8.02628e-07 7.47698e-07
threshold=1.7108425301081198 -1.5994330797532534 0.27260691502559004 -1.0000000180025095e-35 0.81783464012756568 0.54686124812298742 0.077373127170041536 0.11683106831262474 -0.13103451500160451 0.34021421858357476
decision_type=2 2 2 2 2 2 2 2 2 2
left_child=1 -1 4 -4 6 -6 7 9 -8 -3
right_child=-2 2 3 -5 5 -7 8 -9 -10 -11
leaf_value=-0.00017568387556821108 0.00015144711906032172 -1.7618505808059092e-05 4.7514355173916539e-07 -0.00014787988814835747 9.8944364193206036e-05 1.3918104620339967e-05 8.0593749589752393e-06 8.5645017679780716e-06 3.8108615262899563e-05 -5.291953760509688e-05
leaf_weight=2.9999999999999991 3.9999999999999991 3.0000000000000053 5.0000000000000009 2.9999999999999991 2.9999999999999991 3 5 5 3.9999999999999982 3
leaf_count=3 4 3 5 3 3 3 5 5 4 3
internal_value=5.78971e-13 -1.63727e-05 -2.31579e-06 -5.5158e-05 1.39434e-05 5.64312e-05 1.19699e-06 -1.53447e-05 2.14146e-05 -3.5269e-05
internal_weight=41 37 34 8 26 6 20 11 9 6
internal_count=41 37 34 8 26 6 20 11 9 6
is_linear=0
shrinkage=0.05


Tree=171
num_leaves=12
num_cat=0
split_feature=51 63 42 25 31 43 10 18 5 70 29
split_gain=3.98939e-05 2.80556e-05 4.97536e-06 3.5218e-06 2.98052e-06 3.12064e-06 8.80011e-07 7.08633e-07 5.5979e-07 2.09624e-07 1.14907e-07
threshold=-1.5102062311292281 0.095317395041392708 -0.52673171056024115 -0.15876703176308338 -0.22559576834473472 0.42793734227565744 0.53138604960455693 -0.54356665987825592 1.0000000180025095e-35 0.45558866335546816 0.1809514937462057
decision_type=2 2 2 2 2 2 2 2 2 2 2
left_child=-1 -2 3 -3 6 8 9 -7 -6 -4 -5
right_child=1 2 4 10 5 7 -8 -9 -10 -11 -12
leaf_value=0.00017553449918826421 -0.00012423020292771982 7.8801758354529719e-05 2.9240554916517198e-05 1.9371656041281925e-05 -3.6419856284434565e-05 -2.0921497586338491e-05 -1.296278978770715e-05 1.1225398247916007e-05 -6.6964632909124081e-05 1.2522350152721627e-05 5.5328617842557517e-06
leaf_weight=2.9999999999999991 4.9999999999999991 3 2.9999999999999982 2.9999999999999982 3.0000000000000018 2.9999999999999964 3 4.0000000000000036 3 5 3
leaf_count=3 5 3 3 3 3 3 3 4 3 5 3
internal_value=-2.37356e-13 -1.3858e-05 2.86508e-06 3.45688e-05 -9.02381e-06 -2.5232e-05 1.01314e-05 -2.55184e-06 -5.16922e-05 1.87917e-05 1.24523e-05
internal_weight=41 38 33 9 24 13 11 7 6 8 6
internal_count=41 38 33 9 24 13 11 7 6 8 6
is_linear=0
shrinkage=0.05


Tree=172
num_leaves=11
num_cat=0
split_feature=37 31 33 26 70 53 45 54 78 49
split_gain=3.84658e-05 5.48264e-05 1.35686e-05 5.74203e-06 3.83797e-06 1.46258e-06 1.38643e-06 6.93146e-07 4.99474e-08 2.06204e-08
threshold=-1.3793881901517298 1.844318609866801 0.93914265483505155 -1.0790087864735085 -0.15618993564922337 -0.28275665499661323 -0.52688298945428969 0.35470226367472457 0.49773536161804116 -0.32783102073204329
decision_type=2 2 2 2 2 2 2 2 2 2
left_child=-1 2 3 -2 5 -5 -6 8 9 -8
right_child=1 -3 -4 4 6 -7 7 -9 -10 -11
leaf_value=-0.00017236410640180113 5.7647196372272452e-05 0.00021874584538939722 -8.023236790904775e-05 -5.8854506157028165e-05 -1.9860825705109121e-05 -1.2670874275499944e-05 1.1003711066829649e-05 3.8870461867190902e-05 7.4379446687089499e-06 1.6247168241534394e-05
leaf_weight=2.9999999999999991 4.9999999999999991 2.9999999999999991 4.9999999999999991 3 3.0000000000000062 4.0000000000000027 3.0000000000000027 2.9999999999999991 4 4.9999999999999956
leaf_count=3 5 3 5 3 3 4 3 3 4 5
internal_value=1.2866e-13 1.36077e-05 -3.97558e-06 8.73389e-06 -1.04877e-06 -3.24639e-05 1.11682e-05 1.7374e-05 1.19999e-05 1.42809e-05
internal_weight=41 38 35 30 25 7 18 15 12 8
internal_count=41 38 35 30 25 7 18 15 12 8
is_linear=0
shrinkage=0.05


Tree=173
num_leaves=11
num_cat=0
split_feature=62 50 31 42 25 84 67 70 29 8
split_gain=3.76688e-05 3.52414e-05 1.45449e-05 3.31581e-06 3.43336e-06 2.97333e-06 2.30627e-06 8.49516e-07 9.90376e-08 4.96899e-08
threshold=1.1407379490150575 1.1377336371173326 1.844318609866801 -0.36741044717360277 -0.15876703176308338 -0.58271898432198876 -0.54968062483769542 -1.0000000180025095e-35 0.1809514937462057 -0.18743545086472327
decision_type=2 2 2 2 2 2 2 2 2 2
left_child=1 2 3 4 -1 -5 -7 -8 -6 -9
right_child=-2 -3 -4 5 8 6 7 9 -10 -11
leaf_value=7.5812831831475092e-05 0.00012859831644163934 -0.00018193569291421834 -0.00010791565800900572 3.4355281241005289e-05 1.7031113384291532e-05 -4.1997656444436831e-05 -1.9424396305112153e-05 5.8123942835663857e-06 5.0132182271530214e-06 1.4325000908381e-05
leaf_weight=3 4.9999999999999991 2.9999999999999991 2.9999999999999991 3.9999999999999991 3.9999999999999982 5.0000000000000044 4.0000000000000027 4.0000000000000027 3 2.9999999999999982
leaf_count=3 5 3 3 4 4 5 4 4 3 3
internal_value=-7.18723e-13 -1.78609e-05 -2.94499e-06 7.55208e-06 3.10603e-05 -4.20201e-06 -1.38413e-05 -1.043e-06 1.18806e-05 9.46065e-06
internal_weight=41 36 33 30 10 20 16 11 7 7
internal_count=41 36 33 30 10 20 16 11 7 7
is_linear=0
shrinkage=0.05


Tree=174
num_leaves=12
num_cat=0
split_feature=84 19 50 60 45 51 37 47 17 29 64
split_gain=3.64073e-05 5.61373e-05 3.78709e-05 1.52889e-05 2.66365e-06 2.63849e-06 2.90337e-06 1.15896e-06 4.64149e-07 2.30993e-07 2.11805e-08
threshold=0.46788573460597732 -0.54137961585354821 1.1377336371173326 1.222149237289613 1.0000000180025095e-35 -0.33102071998422694 0.46807772870816255 -0.6266203210856095 0.72445606065423152 1.0000000180025095e-35 -1.0000000180025095e-35
decision_type=2 2 2 2 2 2 2 2 2 2 2
left_child=2 -2 3 5 -3 8 7 -7 -1 -9 -11
right_child=1 4 -4 -5 -6 6 -8 9 -10 10 -12
leaf_value=-1.1310068536355754e-05 0.00026226242189295582 3.0988624639576305e-05 -0.00019706282570647695 -0.00011622414300897316 -2.8606090442432705e-05 5.1350222202017787e-05 -2.4498698712704937e-05 2.5875300707411959e-05 -3.9123417809605589e-05 8.4312860963109276e-06 1.3989001551332601e-05
leaf_weight=3.0000000000000062 3 4.9999999999999982 2.9999999999999991 2.9999999999999991 3 3.0000000000000062 3.9999999999999991 3.9999999999999982 3 4.0000000000000062 2.9999999999999938
leaf_count=3 3 5 3 3 3 3 4 4 3 4 3
internal_value=-5.85626e-13 7.78102e-05 -2.85304e-05 -9.80458e-06 8.64061e-06 3.49787e-06 1.30694e-05 2.38031e-05 -2.52167e-05 1.62903e-05 1.08132e-05
internal_weight=41 11 30 27 8 24 18 14 6 11 7
internal_count=41 11 30 27 8 24 18 14 6 11 7
is_linear=0
shrinkage=0.05


Tree=175
num_leaves=12
num_cat=0
split_feature=45 36 59 23 61 58 10 55 42 78 13
split_gain=3.52422e-05 2.80925e-05 3.2147e-06 2.42123e-06 1.42953e-06 1.95609e-06 1.34974e-06 1.07734e-06 3.54489e-07 2.08057e-07 7.24743e-08
threshold=-1.4738893408630298 -1.5994330797532534 -0.026710697167952983 -0.060945946183797096 1.0000000180025095e-35 -0.55559272501688217 -0.027248473057771949 -0.88213604831320536 -0.36741044717360277 -0.78160371939515683 -1.0000000180025095e-35
decision_type=2 2 2 2 2 2 2 2 2 2 2
left_child=-1 -2 6 4 5 -4 -3 -5 -7 -9 -10
right_child=1 2 3 7 -6 8 -8 9 10 -11 -12
leaf_value=0.00016498361558963857 -0.00015986571670509875 -1.0038119701979058e-05 -3.3096233285808317e-05 5.0487641904813557e-05 -3.1201222282106758e-05 2.2284512524493039e-05 -5.74677154266586e-05 2.5762617102979375e-05 9.7534219094086445e-06 9.1069904374307893e-06 -1.2370475208930033e-06
leaf_weight=2.9999999999999991 2.9999999999999991 3 2.9999999999999991 2.9999999999999991 3.9999999999999991 4.9999999999999991 2.9999999999999991 2.9999999999999991 2.9999999999999991 5.0000000000000027 3.0000000000000036
leaf_count=3 3 3 3 3 4 5 3 3 3 5 3
internal_value=4.21473e-13 -1.3025e-05 -4.38677e-07 6.45393e-06 -4.84011e-06 2.69164e-06 -3.37529e-05 2.49351e-05 1.2452e-05 1.53529e-05 4.25819e-06
internal_weight=41 38 35 29 18 14 6 11 11 8 6
internal_count=41 38 35 29 18 14 6 11 11 8 6
is_linear=0
shrinkage=0.05


Tree=176
num_leaves=11
num_cat=0
split_feature=67 37 60 26 5 6 71 54 42 38
split_gain=3.34851e-05 2.54178e-05 9.26851e-06 4.30475e-06 2.50296e-06 1.47819e-06 1.36987e-06 4.75825e-07 1.67024e-08 4.27831e-09
threshold=1.7108425301081198 -1.3793881901517298 1.094402299754244 -1.0790087864735085 -0.042406543651037472 -1.0000000180025095e-35 0.2016032029669034 0.35470226367472457 -0.36741044717360277 0.20387467856347977
decision_type=2 2 2 2 2 2 2 2 2 2
left_child=1 -1 3 -3 6 -6 7 8 -5 -10
right_child=-2 2 -4 4 5 -7 -8 -9 9 -11
leaf_value=-0.00015437073501137395 0.00013742789760726737 4.9336874981236184e-05 -7.4040460822288886e-05 1.2101729043934019e-05 -5.44556911336258e-05 -4.820477382357537e-06 -1.5059688084875234e-05 3.000362776219845e-05 6.5954471210716214e-06 9.265750850317997e-06
leaf_weight=2.9999999999999991 3.9999999999999991 4.9999999999999991 3.9999999999999991 4.0000000000000027 3 3.0000000000000027 4.9999999999999991 3.9999999999999991 3.0000000000000027 3
leaf_count=3 4 5 4 4 3 3 5 4 3 3
internal_value=-1.90772e-13 -1.48571e-05 -2.54704e-06 6.98542e-06 -1.48488e-06 -2.96381e-05 7.40561e-06 1.54289e-05 9.59905e-06 7.9306e-06
internal_weight=41 37 34 30 25 6 19 14 10 6
internal_count=41 37 34 30 25 6 19 14 10 6
is_linear=0
shrinkage=0.05


Tree=177
num_leaves=12
num_cat=0
split_feature=51 63 42 25 31 43 29 18 5 27 25
split_gain=3.26465e-05 2.18214e-05 3.29718e-06 2.43538e-06 1.76063e-06 1.7045e-06 5.60811e-07 4.85924e-07 3.60387e-07 1.36449e-07 7.40238e-08
threshold=-1.5102062311292281 0.095317395041392708 -0.52673171056024115 -0.15876703176308338 -0.22559576834473472 0.42793734227565744 0.1809514937462057 -0.54356665987825592 1.0000000180025095e-35 0.11683106831262474 -0.14871204340998218
decision_type=2 2 2 2 2 2 2 2 2 2 2
left_child=-1 -2 3 -3 6 8 9 -7 -6 -4 -5
right_child=1 2 4 10 5 7 -8 -9 -10 -11 -12
leaf_value=0.00015879154088906946 -0.00010987614412442781 6.4804115875934551e-05 2.2599874743415674e-05 4.0759982463593277e-06 -2.7224842536573585e-05 -1.8372956098270775e-05 -1.1179749227115581e-05 8.2473294696683199e-06 -5.1732905558310438e-05 9.11163369892165e-06 1.5183338594700524e-05
leaf_weight=2.9999999999999991 4.9999999999999991 3 2.9999999999999982 3 3.0000000000000018 2.9999999999999964 3 4.0000000000000036 3 5 2.9999999999999982
leaf_count=3 5 3 3 3 3 3 3 4 3 5 3
internal_value=2.57043e-13 -1.25362e-05 2.21231e-06 2.80212e-05 -7.46601e-06 -1.99233e-05 7.25623e-06 -3.16136e-06 -3.94789e-05 1.41697e-05 9.62967e-06
internal_weight=41 38 33 9 24 13 11 7 6 8 6
internal_count=41 38 33 9 24 13 11 7 6 8 6
is_linear=0
shrinkage=0.05


Tree=178
num_leaves=12
num_cat=0
split_feature=25 36 60 8 76 16 79 72 84 7 25
split_gain=3.15576e-05 2.31901e-05 9.89373e-06 2.56989e-06 2.29711e-06 2.29044e-06 1.81179e-06 5.44403e-07 2.65919e-07 1.89892e-07 9.1813e-08
threshold=-0.14357474122842537 -1.5994330797532534 1.094402299754244 -0.22630721464228828 0.62475254766422983 0.89767096144825886 -0.67220296031655657 0.98702352592719367 0.32552184825918146 -1.0000000180025095e-35 -0.15254037163038803
decision_type=2 2 2 2 2 2 2 2 2 2 2
left_child=1 -1 3 5 6 7 -5 10 -8 -6 -3
right_child=-2 2 -4 4 9 -7 8 -9 -10 -11 -12
leaf_value=-0.00014944434709226093 0.00011770536541007461 -2.1526465085723127e-06 -6.903519286424853e-05 8.9691026611641766e-06 8.2880675715083855e-06 6.1909555612752834e-05 -2.8094003937439935e-05 2.9917284943318606e-05 -4.9146261881105594e-05 2.6078149918854861e-05 9.4186099886428575e-06
leaf_weight=2.9999999999999991 4.9999999999999991 2.9999999999999991 4.9999999999999991 2.9999999999999964 3 2.9999999999999991 3.0000000000000053 3 3 2.9999999999999991 3.9999999999999991
leaf_count=3 5 3 5 3 3 3 3 3 3 3 4
internal_value=1.59716e-13 -1.6348e-05 -4.2483e-06 7.32079e-06 -6.78099e-06 2.35921e-05 -2.27571e-05 1.20968e-05 -3.86201e-05 1.71831e-05 4.4595e-06
internal_weight=41 36 33 28 15 13 9 10 6 6 7
internal_count=41 36 33 28 15 13 9 10 6 6 7
is_linear=0
shrinkage=0.05


Tree=179
num_leaves=12
num_cat=0
split_feature=84 19 50 60 51 37 45 47 17 29 6
split_gain=3.06162e-05 4.88627e-05 3.03821e-05 1.20189e-05 1.95028e-06 1.98818e-06 1.49419e-06 9.75219e-07 3.11101e-07 1.84398e-07 1.17749e-08
threshold=0.46788573460597732 -0.54137961585354821 1.1377336371173326 1.222149237289613 -0.33102071998422694 0.46807772870816255 1.0000000180025095e-35 -0.6266203210856095 0.72445606065423152 1.0000000180025095e-35 -0.23848341611596011
decision_type=2 2 2 2 2 2 2 2 2 2 2
left_child=2 -2 3 4 8 7 -3 -6 -1 -9 -11
right_child=1 6 -4 -5 5 -7 -8 9 -10 10 -12
leaf_value=-1.0898227628786091e-05 0.00024344038295870019 2.3559548135381196e-05 -0.00017711534455884249 -0.00010374593330197968 4.4784461836873761e-05 -2.0455325920920589e-05 -2.107504818316859e-05 2.1187445963732904e-05 -3.3668854545491427e-05 5.3619990770433287e-06 9.5058690931182487e-06
leaf_weight=3.0000000000000062 3 4.9999999999999982 2.9999999999999991 2.9999999999999991 3.0000000000000062 3.9999999999999991 3 3.9999999999999982 3 3.0000000000000062 3.9999999999999938
leaf_count=3 3 5 3 3 3 4 3 4 3 3 4
internal_value=1.02041e-13 7.1354e-05 -2.61631e-05 -9.39066e-06 2.40375e-06 1.06329e-05 6.82157e-06 1.95152e-05 -2.22835e-05 1.26236e-05 7.72992e-06
internal_weight=41 11 30 27 24 18 8 14 6 11 7
internal_count=41 11 30 27 24 18 8 14 6 11 7
is_linear=0
shrinkage=0.05


Tree=180
num_leaves=12
num_cat=0
split_feature=62 51 58 76 5 25 7 17 55 88 21
split_gain=3.05866e-05 2.54986e-05 9.28076e-06 1.89858e-06 2.79213e-06 1.77888e-06 5.9681e-07 3.23752e-07 2.31393e-07 8.23483e-08 5.42984e-08
threshold=1.1407379490150575 -1.1115438371884896 -1.3256438904594359 0.45919206681901636 -0.21067367577278426 -0.16637877782139571 -1.0000000180025095e-35 -1.0000000180025095e-35 -0.88213604831320536 0.60325060325090507 0.44870550398565684
decision_type=2 2 2 2 2 2 2 2 2 2 2
left_child=1 -1 -3 4 8 -5 -6 9 -4 -7 -10
right_child=-2 2 3 5 6 7 -8 -9 10 -11 -12
leaf_value=-0.00015565837456961163 0.00011588038512854836 -8.7257220729952689e-05 2.001049651880748e-05 5.3727099051078167e-05 -4.2621493048500259e-05 8.4208694412761062e-06 -1.3119828508933982e-05 2.2680157659730563e-05 8.7489905126858492e-06 -3.2943833502940828e-06 -1.4961444018505667e-07
leaf_weight=2.9999999999999991 4.9999999999999991 2.9999999999999991 4 2.9999999999999991 4 2.9999999999999991 3.0000000000000044 2.9999999999999991 4 3 3
leaf_count=3 5 3 4 3 4 3 3 3 4 3 3
internal_value=3.71562e-13 -1.60945e-05 -3.40687e-06 4.97816e-06 -5.29202e-06 2.03834e-05 -2.99779e-05 9.26888e-06 1.04172e-05 2.56324e-06 4.9353e-06
internal_weight=41 36 33 30 18 12 7 9 11 6 7
internal_count=41 36 33 30 18 12 7 9 11 6 7
is_linear=0
shrinkage=0.05


Tree=181
num_leaves=11
num_cat=0
split_feature=67 37 27 31 26 54 74 11 28 24
split_gain=2.84489e-05 2.09068e-05 6.2148e-06 8.73037e-06 2.34903e-06 1.20357e-06 9.72934e-07 4.79827e-07 3.3797e-07 2.82664e-08
threshold=1.7108425301081198 -1.3793881901517298 0.27260691502559004 -1.0000000180025095e-35 -1.0790087864735085 0.077373127170041536 1.0000000180025095e-35 -0.13103451500160451 0.34021421858357476 0.17867042634644989
decision_type=2 2 2 2 2 2 2 2 2 2
left_child=1 -1 4 -4 -3 6 9 -7 -8 -6
right_child=-2 2 3 -5 5 7 8 -9 -10 -11
leaf_value=-0.00014022385876160117 0.0001266723204025766 4.0127930533344623e-05 -6.0845137340947974e-07 -0.00010849956791692724 2.4332964433900341e-06 5.4902026022318747e-06 -1.0742203570165048e-05 2.8723911964334554e-05 -3.4475803840905417e-05 9.2970229161437574e-06
leaf_weight=2.9999999999999991 3.9999999999999991 4.9999999999999991 5.0000000000000009 2.9999999999999991 3.0000000000000053 5 3 3.9999999999999982 3 3
leaf_count=3 4 5 5 3 3 5 3 4 3 3
internal_value=-1.44188e-13 -1.36943e-05 -2.52993e-06 -4.10676e-05 9.32782e-06 1.99446e-06 -8.37192e-06 1.58163e-05 -2.2609e-05 5.86516e-06
internal_weight=41 37 34 8 26 21 12 9 6 6
internal_count=41 37 34 8 26 21 12 9 6 6
is_linear=0
shrinkage=0.05


Tree=182
num_leaves=11
num_cat=0
split_feature=51 63 42 25 31 79 37 29 27 32
split_gain=2.80312e-05 1.7446e-05 2.18991e-06 1.55964e-06 1.10263e-06 1.08042e-06 5.75501e-07 3.3737e-07 6.68199e-08 6.55321e-08
threshold=-1.5102062311292281 0.095317395041392708 -0.52673171056024115 -0.15876703176308338 -0.22559576834473472 0.43255629279519214 1.0000000180025095e-35 0.1809514937462057 0.11683106831262474 0.17191186503224185
decision_type=2 2 2 2 2 2 2 2 2 2
left_child=-1 -2 3 -3 7 6 -6 8 -4 -5
right_child=1 2 4 9 5 -7 -8 -9 -10 -11
leaf_value=0.00014713974087499082 -9.8652106244117037e-05 5.2040211933975404e-05 1.6595705286211648e-05 1.3111920755666995e-05 -1.0257450026074357e-05 2.0578627299983054e-06 -3.7958262255415319e-05 -8.9649901686546672e-06 7.1567834675079209e-06 2.6610718729595336e-06
leaf_weight=2.9999999999999991 4.9999999999999991 3 2.9999999999999982 2.9999999999999982 3.0000000000000018 4.9999999999999991 5 3 5 3
leaf_count=3 5 3 3 3 3 5 5 3 5 3
internal_value=4.89685e-13 -1.16163e-05 1.57095e-06 2.26044e-05 -6.3166e-06 -1.61749e-05 -2.75705e-05 5.33419e-06 1.06964e-05 7.8865e-06
internal_weight=41 38 33 9 24 13 8 11 8 6
internal_count=41 38 33 9 24 13 8 11 8 6
is_linear=0
shrinkage=0.05


Tree=183
num_leaves=12
num_cat=0
split_feature=62 51 61 76 5 25 31 22 78 78 22
split_gain=2.63973e-05 2.22223e-05 7.94837e-06 1.53183e-06 1.74434e-06 1.58404e-06 5.9546e-07 4.04421e-07 3.65361e-07 1.68242e-07 9.98236e-08
threshold=1.1407379490150575 -1.1115438371884896 -0.71348124950225811 0.45919206681901636 1.0000000180025095e-35 -0.16637877782139571 -0.22559576834473472 0.64167914583452401 -1.0549718697877086 -1.0000000180025095e-35 -0.1892565499973036
decision_type=2 2 2 2 2 2 2 2 2 2 2
left_child=1 -1 -3 4 6 -5 9 -8 -7 -4 -10
right_child=-2 2 3 5 -6 8 7 -9 10 -11 -12
leaf_value=-0.00014524128685782973 0.00010765255094156602 -8.0705513391876599e-05 5.5002753651933734e-06 4.9438201434289425e-05 -3.9826621650718154e-05 2.2611988000183678e-05 3.26068717792319e-06 -2.2701505804434413e-05 6.927358299435582e-06 2.0477673388086259e-05 -5.1381307306049453e-06
leaf_weight=2.9999999999999991 4.9999999999999991 2.9999999999999991 5.0000000000000009 2.9999999999999991 2.9999999999999991 2.9999999999999991 3.0000000000000062 3 3.9999999999999991 2.9999999999999991 3
leaf_count=3 5 3 5 3 3 3 3 3 4 3 3
internal_value=9.61624e-13 -1.49517e-05 -3.10724e-06 4.65259e-06 -5.22752e-06 1.75727e-05 2.18657e-06 -9.72041e-06 8.0131e-06 1.11168e-05 1.75643e-06
internal_weight=41 36 33 30 17 13 14 6 10 8 7
internal_count=41 36 33 30 17 13 14 6 10 8 7
is_linear=0
shrinkage=0.05


Tree=184
num_leaves=12
num_cat=0
split_feature=45 36 62 76 5 26 39 78 67 22 29
split_gain=2.58813e-05 1.9316e-05 2.22234e-06 1.31676e-06 1.72114e-06 1.04965e-06 4.54729e-07 3.29739e-07 3.2903e-07 9.00908e-08 8.12443e-08
threshold=-1.4738893408630298 -1.5994330797532534 1.1407379490150575 0.45919206681901636 -0.21067367577278426 -0.4191161141795739 0.12600755000903921 -1.0549718697877086 0.39499991137619112 -0.1892565499973036 1.0000000180025095e-35
decision_type=2 2 2 2 2 2 2 2 2 2 2
left_child=-1 -2 3 4 8 -5 -6 -7 10 -9 -3
right_child=1 2 -4 5 6 7 -8 9 -10 -11 -12
leaf_value=0.00014138460586157937 -0.00013292362661256147 1.9453789961213886e-05 -4.1873884523132199e-05 4.1333619446959349e-05 -1.0245425801258518e-05 2.148138955817558e-05 -3.5997056693304329e-05 6.5809903389890682e-06 -3.5597891292127307e-06 -4.8812242766871338e-06 8.5688780927739568e-06
leaf_weight=2.9999999999999991 2.9999999999999991 2.9999999999999964 2.9999999999999991 2.9999999999999991 3.0000000000000044 2.9999999999999991 4 3.9999999999999991 5 3 4
leaf_count=3 3 3 3 3 3 3 4 4 5 3 4
internal_value=7.84162e-13 -1.11619e-05 -7.25226e-07 3.13246e-06 -5.25719e-06 1.53943e-05 -2.49606e-05 7.61245e-06 6.23649e-06 1.66861e-06 1.32338e-05
internal_weight=41 38 35 32 19 13 7 10 12 7 7
internal_count=41 38 35 32 19 13 7 10 12 7 7
is_linear=0
shrinkage=0.05


Tree=185
num_leaves=11
num_cat=0
split_feature=25 63 5 26 10 5 45 19 85 25
split_gain=2.52266e-05 1.74922e-05 9.04793e-06 1.87813e-06 1.0088e-06 1.10112e-06 6.32126e-07 2.02948e-07 2.69131e-08 1.73417e-08
threshold=-0.14357474122842537 0.095317395041392708 1.5342592108777258 -1.0790087864735085 -0.027248473057771949 1.0000000180025095e-35 -0.52688298945428969 -0.54137961585354821 -1.0000000180025095e-35 -0.14992913900420743
decision_type=2 2 2 2 2 2 2 2 2 2
left_child=1 -1 3 -3 7 6 -6 -5 -9 -8
right_child=-2 2 -4 4 5 -7 9 8 -10 -11
leaf_value=-0.000113195700396318 0.00010523820419621188 3.4134840352635367e-05 -8.4956410379769898e-05 1.8394169164821501e-05 -1.9796846754616129e-05 -3.6035167674223582e-05 1.1000961724979183e-05 7.8898810897953791e-06 1.6250420837119828e-06 5.6248235826690909e-06
leaf_weight=3.9999999999999991 4.9999999999999991 4.9999999999999991 2.9999999999999991 5 2.9999999999999991 2.9999999999999991 2.9999999999999991 4 3.0000000000000018 3.0000000000000036
leaf_count=4 5 5 3 5 3 3 3 4 3 3
internal_value=-2.21828e-14 -1.46164e-05 -2.29401e-06 6.25728e-06 4.4945e-07 -9.80156e-06 -1.05702e-06 1.07005e-05 5.20495e-06 8.31289e-06
internal_weight=41 36 32 29 24 12 9 12 7 6
internal_count=41 36 32 29 24 12 9 12 7 6
is_linear=0
shrinkage=0.05


Tree=186
num_leaves=10
num_cat=0
split_feature=60 63 26 61 1 1 5 79 89
split_gain=2.45272e-05 2.35934e-05 2.07961e-06 1.16683e-06 6.11133e-07 5.86025e-07 5.01078e-07 1.67781e-07 1.57266e-07
threshold=-1.8620518998375541 0.095317395041392708 -1.0790087864735085 1.0000000180025095e-35 -0.058590785479054296 0.24445565244095926 -0.21067367577278426 -0.67220296031655657 -1.0000000180025095e-35
decision_type=2 2 2 2 2 2 2 2 2
left_child=-1 -2 -3 4 7 -6 -5 -4 -9
right_child=1 2 3 6 5 -7 -8 8 -10
leaf_value=0.00013763640890829265 -0.00012572972700581887 3.2428098529635462e-05 3.2091047614812851e-06 -2.5819048460107283e-06 -2.0702797337435174e-05 6.3625167967984446e-06 -2.8429607045836746e-05 2.3935189528856429e-05 9.4545937463408266e-06
leaf_weight=2.9999999999999991 3.9999999999999991 4.9999999999999991 4.9999999999999991 3.0000000000000009 4.0000000000000018 4 4.9999999999999991 2.9999999999999991 5.0000000000000027
leaf_count=3 4 5 5 3 4 4 5 3 5
internal_value=1.33097e-14 -1.0866e-05 2.64734e-06 -2.48727e-06 3.703e-06 -7.17014e-06 -1.87367e-05 1.03942e-05 1.48848e-05
internal_weight=41 38 34 29 21 8 8 13 8
internal_count=41 38 34 29 21 8 8 13 8
is_linear=0
shrinkage=0.05


Tree=187
num_leaves=11
num_cat=0
split_feature=67 37 60 26 61 54 31 66 16 75
split_gain=2.45022e-05 1.67034e-05 4.80547e-06 1.70743e-06 1.06121e-06 5.88755e-07 5.18919e-07 3.52701e-07 3.97317e-08 1.36129e-09
threshold=1.7108425301081198 -1.3793881901517298 1.094402299754244 -1.0790087864735085 1.0000000180025095e-35 0.35470226367472457 -0.22559576834473472 0.53069156720761979 -0.40769684561482883 0.038081328693971475
decision_type=2 2 2 2 2 2 2 2 2 2
left_child=1 -1 3 -3 5 7 -6 8 -5 -10
right_child=-2 2 -4 4 6 -7 -8 -9 9 -11
leaf_value=-0.00012580582600397368 0.00011755789937524242 3.0806692739133726e-05 -5.4208725669013805e-05 -3.7255219164459614e-07 -2.0001336451969103e-06 2.2141078625281809e-05 -2.9509350497392006e-05 -1.4806490071350709e-05 5.5327144461140543e-06 6.8799515429418523e-06
leaf_weight=2.9999999999999991 3.9999999999999991 4.9999999999999991 3.9999999999999991 3.0000000000000027 3 3.9999999999999991 3.9999999999999991 2.9999999999999991 3.0000000000000053 5
leaf_count=3 4 5 4 3 3 4 4 3 3 5
internal_value=-8.20764e-13 -1.2709e-05 -2.72983e-06 4.13402e-06 -1.20051e-06 5.22362e-06 -1.77197e-05 3.90055e-07 4.53457e-06 6.37474e-06
internal_weight=41 37 34 30 25 18 7 14 11 8
internal_count=41 37 34 30 25 18 7 14 11 8
is_linear=0
shrinkage=0.05


Tree=188
num_leaves=12
num_cat=0
split_feature=84 19 50 60 51 63 26 45 17 54 10
split_gain=2.25804e-05 3.76849e-05 2.09939e-05 8.7306e-06 1.17299e-06 1.14728e-06 7.20043e-07 6.43936e-07 1.08988e-07 8.21589e-08 1.05203e-08
threshold=0.46788573460597732 -0.54137961585354821 1.1377336371173326 1.222149237289613 -0.33102071998422694 0.11486272365329754 -0.86504808548116963 1.0000000180025095e-35 0.72445606065423152 0.63540483288778027 -0.60895736155703284
decision_type=2 2 2 2 2 2 2 2 2 2 2
left_child=2 -2 3 4 8 -6 -7 -3 -1 10 -8
right_child=1 7 -4 -5 5 6 9 -9 -10 -11 -12
leaf_value=-1.0881063644774233e-05 0.00021240536201124383 1.5593942953273659e-05 -0.0001479494560044259 -8.8944808764305588e-05 3.1523485267825837e-05 -2.0552683539184075e-05 2.0951495874517858e-06 -1.3707605103263629e-05 -2.4358687126853808e-05 1.4138544065644959e-05 5.8404255833011289e-06
leaf_weight=3.0000000000000062 3 4.9999999999999982 2.9999999999999991 2.9999999999999991 4.0000000000000062 3.0000000000000062 3.0000000000000062 3 3 3 4.9999999999999849
leaf_count=3 3 5 3 3 4 3 3 3 3 3 5
internal_value=9.31677e-13 6.12785e-05 -2.24688e-05 -8.52647e-06 1.52583e-06 7.90773e-06 1.16037e-06 4.60586e-06 -1.76199e-05 7.08211e-06 4.43595e-06
internal_weight=41 11 30 27 24 18 14 8 6 11 8
internal_count=41 11 30 27 24 18 14 8 6 11 8
is_linear=0
shrinkage=0.05


Tree=189
num_leaves=12
num_cat=0
split_feature=62 51 58 76 5 25 39 68 55 21 88
split_gain=2.21878e-05 1.75993e-05 5.71741e-06 1.05485e-06 1.41493e-06 8.79609e-07 3.70931e-07 2.34525e-07 1.1631e-07 4.07705e-08 3.99085e-08
threshold=1.1407379490150575 -1.1115438371884896 -1.3256438904594359 0.45919206681901636 -0.21067367577278426 -0.16637877782139571 0.12600755000903921 -1.1721910210396698 -0.88213604831320536 0.44870550398565684 0.60325060325090507
decision_type=2 2 2 2 2 2 2 2 2 2 2
left_child=1 -1 -3 4 8 -5 -6 -7 -4 -10 -9
right_child=-2 2 3 5 6 7 -8 10 9 -11 -12
leaf_value=-0.00012965587860283752 9.8696515779010964e-05 -6.8980285747481199e-05 1.3743279851041733e-05 3.8343945440525817e-05 -8.5238363681128106e-06 1.8496006426479049e-05 -3.1781965299160218e-05 5.4519964275338378e-06 6.3599558416171917e-06 -1.3508758759902166e-06 -2.7036228857468808e-06
leaf_weight=2.9999999999999991 4.9999999999999991 2.9999999999999991 4 2.9999999999999991 3.0000000000000044 2.9999999999999991 4 2.9999999999999991 4 3 3
leaf_count=3 5 3 4 3 3 3 4 3 4 3 3
internal_value=1.68589e-13 -1.37078e-05 -3.16712e-06 3.4142e-06 -4.24106e-06 1.48971e-05 -2.18142e-05 7.08146e-06 6.94185e-06 3.05531e-06 1.37419e-06
internal_weight=41 36 33 30 18 12 7 9 11 7 6
internal_count=41 36 33 30 18 12 7 9 11 7 6
is_linear=0
shrinkage=0.05


Tree=190
num_leaves=11
num_cat=0
split_feature=60 63 26 61 47 1 1 81 43 85
split_gain=2.15895e-05 1.94229e-05 1.37442e-06 8.89826e-07 4.66869e-07 4.04891e-07 3.58769e-07 1.20917e-07 4.27073e-08 1.0037e-08
threshold=-1.8620518998375541 0.095317395041392708 -1.0790087864735085 1.0000000180025095e-35 -1.0000000180025095e-35 -0.058590785479054296 0.24445565244095926 0.2654013701299951 -0.8045988013843115 -1.0000000180025095e-35
decision_type=2 2 2 2 2 2 2 2 2 2
left_child=-1 -2 -3 5 -5 7 -7 8 -4 -10
right_child=1 2 3 4 -6 6 -8 -9 9 -11
leaf_value=0.0001291311006449784 -0.00011441299211583101 2.6276940698153339e-05 1.109434985361683e-05 -6.9418145358213196e-06 -3.1891595184182128e-05 -1.6140716070367479e-05 5.0361848479951722e-06 1.7548319131795628e-05 5.6036480600596407e-06 1.777775833033954e-06
leaf_weight=2.9999999999999991 3.9999999999999991 4.9999999999999991 2.9999999999999991 5.0000000000000009 2.9999999999999991 4.0000000000000018 4 2.9999999999999991 3.9999999999999991 3.0000000000000036
leaf_count=3 4 5 3 5 3 4 4 3 4 3
internal_value=-4.74712e-13 -1.01946e-05 2.06643e-06 -2.1078e-06 -1.6298e-05 3.29799e-06 -5.55227e-06 8.7443e-06 6.1031e-06 3.96399e-06
internal_weight=41 38 34 29 8 21 8 13 10 7
internal_count=41 38 34 29 8 21 8 13 10 7
is_linear=0
shrinkage=0.05


Tree=191
num_leaves=12
num_cat=0
split_feature=67 36 85 71 25 53 63 21 32 34 4
split_gain=2.17059e-05 1.47406e-05 3.4387e-06 6.34497e-07 6.18931e-07 7.80276e-07 2.43127e-07 1.16374e-07 1.08763e-07 3.8385e-09 9.02594e-10
threshold=1.7108425301081198 -1.5994330797532534 -0.85435975191747338 -0.07899608317294772 -0.14357474122842537 -0.88961129630773084 0.33337157392123112 0.44870550398565684 -0.32609537928750049 -1.088150633350633 -0.97766708572837902
decision_type=2 2 2 2 2 2 2 2 2 2 2
left_child=1 -1 -3 -4 5 -5 7 8 -7 -10 -11
right_child=-2 2 3 4 -6 6 -8 -9 9 10 -12
leaf_value=-0.00011820622118345153 0.00011064660225201806 -5.37022654801452e-05 -1.622538029550924e-05 2.5363486638525464e-05 -1.629923499422146e-05 1.6320147066532268e-05 -9.8977262193026657e-06 -1.7724531517160359e-06 3.8667358846093105e-06 5.443943761444325e-06 6.6704525427970876e-06
leaf_weight=2.9999999999999991 3.9999999999999991 2.9999999999999991 3.9999999999999991 5.0000000000000062 3.0000000000000027 3.0000000000000098 2.9999999999999991 3.9999999999999991 3.000000000000008 3.000000000000008 2.9999999999999787
leaf_count=3 4 3 4 5 3 3 3 4 3 3 3
internal_value=6.21118e-14 -1.19618e-05 -2.58729e-06 2.35932e-06 5.11261e-06 7.78909e-06 3.16426e-06 5.61338e-06 8.07532e-06 5.32704e-06 6.0572e-06
internal_weight=41 37 34 31 27 24 19 16 12 9 6
internal_count=41 37 34 31 27 24 19 16 12 9 6
is_linear=0
shrinkage=0.05


Tree=192
num_leaves=12
num_cat=0
split_feature=45 37 67 54 50 89 48 66 79 25 4
split_gain=2.13359e-05 1.39085e-05 1.60032e-06 9.14245e-07 6.36242e-07 3.89266e-07 2.55261e-07 2.7019e-07 8.48113e-08 6.41737e-08 2.70973e-09
threshold=-1.4738893408630298 -1.3793881901517298 1.7108425301081198 -1.6786949348913096 -1.4002174611356397 -1.374867858343843 -0.74232672986200965 0.53069156720761979 0.78318565206396695 -0.15254037163038803 -1.069404972158899
decision_type=2 2 2 2 2 2 2 2 2 2 2
left_child=-1 -2 3 -3 -5 -6 -7 8 9 -8 -11
right_child=1 2 -4 4 5 6 7 -9 -10 10 -12
leaf_value=0.00012837050113982212 -0.00011345613553809624 2.8271552279572193e-05 -3.6196750200664005e-05 1.7791921891330276e-05 -2.0581027638399949e-05 -1.2806483937310976e-05 -2.3091802722774421e-06 -1.2540456615776445e-05 1.1416377916854497e-05 3.9714901504339588e-06 5.9593744481389868e-06
leaf_weight=2.9999999999999991 2.9999999999999991 2.9999999999999956 2.9999999999999991 3.9999999999999991 3.0000000000000027 4.0000000000000027 5.0000000000000044 2.9999999999999991 2.9999999999999991 3.0000000000000044 4
leaf_count=3 3 3 3 4 3 4 5 3 3 3 4
internal_value=6.65484e-14 -1.01345e-05 -1.27837e-06 1.99522e-06 -7.23017e-07 -3.68541e-06 -1.38146e-06 1.15744e-06 3.89701e-06 2.01717e-06 5.10742e-06
internal_weight=41 38 35 32 29 25 22 18 15 12 7
internal_count=41 38 35 32 29 25 22 18 15 12 7
is_linear=0
shrinkage=0.05


Tree=193
num_leaves=12
num_cat=0
split_feature=25 63 5 26 10 5 45 33 21 42 34
split_gain=2.03751e-05 1.24109e-05 6.9354e-06 9.29579e-07 5.04423e-07 6.30516e-07 2.42316e-07 1.55497e-07 2.57275e-08 8.24036e-09 7.40264e-09
threshold=-0.14357474122842537 0.095317395041392708 1.5342592108777258 -1.0790087864735085 -0.027248473057771949 1.0000000180025095e-35 -0.52688298945428969 -0.33479620672650295 0.44870550398565684 0.12786718868547098 1.0000000180025095e-35
decision_type=2 2 2 2 2 2 2 2 2 2 2
left_child=1 -1 3 -3 7 6 -6 -5 10 -8 -9
right_child=-2 2 -4 4 5 -7 9 8 -10 -11 -12
leaf_value=-9.6171862242044892e-05 9.4578781136078768e-05 2.4342859978787602e-05 -7.5128223519035003e-05 1.7751344542678757e-05 -1.1589901259867475e-05 -2.6455665162454051e-05 3.9610166519802638e-06 4.7410171343168823e-06 8.2634633145062244e-07 7.6669480525500433e-06 8.2535282369159757e-06
leaf_weight=3.9999999999999991 4.9999999999999991 4.9999999999999991 2.9999999999999991 2.9999999999999991 2.9999999999999991 2.9999999999999991 3.0000000000000027 3.0000000000000018 3 3 3
leaf_count=4 5 5 3 3 3 3 3 3 3 3 3
internal_value=-2.52884e-13 -1.31359e-05 -2.75645e-06 4.73028e-06 6.44329e-07 -6.6044e-06 1.26878e-08 7.89306e-06 4.60696e-06 5.81398e-06 6.49727e-06
internal_weight=41 36 32 29 24 12 9 12 9 6 6
internal_count=41 36 32 29 24 12 9 12 9 6 6
is_linear=0
shrinkage=0.05


Tree=194
num_leaves=11
num_cat=0
split_feature=60 63 26 61 1 47 1 81 8 11
split_gain=1.96236e-05 1.61909e-05 1.09913e-06 8.5881e-07 3.01115e-07 2.81487e-07 2.23923e-07 1.35144e-07 3.16441e-08 1.14126e-08
threshold=-1.8620518998375541 0.095317395041392708 -1.0790087864735085 1.0000000180025095e-35 -0.058590785479054296 -1.0000000180025095e-35 0.24445565244095926 0.2654013701299951 -0.37472095130860811 -1.0000000180025095e-35
decision_type=2 2 2 2 2 2 2 2 2 2
left_child=-1 -2 -3 4 7 -5 -6 8 -4 -10
right_child=1 2 3 5 6 -7 -8 -9 9 -11
leaf_value=0.00012311140017118305 -0.0001048725076543633 2.3125716397771614e-05 9.2539571293552114e-06 -8.9334609583602263e-06 -1.2944366790179621e-05 -2.8306549453797442e-05 3.7859567783016242e-06 1.70574135457476e-05 4.8646590585121887e-06 7.8502904822622929e-07
leaf_weight=2.9999999999999991 3.9999999999999991 4.9999999999999991 2.9999999999999991 5.0000000000000009 4.0000000000000018 2.9999999999999991 4 2.9999999999999991 3.9999999999999991 3.0000000000000036
leaf_count=3 4 5 3 5 4 3 4 3 4 3
internal_value=-1.44188e-13 -9.71932e-06 1.47517e-06 -2.25768e-06 3.05306e-06 -1.61984e-05 -4.57921e-06 7.74983e-06 4.95756e-06 3.11625e-06
internal_weight=41 38 34 29 21 8 8 13 10 7
internal_count=41 38 34 29 21 8 8 13 10 7
is_linear=0
shrinkage=0.05


Tree=195
num_leaves=10
num_cat=0
split_feature=67 36 85 9 53 61 77 76 1
split_gain=1.95029e-05 1.20067e-05 3.19058e-06 5.96108e-07 1.21631e-06 7.61195e-07 1.9911e-07 9.8637e-08 3.30582e-08
threshold=1.7108425301081198 -1.5994330797532534 -0.85435975191747338 -0.36454500721419214 -0.88961129630773084 -1.0000000180025095e-35 0.17406983024350975 -0.2662770962771559 -0.18364188332673287
decision_type=2 2 2 2 2 2 2 2 2
left_child=1 -1 -3 5 -5 7 8 -4 -6
right_child=-2 2 3 4 6 -7 -8 -9 -10
leaf_value=-0.00010722535953391344 0.0001048813108354807 -5.2114224672550336e-05 7.6563002221519137e-06 3.7297676317393736e-05 9.4909859399194833e-06 -2.1202940988587216e-05 -7.3041641371673908e-06 -2.2753136181563607e-06 3.3925890966202108e-06
leaf_weight=2.9999999999999991 3.9999999999999991 2.9999999999999991 4.9999999999999991 3.0000000000000027 3.9999999999999991 4.9999999999999991 3.9999999999999991 4.9999999999999991 5.0000000000000027
leaf_count=3 4 3 5 3 4 5 4 5 5
internal_value=-4.7693e-13 -1.13385e-05 -2.87792e-06 1.88689e-06 8.6002e-06 -5.27398e-06 1.97771e-06 2.69049e-06 6.10299e-06
internal_weight=41 37 34 31 16 15 13 10 9
internal_count=41 37 34 31 16 15 13 10 9
is_linear=0
shrinkage=0.05


Tree=196
num_leaves=13
num_cat=0
split_feature=45 37 67 54 78 85 22 42 33 33 66 70
split_gain=1.89163e-05 1.13454e-05 1.55676e-06 8.1226e-07 5.01637e-07 3.18812e-07 2.85673e-07 2.67899e-07 1.90874e-07 9.96416e-08 3.184e-08 9.68715e-09
threshold=-1.4738893408630298 -1.3793881901517298 1.7108425301081198 -1.6786949348913096 0.79187513870965531 0.28428735458491317 -1.0000000180025095e-35 0.25752366751975903 0.1711166209443867 1.0000000180025095e-35 -0.18755022858475526 0.52779937724279347
decision_type=2 2 2 2 2 2 2 2 2 2 2 2
left_child=-1 -2 3 -3 5 7 -6 10 -9 -7 -5 -12
right_child=1 2 -4 4 6 9 -8 8 -10 -11 11 -13
leaf_value=0.00012087252689525486 -0.00010285990526123594 2.645221732867264e-05 -3.5983747996700309e-05 8.5452965625639285e-06 -2.842446338036097e-06 1.8833625896756228e-05 -2.4662669602548704e-05 -1.3676160051545596e-06 -1.8051662967385099e-05 5.9468341836084911e-06 2.4083910830086015e-07 3.9994408325583202e-06
leaf_weight=2.9999999999999991 2.9999999999999991 2.9999999999999956 2.9999999999999991 3.0000000000000027 3 2.9999999999999991 2.9999999999999991 3.9999999999999991 3 3 3.0000000000000098 4
leaf_count=3 3 3 3 3 3 3 3 4 3 3 3 4
internal_value=5.5457e-13 -9.54257e-06 -1.54394e-06 1.68479e-06 -8.77353e-07 2.4814e-06 -1.37526e-05 -1.01584e-06 -8.51792e-06 1.23902e-05 4.23562e-06 2.38861e-06
internal_weight=41 38 35 32 29 23 6 17 7 6 10 7
internal_count=41 38 35 32 29 23 6 17 7 6 10 7
is_linear=0
shrinkage=0.05


Tree=197
num_leaves=11
num_cat=0
split_feature=62 51 58 42 25 33 84 12 6 1
split_gain=1.78495e-05 1.45961e-05 3.46916e-06 8.92163e-07 7.89539e-07 6.69707e-07 2.73065e-07 1.27596e-07 4.66689e-08 1.10304e-08
threshold=1.1407379490150575 -1.1115438371884896 -1.3256438904594359 -0.52673171056024115 -0.15876703176308338 -0.84287783505931435 -0.58271898432198876 -0.63272149801129818 -0.23848341611596011 0.91836724369846479
decision_type=2 2 2 2 2 2 2 2 2 2
left_child=1 -1 -3 4 -4 -5 -7 -8 -9 -6
right_child=-2 2 3 5 9 6 7 8 -10 -11
leaf_value=-0.00011788732372224331 8.8523129379609598e-05 -5.396108778465229e-05 3.6545577070986221e-05 -1.9186417957826039e-05 7.2740665927995028e-06 1.146617054473608e-05 -9.749927636448766e-06 -3.2695344392171402e-06 4.9802420107880641e-06 2.9864129222308588e-06
leaf_weight=2.9999999999999991 4.9999999999999991 2.9999999999999991 3 5.0000000000000027 2.9999999999999982 5.0000000000000027 4.0000000000000027 3.0000000000000027 3.9999999999999964 3
leaf_count=3 5 3 3 5 3 5 4 3 4 3
internal_value=-1.83008e-14 -1.22949e-05 -2.69557e-06 2.43099e-06 1.5602e-05 -3.21374e-06 1.77772e-06 -2.62612e-06 1.44462e-06 5.13024e-06
internal_weight=41 36 33 30 9 21 16 11 7 6
internal_count=41 36 33 30 9 21 16 11 7 6
is_linear=0
shrinkage=0.05


Tree=198
num_leaves=10
num_cat=0
split_feature=60 63 42 26 1 61 62 43 78
split_gain=1.74392e-05 1.42684e-05 9.67676e-07 7.72773e-07 6.09253e-07 4.87343e-07 1.63337e-07 1.33614e-07 1.86256e-08
threshold=-1.8620518998375541 0.095317395041392708 -0.36741044717360277 -0.86504808548116963 -0.50298442762762074 1.0000000180025095e-35 -1.0255730491743866 -0.43235999795456559 0.32068485486684156
decision_type=2 2 2 2 2 2 2 2 2
left_child=-1 -2 3 -3 7 6 -6 -4 -5
right_child=1 2 4 8 5 -7 -8 -9 -10
leaf_value=0.00011605746791853261 -9.8487919967737983e-05 3.0711812360095789e-05 1.1928107414860276e-05 1.9269802214694215e-06 -1.3376551457137506e-05 -2.4052041990216825e-05 1.3808996118314079e-06 -3.3220567274838691e-07 6.91036329953931e-06
leaf_weight=2.9999999999999991 3.9999999999999991 4 4 4.9999999999999982 2.9999999999999956 4.9999999999999991 5.0000000000000062 4.9999999999999982 3
leaf_count=3 4 4 4 5 3 5 5 5 3
internal_value=-1.5528e-14 -9.16243e-06 1.34645e-06 1.27678e-05 -4.88336e-06 -1.18066e-05 -4.15314e-06 5.11682e-06 3.79575e-06
internal_weight=41 38 34 12 22 13 8 9 8
internal_count=41 38 34 12 22 13 8 9 8
is_linear=0
shrinkage=0.05


Tree=199
num_leaves=11
num_cat=0
split_feature=25 63 5 54 71 24 6 72 12 24
split_gain=1.74189e-05 9.71854e-06 5.92285e-06 7.20415e-07 3.30276e-07 1.78316e-07 1.88539e-07 1.33068e-07 1.62069e-08 4.04302e-09
threshold=-0.14357474122842537 0.095317395041392708 1.5342592108777258 -0.77896667624259808 -0.07899608317294772 0.64286568603343619 -0.34375851814141162 -0.70571127134616884 1.0000000180025095e-35 0.30998131197583778
decision_type=2 2 2 2 2 2 2 2 2 2
left_child=1 -1 3 -3 -5 7 -7 -6 9 -9
right_child=-2 2 -4 4 5 6 -8 8 -10 -11
leaf_value=-8.562489711039234e-05 8.7449084967374807e-05 2.1223499597908816e-05 -6.9841183358221318e-05 -1.2754759154631746e-05 1.5958415072721723e-05 3.1473938361159518e-06 -1.2707724090432749e-05 1.0006755474023514e-06 6.7995471908943721e-06 3.5965113056590768e-06
leaf_weight=3.9999999999999991 4.9999999999999991 4.9999999999999991 2.9999999999999991 4.0000000000000027 3.0000000000000027 5.0000000000000009 2.9999999999999991 3.0000000000000018 3 3
leaf_count=4 5 5 3 4 3 5 3 3 3 3
internal_value=-1.96318e-13 -1.21457e-05 -2.96081e-06 3.95785e-06 3.60842e-07 2.98396e-06 -2.79828e-06 6.83879e-06 3.79891e-06 2.29859e-06
internal_weight=41 36 32 29 24 20 8 12 9 6
internal_count=41 36 32 29 24 20 8 12 9 6
is_linear=0
shrinkage=0.05


Tree=200
num_leaves=11
num_cat=0
split_feature=67 36 63 42 26 1 61 73 62 11
split_gain=1.71375e-05 9.33753e-06 2.93536e-06 5.85842e-07 5.37421e-07 3.94897e-07 4.51779e-07 1.34523e-07 1.2997e-07 2.06135e-08
threshold=1.7108425301081198 -1.5994330797532534 0.095317395041392708 -0.36741044717360277 -0.86504808548116963 -0.50298442762762074 1.0000000180025095e-35 -0.02756935224371887 -1.0255730491743866 -0.13103451500160451
decision_type=2 2 2 2 2 2 2 2 2 2
left_child=1 -1 -3 4 -4 7 8 -5 -7 -6
right_child=-2 2 3 5 9 6 -8 -9 -10 -11
leaf_value=-9.5188560468765593e-05 9.8315773720969451e-05 -5.0393620767863467e-05 2.8718383691739281e-05 9.5400186546612509e-06 1.9371973394299853e-06 -1.207233811631644e-05 -2.6597009855322524e-05 -2.7619360480457538e-06 1.0917327290371749e-06 7.1797761241517363e-06
leaf_weight=2.9999999999999991 3.9999999999999991 2.9999999999999991 3 5 5 2.9999999999999982 3.0000000000000009 4 5.0000000000000036 2.9999999999999982
leaf_count=3 4 3 3 5 5 3 3 4 5 3
internal_value=-3.38288e-13 -1.06287e-05 -3.16757e-06 1.40269e-06 1.0671e-05 -3.69485e-06 -1.00499e-05 4.07248e-06 -3.84479e-06 3.90316e-06
internal_weight=41 37 34 31 11 20 11 9 8 8
internal_count=41 37 34 31 11 20 11 9 8 8
is_linear=0
shrinkage=0.05


Tree=201
num_leaves=11
num_cat=0
split_feature=60 63 42 25 1 61 73 62 37 72
split_gain=1.62923e-05 1.18397e-05 9.28285e-07 6.95387e-07 5.21694e-07 5.51111e-07 1.21407e-07 1.17298e-07 5.99312e-08 2.74057e-09
threshold=-1.8620518998375541 0.095317395041392708 -0.36741044717360277 -0.15876703176308338 -0.50298442762762074 1.0000000180025095e-35 -0.02756935224371887 -1.0255730491743866 0.078114529241648439 0.62111881951717118
decision_type=2 2 2 2 2 2 2 2 2 2
left_child=-1 -2 3 -3 6 7 -4 -6 9 -5
right_child=1 2 4 8 5 -7 -8 -9 -10 -11
leaf_value=0.00011217598803341389 -9.022495269164211e-05 3.275072861773272e-05 9.0630179329309609e-06 3.1376109594323992e-06 -1.1468720549601145e-05 -2.4813319032546133e-05 -2.6238393729727257e-06 1.0371460484748227e-06 1.0724300106327668e-05 1.0004136129282412e-06
leaf_weight=2.9999999999999991 3.9999999999999991 2.9999999999999991 5 2.9999999999999982 2.9999999999999956 4.9999999999999991 3.9999999999999982 5.0000000000000062 3 3
leaf_count=3 4 3 5 3 3 5 4 5 3 3
internal_value=4.59184e-13 -8.856e-06 7.1682e-07 1.19033e-05 -5.38488e-06 -1.17913e-05 3.86886e-06 -3.65255e-06 4.95411e-06 2.06901e-06
internal_weight=41 38 34 12 22 13 9 8 9 6
internal_count=41 38 34 12 22 13 9 8 9 6
is_linear=0
shrinkage=0.05


Tree=202
num_leaves=11
num_cat=0
split_feature=45 37 67 26 61 31 54 87 16 42
split_gain=1.61197e-05 9.07027e-06 1.32656e-06 5.71239e-07 4.15464e-07 3.5633e-07 1.9179e-07 1.40044e-07 2.13709e-08 6.9552e-10
threshold=-1.4738893408630298 -1.3793881901517298 1.7108425301081198 -1.0790087864735085 1.0000000180025095e-35 -0.22559576834473472 0.35470226367472457 0.66167617785426125 -0.40769684561482883 1.0000000180025095e-35
decision_type=2 2 2 2 2 2 2 2 2 2
left_child=-1 -2 3 -3 6 -6 7 8 -5 -10
right_child=1 2 -4 4 5 -7 -8 -9 9 -11
leaf_value=0.00011158031168937062 -9.224656290219477e-05 1.8998036830453221e-05 -3.344893436102818e-05 -1.1501749668241237e-06 1.2753297293481103e-06 -2.1520460359170104e-05 1.0862417657335756e-05 -1.0094051625249752e-05 2.8490852491813656e-06 3.7336531022447157e-06
leaf_weight=2.9999999999999991 2.9999999999999991 3.9999999999999956 2.9999999999999991 4.0000000000000027 3 3.9999999999999991 4.9999999999999991 2.9999999999999991 5.0000000000000089 4
leaf_count=3 3 4 3 4 3 4 5 3 5 4
internal_value=2.5732e-13 -8.80897e-06 -1.65718e-06 1.3233e-06 -1.20166e-06 -1.17508e-05 2.31473e-06 -3.56426e-07 1.89072e-06 3.24223e-06
internal_weight=41 38 35 32 28 7 21 16 13 9
internal_count=41 38 35 32 28 7 21 16 13 9
is_linear=0
shrinkage=0.05


Tree=203
num_leaves=11
num_cat=0
split_feature=67 56 61 42 25 61 84 19 37 11
split_gain=1.55348e-05 8.42979e-06 2.25532e-06 5.32228e-07 7.04773e-07 4.6427e-07 1.50967e-07 6.17617e-08 2.36069e-08 2.03067e-08
threshold=1.7108425301081198 1.2097649065000671 -0.71348124950225811 -0.52673171056024115 -0.15876703176308338 1.0000000180025095e-35 -0.58271898432198876 0.7909725286830912 -0.087852392459645171 -0.13103451500160451
decision_type=2 2 2 2 2 2 2 2 2 2
left_child=1 2 -1 4 -4 6 -5 8 -8 -6
right_child=-2 -3 3 5 9 -7 7 -9 -10 -11
leaf_value=-4.314538255130174e-05 9.3605514848604798e-05 -7.8669034337508492e-05 3.2017367387500896e-05 1.0330337408959168e-05 7.1936196945898688e-07 -1.5580897525069304e-05 -2.224882064183476e-06 -7.1308353653876114e-06 3.3854490902740454e-06 6.1612365243490804e-06
leaf_weight=2.9999999999999991 3.9999999999999991 3.9999999999999991 3 3.9999999999999991 4 4.9999999999999991 2.9999999999999982 2.9999999999999991 5.0000000000000071 2.9999999999999982
leaf_count=3 4 4 3 4 4 5 3 3 5 3
internal_value=-2.63975e-13 -1.01195e-05 -1.81048e-06 2.32301e-06 1.17413e-05 -2.38615e-06 2.0121e-06 -1.01272e-06 1.28157e-06 3.05159e-06
internal_weight=41 37 33 30 10 20 15 11 8 7
internal_count=41 37 33 30 10 20 15 11 8 7
is_linear=0
shrinkage=0.05


Tree=204
num_leaves=12
num_cat=0
split_feature=49 2 36 63 3 61 49 25 16 54 3
split_gain=1.51187e-05 1.72218e-05 7.28759e-06 3.63089e-06 9.09594e-07 7.40829e-07 2.14807e-07 8.02662e-08 5.81032e-08 2.022e-08 2.93866e-10
threshold=1.2633800705949241 0.83005469575250879 -1.5994330797532534 0.095317395041392708 0.87678454559947971 1.0000000180025095e-35 0.39363667033338207 -0.15254037163038803 1.3384685607502518 0.35470226367472457 -0.9261078991767463
decision_type=2 2 2 2 2 2 2 2 2 2 2
left_child=2 -2 -1 -4 5 7 -6 -5 9 10 -9
right_child=1 -3 3 4 6 -7 -8 8 -10 -11 -12
leaf_value=-8.7085960937353476e-05 0.00015804163995198907 -1.1377731001023977e-05 -5.0145977365900765e-05 -4.9844567729451183e-06 2.7497376625736553e-05 -2.3389563648379411e-05 8.5761616598271439e-06 2.5484354864602186e-06 -3.632921955916873e-06 7.735260199600208e-06 3.203075842369193e-06
leaf_weight=2.9999999999999991 2.9999999999999991 3 3.9999999999999991 5.0000000000000044 2.9999999999999991 3.9999999999999991 3 4.0000000000000027 3.0000000000000009 3 2.9999999999999991
leaf_count=3 3 3 4 5 3 4 3 4 3 3 3
internal_value=-1.17569e-13 7.3332e-05 -1.25712e-05 -5.58543e-06 7.80359e-07 -3.92593e-06 1.80368e-05 3.99317e-07 2.47e-06 4.30088e-06 2.829e-06
internal_weight=41 6 35 32 28 22 6 18 13 10 7
internal_count=41 6 35 32 28 22 6 18 13 10 7
is_linear=0
shrinkage=0.05


Tree=205
num_leaves=11
num_cat=0
split_feature=62 51 60 42 61 25 63 6 11 3
split_gain=1.47243e-05 1.11921e-05 2.2679e-06 7.05485e-07 6.03887e-07 5.73846e-07 1.79817e-07 5.37159e-08 6.2578e-08 6.59002e-09
threshold=1.1407379490150575 -1.1115438371884896 1.222149237289613 -0.52673171056024115 1.0000000180025095e-35 -0.15876703176308338 0.10998882247946699 -0.40463999091224817 -0.31459641053639026 -0.85936613441409504
decision_type=2 2 2 2 2 2 2 2 2 2
left_child=1 -1 3 5 6 -3 -5 -8 -9 -7
right_child=-2 2 -4 4 -6 9 7 8 -10 -11
leaf_value=-0.00010363053055092071 8.0401012273796364e-05 3.0951352285531654e-05 -4.4211088243173437e-05 1.2138366219005504e-05 -1.8803028870024721e-05 2.5116879138901513e-06 2.6234059828311715e-06 -5.5756820074748214e-07 -9.6919690501333102e-06 5.8258045707286047e-06
leaf_weight=2.9999999999999991 4.9999999999999991 3 2.9999999999999991 3.0000000000000098 4.9999999999999991 3 5.0000000000000027 5.0000000000000027 2.9999999999999929 2.9999999999999982
leaf_count=3 5 3 3 3 5 3 5 5 3 3
internal_value=-6.00877e-13 -1.11668e-05 -2.76101e-06 1.38399e-06 -3.63556e-06 1.30963e-05 1.10427e-06 -1.44206e-06 -3.98297e-06 4.16875e-06
internal_weight=41 36 33 30 21 9 16 13 8 6
internal_count=41 36 33 30 21 9 16 13 8 6
is_linear=0
shrinkage=0.05


Tree=206
num_leaves=11
num_cat=0
split_feature=60 63 42 26 61 1 1 48 11 20
split_gain=1.44055e-05 9.81227e-06 7.97779e-07 6.79472e-07 3.83491e-07 3.77136e-07 5.36101e-08 7.80295e-08 2.0237e-08 5.45455e-09
threshold=-1.8620518998375541 0.095317395041392708 -0.36741044717360277 -0.86504808548116963 1.0000000180025095e-35 -0.50298442762762074 -0.50298442762762074 -0.31998969877121719 -0.69459330800101793 -0.17726513294161847
decision_type=2 2 2 2 2 2 2 2 2 2
left_child=-1 -2 3 -3 6 -6 9 -8 -5 -4
right_child=1 2 4 8 5 -7 7 -9 -10 -11
leaf_value=0.00010548082257931431 -8.2402545376680802e-05 2.758358350547496e-05 1.7860915098329613e-06 -9.019220063540461e-07 1.3081929258381321e-08 -2.2411193349398676e-05 1.9794336026279794e-06 -7.8966428191051663e-06 4.292559460736812e-06 4.8012066448185005e-06
leaf_weight=2.9999999999999991 3.9999999999999991 4 3 3 3.0000000000000009 4.9999999999999991 3.9999999999999964 4.0000000000000071 4.9999999999999982 2.9999999999999973
leaf_count=3 4 4 3 3 3 5 4 4 5 3
internal_value=-2.88376e-13 -8.32743e-06 3.87285e-07 1.07576e-05 -5.26926e-06 -1.40021e-05 -2.79067e-07 -2.9586e-06 2.34463e-06 3.29365e-06
internal_weight=41 38 34 12 22 8 14 8 8 6
internal_count=41 38 34 12 22 8 14 8 8 6
is_linear=0
shrinkage=0.05


Tree=207
num_leaves=10
num_cat=0
split_feature=25 63 1 76 2 5 7 84 49
split_gain=1.42911e-05 6.79572e-06 4.9789e-06 5.91665e-07 4.13223e-07 2.3585e-07 8.209e-08 3.20275e-08 2.36589e-08
threshold=-0.14357474122842537 0.095317395041392708 2.0564798342689676 0.62475254766422983 -1.0000000180025095e-35 1.0000000180025095e-35 -0.39352599812445549 -0.20089177668343225 -0.32783102073204329
decision_type=2 2 2 2 2 2 2 2 2
left_child=1 -1 3 5 -5 6 8 -8 -3
right_child=-2 2 -4 4 -6 -7 7 -9 -10
leaf_value=-7.2445614932803437e-05 7.9209566974896021e-05 7.1040722832549313e-06 -6.4640496445160051e-05 1.6561384124239941e-06 2.6204404639429414e-05 -1.1987943707936211e-05 -4.6098589700704898e-06 1.3927190138929276e-06 1.9449769183665911e-06
leaf_weight=3.9999999999999991 4.9999999999999991 5.0000000000000027 2.9999999999999991 3 3.9999999999999991 3.9999999999999991 5 4.0000000000000036 4.0000000000000009
leaf_count=4 5 5 3 3 4 4 5 4 4
internal_value=-1.20342e-13 -1.10013e-05 -3.32079e-06 3.02262e-06 1.56837e-05 -1.00591e-06 1.43455e-06 -1.94205e-06 4.81114e-06
internal_weight=41 36 32 29 7 22 18 9 9
internal_count=41 36 32 29 7 22 18 9 9
is_linear=0
shrinkage=0.05


Tree=208
num_leaves=12
num_cat=0
split_feature=45 37 67 58 61 42 26 45 20 60 2
split_gain=1.37994e-05 6.86531e-06 1.19054e-06 5.8865e-07 3.24293e-07 2.24907e-07 2.15967e-07 4.32537e-08 1.92933e-08 2.65561e-09 2.00995e-10
threshold=-1.4738893408630298 -1.3793881901517298 1.7108425301081198 0.76292358488311807 0.054020077168172365 -0.71112550021514387 -0.86504808548116963 -0.52688298945428969 -0.42666312954629709 0.65011700311178422 -0.67064670716018837
decision_type=2 2 2 2 2 2 2 2 2 2 2
left_child=-1 -2 3 4 5 -3 -7 -8 -9 10 -10
right_child=1 2 -4 -5 -6 6 7 8 9 -11 -12
leaf_value=0.00010323809498610597 -8.0741208027272171e-05 1.1351922785252091e-05 -3.2046101114246998e-05 1.8837315747077812e-05 -1.4848520731902682e-05 -1.4004134936840242e-05 -4.9014042512377762e-06 -7.7588031672348622e-07 2.2011529532998451e-06 4.3124970034114073e-06 2.7799374947790206e-06
leaf_weight=2.9999999999999991 2.9999999999999991 4.0000000000000027 2.9999999999999991 3.9999999999999991 3.9999999999999991 3.0000000000000062 3.0000000000000062 5.0000000000000062 3.0000000000000044 3 2.9999999999999831
leaf_count=3 3 4 3 4 4 3 3 5 3 3 3
internal_value=-6.84339e-13 -8.15038e-06 -1.92831e-06 8.95238e-07 -1.66792e-06 5.28851e-07 -1.63576e-06 5.46891e-07 1.71438e-06 3.09786e-06 2.49055e-06
internal_weight=41 38 35 32 28 24 20 17 14 9 6
internal_count=41 38 35 32 28 24 20 17 14 9 6
is_linear=0
shrinkage=0.05


Tree=209
num_leaves=11
num_cat=0
split_feature=67 56 61 25 30 70 57 23 54 29
split_gain=1.3375e-05 6.97254e-06 1.62145e-06 4.37519e-07 4.57631e-07 4.52304e-07 1.48283e-07 4.54524e-08 1.23436e-08 2.14218e-09
threshold=1.7108425301081198 1.2097649065000671 -0.71348124950225811 -0.16637877782139571 -0.50457643785524731 -1.0000000180025095e-35 1.4343072501180465 0.20318432124593908 -0.27836574625832622 1.0000000180025095e-35
decision_type=2 2 2 2 2 2 2 2 2 2
left_child=1 2 -1 4 -4 -5 7 8 -7 -10
right_child=-2 -3 3 5 -6 6 -8 -9 9 -11
leaf_value=-3.6881067596065506e-05 8.6855322660994719e-05 -7.1733339063939644e-05 -6.0426236814237179e-08 -1.4727724192198356e-05 2.7556918212212622e-05 -9.7566689873928996e-08 1.2374802463455127e-05 -4.3545740936679072e-06 4.1651538898198198e-06 2.3976655484148063e-06
leaf_weight=2.9999999999999991 3.9999999999999991 3.9999999999999991 3 5.0000000000000027 2.9999999999999991 5.0000000000000062 2.9999999999999991 3.9999999999999991 3.0000000000000027 4
leaf_count=3 4 4 3 5 3 5 3 4 3 4
internal_value=-2.92813e-13 -9.38976e-06 -1.83297e-06 1.67184e-06 1.37482e-05 -1.34726e-06 2.17392e-06 2.6125e-07 1.79986e-06 3.15516e-06
internal_weight=41 37 33 30 6 24 19 16 12 7
internal_count=41 37 33 30 6 24 19 16 12 7
is_linear=0
shrinkage=0.05


Tree=210
num_leaves=11
num_cat=0
split_feature=60 63 42 26 61 1 1 48 30 79
split_gain=1.29536e-05 8.27556e-06 7.42981e-07 5.42844e-07 4.14282e-07 3.22582e-07 3.34875e-08 4.74939e-08 1.72632e-08 2.98196e-09
threshold=-1.8620518998375541 0.095317395041392708 -0.36741044717360277 -0.86504808548116963 1.0000000180025095e-35 -0.50298442762762074 -0.50298442762762074 -0.31998969877121719 -1.0000000180025095e-35 -1.0000000180025095e-35
decision_type=2 2 2 2 2 2 2 2 2 2
left_child=-1 -2 3 -3 6 -6 9 -8 -5 -4
right_child=1 2 4 8 5 -7 7 -9 -10 -11
leaf_value=0.00010002420652502526 -7.5924436168861581e-05 2.5153899332508442e-05 1.5434777272578986e-06 7.9561272286809976e-07 -1.4669291582928652e-06 -2.220600174041465e-05 1.5692064152972317e-06 -6.1358201492112008e-06 5.5932758793157236e-06 3.7728128518210746e-06
leaf_weight=2.9999999999999991 3.9999999999999991 4 3 5 3.0000000000000009 4.9999999999999991 3.9999999999999964 4.0000000000000071 2.9999999999999982 2.9999999999999973
leaf_count=3 4 4 3 5 3 5 4 4 3 3
internal_value=-3.87644e-13 -7.89665e-06 1.06621e-07 1.01145e-05 -5.3522e-06 -1.44288e-05 -1.65542e-07 -2.28331e-06 2.59474e-06 2.65815e-06
internal_weight=41 38 34 12 22 8 14 8 8 6
internal_count=41 38 34 12 22 8 14 8 8 6
is_linear=0
shrinkage=0.05


Tree=211
num_leaves=11
num_cat=0
split_feature=62 51 58 42 61 25 67 86 58 24
split_gain=1.27668e-05 9.4516e-06 1.66573e-06 5.02634e-07 4.87637e-07 3.60728e-07 7.82123e-08 3.23266e-08 1.10834e-08 6.35215e-09
threshold=1.1407379490150575 -1.1115438371884896 -1.3256438904594359 -0.52673171056024115 1.0000000180025095e-35 -0.15876703176308338 -1.0950557882026259 -1.0000000180025095e-35 -0.41409886781040078 0.30998131197583778
decision_type=2 2 2 2 2 2 2 2 2 2
left_child=1 -1 -3 5 6 -4 -5 -8 -9 -7
right_child=-2 2 3 4 -6 9 7 8 -10 -11
leaf_value=-9.5368466766861584e-05 7.4865985334326984e-05 -3.8196936293388718e-05 2.4921377674521252e-05 8.1783470401811944e-06 -1.6987632916425353e-05 5.3136120792866399e-06 -4.5180674533185043e-06 -1.0776119211186589e-06 2.4535173724871128e-06 2.0598567061824719e-06
leaf_weight=2.9999999999999991 4.9999999999999991 2.9999999999999991 3 3.0000000000000027 4.9999999999999991 2.9999999999999982 4.0000000000000027 4.0000000000000018 5 3
leaf_count=3 5 3 3 3 5 3 4 4 5 3
internal_value=6.76575e-14 -1.03981e-05 -2.67347e-06 8.78876e-07 -3.35801e-06 1.07649e-05 9.01244e-07 -7.78087e-07 8.84127e-07 3.68673e-06
internal_weight=41 36 33 30 21 9 16 13 9 6
internal_count=41 36 33 30 21 9 16 13 9 6
is_linear=0
shrinkage=0.05


Tree=212
num_leaves=11
num_cat=0
split_feature=31 56 67 25 61 31 32 24 74 17
split_gain=1.27133e-05 5.81808e-06 1.25687e-06 4.00892e-07 3.13307e-07 1.92963e-07 7.6433e-08 3.56865e-08 7.15223e-09 1.33892e-09
threshold=1.844318609866801 1.2097649065000671 1.7108425301081198 -0.16637877782139571 1.0000000180025095e-35 -0.22559576834473472 -0.32609537928750049 0.64286568603343619 -0.36848277815320701 -1.0000000180025095e-35
decision_type=2 2 2 2 2 2 2 2 2 2
left_child=1 2 3 -1 6 -6 -5 8 -8 -10
right_child=-2 -3 -4 4 5 -7 7 -9 9 -11
leaf_value=1.3758437903561573e-05 8.4679404380949563e-05 -6.6103516292059791e-05 -3.3108979308356842e-05 7.8353116805374028e-06 -1.1407645918855752e-06 -1.7915862554218619e-05 -1.1351567081874225e-07 -3.3885738230310383e-06 2.129598760802762e-06 3.6234325913634805e-06
leaf_weight=4.9999999999999991 3.9999999999999991 3.9999999999999991 2.9999999999999991 4.0000000000000062 3 3.9999999999999991 3.0000000000000027 4.9999999999999991 3.0000000000000027 2.9999999999999964
leaf_count=5 4 4 3 4 3 4 3 5 3 3
internal_value=-3.75444e-13 -9.15453e-06 -2.25162e-06 8.34112e-07 -1.75075e-06 -1.07265e-05 1.73983e-06 -1.73729e-09 1.87984e-06 2.87652e-06
internal_weight=41 37 33 30 25 7 18 14 9 6
internal_count=41 37 33 30 25 7 18 14 9 6
is_linear=0
shrinkage=0.05


Tree=213
num_leaves=12
num_cat=0
split_feature=45 36 67 26 61 38 31 33 5 26 84
split_gain=1.25691e-05 5.9929e-06 1.14129e-06 3.29524e-07 3.2319e-07 2.0336e-07 1.74149e-07 3.98393e-08 3.90494e-08 9.20838e-09 5.91341e-09
threshold=-1.4738893408630298 -1.5994330797532534 1.7108425301081198 -1.0790087864735085 1.0000000180025095e-35 -0.48202232435338083 -0.22559576834473472 -1.0000000180025095e-35 -0.18632864678649466 1.0514201785695529 -1.0000000180025095e-35
decision_type=2 2 2 2 2 2 2 2 2 2 2
left_child=-1 -2 3 -3 5 -5 -6 10 9 -9 -7
right_child=1 2 -4 4 6 7 -8 8 -10 -11 -12
leaf_value=9.8528567226215572e-05 -7.5600515992846345e-05 1.6574543102857833e-05 -3.1453530633977308e-05 1.4242583832431878e-05 -1.0837264805256075e-06 4.9103382480097926e-06 -1.7020069935824723e-05 1.8167155849369003e-06 -5.5477979913121067e-06 -1.6872587972708662e-06 1.9737197362701381e-06
leaf_weight=2.9999999999999991 2.9999999999999991 2.9999999999999956 2.9999999999999991 3.0000000000000027 3 3 3.9999999999999991 5.0000000000000018 4.0000000000000009 3 4.0000000000000044
leaf_count=3 3 3 3 3 3 3 4 5 4 3 4
internal_value=-3.24978e-13 -7.77857e-06 -1.96526e-06 7.99263e-07 -8.32662e-07 2.14474e-06 -1.01902e-05 2.34553e-07 -1.51412e-06 5.02725e-07 3.23227e-06
internal_weight=41 38 35 32 29 22 7 19 12 8 7
internal_count=41 38 35 32 29 22 7 19 12 8 7
is_linear=0
shrinkage=0.05


Tree=214
num_leaves=10
num_cat=0
split_feature=25 63 5 76 2 5 7 81 49
split_gain=1.19897e-05 5.74704e-06 3.7832e-06 5.20489e-07 4.19379e-07 2.14626e-07 3.99448e-08 1.46776e-08 9.31596e-09
threshold=-0.14357474122842537 0.095317395041392708 1.5342592108777258 0.62475254766422983 -1.0000000180025095e-35 1.0000000180025095e-35 -0.39352599812445549 1.0000000180025095e-35 -0.32783102073204329
decision_type=2 2 2 2 2 2 2 2 2
left_child=1 -1 3 5 -5 6 8 -8 -3
right_child=-2 2 -4 4 -6 -7 7 -9 -10
leaf_value=-6.6581496503204115e-05 7.2551875637145709e-05 4.2393904004711633e-06 -5.6465457115943231e-05 1.9207969558010509e-06 2.4816721270326526e-05 -1.4000056398799644e-05 -1.0421206752653224e-07 -4.1677441913634532e-06 1.0020369359153842e-06
leaf_weight=3.9999999999999991 4.9999999999999991 5.0000000000000027 2.9999999999999991 4.0000000000000009 3.9999999999999991 2.9999999999999991 5.0000000000000036 4 4.0000000000000009
leaf_count=4 5 5 3 4 4 3 5 4 4
internal_value=-3.12777e-13 -1.00766e-05 -3.01354e-06 2.51596e-06 1.33688e-05 -1.61843e-06 4.4517e-07 -1.91023e-06 2.80057e-06
internal_weight=41 36 32 29 8 21 18 9 9
internal_count=41 36 32 29 8 21 18 9 9
is_linear=0
shrinkage=0.05


Tree=215
num_leaves=12
num_cat=0
split_feature=67 56 61 25 38 71 5 55 28 55 29
split_gain=1.17592e-05 5.33716e-06 1.15273e-06 3.77658e-07 3.54135e-07 1.72949e-07 9.46314e-08 8.52469e-08 9.6084e-09 3.79595e-09 9.09632e-10
threshold=1.7108425301081198 1.2097649065000671 -0.71348124950225811 -0.14357474122842537 -0.48202232435338083 0.15617600107783722 1.0000000180025095e-35 -1.0414723180350844 -1.0000000180025095e-35 1.0000000180025095e-35 1.0000000180025095e-35
decision_type=2 2 2 2 2 2 2 2 2 2 2
left_child=1 2 -1 4 -4 6 -6 -7 9 -9 -10
right_child=-2 -3 3 -5 5 7 -8 8 10 -11 -12
leaf_value=-3.17441973190095e-05 8.1439903078717185e-05 -6.3348842559207696e-05 1.4643807699030721e-05 -1.6067557104785596e-05 -1.5525378330494264e-06 1.0469468785837903e-05 -1.3300053251441566e-05 8.8895955438298691e-07 3.0766294609444909e-06 -1.6263096767943349e-06 1.8453483789926388e-06
leaf_weight=2.9999999999999991 3.9999999999999991 3.9999999999999991 5.0000000000000027 3.0000000000000027 4.0000000000000027 3.0000000000000027 3 3.0000000000000027 2.999999999999992 3 3
leaf_count=3 4 4 5 3 4 3 3 3 3 3 3
internal_value=-1.04259e-13 -8.80431e-06 -2.19286e-06 7.62278e-07 2.63226e-06 -9.76373e-08 -6.58719e-06 2.93082e-06 1.04616e-06 -3.68675e-07 2.46099e-06
internal_weight=41 37 33 30 27 22 7 15 12 6 6
internal_count=41 37 33 30 27 22 7 15 12 6 6
is_linear=0
shrinkage=0.05


Tree=216
num_leaves=11
num_cat=0
split_feature=60 63 42 26 61 53 6 7 30 87
split_gain=1.15537e-05 7.00657e-06 6.70251e-07 5.0175e-07 3.67981e-07 1.75977e-07 3.2562e-08 2.02823e-08 1.63332e-08 1.18764e-08
threshold=-1.8620518998375541 0.095317395041392708 -0.36741044717360277 -0.86504808548116963 0.14950536577616799 -0.88961129630773084 -0.34375851814141162 -0.19312432408456301 -1.0000000180025095e-35 0.91384123474690393
decision_type=2 2 2 2 2 2 2 2 2 2
left_child=-1 -2 3 -3 5 -4 9 -8 -5 -7
right_child=1 2 4 8 -6 6 7 -9 -10 -11
leaf_value=9.4464713280710086e-05 -7.0052842238510501e-05 2.3870782752055671e-05 -1.328469972274129e-05 4.3228847971477071e-07 -1.8995944992639126e-05 6.8777001729358753e-07 -5.4484071976427607e-06 -2.4810646209516547e-07 5.0989387091249248e-06 4.8494677078754947e-06
leaf_weight=2.9999999999999991 3.9999999999999991 4 3.0000000000000027 5 3.9999999999999991 3.9999999999999991 2.9999999999999991 5.0000000000000027 2.9999999999999982 3
leaf_count=3 4 4 3 5 4 4 3 5 3 3
internal_value=2.57875e-13 -7.45774e-06 -9.36106e-08 9.41178e-06 -5.27837e-06 -2.23002e-06 -1.90847e-08 -2.19822e-06 2.18228e-06 2.47135e-06
internal_weight=41 38 34 12 22 18 15 8 8 7
internal_count=41 38 34 12 22 18 15 8 8 7
is_linear=0
shrinkage=0.05


Tree=217
num_leaves=12
num_cat=0
split_feature=45 37 67 58 25 5 42 45 29 42 0
split_gain=1.1367e-05 5.1791e-06 1.12811e-06 5.25199e-07 1.901e-07 1.30043e-07 8.00355e-08 1.89612e-08 8.42473e-09 5.86555e-09 2.70651e-10
threshold=-1.4738893408630298 -1.3793881901517298 1.7108425301081198 0.76292358488311807 -0.14357474122842537 1.0000000180025095e-35 -0.88890179408427084 -0.52688298945428969 0.0568402524729602 0.12786718868547098 -0.95312166137165455
decision_type=2 2 2 2 2 2 2 2 2 2 2
left_child=-1 -2 3 4 5 6 -3 -8 -9 10 -10
right_child=1 2 -4 -5 -6 -7 7 8 9 -11 -12
leaf_value=9.3698588413341594e-05 -7.0446332392748453e-05 8.8963683083420403e-06 -3.1310517321495961e-05 1.7702982404443901e-05 -1.3558620412368311e-05 -8.5011713053972936e-06 -3.5534631630677337e-06 2.4767603827058357e-06 6.1600697260170414e-07 -1.5200096527223647e-06 1.287635078976263e-06
leaf_weight=2.9999999999999991 2.9999999999999991 3.0000000000000062 2.9999999999999991 3.9999999999999991 3.0000000000000027 3.9999999999999991 3.0000000000000062 4.9999999999999956 3.0000000000000044 4 2.9999999999999938
leaf_count=3 3 3 3 4 3 4 3 5 3 4 3
internal_value=1.01209e-13 -7.39726e-06 -1.99305e-06 7.55462e-07 -1.66561e-06 -2.38451e-07 1.3354e-06 7.52389e-08 8.00979e-07 -3.69112e-08 9.51821e-07
internal_weight=41 38 35 32 28 25 21 18 15 10 6
internal_count=41 38 35 32 28 25 21 18 15 10 6
is_linear=0
shrinkage=0.05


Tree=218
num_leaves=11
num_cat=0
split_feature=31 56 67 25 61 31 85 63 25 70
split_gain=1.10965e-05 5.22649e-06 1.01538e-06 3.16424e-07 2.14897e-07 1.61318e-07 4.16497e-08 1.80675e-08 5.80545e-09 1.85675e-09
threshold=1.844318609866801 1.2097649065000671 1.7108425301081198 -0.16637877782139571 1.0000000180025095e-35 -0.22559576834473472 1.6849165942724509 0.33337157392123112 -0.15254037163038803 0.52779937724279347
decision_type=2 2 2 2 2 2 2 2 2 2
left_child=1 2 3 -1 6 -6 7 8 -5 -10
right_child=-2 -3 -4 4 5 -7 -8 -9 9 -11
leaf_value=1.2245718603480781e-05 7.9111897184702692e-05 -6.2528723447030643e-05 -2.9744992207270116e-05 -7.5498458045330974e-07 -2.0211491573718372e-07 -1.5540160347882193e-05 6.7358657967512659e-06 -3.1883838043237724e-06 2.5877344796754148e-06 1.1424509148127981e-06
leaf_weight=4.9999999999999991 3.9999999999999991 3.9999999999999991 2.9999999999999991 3.0000000000000027 3 3.9999999999999991 2.9999999999999991 2.9999999999999991 4.0000000000000053 5
leaf_count=5 4 4 3 3 3 4 3 3 4 5
internal_value=2.42347e-13 -8.55264e-06 -2.01008e-06 7.6341e-07 -1.53305e-06 -8.96671e-06 1.35782e-06 2.82206e-07 1.14985e-06 1.7848e-06
internal_weight=41 37 33 30 25 7 18 15 12 9
internal_count=41 37 33 30 25 7 18 15 12 9
is_linear=0
shrinkage=0.05


Tree=219
num_leaves=12
num_cat=0
split_feature=84 66 50 60 71 47 21 56 70 28 58
split_gain=1.08347e-05 1.87734e-05 8.65054e-06 2.4502e-06 3.65444e-07 1.69006e-07 1.27831e-07 4.42085e-08 2.49911e-08 5.1614e-09 1.35109e-09
threshold=0.46788573460597732 -0.58590900507950994 1.1377336371173326 1.222149237289613 0.30032957421783452 -0.82019935782048536 -0.26915416382707241 0.28010265995935707 0.73942644254834755 0.34021421858357476 -0.099132243696238603
decision_type=2 2 2 2 2 2 2 2 2 2 2
left_child=2 -2 3 4 5 -1 -3 8 9 -7 -11
right_child=1 6 -4 -5 -6 7 -8 -9 -10 10 -12
leaf_value=1.2030170425229354e-05 0.00014911431353539225 1.0606870334110375e-05 -9.6111589421828594e-05 -4.9216726135152079e-05 -1.7612904290823887e-05 5.5802506722102327e-07 -2.4484553250658797e-06 -4.7837512101978064e-06 -3.25397979850095e-06 2.1264423291237644e-06 3.6270470445742927e-06
leaf_weight=3.0000000000000098 3 3 2.9999999999999991 2.9999999999999991 2.9999999999999991 4.0000000000000053 4.9999999999999982 4.9999999999999991 2.9999999999999991 3.0000000000000089 2.9999999999999911
leaf_count=3 3 3 3 3 3 4 5 5 3 3 3
internal_value=-8.31855e-15 4.24474e-05 -1.5564e-05 -6.61432e-06 -1.28901e-06 1.04297e-06 2.44729e-06 -7.88229e-07 7.4851e-07 1.94926e-06 2.87674e-06
internal_weight=41 11 30 27 24 21 8 18 13 10 6
internal_count=41 11 30 27 24 21 8 18 13 10 6
is_linear=0
shrinkage=0.05


Tree=220
num_leaves=11
num_cat=0
split_feature=67 36 85 42 26 61 84 12 30 19
split_gain=1.05814e-05 4.66768e-06 2.07626e-06 2.58127e-07 3.40545e-07 1.73028e-07 4.42916e-08 1.92466e-08 1.06396e-08 4.64176e-09
threshold=1.7108425301081198 -1.5994330797532534 -0.85435975191747338 -0.36741044717360277 -0.86504808548116963 1.0000000180025095e-35 -0.58271898432198876 -0.52809821615336261 -1.0000000180025095e-35 -1.0000000180025095e-35
decision_type=2 2 2 2 2 2 2 2 2 2
left_child=1 -1 -3 4 -4 6 -5 -8 -6 -9
right_child=-2 2 3 5 8 -7 7 9 -10 -11
leaf_value=-6.8137630296405402e-05 7.7253761992324152e-05 -4.2794936113447579e-05 2.1285605422842e-05 4.5741568101220769e-06 1.1951546184718607e-07 -1.0671629443095299e-05 -3.8609088619523391e-06 1.7301165219881417e-06 3.8859607836153994e-06 -1.0512980073447855e-06
leaf_weight=2.9999999999999991 3.9999999999999991 2.9999999999999991 3 3.9999999999999991 5 4.9999999999999991 4.9999999999999991 2.9999999999999991 2.9999999999999982 3.0000000000000071
leaf_count=3 4 3 3 4 5 5 5 3 3 3
internal_value=3.88476e-13 -8.35176e-06 -3.07653e-06 7.67183e-07 6.9193e-06 -2.61648e-06 6.85692e-08 -1.56983e-06 1.53193e-06 3.39409e-07
internal_weight=41 37 34 31 11 20 15 11 8 6
internal_count=41 37 34 31 11 20 15 11 8 6
is_linear=0
shrinkage=0.05


Tree=221
num_leaves=11
num_cat=0
split_feature=49 17 56 60 0 61 57 87 25 23
split_gain=1.03349e-05 1.10434e-05 3.98141e-06 1.8829e-06 2.60608e-07 2.68746e-07 4.78825e-08 1.77106e-08 7.5956e-09 1.102e-09
threshold=1.2633800705949241 -0.18619640579903343 1.2097649065000671 1.222149237289613 0.81783464012756568 1.0000000180025095e-35 1.4343072501180465 0.66167617785426125 -0.15254037163038803 -0.034043097541359084
decision_type=2 2 2 2 2 2 2 2 2 2
left_child=2 -2 3 4 5 6 7 8 -1 -10
right_child=1 -3 -4 -5 -6 -7 -8 -9 9 -11
leaf_value=-1.5926839144716079e-06 -7.2033788228509344e-06 0.0001284639438836166 -5.7340487546753142e-05 -3.6351193625705494e-05 1.0710903879953548e-05 -1.3657902400154853e-05 6.4365522121079266e-06 -3.3322638955723963e-06 9.0288947376393362e-07 2.1150497559574427e-06
leaf_weight=3.0000000000000062 3 2.9999999999999991 3.9999999999999991 3.9999999999999991 4.9999999999999991 3.9999999999999991 2.9999999999999991 3.9999999999999991 5.0000000000000053 3
leaf_count=3 3 3 4 4 5 4 3 4 5 3
internal_value=6.39974e-13 6.06303e-05 -1.03938e-05 -4.33612e-06 4.06854e-07 -1.93498e-06 6.70119e-07 -4.83167e-07 5.52868e-07 1.35745e-06
internal_weight=41 6 35 31 27 22 18 15 11 8
internal_count=41 6 35 31 27 22 18 15 11 8
is_linear=0
shrinkage=0.05


Tree=222
num_leaves=12
num_cat=0
split_feature=62 51 58 42 61 25 72 74 24 5 10
split_gain=1.02123e-05 5.89934e-06 1.1675e-06 2.50654e-07 3.08101e-07 2.18796e-07 3.75987e-08 2.47075e-08 1.08373e-08 8.77201e-09 6.33476e-10
threshold=1.1407379490150575 -1.1115438371884896 -1.3256438904594359 -0.52673171056024115 1.0000000180025095e-35 -0.15876703176308338 -0.81743865693212914 0.98309357146734755 0.30998131197583778 -0.18632864678649466 -0.26721504564662563
decision_type=2 2 2 2 2 2 2 2 2 2 2
left_child=1 -1 -3 5 6 -4 -5 9 -7 10 -8
right_child=-2 2 3 4 -6 8 7 -9 -10 -11 -12
leaf_value=-7.6429873782520496e-05 6.6958719871763604e-05 -3.2937120340648111e-05 1.7783319829807924e-05 -4.875029965963517e-06 -1.4048898447072134e-05 3.3706210160744385e-06 6.9848365455982235e-07 5.3145779626599177e-06 -8.7934834785604202e-07 -2.1211360338687268e-06 1.659638807420075e-06
leaf_weight=2.9999999999999991 4.9999999999999991 2.9999999999999991 3 3.0000000000000044 4.9999999999999991 2.9999999999999982 4.0000000000000018 3.0000000000000009 3 3 3
leaf_count=3 5 3 3 3 5 3 4 3 3 3 3
internal_value=-2.63975e-13 -9.29982e-06 -3.19709e-06 -2.23088e-07 -3.21507e-06 6.7582e-06 1.70505e-07 1.33486e-06 1.24564e-06 1.40944e-07 1.11041e-06
internal_weight=41 36 33 30 21 9 16 13 6 10 7
internal_count=41 36 33 30 21 9 16 13 6 10 7
is_linear=0
shrinkage=0.05


Tree=223
num_leaves=12
num_cat=0
split_feature=45 36 67 84 80 47 61 24 75 84 53
split_gain=9.95147e-06 3.92682e-06 9.47214e-07 2.86697e-07 1.51985e-07 1.06524e-07 9.54184e-08 2.77928e-08 2.68822e-08 1.02024e-08 2.50861e-09
threshold=-1.4738893408630298 -1.5994330797532534 1.7108425301081198 1.0593783796225538 -0.6124628168910774 -0.82019935782048536 -1.0000000180025095e-35 0.64286568603343619 -1.0000000180025095e-35 -0.45383819149035443 0.66476490494561713
decision_type=2 2 2 2 2 2 2 2 2 2 2
left_child=-1 -2 3 4 6 -6 -3 10 -8 -9 -7
right_child=1 2 -4 -5 5 7 8 9 -10 -11 -12
leaf_value=8.7670355181520187e-05 -6.1821341902638474e-05 -9.6411093181814061e-07 -2.9079865392607947e-05 1.2824369468944498e-05 1.0027452299254942e-05 6.8906535375390336e-07 -6.9697047971809888e-06 -8.6546594199414036e-07 -1.3663259354264791e-05 -4.9890578035653231e-06 2.4598725985924825e-06
leaf_weight=2.9999999999999991 2.9999999999999991 5 2.9999999999999991 3.9999999999999991 3.0000000000000009 4.0000000000000018 3 3 2.9999999999999982 3.0000000000000009 4
leaf_count=3 3 5 3 4 3 4 3 3 3 3 4
internal_value=2.9004e-13 -6.92134e-06 -2.21563e-06 3.02893e-07 -1.48589e-06 1.47733e-06 -6.0654e-06 -3.54844e-07 -1.03165e-05 -2.92726e-06 1.57447e-06
internal_weight=41 38 35 32 28 17 11 14 6 6 8
internal_count=41 38 35 32 28 17 11 14 6 6 8
is_linear=0
shrinkage=0.05


Tree=224
num_leaves=11
num_cat=0
split_feature=60 63 84 71 31 61 42 25 54 49
split_gain=9.47301e-06 5.37642e-06 4.42957e-07 2.2225e-07 9.97977e-08 9.13042e-08 4.87314e-08 2.47274e-08 1.52076e-08 3.98961e-09
threshold=-1.8620518998375541 0.095317395041392708 1.0593783796225538 0.30032957421783452 -0.032763000073689937 0.054020077168172365 -0.71112550021514387 -0.14992913900420743 -0.3927994502840329 -0.51489060057573666
decision_type=2 2 2 2 2 2 2 2 2 2
left_child=-1 -2 3 4 6 7 -3 -6 -8 -10
right_child=1 2 -4 -5 5 -7 8 -9 9 -11
leaf_value=8.553685208122867e-05 -6.158494970804895e-05 7.1675717360146001e-06 1.3442299223243027e-05 -1.5557788719888778e-05 -4.1660019633127382e-06 -1.2241133178273836e-05 -3.040144777817962e-06 1.5759401321702152e-06 2.0120759108976934e-06 -1.0648688544279133e-07
leaf_weight=2.9999999999999991 3.9999999999999991 3.0000000000000009 4.9999999999999991 2.9999999999999991 4.9999999999999991 2.9999999999999991 2.9999999999999991 3.0000000000000027 4.9999999999999982 4.0000000000000018
leaf_count=3 4 3 5 3 5 3 3 3 5 4
internal_value=2.75621e-13 -6.75291e-06 -3.02081e-07 -2.6718e-06 -1.18496e-06 -4.80233e-06 1.46778e-06 -2.01277e-06 4.28331e-08 1.07049e-06
internal_weight=41 38 34 29 26 11 15 8 12 9
internal_count=41 38 34 29 26 11 15 8 12 9
is_linear=0
shrinkage=0.05


Tree=225
num_leaves=12
num_cat=0
split_feature=25 63 5 76 2 5 47 0 41 12 28
split_gain=9.41624e-06 3.99647e-06 2.7475e-06 3.49769e-07 2.67152e-07 6.01981e-08 2.2816e-08 1.02401e-08 8.16291e-09 3.2666e-09 9.23931e-10
threshold=-0.14357474122842537 0.095317395041392708 1.5342592108777258 0.62475254766422983 -1.0000000180025095e-35 1.0000000180025095e-35 -0.32954524686720571 -1.217507457785947 -0.24113302292180988 -1.0000000180025095e-35 -0.22457409675981752
decision_type=2 2 2 2 2 2 2 2 2 2 2
left_child=1 -1 3 5 -5 6 8 -8 -3 10 -9
right_child=-2 2 -4 4 -6 -7 7 9 -10 -11 -12
leaf_value=-5.604960388154723e-05 6.4295883057639009e-05 -4.9858534718320382e-06 -4.8591479693034978e-05 1.4318218291009537e-06 1.9705856902874076e-05 -8.2743498448204875e-06 -1.8952156949580945e-06 1.8387365798844237e-07 -1.2973785032954736e-06 2.8250392157739684e-06 1.4247949062943612e-06
leaf_weight=3.9999999999999991 4.9999999999999991 3 2.9999999999999991 4.0000000000000009 3.9999999999999991 2.9999999999999991 3.0000000000000027 3.0000000000000027 3.0000000000000062 2.9999999999999956 3
leaf_count=4 5 3 3 4 4 3 3 3 3 3 3
internal_value=1.5625e-13 -8.92998e-06 -3.04003e-06 1.67219e-06 1.05688e-05 -1.71701e-06 -6.24123e-07 6.34623e-07 -3.14162e-06 1.4779e-06 8.04334e-07
internal_weight=41 36 32 29 8 21 18 12 6 9 6
internal_count=41 36 32 29 8 21 18 12 6 9 6
is_linear=0
shrinkage=0.05


Tree=226
num_leaves=11
num_cat=0
split_feature=31 56 67 25 53 62 45 63 70 28
split_gain=9.39135e-06 3.7338e-06 7.05921e-07 2.11519e-07 1.74319e-07 6.1429e-08 3.44502e-08 1.01054e-08 2.60326e-09 9.02022e-10
threshold=1.844318609866801 1.2097649065000671 1.7108425301081198 -0.14357474122842537 -1.007434425539333 0.79475963620986556 1.5086084324671705 0.33337157392123112 0.89847885944789352 0.55770104220558381
decision_type=2 2 2 2 2 2 2 2 2 2
left_child=1 2 3 4 -1 6 7 8 9 -6
right_child=-2 -3 -4 -5 5 -7 -8 -9 -10 -11
leaf_value=1.1007518332917235e-05 7.2780134087224726e-05 -5.3489829042518977e-05 -2.5463720279124874e-05 -1.2620863708434612e-05 5.9644955854309869e-07 -5.2044296580788803e-06 5.9514456855443626e-06 -2.5135480730871982e-06 -5.4464446748170307e-07 1.6038100329751613e-06
leaf_weight=4.0000000000000027 3.9999999999999991 3.9999999999999991 2.9999999999999991 3.0000000000000027 4.0000000000000053 4.9999999999999991 2.9999999999999991 2.9999999999999991 2.9999999999999991 5
leaf_count=4 4 4 3 3 4 5 3 3 3 5
internal_value=2.66194e-14 -7.86812e-06 -2.33822e-06 -2.56686e-08 1.3738e-06 -3.01632e-07 1.06026e-06 8.20181e-08 7.3091e-07 1.15609e-06
internal_weight=41 37 33 30 27 23 18 15 12 9
internal_count=41 37 33 30 27 23 18 15 12 9
is_linear=0
shrinkage=0.05


Tree=227
num_leaves=12
num_cat=0
split_feature=67 36 85 58 25 71 3 70 28 28 48
split_gain=9.08077e-06 3.35755e-06 1.62015e-06 2.70738e-07 1.50808e-07 1.55062e-07 7.27976e-08 2.07607e-08 6.08654e-09 2.49335e-09 5.83565e-11
threshold=1.7108425301081198 -1.5994330797532534 -0.85435975191747338 0.76292358488311807 -0.14357474122842537 0.23128470323138781 -0.37996549592148587 -0.81985387839257473 1.2292192540499796 0.34021421858357476 -0.31998969877121719
decision_type=2 2 2 2 2 2 2 2 2 2 2
left_child=1 -1 -3 4 5 6 8 -8 9 10 -4
right_child=-2 2 3 -5 -6 -7 7 -9 -10 -11 -12
leaf_value=-5.8442889712750916e-05 7.1566589031135661e-05 -3.8348414454958403e-05 2.9555152802155689e-07 1.4407700534017445e-05 -1.1989820874684166e-05 1.0537739459929679e-05 -8.6731000919826298e-06 -3.4118322741960569e-06 -1.4020801548516225e-06 1.9632951443782071e-06 6.0741816317507348e-07
leaf_weight=2.9999999999999991 3.9999999999999991 2.9999999999999991 3.0000000000000044 2.9999999999999991 3.0000000000000027 2.9999999999999991 3 5.0000000000000018 2.9999999999999991 5 3.0000000000000009
leaf_count=3 4 3 3 3 3 3 3 5 3 5 3
internal_value=-3.98459e-13 -7.73693e-06 -3.26287e-06 1.32501e-07 -1.39698e-06 -1.25844e-07 -1.57997e-06 -5.38481e-06 5.94225e-07 1.13867e-06 4.51485e-07
internal_weight=41 37 34 31 28 25 22 8 14 11 6
internal_count=41 37 34 31 28 25 22 8 14 11 6
is_linear=0
shrinkage=0.05


Tree=228
num_leaves=12
num_cat=0
split_feature=45 37 67 58 25 56 42 26 69 10 26
split_gain=8.98945e-06 3.23738e-06 8.50996e-07 4.10454e-07 1.17034e-07 7.84974e-08 3.05094e-08 1.6555e-08 1.51631e-08 2.03815e-09 1.10974e-09
threshold=-1.4738893408630298 -1.3793881901517298 1.7108425301081198 0.76292358488311807 -0.14357474122842537 0.28010265995935707 -0.88890179408427084 0.519159800556248 -1.0000000180025095e-35 -0.14461635678850343 1.0000000180025095e-35
decision_type=2 2 2 2 2 2 2 2 2 2 2
left_child=-1 -2 3 4 5 6 -3 -7 9 10 -8
right_child=1 2 -4 -5 -6 7 8 -9 -10 -11 -12
leaf_value=8.3325070590944961e-05 -5.6426411417002481e-05 5.4111931603983881e-06 -2.7768863462066901e-05 1.5063799310155446e-05 -1.1390329988595706e-05 -8.239445257155846e-06 -5.9515304731879299e-07 -3.3259290830756065e-06 -3.2917693564134751e-06 1.4535262562276328e-06 6.7700033241635521e-07
leaf_weight=2.9999999999999991 2.9999999999999991 3.0000000000000044 2.9999999999999991 3.9999999999999991 3.0000000000000027 2.9999999999999991 3.0000000000000018 4 2.9999999999999973 5 4
leaf_count=3 3 3 3 4 3 3 3 4 3 5 4
internal_value=-3.125e-13 -6.5783e-06 -2.3056e-06 8.15813e-08 -2.05874e-06 -9.38944e-07 8.08247e-07 -5.43172e-06 -1.12342e-07 6.82514e-07 1.31792e-07
internal_weight=41 38 35 32 28 25 18 7 15 12 7
internal_count=41 38 35 32 28 25 18 7 15 12 7
is_linear=0
shrinkage=0.05


Tree=229
num_leaves=12
num_cat=0
split_feature=31 56 67 25 61 31 85 24 10 23 64
split_gain=8.53268e-06 3.37471e-06 7.69082e-07 2.18102e-07 1.16203e-07 5.38337e-08 1.72852e-08 1.21892e-08 1.0049e-08 6.2669e-10 8.79861e-11
threshold=1.844318609866801 1.2097649065000671 1.7108425301081198 -0.16637877782139571 1.0000000180025095e-35 -0.22559576834473472 1.6849165942724509 0.64286568603343619 -1.0000000180025095e-35 1.0000000180025095e-35 0.15306972653340764
decision_type=2 2 2 2 2 2 2 2 2 2 2
left_child=1 2 3 -1 6 -6 7 9 -9 10 -5
right_child=-2 -3 -4 4 5 -7 -8 8 -10 -11 -12
leaf_value=9.7041316371360151e-06 6.9373180667753329e-05 -5.0872280553448945e-05 -2.6380420604255053e-05 3.7482159314094922e-07 -2.1385453995511241e-06 -1.0998988000210376e-05 3.8551034776901366e-06 -1.8667644023177365e-09 -4.0943297790363433e-06 1.4513698260998349e-06 7.5776212421866738e-07
leaf_weight=4.9999999999999991 3.9999999999999991 3.9999999999999991 2.9999999999999991 3.0000000000000089 3 3.9999999999999991 2.9999999999999991 3 2.9999999999999991 3 3
leaf_count=5 4 4 3 3 3 4 3 3 3 3 3
internal_value=-2.42347e-13 -7.4998e-06 -2.24253e-06 1.71255e-07 -1.73532e-06 -7.20166e-06 3.90477e-07 -3.02449e-07 -2.0481e-06 8.61318e-07 5.66292e-07
internal_weight=41 37 33 30 25 7 18 15 6 9 6
internal_count=41 37 33 30 25 7 18 15 6 9 6
is_linear=0
shrinkage=0.05


Tree=230
num_leaves=12
num_cat=0
split_feature=62 51 58 42 25 71 61 67 24 81 64
split_gain=8.35892e-06 4.42737e-06 9.94273e-07 2.03945e-07 1.89565e-07 1.79757e-07 5.25289e-08 1.28035e-08 6.8865e-09 6.15521e-09 3.44421e-10
threshold=1.1407379490150575 -1.1115438371884896 -1.3256438904594359 -0.52673171056024115 -0.15876703176308338 0.30032957421783452 -0.16086285999925834 -1.0555545824178758 0.30998131197583778 -1.0000000180025095e-35 -0.30573579136824486
decision_type=2 2 2 2 2 2 2 2 2 2 2
left_child=1 -1 -3 4 -4 6 7 -5 -6 10 -9
right_child=-2 2 3 5 8 -7 -8 9 -10 -11 -12
leaf_value=-6.6568793651337429e-05 6.0578621705644772e-05 -3.0572043518380575e-05 1.6177214759712415e-05 3.3473147444359067e-06 2.4777382956623731e-06 -1.4412463254605732e-05 -5.5479668844782202e-06 3.0120558373406891e-08 -9.1010874712082993e-07 -2.2718570107826986e-06 7.3883805953300895e-07
leaf_weight=2.9999999999999991 4.9999999999999991 2.9999999999999991 3 3.0000000000000027 2.9999999999999982 2.9999999999999991 5.0000000000000062 3.0000000000000018 3 2.9999999999999964 4
leaf_count=3 5 3 3 3 3 3 5 3 3 3 4
internal_value=-1.73858e-13 -8.4137e-06 -3.12687e-06 -3.82353e-07 5.91495e-06 -3.0812e-06 -1.19265e-06 4.82468e-07 7.83815e-07 -3.76986e-07 4.35102e-07
internal_weight=41 36 33 30 9 21 18 13 6 10 7
internal_count=41 36 33 30 9 21 18 13 6 10 7
is_linear=0
shrinkage=0.05


Tree=231
num_leaves=10
num_cat=0
split_feature=60 63 84 25 56 86 70 68 75
split_gain=8.29148e-06 4.50847e-06 4.71419e-07 1.751e-07 1.14262e-07 6.79967e-08 2.55847e-08 1.5719e-08 1.27829e-09
threshold=-1.8620518998375541 0.095317395041392708 1.0593783796225538 -0.14357474122842537 0.28010265995935707 -0.37058287960765574 0.73942644254834755 -0.26364454494975387 0.42147605012937123
decision_type=2 2 2 2 2 2 2 2 2
left_child=-1 -2 3 4 6 -6 7 -3 -9
right_child=1 2 -4 -5 5 -7 -8 8 -10
leaf_value=8.0024950390604016e-05 -5.6529153516748921e-05 5.1265550913133912e-06 1.3768547696599854e-05 -1.4292957833580034e-05 -2.2037762755644505e-06 -1.0949994793918452e-05 -2.6205745882634803e-06 4.346321793491368e-07 1.5652482215955385e-06
leaf_weight=2.9999999999999991 3.9999999999999991 3.0000000000000027 4.9999999999999991 3.0000000000000027 5 3.9999999999999982 3.9999999999999991 5.0000000000000018 5
leaf_count=3 4 3 5 3 5 4 4 5 5
internal_value=2.55102e-13 -6.31776e-06 -4.10536e-07 -2.85521e-06 -1.53547e-06 -6.09098e-06 8.76281e-07 1.95224e-06 9.9994e-07
internal_weight=41 38 34 29 26 9 17 13 10
internal_count=41 38 34 29 26 9 17 13 10
is_linear=0
shrinkage=0.05


Tree=232
num_leaves=11
num_cat=0
split_feature=67 56 31 25 61 31 41 32 78 54
split_gain=8.00165e-06 2.8367e-06 7.15793e-07 1.70464e-07 9.31242e-08 4.45004e-08 1.05785e-08 5.54893e-09 3.26208e-09 1.99708e-09
threshold=1.7108425301081198 1.2097649065000671 1.844318609866801 -0.16637877782139571 1.0000000180025095e-35 -0.22559576834473472 -0.85289465923710661 0.60835032721315629 1.0000000180025095e-35 0.35470226367472457
decision_type=2 2 2 2 2 2 2 2 2 2
left_child=1 2 3 -1 6 -6 -5 9 -9 -8
right_child=-2 -3 -4 4 5 -7 7 8 -10 -11
leaf_value=8.3137418914702728e-06 6.7179815596318809e-05 -4.7027827622514455e-05 -2.5729295521159658e-05 -2.6069123578054074e-06 -2.0897049883690971e-06 -1.0145536543859635e-05 9.3318938525044324e-07 -1.6288692828917799e-06 5.5222994319592536e-07 2.5649899422811956e-06
leaf_weight=4.9999999999999991 3.9999999999999991 3.9999999999999991 2.9999999999999991 3.0000000000000062 3 3.9999999999999991 5.0000000000000018 2.9999999999999991 4 3
leaf_count=5 4 4 3 3 3 4 5 3 4 3
internal_value=1.28106e-13 -7.26268e-06 -2.44267e-06 -1.14002e-07 -1.79955e-06 -6.69304e-06 1.03472e-07 6.45549e-07 -3.82527e-07 1.54511e-06
internal_weight=41 37 33 30 25 7 18 15 7 8
internal_count=41 37 33 30 25 7 18 15 7 8
is_linear=0
shrinkage=0.05


Tree=233
num_leaves=12
num_cat=0
split_feature=45 36 67 84 80 26 47 61 3 28 53
split_gain=8.05625e-06 2.79668e-06 8.24332e-07 2.87679e-07 8.46792e-08 6.83197e-08 3.53541e-08 2.2459e-08 1.95588e-08 3.6952e-09 1.16705e-09
threshold=-1.4738893408630298 -1.5994330797532534 1.7108425301081198 1.0593783796225538 -0.6124628168910774 -0.26376296914843095 -0.82019935782048536 -1.0000000180025095e-35 -0.37996549592148587 1.2292192540499796 0.66476490494561713
decision_type=2 2 2 2 2 2 2 2 2 2 2
left_child=-1 -2 3 4 5 -3 -6 -7 9 10 -8
right_child=1 2 -4 -5 6 7 8 -9 -10 -11 -12
leaf_value=7.8881599620217457e-05 -5.2558634585390489e-05 -1.1551632633199912e-05 -2.7317424246575685e-05 1.2636124222353829e-05 5.4389268067704177e-06 -5.4629765600111562e-08 3.909693759851508e-07 -5.353094820748085e-06 -4.1208938152218793e-06 -1.0628118616295976e-06 1.5987822962415518e-06
leaf_weight=2.9999999999999991 2.9999999999999991 3 2.9999999999999991 3.9999999999999991 3.0000000000000009 4 3.9999999999999982 3.9999999999999982 3.0000000000000044 3 4
leaf_count=3 3 3 3 4 3 4 4 4 3 3 4
internal_value=-1.68589e-13 -6.22749e-06 -2.25625e-06 9.32303e-08 -1.69861e-06 -5.11689e-06 5.13216e-07 -2.70386e-06 -5.42294e-07 4.33688e-07 9.94876e-07
internal_weight=41 38 35 32 28 11 17 8 14 11 8
internal_count=41 38 35 32 28 11 17 8 14 11 8
is_linear=0
shrinkage=0.05


Tree=234
num_leaves=11
num_cat=0
split_feature=49 2 86 9 60 84 70 63 24 53
split_gain=7.70402e-06 7.96723e-06 2.57516e-06 3.51077e-06 8.0444e-07 4.75794e-07 1.63068e-07 2.72918e-08 7.71431e-09 4.5435e-10
threshold=1.2633800705949241 0.83005469575250879 -0.78710272001059123 -0.48252770469306566 1.222149237289613 1.0593783796225538 -0.15618993564922337 0.13184610945243469 0.64286568603343619 0.66476490494561713
decision_type=2 2 2 2 2 2 2 2 2 2
left_child=2 -2 3 -1 5 6 -4 -8 9 -9
right_child=1 -3 4 -5 -6 -7 7 8 -10 -11
leaf_value=-7.669193109904879e-07 0.00010996406673863628 -5.2692200066909801e-06 -9.5083139240159524e-06 -6.7012377530772935e-05 -2.6002062198434336e-05 1.7201913669850911e-05 5.1836916100000905e-06 3.7142090150155136e-07 -1.9410402273933867e-06 1.1250367606407961e-06
leaf_weight=4.0000000000000009 2.9999999999999991 3 5.0000000000000062 3.9999999999999991 2.9999999999999991 3.9999999999999991 3.0000000000000027 3.9999999999999982 4 4
leaf_count=4 3 3 5 4 3 4 3 4 4 4
internal_value=-1.00932e-13 5.23474e-05 -8.97384e-06 -3.38896e-05 -1.59138e-06 1.45995e-06 -1.68844e-06 9.18183e-07 -1.48194e-07 7.48229e-07
internal_weight=41 6 35 8 27 24 20 15 12 8
internal_count=41 6 35 8 27 24 20 15 12 8
is_linear=0
shrinkage=0.05


Tree=235
num_leaves=12
num_cat=0
split_feature=31 86 9 3 63 61 21 41 58 10 11
split_gain=7.66482e-06 2.63047e-06 3.22832e-06 4.64949e-07 2.48112e-07 2.47021e-07 4.81011e-08 1.00672e-08 5.73641e-09 3.20046e-09 1.02058e-09
threshold=1.844318609866801 -0.78710272001059123 -0.48252770469306566 0.87678454559947971 0.10998882247946699 1.0000000180025095e-35 -1.0000000180025095e-35 -0.74053076323836864 -0.24664370354557513 -0.26721504564662563 -0.13103451500160451
decision_type=2 2 2 2 2 2 2 2 2 2 2
left_child=1 2 -1 5 -5 7 -7 -3 9 -9 -10
right_child=-2 3 -4 4 -6 6 -8 8 10 -11 -12
leaf_value=-7.2857342274801315e-07 6.5750619660320816e-05 -2.8896834313248526e-06 -6.4253407526848608e-05 2.2457014226044217e-05 2.1218231267994263e-06 -7.5848838605452304e-06 -1.6538568888790906e-05 2.1580484599326126e-07 7.9128368497549656e-07 -1.9445980190842718e-06 2.0112598273650909e-06
leaf_weight=4.0000000000000009 3.9999999999999991 3.0000000000000062 3.9999999999999991 2.9999999999999991 3 3 2.9999999999999991 4.0000000000000044 4 3 2.9999999999999973
leaf_count=4 4 3 4 3 3 3 3 4 4 3 3
internal_value=-5.10204e-14 -7.10818e-06 -3.2491e-05 -1.06019e-07 1.22894e-05 -3.33961e-06 -1.20617e-05 -2.61218e-07 3.02024e-07 -7.10082e-07 1.31413e-06
internal_weight=41 37 8 29 6 23 6 17 14 7 7
internal_count=41 37 8 29 6 23 6 17 14 7 7
is_linear=0
shrinkage=0.05


Tree=236
num_leaves=10
num_cat=0
split_feature=25 63 1 76 71 70 47 0 53
split_gain=7.33523e-06 3.04693e-06 1.8046e-06 3.63034e-07 6.73051e-08 5.36345e-08 2.14408e-08 3.99214e-09 1.49882e-09
threshold=-0.14357474122842537 0.095317395041392708 2.0564798342689676 0.77851375520763855 -1.0000000180025095e-35 -0.15618993564922337 -0.6266203210856095 -1.217507457785947 0.66476490494561713
decision_type=2 2 2 2 2 2 2 2 2
left_child=1 -1 3 4 -3 -6 -7 -8 -9
right_child=-2 2 -4 -5 5 6 7 8 -10
leaf_value=-4.90245839500858e-05 5.6748100760160015e-05 -6.3462023535976146e-06 -3.9655580743177173e-05 1.506586952473299e-05 6.3032972320797706e-06 -4.1492633044981537e-06 -1.2774259062098259e-06 4.3874698008039677e-08 1.3424028566078048e-06
leaf_weight=3.9999999999999991 4.9999999999999991 5.0000000000000027 2.9999999999999991 3.9999999999999991 3.0000000000000062 4.000000000000008 4.0000000000000062 4.9999999999999858 4
leaf_count=4 5 5 3 4 3 4 4 5 4
internal_value=2.89555e-13 -7.88168e-06 -2.73882e-06 1.08016e-06 -1.15756e-06 1.39606e-07 -9.48104e-07 3.68678e-08 6.20998e-07
internal_weight=41 36 32 29 25 20 17 13 9
internal_count=41 36 32 29 25 20 17 13 9
is_linear=0
shrinkage=0.05


Tree=237
num_leaves=12
num_cat=0
split_feature=60 63 84 25 56 11 6 42 71 34 55
split_gain=7.24162e-06 3.41352e-06 3.76121e-07 1.97749e-07 6.65253e-08 6.9866e-08 2.21904e-08 1.95658e-08 1.15813e-08 5.06758e-09 1.86919e-10
threshold=-1.8620518998375541 0.095317395041392708 1.0593783796225538 -0.14357474122842537 0.1348496220813932 -0.50076965058740375 -0.23848341611596011 -0.71112550021514387 0.17103767927441871 0.85777997987272092 -0.3149576413303502
decision_type=2 2 2 2 2 2 2 2 2 2 2
left_child=-1 -2 3 4 7 9 -7 -3 -9 -6 -10
right_child=1 2 -4 -5 5 6 -8 8 10 -11 -12
leaf_value=7.4787191382104853e-05 -4.9594961274124218e-05 3.3040336734302399e-06 1.1900923600478564e-05 -1.5102797624422218e-05 9.9114006388845125e-07 -5.0515473655347391e-06 -1.1132989069058874e-05 -3.1335164142850141e-06 9.503739117159663e-07 -1.9150542461450941e-06 3.9222317506452457e-07
leaf_weight=2.9999999999999991 3.9999999999999991 4.9999999999999991 4.9999999999999991 3.0000000000000027 3 3 2.9999999999999982 3.0000000000000018 2.9999999999999991 3 3.0000000000000009
leaf_count=3 4 5 5 3 3 3 3 3 3 3 3
internal_value=3.10074e-13 -5.90425e-06 -7.64168e-07 -2.9478e-06 -1.54531e-06 -4.27711e-06 -8.09227e-06 7.96244e-07 -5.96973e-07 -4.61957e-07 6.71299e-07
internal_weight=41 38 34 29 26 12 6 14 9 6 6
internal_count=41 38 34 29 26 12 6 14 9 6 6
is_linear=0
shrinkage=0.05


Tree=238
num_leaves=10
num_cat=0
split_feature=67 56 31 25 61 0 71 29 41
split_gain=7.23122e-06 2.33468e-06 5.44869e-07 1.29694e-07 8.95019e-08 3.66536e-08 9.59296e-09 2.46086e-09 9.36589e-10
threshold=1.7108425301081198 1.2097649065000671 1.844318609866801 -0.16637877782139571 1.0000000180025095e-35 0.67048036464423977 0.15617600107783722 1.0000000180025095e-35 0.89776769475408524
decision_type=2 2 2 2 2 2 2 2 2
left_child=1 2 3 -1 6 -6 -5 -8 -9
right_child=-2 -3 -4 4 5 -7 7 8 -10
leaf_value=6.8514149461407218e-06 6.3863783725537357e-05 -4.2979509362339745e-05 -2.2848412481835115e-05 -1.9655289179354401e-06 -1.0945139365503564e-05 -3.6339725284051377e-06 1.4817058672633721e-06 4.8674513209334691e-07 -6.3074559146040566e-07
leaf_weight=4.9999999999999991 3.9999999999999991 3.9999999999999991 2.9999999999999991 5.0000000000000098 2.9999999999999991 4 4.9999999999999991 5 3
leaf_count=5 4 4 3 5 3 4 5 5 3
internal_value=3.91665e-15 -6.90419e-06 -2.53143e-06 -4.99729e-07 -1.96996e-06 -6.76733e-06 -1.04313e-07 6.1154e-07 6.76861e-08
internal_weight=41 37 33 30 25 7 18 13 8
internal_count=41 37 33 30 25 7 18 13 8
is_linear=0
shrinkage=0.05


Tree=239
num_leaves=12
num_cat=0
split_feature=45 37 67 26 80 26 28 54 17 79 42
split_gain=7.0746e-06 2.3305e-06 6.24165e-07 3.69689e-07 8.30452e-08 4.45967e-08 2.26342e-08 9.1558e-09 5.38247e-09 3.88018e-09 7.85851e-10
threshold=-1.4738893408630298 -1.3793881901517298 1.7108425301081198 -1.0790087864735085 -0.6124628168910774 -0.26376296914843095 1.0000000180025095e-35 -0.27836574625832622 0.14826395812449597 -0.67220296031655657 -1.0000000180025095e-35
decision_type=2 2 2 2 2 2 2 2 2 2 2
left_child=-1 -2 3 -3 5 -5 -7 8 -6 -9 -11
right_child=1 2 -4 4 7 6 -8 9 -10 10 -12
leaf_value=7.3919712546436739e-05 -4.8129469117460155e-05 1.4052617598281373e-05 -2.4017806087310115e-05 -1.0781435169822844e-05 2.0702698482940215e-07 -5.6930589926196275e-06 -1.99518808585708e-07 -2.4246984082765265e-07 -2.5946572804969034e-06 2.3401885603864987e-06 1.1957446228431422e-06
leaf_weight=2.9999999999999991 2.9999999999999991 3.9999999999999956 2.9999999999999991 3 3.0000000000000009 4.9999999999999982 3 3.9999999999999991 4 2.9999999999999991 3.0000000000000089
leaf_count=3 3 4 3 3 3 5 3 4 4 3 3
internal_value=-6.00322e-14 -5.83577e-06 -2.21059e-06 -1.66166e-07 -2.19742e-06 -5.58256e-06 -3.63298e-06 -7.03694e-09 -1.39394e-06 9.63792e-07 1.76797e-06
internal_weight=41 38 35 32 28 11 8 17 7 10 6
internal_count=41 38 35 32 28 11 8 17 7 10 6
is_linear=0
shrinkage=0.05


Tree=240
num_leaves=12
num_cat=0
split_feature=31 56 67 25 80 38 47 47 71 29 53
split_gain=6.87022e-06 2.26373e-06 5.48958e-07 1.22858e-07 7.94656e-08 3.65608e-08 1.63713e-08 1.48536e-08 7.18248e-09 3.54734e-09 1.51369e-09
threshold=1.844318609866801 1.2097649065000671 1.7108425301081198 -0.18882967535815606 -0.6124628168910774 0.42361119935729896 -0.82019935782048536 -0.19989592430754391 0.15617600107783722 0.1848003585040433 0.66476490494561713
decision_type=2 2 2 2 2 2 2 2 2 2 2
left_child=1 2 3 -1 5 7 -6 -5 -8 10 -10
right_child=-2 -3 -4 4 6 -7 8 -9 9 -11 -12
leaf_value=9.2146161478012814e-06 6.2249276970760556e-05 -4.2252565277323134e-05 -2.2816917044110598e-05 -1.0028423518330477e-05 3.8387423652845053e-06 -7.8039968987771598e-07 -2.3956274768958476e-06 -5.0528764404589263e-06 2.5600169061057449e-07 -1.1493387622370696e-06 1.5609530692017868e-06
leaf_weight=2.9999999999999991 3.9999999999999991 3.9999999999999991 2.9999999999999991 3 3.0000000000000044 3 3.0000000000000009 3.0000000000000018 4.9999999999999982 2.9999999999999991 4
leaf_count=3 4 4 3 3 3 3 3 3 5 3 4
internal_value=-1.40314e-13 -6.72965e-06 -2.42384e-06 -3.84537e-07 -1.45111e-06 -5.28723e-06 4.66953e-07 -7.54065e-06 -2.07405e-07 3.3965e-07 8.3598e-07
internal_weight=41 37 33 30 27 9 18 6 15 12 9
internal_count=41 37 33 30 27 9 18 6 15 12 9
is_linear=0
shrinkage=0.05


Tree=241
num_leaves=11
num_cat=0
split_feature=62 51 58 42 71 25 2 63 71 24
split_gain=6.58313e-06 2.86378e-06 7.0481e-07 1.65379e-07 1.01446e-07 9.68057e-08 3.75058e-08 5.72806e-09 5.41293e-09 2.43466e-09
threshold=1.1407379490150575 -1.1115438371884896 -1.3256438904594359 -0.52673171056024115 0.30032957421783452 -0.15876703176308338 1.0000000180025095e-35 0.15296125387154624 0.17920996167510836 0.30998131197583778
decision_type=2 2 2 2 2 2 2 2 2 2
left_child=1 -1 -3 5 6 -4 7 -5 -9 -7
right_child=-2 2 3 4 -6 9 -8 8 -10 -11
leaf_value=-5.4238564916886393e-05 5.3760149094159714e-05 -2.6321985084602303e-05 1.2100294406991449e-05 8.2750199908332259e-07 -1.1846712004626171e-05 2.1071683477202905e-06 -5.5957200311240742e-06 -2.6304140192223707e-06 -2.9229488518467401e-08 9.2778014485854006e-08
leaf_weight=2.9999999999999991 4.9999999999999991 2.9999999999999991 3 5.0000000000000098 2.9999999999999991 2.9999999999999982 4.9999999999999991 4 4 3
leaf_count=3 5 3 3 5 3 3 5 4 4 3
internal_value=4.28509e-13 -7.46669e-06 -3.2147e-06 -9.03969e-07 -3.33428e-06 4.76675e-06 -1.91554e-06 -5.00082e-07 -1.32982e-06 1.09997e-06
internal_weight=41 36 33 30 21 9 18 13 8 6
internal_count=41 36 33 30 21 9 18 13 8 6
is_linear=0
shrinkage=0.05


Tree=242
num_leaves=11
num_cat=0
split_feature=67 36 63 84 80 26 28 42 1 69
split_gain=6.3525e-06 1.98415e-06 1.2285e-06 2.78452e-07 8.70289e-08 6.24053e-08 1.61988e-08 1.49456e-08 5.8038e-09 8.96215e-10
threshold=1.7108425301081198 -1.5994330797532534 0.095317395041392708 1.0593783796225538 -0.6124628168910774 -0.26376296914843095 -1.0000000180025095e-35 -0.71112550021514387 -0.058590785479054296 -0.33812465084032223
decision_type=2 2 2 2 2 2 2 2 2 2
left_child=1 -1 -3 4 5 -4 -7 -6 9 -9
right_child=-2 2 3 -5 7 6 -8 8 -10 -11
leaf_value=-4.5450515366004159e-05 5.9857890300918376e-05 -3.3583661600763053e-05 -1.163379177645159e-05 1.2236509041940737e-05 2.5748290406113458e-06 -5.0975243539141947e-06 -2.3714900028911246e-07 5.0860683472819772e-07 -2.23392970610803e-06 -5.8453232062068595e-07
leaf_weight=2.9999999999999991 3.9999999999999991 2.9999999999999991 3 3.9999999999999991 5.0000000000000044 4 3.0000000000000018 5.0000000000000018 3.9999999999999973 3
leaf_count=3 4 3 3 4 5 4 3 5 4 3
internal_value=2.51601e-13 -6.47112e-06 -3.03176e-06 -7.51297e-08 -1.89908e-06 -5.60029e-06 -3.01451e-06 2.7811e-07 -6.78857e-07 9.86797e-08
internal_weight=41 37 34 31 27 10 7 17 12 8
internal_count=41 37 34 31 27 10 7 17 12 8
is_linear=0
shrinkage=0.05


Tree=243
num_leaves=11
num_cat=0
split_feature=60 63 84 67 80 26 28 42 71 45
split_gain=6.38038e-06 3.01875e-06 4.02893e-07 1.58938e-07 8.46757e-08 5.63208e-08 1.46194e-08 1.05157e-08 2.75762e-09 7.26472e-10
threshold=-1.8620518998375541 0.095317395041392708 1.0593783796225538 0.96044845770644816 -0.6124628168910774 -0.26376296914843095 -1.0000000180025095e-35 -0.71112550021514387 0.15617600107783722 -1.0000000180025095e-35
decision_type=2 2 2 2 2 2 2 2 2 2
left_child=-1 -2 3 4 5 -3 -7 -6 -9 -10
right_child=1 2 -4 -5 7 6 -8 8 9 -11
leaf_value=7.0199282951458972e-05 -4.6628720065200474e-05 -1.105210224826199e-05 1.2399767692841124e-05 -1.3865443906979636e-05 2.4460875692966486e-06 -4.8426480134367001e-06 -2.2529155406421807e-07 -1.6121566659421652e-06 -4.4970112943095282e-07 5.3448844028025665e-07
leaf_weight=2.9999999999999991 3.9999999999999991 3 4.9999999999999991 2.9999999999999991 5.0000000000000044 4 3.0000000000000018 3.0000000000000009 3.0000000000000036 4.9999999999999964
leaf_count=3 4 3 5 3 5 4 3 3 3 5
internal_value=2.08241e-13 -5.54205e-06 -7.08322e-07 -2.96834e-06 -1.71098e-06 -5.32028e-06 -2.86378e-06 5.44832e-07 -3.19376e-07 1.65417e-07
internal_weight=41 38 34 29 26 10 7 16 11 8
internal_count=41 38 34 29 26 10 7 16 11 8
is_linear=0
shrinkage=0.05


Tree=244
num_leaves=11
num_cat=0
split_feature=31 86 48 3 63 61 21 71 39 31
split_gain=6.21424e-06 2.01526e-06 2.4552e-06 4.17889e-07 2.44868e-07 2.09807e-07 6.58424e-08 8.02229e-09 3.80113e-09 6.68402e-10
threshold=1.844318609866801 -0.78710272001059123 0.39599088676418398 0.87678454559947971 0.10998882247946699 1.0000000180025095e-35 -1.0000000180025095e-35 0.15617600107783722 0.07416165163649717 -0.65768967809081003
decision_type=2 2 2 2 2 2 2 2 2 2
left_child=1 2 -1 5 -5 7 -7 -3 -9 -10
right_child=-2 3 -4 4 -6 6 -8 8 9 -11
leaf_value=-9.1818277070387911e-07 5.9202899683441502e-05 -2.1826501961186249e-06 -5.631676066286672e-05 2.158087396916623e-05 1.3790534164096847e-06 -6.1375604370065635e-06 -1.6613120290761193e-05 -1.0573530119017961e-06 3.7335757951950596e-07 1.287416068862514e-06
leaf_weight=4 3.9999999999999991 5.0000000000000098 4 2.9999999999999991 3 3 2.9999999999999991 3.9999999999999991 4.0000000000000053 3.9999999999999947
leaf_count=4 4 5 4 3 3 3 3 4 4 4
internal_value=-8.44333e-14 -6.40031e-06 -2.86175e-05 -2.71442e-07 1.148e-05 -3.33703e-06 -1.13753e-05 -4.99975e-07 2.0114e-07 8.30387e-07
internal_weight=41 37 8 29 6 23 6 17 12 8
internal_count=41 37 8 29 6 23 6 17 12 8
is_linear=0
shrinkage=0.05


Tree=245
num_leaves=13
num_cat=0
split_feature=45 37 67 26 54 48 44 33 88 49 53 42
split_gain=6.30855e-06 2.00757e-06 5.27681e-07 3.56355e-07 5.57662e-08 4.25719e-08 3.38701e-08 8.20726e-09 5.0359e-09 1.55891e-09 1.31002e-09 5.49885e-10
threshold=-1.4738893408630298 -1.3793881901517298 1.7108425301081198 -1.0790087864735085 -0.61123630519466554 -0.5387443204516108 1.0551928455365933 1.0000000180025095e-35 -1.1324177990850319 -0.51489060057573666 0.093983393932960027 1.0000000180025095e-35
decision_type=2 2 2 2 2 2 2 2 2 2 2 2
left_child=-1 -2 3 -3 5 -5 7 10 -9 -10 -6 -12
right_child=1 2 -4 4 6 -7 -8 8 9 -11 11 -13
leaf_value=6.9803008288242077e-05 -4.4765060738427569e-05 1.3693678124582232e-05 -2.219711216942718e-05 -2.3217248478128261e-06 -7.3453361437713873e-08 -1.0745096733444371e-05 -6.0325307761862262e-06 4.1234425225411509e-07 -1.1745596339096655e-06 -2.6823407097253981e-06 1.6848659773434819e-06 7.2753903168631929e-07
leaf_weight=2.9999999999999991 2.9999999999999991 3.9999999999999956 2.9999999999999991 3 3.0000000000000124 2.9999999999999991 2.9999999999999991 3.0000000000000018 3.0000000000000018 3.9999999999999947 3 3
leaf_count=3 3 4 3 3 3 3 3 3 3 4 3 3
internal_value=1.83563e-13 -5.51076e-06 -2.14611e-06 -2.66328e-07 -2.26061e-06 -6.53341e-06 -1.09531e-06 -3.15745e-07 -1.3016e-06 -2.03615e-06 7.79651e-07 1.2062e-06
internal_weight=41 38 35 32 28 6 22 19 10 7 9 6
internal_count=41 38 35 32 28 6 22 19 10 7 9 6
is_linear=0
shrinkage=0.05


Tree=246
num_leaves=12
num_cat=0
split_feature=49 10 86 9 60 84 70 61 24 41 34
split_gain=5.93737e-06 6.02946e-06 1.74878e-06 2.41243e-06 6.1903e-07 3.74708e-07 1.27185e-07 8.88004e-09 3.17093e-09 1.02945e-09 7.04628e-11
threshold=1.2633800705949241 -1.0000000180025095e-35 -0.78710272001059123 -0.45418738966214112 1.222149237289613 1.0593783796225538 -0.15618993564922337 -0.109085032512417 1.0996342430017807 0.70207065823539783 -0.86219898513190329
decision_type=2 2 2 2 2 2 2 2 2 2 2
left_child=2 -2 3 -1 5 6 -4 8 9 10 -8
right_child=1 -3 4 -5 -6 -7 7 -9 -10 -11 -12
leaf_value=-7.1423866393160991e-06 -4.1675099661612567e-06 9.607766388626261e-05 -8.8177455836557671e-06 -6.3857197286173084e-05 -2.3207895355881192e-05 1.4852343383608968e-05 4.5816823330824215e-07 2.8235178054577182e-06 -1.6256469355842747e-06 -5.0486463957592288e-07 8.0086042544280653e-07
leaf_weight=5.0000000000000009 3 2.9999999999999991 5.0000000000000062 2.9999999999999991 2.9999999999999991 3.9999999999999991 3.0000000000000027 2.9999999999999973 3.0000000000000009 3 2.9999999999999991
leaf_count=5 3 3 5 3 3 4 3 3 3 3 3
internal_value=2.24601e-14 4.59551e-05 -7.87801e-06 -2.84104e-05 -1.79433e-06 8.82365e-07 -1.91163e-06 3.90407e-07 -2.17871e-07 2.51388e-07 6.29514e-07
internal_weight=41 6 35 8 27 24 20 15 12 9 6
internal_count=41 6 35 8 27 24 20 15 12 9 6
is_linear=0
shrinkage=0.05


Tree=247
num_leaves=10
num_cat=0
split_feature=25 63 43 76 44 48 5 86 49
split_gain=5.79081e-06 2.19649e-06 1.36034e-06 2.83191e-07 2.47961e-07 5.36728e-08 2.90486e-08 4.36445e-09 4.11006e-09
threshold=-0.14357474122842537 0.095317395041392708 0.87351600050211309 0.62475254766422983 0.36784840575575484 -0.31998969877121719 1.0000000180025095e-35 1.3796545336182986 -0.62668985471883287
decision_type=2 2 2 2 2 2 2 2 2
left_child=1 -1 3 5 -5 6 -3 8 -7
right_child=-2 2 -4 4 -6 7 -8 -9 -10
leaf_value=-4.1935364163236957e-05 5.0421279265719935e-05 -3.2587748091827944e-06 -3.46885554487623e-05 1.8660392356650843e-06 2.0048841057966147e-05 1.9651353113658843e-07 -9.4822365402554444e-06 9.8687570471156505e-07 -1.9537921252776857e-06
leaf_weight=3.9999999999999991 4.9999999999999991 5.0000000000000018 2.9999999999999991 5 3 3.9999999999999991 3 3.9999999999999991 5.0000000000000027
leaf_count=4 5 5 3 5 3 4 3 4 5
internal_value=1.30047e-13 -7.00296e-06 -2.6364e-06 6.79336e-07 8.68459e-06 -2.37029e-06 -5.59257e-06 -3.87339e-07 -9.98101e-07
internal_weight=41 36 32 29 8 21 8 13 9
internal_count=41 36 32 29 8 21 8 13 9
is_linear=0
shrinkage=0.05


Tree=248
num_leaves=12
num_cat=0
split_feature=60 63 84 25 56 44 70 68 46 28 4
split_gain=5.6721e-06 2.34148e-06 3.07172e-07 1.53742e-07 6.90432e-08 5.21015e-08 1.15234e-08 8.361e-09 7.95205e-09 1.6194e-09 2.88798e-10
threshold=-1.8620518998375541 0.095317395041392708 1.0593783796225538 -0.14357474122842537 0.28010265995935707 0.36784840575575484 0.73942644254834755 -0.26364454494975387 1.0000000180025095e-35 1.0000000180025095e-35 -0.97766708572837902
decision_type=2 2 2 2 2 2 2 2 2 2 2
left_child=-1 -2 3 4 6 -6 7 -3 -7 -9 -11
right_child=1 2 -4 -5 5 8 -8 9 -10 10 -12
leaf_value=6.6188314849568994e-05 -4.1410722587897908e-05 3.206893476696371e-06 1.047721658324008e-05 -1.3659167840766394e-05 -1.0626276586359992e-05 -7.358953174237587e-07 -2.1770962916889403e-06 -7.7464613544482986e-07 -4.3764188982701534e-06 3.3569520780929435e-07 9.8466703093436111e-07
leaf_weight=2.9999999999999991 3.9999999999999991 3.0000000000000027 4.9999999999999991 3.0000000000000027 2.9999999999999982 3 3.9999999999999991 3.0000000000000018 3 4.0000000000000018 2.9999999999999982
leaf_count=3 4 3 5 3 3 3 4 3 3 4 3
internal_value=-8.31855e-16 -5.22539e-06 -9.68296e-07 -2.94166e-06 -1.70502e-06 -5.2462e-06 1.69714e-07 8.9181e-07 -2.55616e-06 1.97284e-07 6.13826e-07
internal_weight=41 38 34 29 26 9 17 13 6 10 7
internal_count=41 38 34 29 26 9 17 13 6 10 7
is_linear=0
shrinkage=0.05


Tree=249
num_leaves=11
num_cat=0
split_feature=31 86 9 42 44 61 21 39 24 58
split_gain=5.63639e-06 1.64185e-06 2.23148e-06 2.87542e-07 2.56128e-07 1.47037e-07 5.54497e-08 8.2813e-09 5.83518e-09 1.4071e-09
threshold=1.844318609866801 -0.78710272001059123 -0.45418738966214112 -0.36741044717360277 0.36784840575575484 1.0000000180025095e-35 -1.0000000180025095e-35 0.078622151690724049 0.82316361326718435 -0.41409886781040078
decision_type=2 2 2 2 2 2 2 2 2 2
left_child=1 2 -1 4 7 8 -7 -3 9 -5
right_child=-2 3 -4 5 -6 6 -8 -9 -10 -11
leaf_value=-5.6940850032560752e-06 5.6383143555649443e-05 -4.2863317162300497e-07 -6.0240425227675587e-05 -8.9246536845166674e-07 1.852253796338724e-05 -6.0805624343629449e-06 -1.507301397699242e-05 3.046548833178045e-06 -2.3752978677293868e-06 4.7725357944727853e-07
leaf_weight=5.0000000000000009 3.9999999999999991 4.0000000000000018 2.9999999999999991 3 3 4 2.9999999999999991 3 3.9999999999999991 5.0000000000000018
leaf_count=5 4 4 3 3 3 4 3 3 4 5
internal_value=-2.46853e-13 -6.09548e-06 -2.6149e-05 -5.63479e-07 6.29927e-06 -4.17545e-06 -9.93447e-06 1.06073e-06 -8.16027e-07 -3.6391e-08
internal_weight=41 37 8 29 10 19 7 7 12 8
internal_count=41 37 8 29 10 19 7 7 12 8
is_linear=0
shrinkage=0.05


Tree=250
num_leaves=13
num_cat=0
split_feature=45 36 67 26 48 54 70 44 41 53 63 47
split_gain=5.55622e-06 1.72957e-06 3.65029e-07 2.0185e-07 5.03881e-08 6.27204e-08 4.38167e-08 2.6302e-08 4.98561e-09 2.74838e-09 1.1522e-09 5.88374e-10
threshold=-1.4738893408630298 -1.5994330797532534 1.7108425301081198 -1.0790087864735085 0.90110714834168493 -0.61123630519466554 -1.0000000180025095e-35 1.0551928455365933 -0.48282761155681625 -0.28275665499661323 0.2572965560415395 0.55752239412534155
decision_type=2 2 2 2 2 2 2 2 2 2 2 2
left_child=-1 -2 3 -3 5 6 -5 8 -7 -10 11 -11
right_child=1 2 -4 4 -6 7 -8 -9 9 10 -12 -13
leaf_value=6.5508678820454719e-05 -4.1606875796181461e-05 1.1861327827015595e-05 -1.8725579623909048e-05 -1.1226885059537985e-05 4.3731520994091024e-06 -1.9073231214861121e-06 -2.6812479973159469e-06 -5.4417015538395697e-06 -1.2160380606474037e-06 4.6384589609260739e-07 -3.1034484209158104e-07 1.3901529503831016e-06
leaf_weight=2.9999999999999991 2.9999999999999991 2.9999999999999956 2.9999999999999991 3 2.9999999999999991 4.0000000000000062 3.0000000000000027 2.9999999999999991 3.0000000000000062 3.9999999999999982 3 3
leaf_count=3 3 3 3 3 3 4 3 3 3 4 3 3
internal_value=1.80235e-13 -5.17174e-06 -2.04873e-06 -4.85271e-07 -1.76251e-06 -2.47047e-06 -6.95407e-06 -1.12539e-06 -3.63682e-07 1.11284e-07 5.09481e-07 8.60835e-07
internal_weight=41 38 35 32 29 26 6 20 17 13 10 7
internal_count=41 38 35 32 29 26 6 20 17 13 10 7
is_linear=0
shrinkage=0.05


Tree=251
num_leaves=10
num_cat=0
split_feature=67 56 31 25 80 38 42 71 29
split_gain=5.47052e-06 1.61687e-06 4.36669e-07 9.09612e-08 4.04859e-08 2.69655e-08 8.98098e-09 5.50679e-09 1.63406e-09
threshold=1.7108425301081198 1.2097649065000671 1.844318609866801 -0.18882967535815606 -0.6124628168910774 -1.0000000180025095e-35 -0.71112550021514387 0.15617600107783722 0.1809514937462057
decision_type=2 2 2 2 2 2 2 2 2
left_child=1 2 3 -1 5 -5 -6 -8 -9
right_child=-2 -3 -4 4 6 -7 7 8 -10
leaf_value=7.7122740473593396e-06 5.5547332522110082e-05 -3.602669721658458e-05 -2.0554310200774732e-05 -7.2630958129593627e-06 1.7048845325007258e-06 -1.7552623558003679e-06 -2.3322420247495749e-06 6.5067255832218524e-07 -7.051750526443356e-07
leaf_weight=2.9999999999999991 3.9999999999999991 3.9999999999999991 2.9999999999999991 4 5.0000000000000044 5.0000000000000018 4.0000000000000009 3.9999999999999982 5
leaf_count=3 4 4 3 4 5 5 4 4 5
internal_value=1.77185e-13 -6.00512e-06 -2.36614e-06 -5.4732e-07 -1.46505e-06 -4.20319e-06 -9.5985e-08 -7.88627e-07 -1.02576e-07
internal_weight=41 37 33 30 27 9 18 13 9
internal_count=41 37 33 30 27 9 18 13 9
is_linear=0
shrinkage=0.05


Tree=252
num_leaves=11
num_cat=0
split_feature=71 63 84 25 56 7 70 69 28 4
split_gain=5.08594e-06 1.63258e-06 2.79042e-07 1.26486e-07 7.03013e-08 4.61014e-08 8.40059e-09 4.90152e-09 1.18355e-09 3.33408e-10
threshold=-0.16160430034313275 0.095317395041392708 1.0593783796225538 -0.14357474122842537 0.28010265995935707 -0.19312432408456301 0.73942644254834755 -0.02339666374718926 1.0000000180025095e-35 -0.97766708572837902
decision_type=2 2 2 2 2 2 2 2 2 2
left_child=-1 -2 3 4 6 -6 7 8 -3 -10
right_child=1 2 -4 -5 5 -7 -8 -9 9 -11
leaf_value=6.2675088410439159e-05 -3.1572885163768667e-05 -6.2001309970582892e-07 9.9663627042900768e-06 -1.2558012652637732e-05 -2.6177771906077387e-06 -1.0457965254317969e-05 -1.8776157730826526e-06 2.5152333667695805e-06 2.6815615115083322e-07 9.6545063570374682e-07
leaf_weight=2.9999999999999991 4.9999999999999991 3.0000000000000018 4.9999999999999991 3.0000000000000027 5.0000000000000009 2.9999999999999991 3.9999999999999991 3.0000000000000027 4.0000000000000027 2.9999999999999973
leaf_count=3 5 3 5 3 5 3 4 3 4 3
internal_value=1.82454e-13 -4.94803e-06 -9.13965e-07 -2.85688e-06 -1.69274e-06 -5.55785e-06 1.26128e-07 7.42664e-07 2.10894e-07 5.66997e-07
internal_weight=41 38 33 28 25 8 17 13 10 7
internal_count=41 38 33 28 25 8 17 13 10 7
is_linear=0
shrinkage=0.05


Tree=253
num_leaves=13
num_cat=0
split_feature=62 51 58 42 70 25 86 67 5 16 24 47
split_gain=5.09154e-06 2.00317e-06 4.61146e-07 9.25674e-08 7.92491e-08 5.34387e-08 3.67049e-08 1.20621e-08 5.59374e-09 2.20859e-09 1.2585e-09 9.95489e-11
threshold=1.1407379490150575 -1.1115438371884896 -1.3256438904594359 -0.52673171056024115 -0.15618993564922337 -0.15876703176308338 0.85531612523607958 1.0000000180025095e-35 -0.40280737278148143 0.89767096144825886 0.30998131197583778 1.0000000180025095e-35
decision_type=2 2 2 2 2 2 2 2 2 2 2 2
left_child=1 -1 -3 5 6 -4 -5 9 -9 11 -7 -6
right_child=-2 2 3 4 7 10 -8 8 -10 -11 -12 -13
leaf_value=-4.5684348636617261e-05 4.7279083919420376e-05 -2.1701365888778434e-05 8.5499560858200593e-06 -3.9053428433059366e-06 4.9097869426380645e-07 1.1010665427117301e-06 -1.1726774149186287e-05 -1.2267467961161549e-06 -4.2800889787031343e-06 -9.6690584996395012e-07 -3.4720693520284835e-07 8.9830520361526077e-07
leaf_weight=2.9999999999999991 4.9999999999999991 2.9999999999999991 3 3.0000000000000027 3.0000000000000018 2.9999999999999982 3 3 2.9999999999999991 3 3 3
leaf_count=3 5 3 3 3 3 3 3 3 3 3 3 3
internal_value=-2.57875e-14 -6.56654e-06 -3.01037e-06 -1.14128e-06 -2.95951e-06 3.10127e-06 -7.81606e-06 -1.01689e-06 -2.75342e-06 1.40793e-07 3.7693e-07 6.94642e-07
internal_weight=41 36 33 30 21 9 6 15 6 9 6 6
internal_count=41 36 33 30 21 9 6 15 6 9 6 6
is_linear=0
shrinkage=0.05


Tree=254
num_leaves=11
num_cat=0
split_feature=31 86 48 26 61 49 21 28 66 31
split_gain=5.06006e-06 1.57929e-06 1.85458e-06 2.79826e-07 1.36404e-07 7.36805e-08 1.91018e-08 4.88856e-09 1.55608e-09 5.80026e-11
threshold=1.844318609866801 -0.78710272001059123 0.39599088676418398 -1.0790087864735085 -1.0000000180025095e-35 0.39363667033338207 -0.74372871717008715 -0.10480116582198383 -1.0000000180025095e-35 -0.65768967809081003
decision_type=2 2 2 2 2 2 2 2 2 2
left_child=1 2 -1 -3 6 -6 -5 -8 9 -9
right_child=-2 3 -4 4 5 -7 7 8 -10 -11
leaf_value=-1.3691582353203554e-06 5.3422818700710196e-05 1.1928900130442334e-05 -4.95171349029988e-05 3.8397564518769804e-06 -1.3893107340360678e-05 -3.9814620686229309e-06 -2.0340311039035404e-06 2.7630101537094218e-07 -9.1856056390801071e-07 5.6713971616773043e-07
leaf_weight=4 3.9999999999999991 4.0000000000000027 4 3.0000000000000062 3 5 4.0000000000000062 3.0000000000000036 2.9999999999999876 4
leaf_count=4 4 4 4 3 3 5 4 3 3 4
internal_value=-1.08141e-13 -5.77544e-06 -2.54431e-05 -3.49866e-07 -2.31447e-06 -7.69833e-06 2.19113e-07 -5.56739e-07 3.4178e-08 4.42495e-07
internal_weight=41 37 8 29 25 8 17 14 10 7
internal_count=41 37 8 29 25 8 17 14 10 7
is_linear=0
shrinkage=0.05


Tree=255
num_leaves=12
num_cat=0
split_feature=45 37 67 58 70 26 67 5 69 63 49
split_gain=4.97363e-06 1.50821e-06 3.62655e-07 2.59023e-07 6.58121e-08 2.41692e-08 1.87107e-08 7.59549e-09 3.99467e-09 2.21304e-09 6.04284e-10
threshold=-1.4738893408630298 -1.3793881901517298 1.7108425301081198 0.76292358488311807 -0.15618993564922337 -0.26376296914843095 1.0000000180025095e-35 -0.40280737278148143 0.38439928698877829 0.13184610945243469 -0.32783102073204329
decision_type=2 2 2 2 2 2 2 2 2 2 2
left_child=-1 -2 3 4 5 -3 8 -8 9 -6 -11
right_child=1 2 -4 -5 6 -7 7 -9 -10 10 -12
leaf_value=6.1979226181089561e-05 -3.8916827664555359e-05 -9.9338055103241133e-06 -1.8599312170408666e-05 1.1483397361189419e-05 1.8487048691895282e-06 -3.5869980517115131e-06 -1.2410592205469579e-06 -4.3223522879998205e-06 -1.3677551123691957e-06 -1.782623241908254e-07 6.9084933329577314e-07
leaf_weight=2.9999999999999991 2.9999999999999991 3 2.9999999999999991 3.9999999999999991 3.0000000000000062 2.9999999999999991 4.0000000000000009 3.9999999999999991 2.9999999999999991 4 4
leaf_count=3 3 3 3 4 3 3 4 4 3 4 4
internal_value=-2.66592e-13 -4.8931e-06 -1.97678e-06 -4.18415e-07 -2.11867e-06 -6.7604e-06 -8.52748e-07 -2.78171e-06 2.49514e-07 6.90588e-07 2.56294e-07
internal_weight=41 38 35 32 28 6 22 8 14 11 8
internal_count=41 38 35 32 28 6 22 8 14 11 8
is_linear=0
shrinkage=0.05


Tree=256
num_leaves=13
num_cat=0
split_feature=67 56 31 25 80 53 23 64 70 48 64 6
split_gain=4.81738e-06 1.35148e-06 3.96904e-07 5.77502e-08 2.84025e-08 1.99386e-08 8.90061e-09 5.60145e-09 3.86054e-09 2.98536e-09 1.38719e-09 1.58551e-10
threshold=1.7108425301081198 1.2097649065000671 1.844318609866801 -0.18882967535815606 -0.6124628168910774 -1.0000000180025095e-35 -0.26602746868202626 -1.365593271313301 0.45558866335546816 -1.0000000180025095e-35 -0.30573579136824486 -0.23848341611596011
decision_type=2 2 2 2 2 2 2 2 2 2 2 2
left_child=1 2 3 -1 5 6 -5 -6 10 11 -9 -10
right_child=-2 -3 -4 4 7 -7 -8 8 9 -11 -12 -13
leaf_value=6.006969488225878e-06 5.2126001719443593e-05 -3.3082605023082577e-05 -1.9648550005513246e-05 -7.1887994029869618e-06 -2.1310889981881069e-06 -2.7070935478453346e-07 -3.3372597802857237e-06 1.9783226586393231e-06 4.8165311454795265e-07 -1.7071337424567915e-06 4.5780055491680536e-07 -3.2400367722118511e-08
leaf_weight=2.9999999999999991 3.9999999999999991 3.9999999999999991 2.9999999999999991 3 3.0000000000000027 3.0000000000000018 3 3 3.0000000000000018 2.9999999999999964 3.0000000000000027 3
leaf_count=3 4 4 3 3 3 3 3 3 3 3 3 3
internal_value=-1.75946e-14 -5.63524e-06 -2.30829e-06 -5.74265e-07 -1.30551e-06 -3.59892e-06 -5.26303e-06 -1.58808e-07 2.35648e-07 -4.19294e-07 1.21806e-06 2.24626e-07
internal_weight=41 37 33 30 27 9 6 18 15 9 6 6
internal_count=41 37 33 30 27 9 6 18 15 9 6 6
is_linear=0
shrinkage=0.05


Tree=257
num_leaves=11
num_cat=0
split_feature=49 17 86 9 60 84 70 24 69 30
split_gain=4.65106e-06 4.71108e-06 1.30809e-06 1.67437e-06 4.74512e-07 2.92835e-07 9.52579e-08 3.57134e-09 1.37301e-09 8.5296e-11
threshold=1.2633800705949241 -0.18619640579903343 -0.78710272001059123 -0.48252770469306566 1.222149237289613 1.0593783796225538 -0.15618993564922337 0.64286568603343619 -0.02339666374718926 1.0000000180025095e-35
decision_type=2 2 2 2 2 2 2 2 2 2
left_child=2 -2 3 -1 5 6 -4 8 9 -8
right_child=1 -3 4 -5 -6 -7 7 -9 -10 -11
leaf_value=-1.8560805301603971e-06 -3.6315726295773239e-06 8.4978781827279226e-05 -7.8142398524505451e-06 -4.760492965942831e-05 -2.0459101506276056e-05 1.2982311818632298e-05 1.1523162535276283e-07 -9.3629851562582198e-07 1.595258921346007e-06 4.6792129637651664e-07
leaf_weight=4.0000000000000009 3 2.9999999999999991 5.0000000000000062 3.9999999999999991 2.9999999999999991 3.9999999999999991 3.0000000000000036 4.9999999999999991 2.9999999999999982 4
leaf_count=4 3 3 5 4 3 4 3 5 3 4
internal_value=-1.32301e-13 4.06736e-05 -6.97262e-06 -2.47305e-05 -1.71102e-06 6.32488e-07 -1.83748e-06 1.54778e-07 7.00316e-07 3.16769e-07
internal_weight=41 6 35 8 27 24 20 15 10 7
internal_count=41 6 35 8 27 24 20 15 10 7
is_linear=0
shrinkage=0.05


Tree=258
num_leaves=11
num_cat=0
split_feature=31 86 9 3 63 61 21 71 39 72
split_gain=4.5418e-06 1.38237e-06 1.59668e-06 2.56132e-07 1.96242e-07 1.44438e-07 3.77119e-08 6.50735e-09 5.45254e-10 1.03323e-10
threshold=1.844318609866801 -0.78710272001059123 -0.45418738966214112 0.87678454559947971 0.10998882247946699 1.0000000180025095e-35 -1.0000000180025095e-35 0.15617600107783722 0.07416165163649717 0.53215664918212624
decision_type=2 2 2 2 2 2 2 2 2 2
left_child=1 2 -1 5 -5 7 -7 -3 -9 -10
right_child=-2 3 -4 4 -6 6 -8 8 9 -11
leaf_value=-6.5698898470145627e-06 5.0613090434126209e-05 -1.9571731081668947e-06 -5.2709987843021135e-05 1.7846979608293624e-05 -2.3808712891574635e-07 -5.5011675916224081e-06 -1.3429171425135187e-05 -2.8687197239918305e-07 2.8890666499137295e-07 6.6007188858444937e-07
leaf_weight=5.0000000000000009 3.9999999999999991 5.0000000000000098 2.9999999999999991 2.9999999999999991 3 3 2.9999999999999991 3.9999999999999991 5 3
leaf_count=5 4 5 3 3 3 3 3 4 5 3
internal_value=1.20012e-13 -5.47169e-06 -2.38724e-05 -3.95619e-07 8.80445e-06 -2.79564e-06 -9.46517e-06 -4.41683e-07 1.89772e-07 4.28094e-07
internal_weight=41 37 8 29 6 23 6 17 12 8
internal_count=41 37 8 29 6 23 6 17 12 8
is_linear=0
shrinkage=0.05


Tree=259
num_leaves=12
num_cat=0
split_feature=60 63 84 67 62 11 17 63 24 87 40
split_gain=4.54042e-06 1.71769e-06 2.45987e-07 1.00936e-07 5.55678e-08 2.12538e-08 1.1997e-08 3.79339e-09 1.76077e-09 1.74635e-09 1.26846e-10
threshold=-1.8620518998375541 0.095317395041392708 1.0593783796225538 0.96044845770644816 0.79475963620986556 -0.13103451500160451 -1.5498504597379115 0.2572965560415395 0.64286568603343619 0.57398650830420539 -1.0000000180025095e-35
decision_type=2 2 2 2 2 2 2 2 2 2 2
left_child=-1 -2 3 4 6 -6 -3 9 -9 10 -8
right_child=1 2 -4 -5 5 -7 7 8 -10 -11 -12
leaf_value=5.9218450760075338e-05 -3.566790155673516e-05 -3.1382492276558519e-06 9.2134343776706377e-06 -1.1478877786430532e-05 -3.2638453922118051e-06 -8.5872279062944777e-06 2.5225682946938801e-07 2.081282673316308e-07 -1.5049417925183657e-06 1.9596310266933862e-06 7.1205114788123567e-07
leaf_weight=2.9999999999999991 3.9999999999999991 3.0000000000000044 4.9999999999999991 2.9999999999999991 5.0000000000000009 2.9999999999999991 3.0000000000000027 3.0000000000000009 3 3 2.9999999999999991
leaf_count=3 4 3 5 3 5 3 3 3 3 3 3
internal_value=6.47807e-14 -4.67514e-06 -1.02893e-06 -2.79486e-06 -1.79286e-06 -5.26011e-06 -2.51854e-07 3.25425e-07 -6.48407e-07 9.74646e-07 4.82154e-07
internal_weight=41 38 34 29 26 8 18 15 6 9 6
internal_count=41 38 34 29 26 8 18 15 6 9 6
is_linear=0
shrinkage=0.05


Tree=260
num_leaves=11
num_cat=0
split_feature=25 63 43 76 44 48 20 26 39 25
split_gain=4.42033e-06 1.45858e-06 1.07057e-06 1.8281e-07 1.79938e-07 3.84311e-08 1.67381e-08 4.01785e-09 2.21984e-09 3.87395e-10
threshold=-0.14357474122842537 0.095317395041392708 0.87351600050211309 0.62475254766422983 0.36784840575575484 -0.31998969877121719 -1.0000000180025095e-35 -0.86504808548116963 0.07416165163649717 -0.15186932484731736
decision_type=2 2 2 2 2 2 2 2 2 2
left_child=1 -1 3 5 -5 6 -3 -7 -9 -10
right_child=-2 2 -4 4 -6 7 -8 8 9 -11
leaf_value=-3.4584543027449402e-05 4.4052593643755245e-05 -7.7481417974922789e-06 -3.0994325728291489e-05 1.004694813673268e-06 1.6493959265062582e-05 -1.9958287036085191e-06 -3.0240060459618677e-06 -8.2190351564648219e-07 1.1004951071906059e-06 2.9696679272698609e-07
leaf_weight=3.9999999999999991 4.9999999999999991 3 2.9999999999999991 5 3 2.9999999999999991 5.0000000000000018 4.0000000000000018 2.9999999999999991 3.0000000000000009
leaf_count=4 5 3 3 5 3 3 5 4 3 3
internal_value=1.68711e-14 -6.11842e-06 -2.56015e-06 3.81317e-07 6.81317e-06 -2.06891e-06 -4.79556e-06 -3.90978e-07 9.04772e-08 6.98731e-07
internal_weight=41 36 32 29 8 21 8 13 10 6
internal_count=41 36 32 29 8 21 8 13 10 6
is_linear=0
shrinkage=0.05


Tree=261
num_leaves=13
num_cat=0
split_feature=45 36 67 26 61 1 76 27 48 6 24 6
split_gain=4.3862e-06 1.27417e-06 3.19037e-07 1.79279e-07 3.37766e-08 5.71285e-08 1.53215e-08 1.27013e-08 8.92163e-09 2.37471e-09 1.73227e-09 5.53886e-10
threshold=-1.4738893408630298 -1.5994330797532534 1.7108425301081198 -1.0790087864735085 -0.16086285999925834 -1.0000000180025095e-35 0.52235151126728041 0.13485984868228248 -0.31998969877121719 -1.0000000180025095e-35 -1.0000000180025095e-35 -0.4432917908718364
decision_type=2 2 2 2 2 2 2 2 2 2 2 2
left_child=-1 -2 3 -3 6 7 8 -6 -5 -7 -10 -12
right_child=1 2 -4 4 5 9 -8 -9 10 -11 11 -13
leaf_value=5.8204090116002287e-05 -3.5867724606456862e-05 1.1182943793149524e-05 -1.7505443247500809e-05 -2.9135158456483626e-06 -9.4379982328973683e-06 -1.232441409608024e-06 3.0196949107145583e-06 -4.8370333388447748e-06 -1.1247502394932481e-06 7.5699144872487366e-07 8.2486788717991076e-07 -7.3881313511492302e-08
leaf_weight=2.9999999999999991 2.9999999999999991 2.9999999999999956 2.9999999999999991 3.9999999999999991 3 3 2.9999999999999991 3 2.9999999999999982 3.0000000000000053 2.9999999999999982 4.0000000000000053
leaf_count=3 3 3 3 4 3 3 3 3 3 3 3 4
internal_value=6.35676e-14 -4.59506e-06 -1.91455e-06 -4.52899e-07 -1.65661e-06 -3.68762e-06 -2.2295e-07 -7.13752e-06 -9.17803e-07 -2.37725e-07 -1.19517e-07 3.11297e-07
internal_weight=41 38 35 32 29 12 17 6 14 6 10 7
internal_count=41 38 35 32 29 12 17 6 14 6 10 7
is_linear=0
shrinkage=0.05


Tree=262
num_leaves=11
num_cat=0
split_feature=67 56 31 25 25 84 50 54 70 41
split_gain=4.17744e-06 1.106e-06 2.89847e-07 4.57205e-08 2.67045e-08 1.88261e-08 9.00853e-09 3.77789e-09 1.47237e-09 2.11488e-10
threshold=1.7108425301081198 1.2097649065000671 1.844318609866801 -0.18882967535815606 -0.14357474122842537 0.32552184825918146 -1.0000000180025095e-35 1.0500252261033947 0.45558866335546816 0.89776769475408524
decision_type=2 2 2 2 2 2 2 2 2 2
left_child=1 2 3 -1 5 7 -7 8 -5 -10
right_child=-2 -3 -4 4 -6 6 -8 -9 9 -11
leaf_value=5.0996802201552784e-06 4.8540473471803125e-05 -3.0077429528319044e-05 -1.7056204524124041e-05 1.2383032708385121e-06 -5.8543620980344647e-06 -6.6515572901456201e-07 -4.1308984145871362e-06 -1.1913442449440482e-06 3.5291034805595695e-07 -2.0244560706335803e-07
leaf_weight=2.9999999999999991 3.9999999999999991 3.9999999999999991 2.9999999999999991 5.0000000000000089 3.0000000000000027 3.0000000000000009 4.9999999999999991 3.9999999999999991 4 3
leaf_count=3 4 4 3 5 3 3 5 4 4 3
internal_value=3.05707e-14 -5.24762e-06 -2.23794e-06 -7.56119e-07 -1.40676e-06 -8.50813e-07 -2.83124e-06 1.39403e-07 5.82985e-07 1.14901e-07
internal_weight=41 37 33 30 27 24 8 16 12 7
internal_count=41 37 33 30 27 24 8 16 12 7
is_linear=0
shrinkage=0.05


Tree=263
num_leaves=12
num_cat=0
split_feature=31 86 30 3 63 61 21 71 58 12 63
split_gain=4.12824e-06 1.12891e-06 1.43857e-06 2.29505e-07 1.64634e-07 1.48721e-07 5.46684e-08 6.30308e-09 6.28095e-10 5.9964e-11 2.09033e-11
threshold=1.844318609866801 -0.78710272001059123 -0.50457643785524731 0.87678454559947971 0.10998882247946699 1.0000000180025095e-35 -1.0000000180025095e-35 0.15617600107783722 -0.41409886781040078 -0.52809821615336261 0.18175238156166038
decision_type=2 2 2 2 2 2 2 2 2 2 2
left_child=1 2 -1 5 -5 7 -7 -3 -9 -10 -11
right_child=-2 3 -4 4 -6 6 -8 8 9 10 -12
leaf_value=-5.4216196986089913e-06 4.8253799559461188e-05 -2.0042172400280792e-06 -4.9217587729799561e-05 1.6361646460912502e-05 -2.0308695335794857e-07 -4.8963287554215626e-06 -1.4441691989001507e-05 -5.1778409518495414e-07 1.3509049002398853e-07 3.1554361612507015e-07 5.0219541662954711e-07
leaf_weight=5.0000000000000009 3.9999999999999991 5.0000000000000098 2.9999999999999991 2.9999999999999991 3 3 2.9999999999999991 3.0000000000000044 3.0000000000000036 2.9999999999999893 3
leaf_count=5 4 5 3 3 3 3 3 3 3 3 3
internal_value=7.14009e-14 -5.21663e-06 -2.18451e-05 -6.2946e-07 8.07928e-06 -2.9013e-06 -9.66901e-06 -5.12703e-07 1.08761e-07 3.1761e-07 4.0887e-07
internal_weight=41 37 8 29 6 23 6 17 12 9 6
internal_count=41 37 8 29 6 23 6 17 12 9 6
is_linear=0
shrinkage=0.05


Tree=264
num_leaves=12
num_cat=0
split_feature=45 37 67 26 54 48 44 63 33 2 85
split_gain=4.10739e-06 1.11307e-06 3.59243e-07 1.95305e-07 4.70255e-08 2.46835e-08 2.0009e-08 2.58996e-09 1.51697e-09 7.4723e-10 3.47866e-10
threshold=-1.4738893408630298 -1.3793881901517298 1.7108425301081198 -1.0790087864735085 -0.61123630519466554 -0.5387443204516108 1.0551928455365933 0.10534493080555161 1.0000000180025095e-35 -0.67064670716018837 -1.0000000180025095e-35
decision_type=2 2 2 2 2 2 2 2 2 2 2
left_child=-1 -2 3 -3 5 -5 7 -6 10 -10 -9
right_child=1 2 -4 4 6 -7 -8 8 9 -11 -12
leaf_value=5.6323817140461567e-05 -3.3675509621389209e-05 9.9444931038306203e-06 -1.8485444403874377e-05 -2.5833486157959359e-06 -1.3278513051773142e-06 -8.9973372572179265e-06 -4.5913523839165773e-06 3.1901736974759821e-07 1.3909325957683902e-08 -1.0299824680259914e-06 1.0000616763742692e-06
leaf_weight=2.9999999999999991 2.9999999999999991 3.9999999999999956 2.9999999999999991 3 4.0000000000000133 2.9999999999999991 2.9999999999999991 5.0000000000000027 4 3 2.9999999999999956
leaf_count=3 3 4 3 3 4 3 3 5 4 3 3
internal_value=8.65129e-14 -4.44662e-06 -1.94128e-06 -3.90268e-07 -1.86666e-06 -5.79034e-06 -7.96568e-07 -1.97392e-07 1.04064e-07 -4.33473e-07 5.74409e-07
internal_weight=41 38 35 32 28 6 22 19 15 7 8
internal_count=41 38 35 32 28 6 22 19 15 7 8
is_linear=0
shrinkage=0.05


Tree=265
num_leaves=11
num_cat=0
split_feature=71 63 84 43 70 40 67 35 48 26
split_gain=4.02083e-06 1.13542e-06 2.14834e-07 1.14556e-07 3.16435e-08 2.47914e-08 1.41956e-08 1.61777e-09 5.62141e-10 4.90152e-11
threshold=-0.16160430034313275 0.095317395041392708 1.0593783796225538 0.87351600050211309 -0.15618993564922337 -1.0000000180025095e-35 1.0000000180025095e-35 -0.52522926705131134 -1.0000000180025095e-35 0.519159800556248
decision_type=2 2 2 2 2 2 2 2 2 2
left_child=-1 -2 3 4 5 -3 7 -6 9 -9
right_child=1 2 -4 -5 6 -7 -8 8 -10 -11
leaf_value=5.5727215840306603e-05 -2.6603351470839699e-05 -7.920644202386026e-06 8.5115255023993084e-06 -1.1972362699452788e-05 1.3662577809251752e-06 -1.9078168634223387e-06 -2.7870129633811304e-06 1.732407923782374e-07 -5.3023256138355164e-07 4.405992437265618e-07
leaf_weight=2.9999999999999991 4.9999999999999991 3 4.9999999999999991 2.9999999999999991 3.0000000000000027 4.0000000000000027 4.9999999999999991 4.0000000000000027 2.9999999999999991 3
leaf_count=3 5 3 5 3 3 4 5 4 3 3
internal_value=3.07786e-14 -4.39952e-06 -1.0353e-06 -2.74009e-06 -1.63222e-06 -4.48474e-06 -5.22902e-07 3.47911e-07 4.24063e-08 2.87823e-07
internal_weight=41 38 33 28 25 7 18 13 10 7
internal_count=41 38 33 28 25 7 18 13 10 7
is_linear=0
shrinkage=0.05


Tree=266
num_leaves=13
num_cat=0
split_feature=62 51 58 42 3 61 25 71 38 29 24 22
split_gain=3.82392e-06 1.25274e-06 3.6476e-07 5.00935e-08 5.29002e-08 2.37189e-08 2.26127e-08 6.94149e-09 5.48673e-09 1.04426e-09 6.13779e-10 1.60798e-10
threshold=1.1407379490150575 -1.1115438371884896 -1.3256438904594359 -0.52673171056024115 0.73564041780086586 1.0000000180025095e-35 -0.15876703176308338 0.15617600107783722 0.13828780416414868 0.1848003585040433 0.30998131197583778 -1.0000000180025095e-35
decision_type=2 2 2 2 2 2 2 2 2 2 2 2
left_child=1 -1 -3 6 5 7 -4 8 -5 11 -8 -9
right_child=-2 2 3 4 -6 -7 10 9 -10 -11 -12 -13
leaf_value=-3.6625343879374367e-05 4.0973097229652927e-05 -1.950175477153001e-05 5.4491992462620435e-06 -5.2282683403366832e-07 -8.7007138063199818e-06 -5.5876937646341199e-06 6.3834199863777047e-07 2.8272731924516824e-07 -3.5468237304788383e-06 -6.0093911239770615e-07 -3.730754509471504e-07 8.0041108958539621e-07
leaf_weight=2.9999999999999991 4.9999999999999991 2.9999999999999991 3 3.0000000000000098 2.9999999999999991 2.9999999999999991 2.9999999999999982 3.0000000000000018 3 3 3 2.9999999999999964
leaf_count=3 5 3 3 3 3 3 3 3 3 3 3 3
internal_value=2.69764e-13 -5.69071e-06 -2.87847e-06 -1.21614e-06 -2.55369e-06 -1.52919e-06 1.90482e-06 -7.1749e-07 -2.03483e-06 1.60733e-07 1.32633e-07 5.41569e-07
internal_weight=41 36 33 30 21 18 9 15 6 9 6 6
internal_count=41 36 33 30 21 18 9 15 6 9 6 6
is_linear=0
shrinkage=0.05


Tree=267
num_leaves=11
num_cat=0
split_feature=60 63 84 67 62 36 73 63 27 36
split_gain=3.80641e-06 1.37482e-06 2.07332e-07 8.52028e-08 4.52808e-08 1.37713e-08 9.92123e-09 1.44879e-09 8.0302e-10 2.51674e-11
threshold=-1.8620518998375541 0.095317395041392708 1.0593783796225538 0.96044845770644816 0.79475963620986556 0.39326775818027954 -0.2562186201010494 0.13184610945243469 0.11683106831262474 -0.075226369772536092
decision_type=2 2 2 2 2 2 2 2 2 2
left_child=-1 -2 3 4 6 -6 -3 -8 -9 -10
right_child=1 2 -4 -5 5 -7 7 8 9 -11
leaf_value=5.4220917885080178e-05 -3.2008051903176238e-05 -2.5242141475700888e-06 8.3846964116673927e-06 -1.061834615635841e-05 -7.5272637332091083e-06 -3.2421994910691857e-06 1.1035590262054014e-06 -5.7111318483293884e-07 2.4107606956628511e-07 4.4588249844916117e-07
leaf_weight=2.9999999999999991 3.9999999999999991 4.0000000000000044 4.9999999999999991 2.9999999999999991 3 5 4.0000000000000044 3.9999999999999982 3.0000000000000027 2.9999999999999973
leaf_count=3 4 4 5 3 3 5 4 4 3 3
internal_value=8.42946e-14 -4.2806e-06 -1.01855e-06 -2.63979e-06 -1.71919e-06 -4.8491e-06 -3.28122e-07 2.99333e-07 -2.23577e-08 3.43479e-07
internal_weight=41 38 34 29 26 8 18 14 10 6
internal_count=41 38 34 29 26 8 18 14 10 6
is_linear=0
shrinkage=0.05


Tree=268
num_leaves=11
num_cat=0
split_feature=31 86 30 3 63 61 21 24 58 17
split_gain=3.68368e-06 1.08139e-06 1.39249e-06 1.93741e-07 1.45791e-07 9.4922e-08 3.10772e-08 7.83555e-09 1.16411e-09 3.4472e-11
threshold=1.844318609866801 -0.78710272001059123 -0.50457643785524731 0.87678454559947971 0.10998882247946699 1.0000000180025095e-35 -1.0000000180025095e-35 0.82316361326718435 -0.41409886781040078 -0.18619640579903343
decision_type=2 2 2 2 2 2 2 2 2 2
left_child=1 2 -1 5 -5 7 -7 8 -3 -10
right_child=-2 3 -4 4 -6 6 -8 -9 9 -11
leaf_value=-5.0441232269804448e-06 4.5581603717437251e-05 -7.3150217190231968e-07 -4.8133097031192551e-05 1.5357311106830217e-05 -2.3065883093901595e-07 -4.3338259274605653e-06 -1.1530724683931719e-05 -2.5524069542370853e-06 2.0612247453755098e-07 4.0305129687112631e-07
leaf_weight=5.0000000000000009 3.9999999999999991 4.0000000000000044 2.9999999999999991 2.9999999999999991 3 3 2.9999999999999991 3.9999999999999991 5.0000000000000036 4
leaf_count=5 4 4 3 3 3 3 3 4 5 4
internal_value=-1.53893e-13 -4.92774e-06 -2.12025e-05 -4.38156e-07 7.56333e-06 -2.5255e-06 -7.93228e-06 -6.17225e-07 -2.17839e-08 2.93646e-07
internal_weight=41 37 8 29 6 23 6 17 13 9
internal_count=41 37 8 29 6 23 6 17 13 9
is_linear=0
shrinkage=0.05


Tree=269
num_leaves=12
num_cat=0
split_feature=45 36 67 24 31 12 54 48 58 76 22
split_gain=3.63676e-06 1.09536e-06 2.55212e-07 1.65677e-07 4.90517e-08 1.62024e-08 1.66681e-08 8.83516e-09 2.85005e-09 2.57328e-09 8.71848e-10
threshold=-1.4738893408630298 -1.5994330797532534 1.7108425301081198 -1.2083956494791028 0.86853729573652683 -0.37568355051934671 -0.13038224076311566 0.1300363569748603 -0.41409886781040078 0.52235151126728041 -1.0000000180025095e-35
decision_type=2 2 2 2 2 2 2 2 2 2 2
left_child=-1 -2 3 -3 5 7 -7 9 -8 -5 -10
right_child=1 2 -4 4 -6 6 8 -9 10 -11 -12
leaf_value=5.299886858362394e-05 -3.3179643529971752e-05 1.0794222422797867e-05 -1.5643238051173591e-05 -1.1297865768256081e-06 -6.6895298004965305e-06 -5.2177922043483706e-06 -2.0022405806230384e-06 2.9486498230350363e-06 -8.8193908140965538e-07 5.7166706028510813e-07 3.2349872374955542e-07
leaf_weight=2.9999999999999991 2.9999999999999991 2.9999999999999956 2.9999999999999991 4.0000000000000018 3.9999999999999991 2.9999999999999991 3.9999999999999982 2.9999999999999991 2.9999999999999982 5 3.0000000000000089
leaf_count=3 3 3 3 4 4 3 4 3 3 5 3
internal_value=-3.04182e-13 -4.18412e-06 -1.69879e-06 -3.91499e-07 -1.54864e-06 -7.26101e-07 -1.94905e-06 5.98762e-07 -9.68428e-07 -1.84535e-07 -2.7922e-07
internal_weight=41 38 35 32 29 25 13 12 10 9 6
internal_count=41 38 35 32 29 25 13 12 10 9 6
is_linear=0
shrinkage=0.05


Tree=270
num_leaves=12
num_cat=0
split_feature=67 36 85 26 31 61 71 36 39 83 38
split_gain=3.56392e-06 9.29116e-07 7.30879e-07 1.48797e-07 3.86042e-08 1.47234e-08 8.7709e-09 7.73081e-09 7.52723e-09 8.98011e-10 3.07897e-11
threshold=1.7108425301081198 -1.5994330797532534 -0.85435975191747338 -1.0790087864735085 0.86853729573652683 1.0000000180025095e-35 0.15617600107783722 -0.4884421823307819 0.15775280667305555 0.29063875625630925 0.20387467856347977
decision_type=2 2 2 2 2 2 2 2 2 2 2
left_child=1 -1 -3 -4 5 6 -5 -8 -7 10 -9
right_child=-2 2 3 4 -6 8 7 9 -10 -11 -12
leaf_value=-3.1520661286776887e-05 4.4834543405158915e-05 -2.605874312090843e-05 1.0370011356523417e-05 -2.102107259815959e-06 -6.7062026573694318e-06 -4.6338904212461788e-06 2.8031826370048833e-06 3.9789780809466522e-07 -1.0919435226242055e-06 -6.4628014229128883e-07 1.9528241978150616e-07
leaf_weight=2.9999999999999991 3.9999999999999991 2.9999999999999991 2.9999999999999991 4.0000000000000133 2.9999999999999991 2.9999999999999991 3.0000000000000062 2.9999999999999911 3 4 5
leaf_count=3 4 3 3 4 3 3 3 3 3 4 5
internal_value=-2.80751e-13 -4.84698e-06 -2.49342e-06 -2.12902e-07 -1.34679e-06 -7.03656e-07 -2.1784e-08 5.32969e-07 -2.86292e-06 -3.45846e-08 2.71263e-07
internal_weight=41 37 34 31 28 25 19 15 6 12 8
internal_count=41 37 34 31 28 25 19 15 6 12 8
is_linear=0
shrinkage=0.05


Tree=271
num_leaves=12
num_cat=0
split_feature=49 10 86 84 60 70 67 70 42 34 40
split_gain=3.44747e-06 3.40597e-06 8.83057e-07 1.19546e-06 3.17649e-07 2.30737e-07 4.20831e-08 3.93635e-08 1.4489e-08 5.47672e-09 1.28841e-10
threshold=1.2633800705949241 -1.0000000180025095e-35 -0.78710272001059123 -1.0000000180025095e-35 1.222149237289613 -1.0276450609751477 -0.1751743822906188 1.0000000180025095e-35 0.70780147206209587 -0.6133191596846963 -1.2466339109171496
decision_type=2 2 2 2 2 2 2 2 2 2 2
left_child=2 -2 3 -1 5 -4 8 -8 9 10 -7
right_child=1 -3 4 -5 -6 6 7 -9 -10 -11 -12
leaf_value=-5.6218112331407596e-06 -2.6540127085657628e-06 7.2689279644085525e-05 1.3208425464957434e-05 -4.5546109443724469e-05 -1.7019280615689544e-05 -1.3504496791938419e-07 -9.1104153398191553e-06 -1.5337981778884566e-06 -3.1128819803901329e-06 2.6290769862195367e-06 2.7942800443270246e-07
leaf_weight=5.0000000000000009 3 2.9999999999999991 3.0000000000000027 2.9999999999999991 2.9999999999999991 3.0000000000000027 2.9999999999999991 4 2.9999999999999991 3.0000000000000027 4.9999999999999991
leaf_count=5 3 3 3 3 3 3 3 4 3 3 5
internal_value=5.51797e-14 3.50176e-05 -6.00302e-06 -2.05934e-05 -1.67994e-06 2.37476e-07 -1.61552e-06 -4.78092e-06 -3.2815e-08 8.07203e-07 1.24001e-07
internal_weight=41 6 35 8 27 24 21 7 14 11 8
internal_count=41 6 35 8 27 24 21 7 14 11 8
is_linear=0
shrinkage=0.05


Tree=272
num_leaves=12
num_cat=0
split_feature=45 37 67 26 74 22 64 63 29 10 26
split_gain=3.33823e-06 8.42491e-07 2.8534e-07 1.64433e-07 4.52721e-08 1.09435e-08 1.11516e-08 6.12841e-09 5.20566e-10 2.46325e-10 1.04754e-11
threshold=-1.4738893408630298 -1.3793881901517298 1.7108425301081198 -1.0790087864735085 -1.7460098240853812 0.64167914583452401 0.15306972653340764 0.10534493080555161 -0.26710668409055216 -1.0000000180025095e-35 1.0000000180025095e-35
decision_type=2 2 2 2 2 2 2 2 2 2 2
left_child=-1 -2 3 -3 -5 7 -7 -6 -9 10 -10
right_child=1 2 -4 4 5 6 -8 8 9 -11 -12
leaf_value=5.0777028203204588e-05 -2.9437997970186798e-05 9.0360899321240218e-06 -1.6573611355852338e-05 -7.6052941343126195e-06 -1.8580661981104589e-06 -4.4967280700802801e-06 -7.6316151194077958e-07 7.9582766829844238e-07 1.541952353060574e-07 -3.3463158691423279e-07 2.8632780413317954e-07
leaf_weight=2.9999999999999991 2.9999999999999991 3.9999999999999956 2.9999999999999991 2.9999999999999991 5.0000000000000133 4 4 3.0000000000000027 3.0000000000000018 2.9999999999999929 3
leaf_count=3 3 4 3 3 5 4 4 3 3 3 3
internal_value=4.88022e-14 -4.00871e-06 -1.82906e-06 -4.46758e-07 -1.80145e-06 -1.10499e-06 -2.62994e-06 -3.87363e-07 2.2543e-07 3.52972e-08 2.20262e-07
internal_weight=41 38 35 32 28 25 8 17 12 9 6
internal_count=41 38 35 32 28 25 8 17 12 9 6
is_linear=0
shrinkage=0.05


Tree=273
num_leaves=11
num_cat=0
split_feature=25 63 43 84 56 21 70 14 31 26
split_gain=3.28641e-06 1.06832e-06 7.11876e-07 1.51555e-07 3.68909e-08 7.95753e-09 4.8372e-09 6.22716e-10 2.75914e-10 9.45406e-12
threshold=-0.14357474122842537 0.095317395041392708 0.87351600050211309 1.0593783796225538 0.28010265995935707 -0.26915416382707241 0.73942644254834755 0.4047917784271225 -0.98379895222838531 1.0000000180025095e-35
decision_type=2 2 2 2 2 2 2 2 2 2
left_child=1 -1 3 4 6 -6 7 8 -3 -10
right_child=-2 2 -4 -5 5 -7 -8 -9 9 -11
leaf_value=-2.9637705983986963e-05 3.7984385292020308e-05 -3.7802652741447631e-07 -2.5416873540962115e-05 8.0873856950347539e-06 -3.0765171231905694e-06 -6.4830889944763234e-06 -1.7441440135712583e-06 7.6327281703925112e-07 1.4648547714083751e-07 2.7201141013695929e-07
leaf_weight=3.9999999999999991 4.9999999999999991 3.0000000000000027 2.9999999999999991 4.9999999999999991 4 2.9999999999999991 3.9999999999999991 3.9999999999999991 3.0000000000000062 3
leaf_count=4 5 3 3 5 4 3 4 4 3 3
internal_value=2.91149e-14 -5.27561e-06 -2.23035e-06 1.68259e-07 -1.48156e-06 -4.53648e-06 -2.23651e-07 2.44192e-07 1.34901e-08 2.09248e-07
internal_weight=41 36 32 29 24 7 17 13 9 6
internal_count=41 36 32 29 24 7 17 13 9 6
is_linear=0
shrinkage=0.05


Tree=274
num_leaves=12
num_cat=0
split_feature=60 63 84 25 56 44 70 1 14 31 26
split_gain=3.32178e-06 1.08183e-06 1.81096e-07 8.04692e-08 4.4983e-08 2.59158e-08 4.36557e-09 3.38696e-09 5.62001e-10 2.49012e-10 8.53229e-12
threshold=-1.8620518998375541 0.095317395041392708 1.0593783796225538 -0.14357474122842537 0.28010265995935707 0.36784840575575484 0.73942644254834755 -0.058590785479054296 0.4047917784271225 -0.98379895222838531 1.0000000180025095e-35
decision_type=2 2 2 2 2 2 2 2 2 2 2
left_child=-1 -2 3 4 6 -6 8 -7 9 -3 -11
right_child=1 2 -4 -5 5 7 -8 -9 -10 10 -12
leaf_value=5.0651765195652847e-05 -2.8594988134500457e-05 -3.5912521146504603e-07 7.6830165016872347e-06 -1.0374109721548534e-05 -8.3784366627999925e-06 -3.874756779017236e-06 -1.6569368227692395e-06 -1.4988497772113377e-06 7.2510918016632794e-07 1.3916120262062255e-07 2.5841084152489195e-07
leaf_weight=2.9999999999999991 3.9999999999999991 3.0000000000000018 4.9999999999999991 3.0000000000000027 2.9999999999999982 3 3.9999999999999991 3 3.9999999999999991 3.0000000000000036 3
leaf_count=3 4 3 5 3 3 3 4 3 4 3 3
internal_value=-8.13831e-14 -3.99882e-06 -1.10516e-06 -2.62036e-06 -1.7257e-06 -4.58401e-06 -2.12469e-07 -2.6868e-06 2.31983e-07 1.28156e-08 1.98786e-07
internal_weight=41 38 34 29 26 9 17 6 13 9 6
internal_count=41 38 34 29 26 9 17 6 13 9 6
is_linear=0
shrinkage=0.05


Tree=275
num_leaves=11
num_cat=0
split_feature=31 86 30 84 25 62 24 43 84 6
split_gain=3.26871e-06 8.59345e-07 1.16711e-06 1.523e-07 7.84202e-08 2.09405e-08 4.27081e-09 3.19526e-10 4.56476e-11 1.34032e-11
threshold=1.844318609866801 -0.78710272001059123 -0.50457643785524731 1.0593783796225538 -0.14357474122842537 0.488061090185886 1.0996342430017807 -0.8045988013843115 -0.58271898432198876 -1.0000000180025095e-35
decision_type=2 2 2 2 2 2 2 2 2 2
left_child=1 2 -1 4 5 6 7 -3 -9 -10
right_child=-2 3 -4 -5 -6 -7 -8 8 9 -11
leaf_value=-4.3568596629484077e-06 4.2937565103784438e-05 -3.9082217805722911e-07 -4.3804918944564028e-05 7.2988652391359212e-06 -9.8554039141163122e-06 -4.0377216646447786e-06 -2.0311686209121645e-06 3.4345108209284486e-08 2.0754191609739755e-07 3.4735007830022486e-07
leaf_weight=5.0000000000000009 3.9999999999999991 3.0000000000000062 2.9999999999999991 4.9999999999999991 3.0000000000000027 4.9999999999999991 2.9999999999999991 3.0000000000000062 4.0000000000000062 2.9999999999999893
leaf_count=5 4 3 3 5 3 5 3 3 4 3
internal_value=-1.89663e-13 -4.6419e-06 -1.91499e-05 -6.39697e-07 -2.29356e-06 -1.2133e-06 -3.3067e-07 6.17528e-08 1.97525e-07 2.6746e-07
internal_weight=41 37 8 29 24 21 16 13 10 7
internal_count=41 37 8 29 24 21 16 13 10 7
is_linear=0
shrinkage=0.05


Tree=276
num_leaves=12
num_cat=0
split_feature=62 51 58 74 25 71 84 54 34 12 42
split_gain=3.11488e-06 8.93503e-07 2.67867e-07 4.005e-08 2.95941e-08 3.55185e-08 9.85877e-09 4.36381e-09 6.23816e-10 9.89955e-11 3.24601e-11
threshold=1.1407379490150575 -1.1115438371884896 -1.3256438904594359 -1.7460098240853812 -0.18882967535815606 0.30032957421783452 0.59973374985951766 1.0500252261033947 1.0000000180025095e-35 -0.92945915214086694 -0.88890179408427084
decision_type=2 2 2 2 2 2 2 2 2 2 2
left_child=1 -1 -3 -4 -5 6 7 8 9 -6 -11
right_child=-2 2 3 4 5 -7 -8 -9 -10 10 -12
leaf_value=-3.1261507926198345e-05 3.6979861115469247e-05 -1.7006396107414426e-05 -6.8171679837784429e-06 3.954486616445739e-06 -1.4663189062957784e-07 -6.401914773353686e-06 -3.2394722438766624e-06 -1.5999875785155383e-06 9.1171358841772112e-07 6.0141140541721298e-08 2.6817991056304906e-07
leaf_weight=2.9999999999999991 4.9999999999999991 2.9999999999999991 2.9999999999999991 3.0000000000000027 3.000000000000008 2.9999999999999991 2.9999999999999991 3.9999999999999991 2.9999999999999991 3.0000000000000071 4.9999999999999964
leaf_count=3 5 3 3 3 3 3 3 4 3 3 5
internal_value=1.48209e-13 -5.13609e-06 -2.76105e-06 -1.33652e-06 -7.27559e-07 -1.31281e-06 -5.858e-07 -1.43521e-07 2.72612e-07 9.83116e-08 1.90165e-07
internal_weight=41 36 33 30 27 24 21 18 14 11 8
internal_count=41 36 33 30 27 24 21 18 14 11 8
is_linear=0
shrinkage=0.05


Tree=277
num_leaves=11
num_cat=0
split_feature=71 63 84 43 70 24 67 34 24 49
split_gain=3.07662e-06 7.94662e-07 1.61063e-07 8.5539e-08 2.83005e-08 1.383e-08 1.1613e-08 5.28676e-10 8.38635e-11 1.30984e-11
threshold=-0.16160430034313275 0.095317395041392708 1.0593783796225538 0.87351600050211309 -0.15618993564922337 -1.2083956494791028 1.0000000180025095e-35 1.0000000180025095e-35 0.64286568603343619 -0.62668985471883287
decision_type=2 2 2 2 2 2 2 2 2 2
left_child=-1 -2 3 4 5 -3 7 8 9 -6
right_child=1 2 -4 -5 6 -7 -8 -9 -10 -11
leaf_value=4.8746798787154454e-05 -2.2423968257498931e-05 -1.6841067539038095e-06 7.2322373671340757e-06 -1.0487849916292665e-05 1.2515181992966957e-07 -6.1750648455927094e-06 -2.5514723938613315e-06 8.6612790255458101e-07 -1.118422763587053e-07 2.6336098812862448e-07
leaf_weight=2.9999999999999991 4.9999999999999991 3 4.9999999999999991 2.9999999999999991 3.0000000000000027 4.0000000000000027 4.9999999999999991 2.9999999999999991 3 4.0000000000000027
leaf_count=3 5 3 5 3 3 4 5 3 3 4
internal_value=1.66787e-13 -3.84843e-06 -1.03396e-06 -2.51006e-06 -1.55273e-06 -4.25037e-06 -5.03645e-07 2.83981e-07 1.09337e-07 2.04128e-07
internal_weight=41 38 33 28 25 7 18 13 10 7
internal_count=41 38 33 28 25 7 18 13 10 7
is_linear=0
shrinkage=0.05


Tree=278
num_leaves=11
num_cat=0
split_feature=31 86 30 26 61 49 21 28 71 30
split_gain=2.93298e-06 8.2947e-07 1.01118e-06 1.42508e-07 6.66518e-08 3.74614e-08 7.80555e-09 4.45101e-09 9.26352e-10 5.06836e-11
threshold=1.844318609866801 -0.78710272001059123 -0.50457643785524731 -1.0790087864735085 -1.0000000180025095e-35 0.39363667033338207 -0.74372871717008715 -0.22457409675981752 0.17103767927441871 -0.13894510335237895
decision_type=2 2 2 2 2 2 2 2 2 2
left_child=1 2 -1 -3 6 -6 -5 -8 -9 -10
right_child=-2 3 -4 4 5 -7 7 8 9 -11
leaf_value=-4.8812392924446599e-06 4.0672771319805179e-05 8.2975256759709672e-06 -4.1599599110971519e-05 2.2184501782855123e-06 -1.0047633744155365e-05 -2.9802057576944204e-06 -2.2991202096515382e-06 -8.7566977526876354e-07 -7.8790018657552102e-09 2.5207882345057461e-07
leaf_weight=5.0000000000000009 3.9999999999999991 4.0000000000000027 2.9999999999999991 3.0000000000000062 3 5 3.0000000000000062 2.999999999999992 3.0000000000000044 4.9999999999999956
leaf_count=5 4 4 3 3 3 5 3 3 3 5
internal_value=4.53361e-14 -4.39706e-06 -1.86506e-05 -4.65038e-07 -1.86705e-06 -5.63049e-06 -9.60154e-08 -5.91972e-07 -1.26387e-07 1.54595e-07
internal_weight=41 37 8 29 25 8 17 14 11 8
internal_count=41 37 8 29 25 8 17 14 11 8
is_linear=0
shrinkage=0.05


Tree=279
num_leaves=12
num_cat=0
split_feature=45 36 67 24 31 12 36 49 33 63 6
split_gain=3.00528e-06 7.6625e-07 1.92681e-07 1.39306e-07 4.84567e-08 1.65187e-08 1.2591e-08 8.80584e-09 5.63051e-09 2.16869e-09 1.8281e-11
threshold=-1.4738893408630298 -1.5994330797532534 1.7108425301081198 -1.2083956494791028 0.86853729573652683 -0.63272149801129818 -0.52845248860071514 1.2633800705949241 -1.0000000180025095e-35 0.10998882247946699 -1.0000000180025095e-35
decision_type=2 2 2 2 2 2 2 2 2 2 2
left_child=-1 -2 3 -3 5 8 -7 9 -5 -8 -11
right_child=1 2 -4 4 -6 6 7 -9 -10 10 -12
leaf_value=4.8178336752850254e-05 -2.8054953630392751e-05 9.6679877439479964e-06 -1.3841168159463756e-05 2.7535467628088851e-06 -6.759634015907068e-06 -4.6536986095209866e-06 -1.4159203601593589e-06 -3.0669751595269191e-06 1.3593326002592215e-08 1.2089284524563475e-07 2.8417094502704764e-07
leaf_weight=2.9999999999999991 2.9999999999999991 2.9999999999999956 2.9999999999999991 3 3.9999999999999991 3.0000000000000027 3.0000000000000053 3.9999999999999991 5.0000000000000018 4.0000000000000009 2.9999999999999991
leaf_count=3 3 3 3 3 4 3 3 4 5 4 3
internal_value=1.37672e-13 -3.80355e-06 -1.72486e-06 -5.88957e-07 -1.65002e-06 -8.32483e-07 -1.71416e-06 -1.08426e-06 1.04108e-06 -2.91168e-07 1.90869e-07
internal_weight=41 38 35 32 29 25 17 14 8 10 7
internal_count=41 38 35 32 29 25 17 14 8 10 7
is_linear=0
shrinkage=0.05


Tree=280
num_leaves=13
num_cat=0
split_feature=67 37 85 58 70 77 62 71 48 7 31 1
split_gain=2.86347e-06 6.54917e-07 5.6056e-07 1.41079e-07 3.96468e-08 8.2934e-09 7.09252e-09 2.79855e-09 4.89811e-10 4.61722e-10 3.02303e-11 3.32136e-12
threshold=1.7108425301081198 -1.3793881901517298 -0.85435975191747338 0.76292358488311807 -0.81985387839257473 1.6014484554294379 0.79475963620986556 0.15617600107783722 0.1300363569748603 -0.47676677398645534 -0.65768967809081003 -0.27481233249325943
decision_type=2 2 2 2 2 2 2 2 2 2 2 2
left_child=1 -1 -3 4 -4 6 7 -6 10 -8 -9 -12
right_child=-2 2 3 -5 5 -7 9 8 -10 -11 11 -13
leaf_value=-2.6739113188038274e-05 4.0187867671193093e-05 -2.3006384314309495e-05 -7.0889538619667217e-06 8.3919335338578094e-06 -1.4257783883901185e-06 -3.4514465899822732e-06 -1.655290543567389e-06 -3.2418627900672861e-08 8.3489762801036706e-07 -2.5325226791513463e-06 1.2477155451051636e-07 1.991731361764936e-07
leaf_weight=2.9999999999999991 3.9999999999999991 2.9999999999999991 3.0000000000000027 3.9999999999999991 3.0000000000000098 2.9999999999999991 3 3.0000000000000044 2.9999999999999991 2.9999999999999991 3.0000000000000044 2.9999999999999893
leaf_count=3 4 3 3 4 3 3 3 3 3 3 3 3
internal_value=1.75521e-13 -4.34463e-06 -2.36865e-06 -3.71451e-07 -1.66973e-06 -9.92327e-07 -6.41024e-07 -5.98709e-08 2.81606e-07 -2.09391e-06 9.71754e-08 1.61972e-07
internal_weight=41 37 34 31 27 24 21 15 12 6 9 6
internal_count=41 37 34 31 27 24 21 15 12 6 9 6
is_linear=0
shrinkage=0.05


Tree=281
num_leaves=11
num_cat=0
split_feature=60 63 84 67 71 61 68 71 48 30
split_gain=2.76377e-06 8.9606e-07 1.54229e-07 7.87953e-08 3.23068e-08 8.26787e-09 4.27053e-09 3.30908e-09 3.96561e-10 3.24572e-11
threshold=-1.8620518998375541 0.095317395041392708 1.0593783796225538 0.96044845770644816 -0.07899608317294772 1.0000000180025095e-35 -0.26364454494975387 0.17103767927441871 0.1300363569748603 -0.40302351960654509
decision_type=2 2 2 2 2 2 2 2 2 2
left_child=-1 -2 3 4 -3 7 -7 -6 9 -9
right_child=1 2 -4 -5 5 6 -8 8 -10 -11
leaf_value=4.6201927095050151e-05 -2.6032476500859048e-05 -5.6604220389999636e-06 7.0961227902444084e-06 -1.0084973109769636e-05 -1.2484149772262728e-06 -1.0243630678511786e-06 -3.6922366537813412e-06 -1.0951951405028594e-08 7.9315275343105879e-07 1.9707762248799584e-07
leaf_weight=2.9999999999999991 3.9999999999999991 4.0000000000000027 4.9999999999999991 2.9999999999999991 5.0000000000000098 3 2.9999999999999991 3.0000000000000062 3 4.999999999999992
leaf_count=3 4 4 5 3 5 3 3 3 3 5
internal_value=-4.35337e-14 -3.64752e-06 -1.014e-06 -2.41229e-06 -1.52698e-06 -7.75449e-07 -2.3583e-06 -1.8188e-07 3.02908e-07 1.19067e-07
internal_weight=41 38 34 29 26 22 6 16 11 8
internal_count=41 38 34 29 26 22 6 16 11 8
is_linear=0
shrinkage=0.05


Tree=282
num_leaves=11
num_cat=0
split_feature=25 63 43 76 44 48 1 29 7 14
split_gain=2.7141e-06 8.02395e-07 6.79337e-07 1.09969e-07 1.34838e-07 1.87782e-08 9.24549e-09 5.27474e-09 1.96736e-09 3.48569e-10
threshold=-0.14357474122842537 0.095317395041392708 0.87351600050211309 0.62475254766422983 0.36784840575575484 -0.31998969877121719 1.0000000180025095e-35 0.15364598432043311 -0.36569196616769345 1.0000000180025095e-35
decision_type=2 2 2 2 2 2 2 2 2 2
left_child=1 -1 3 5 -5 6 -3 9 -9 -7
right_child=-2 2 -4 4 -6 7 -8 8 -10 -11
leaf_value=-2.5907681083481295e-05 3.4518929578553073e-05 -2.3016901513983603e-06 -2.4805531211313792e-05 1.4840234371149561e-07 1.3556761768995782e-05 8.7427207517976002e-08 -5.8127183971616113e-06 -2.5327131879748773e-06 -7.2193018543960824e-07 8.0039973605986817e-07
leaf_weight=3.9999999999999991 4.9999999999999991 5.0000000000000018 2.9999999999999991 5 3 4.0000000000000018 3 3 3 3
leaf_count=4 5 5 3 5 3 4 3 3 3 3
internal_value=-2.63421e-14 -4.7943e-06 -2.15512e-06 1.88023e-07 5.17654e-06 -1.71236e-06 -3.61833e-06 -5.39463e-07 -1.62732e-06 3.92987e-07
internal_weight=41 36 32 29 8 21 8 13 6 7
internal_count=41 36 32 29 8 21 8 13 6 7
is_linear=0
shrinkage=0.05


Tree=283
num_leaves=11
num_cat=0
split_feature=31 86 30 3 63 3 36 63 43 34
split_gain=2.69454e-06 6.74368e-07 9.09624e-07 1.24886e-07 1.21801e-07 7.46638e-08 1.74196e-08 9.35518e-09 2.87213e-10 2.41025e-11
threshold=1.844318609866801 -0.78710272001059123 -0.50457643785524731 0.87678454559947971 0.10998882247946699 0.73564041780086586 -0.52845248860071514 0.11486272365329754 -0.8045988013843115 -0.86219898513190329
decision_type=2 2 2 2 2 2 2 2 2 2
left_child=1 2 -1 5 -5 6 -3 -8 -9 -10
right_child=-2 3 -4 4 -6 -7 7 8 9 -11
leaf_value=-4.0069102760753581e-06 3.8984449292911454e-05 -4.7543519031023498e-06 -3.8832639135459133e-05 1.2878923250051837e-05 -1.3689151008596426e-06 -9.7005726274801422e-06 -2.7363263598090223e-06 -4.0025712830053234e-07 2.3517399768024885e-07 7.9924067222237013e-08
leaf_weight=5.0000000000000009 3.9999999999999991 3.0000000000000062 2.9999999999999991 2.9999999999999991 3 2.9999999999999991 4.0000000000000062 3.0000000000000062 5.0000000000000062 4.9999999999999849
leaf_count=5 4 3 3 3 3 3 4 3 5 5
internal_value=-1.77046e-13 -4.21454e-06 -1.70666e-05 -6.6915e-07 5.755e-06 -2.34502e-06 -1.24168e-06 -6.21799e-07 2.88245e-08 1.57549e-07
internal_weight=41 37 8 29 6 23 20 17 13 10
internal_count=41 37 8 29 6 23 20 17 13 10
is_linear=0
shrinkage=0.05


Tree=284
num_leaves=12
num_cat=0
split_feature=45 52 31 26 61 71 64 48 71 30 10
split_gain=2.7558e-06 6.61812e-07 2.33117e-07 1.25541e-07 2.52229e-08 1.19811e-08 8.84479e-09 6.18903e-09 1.79186e-09 2.53671e-11 3.82893e-12
threshold=-1.4738893408630298 1.0840582693199898 1.844318609866801 -1.0790087864735085 1.0000000180025095e-35 0.30032957421783452 -1.365593271313301 0.1300363569748603 0.15617600107783722 -0.40302351960654509 -0.37924664133383124
decision_type=2 2 2 2 2 2 2 2 2 2 2
left_child=-1 2 3 -2 6 -6 -5 8 -8 -10 -11
right_child=1 -3 -4 4 5 -7 7 -9 9 10 -12
leaf_value=4.6135250401372717e-05 9.6297026781636926e-06 -2.2880032986449805e-05 -1.4687741349916906e-05 -2.6864501099528996e-06 -2.0065203807462237e-06 -6.0033699507281794e-06 -1.1514501451870255e-06 1.9781488560965956e-06 1.7041410652988479e-09 1.3983173327384643e-07 2.1971631364673848e-07
leaf_weight=2.9999999999999991 2.9999999999999991 3.9999999999999991 2.9999999999999991 3.0000000000000062 5 3 4.0000000000000062 3.9999999999999991 3.0000000000000053 3.0000000000000053 2.9999999999999876
leaf_count=3 3 4 3 3 5 3 4 4 3 3 3
internal_value=-1.81344e-13 -3.64226e-06 -1.37899e-06 -9.10452e-08 -1.13255e-06 -3.50534e-06 -1.8344e-07 2.58268e-07 -2.70926e-07 1.20417e-07 1.79774e-07
internal_weight=41 38 34 31 28 8 20 17 13 9 6
internal_count=41 38 34 31 28 8 20 17 13 9 6
is_linear=0
shrinkage=0.05


Tree=285
num_leaves=11
num_cat=0
split_feature=71 60 6 84 70 24 63 62 34 78
split_gain=2.56428e-06 6.2562e-07 4.68964e-07 1.27063e-07 3.78286e-08 3.08128e-08 7.55863e-09 1.52031e-09 7.5418e-10 7.65416e-12
threshold=-0.16160430034313275 1.094402299754244 -0.32116387703434074 1.0593783796225538 -0.15618993564922337 -0.71925580967126623 0.10534493080555161 -1.1279752011279853 -1.0000000180025095e-35 -0.53491940671093674
decision_type=2 2 2 2 2 2 2 2 2 2
left_child=-1 3 -3 4 5 -2 -6 -8 9 -9
right_child=1 2 -4 -5 6 -7 7 8 -10 -11
leaf_value=4.4503259005068685e-05 -2.177519063479849e-06 -5.8065729206191451e-06 -3.1958174076862633e-05 7.8518845839425925e-06 -2.1512536659429285e-06 -8.5871761257294481e-06 -7.1034644975043142e-07 9.8392928885952222e-08 1.1063059408418996e-06 2.0404478675573044e-07
leaf_weight=2.9999999999999991 5 4 2.9999999999999991 3.9999999999999991 5.0000000000000062 3.0000000000000018 4.0000000000000027 3.0000000000000027 2.999999999999992 4
leaf_count=3 5 4 3 4 5 3 4 3 3 4
internal_value=-1.5346e-14 -3.51342e-06 -1.70144e-05 -4.64805e-07 -1.69691e-06 -4.58114e-06 -4.82494e-07 1.13492e-07 4.43028e-07 1.58765e-07
internal_weight=41 38 7 31 27 8 19 14 10 7
internal_count=41 38 7 31 27 8 19 14 10 7
is_linear=0
shrinkage=0.05


Tree=286
num_leaves=12
num_cat=0
split_feature=67 36 85 24 70 12 36 1 63 7 42
split_gain=2.50799e-06 6.18411e-07 4.48424e-07 9.95139e-08 2.85915e-08 1.40469e-08 1.08404e-08 5.77077e-09 4.34886e-09 1.0852e-09 1.05049e-09
threshold=1.7108425301081198 -1.5994330797532534 -0.85435975191747338 -1.2083956494791028 -0.81985387839257473 -0.37568355051934671 -0.4884421823307819 -0.27481233249325943 0.11486272365329754 -0.47676677398645534 0.25752366751975903
decision_type=2 2 2 2 2 2 2 2 2 2 2
left_child=1 -1 -3 -4 -5 7 -7 -6 9 -8 -9
right_child=-2 2 3 4 5 6 8 10 -10 -11 -12
leaf_value=-2.5827414719969966e-05 3.7610766230500307e-05 -2.0604345324197007e-05 8.2950444721063828e-06 -5.899202612151075e-06 2.0508213253833676e-06 -4.5082051049879083e-06 -1.2602111382875581e-06 1.6866975443008394e-07 1.9575128078486155e-07 -2.6050758606288639e-06 -1.0148235257171713e-06
leaf_weight=2.9999999999999991 3.9999999999999991 2.9999999999999991 2.9999999999999991 3.0000000000000027 3.9999999999999991 3.0000000000000027 3.0000000000000018 5.0000000000000053 4 2.9999999999999929 3
leaf_count=3 4 3 3 3 4 3 3 5 4 3 3
internal_value=6.53006e-14 -4.06603e-06 -2.14591e-06 -3.59606e-07 -1.28689e-06 -7.33412e-07 -1.87211e-06 5.0018e-07 -1.08129e-06 -1.93264e-06 -2.7514e-07
internal_weight=41 37 34 31 28 25 13 12 10 6 8
internal_count=41 37 34 31 28 25 13 12 10 6 8
is_linear=0
shrinkage=0.05


Tree=287
num_leaves=12
num_cat=0
split_feature=45 52 31 26 61 71 71 36 1 28 4
split_gain=2.47432e-06 6.47315e-07 1.62036e-07 1.17512e-07 2.05043e-08 1.30119e-08 9.66673e-09 5.61692e-09 1.09522e-09 2.50242e-11 7.45556e-12
threshold=-1.4738893408630298 1.0840582693199898 1.844318609866801 -1.0790087864735085 1.0000000180025095e-35 0.30032957421783452 0.15617600107783722 -0.4884421823307819 -0.65450005394370192 1.2292192540499796 -1.069404972158899
decision_type=2 2 2 2 2 2 2 2 2 2 2
left_child=-1 2 3 -2 6 -6 -5 -8 -9 10 -10
right_child=1 -3 -4 4 5 -7 7 8 9 -11 -12
leaf_value=4.3715662589723557e-05 9.2656702690874237e-06 -2.247715269731998e-05 -1.230863927048631e-05 -2.1949740948912176e-06 -1.7241572186321718e-06 -5.8893992293936496e-06 2.2787256587738103e-06 -9.6750094726871675e-07 1.3885305255219757e-07 1.7726631540426746e-08 2.5032470981993135e-07
leaf_weight=2.9999999999999991 2.9999999999999991 3.9999999999999991 2.9999999999999991 5.0000000000000098 5 3 3.0000000000000027 3.0000000000000027 3.0000000000000018 3 2.9999999999999893
leaf_count=3 3 4 3 5 5 3 3 3 3 3 3
internal_value=7.40524e-14 -3.45124e-06 -1.21289e-06 -1.39111e-07 -1.14677e-06 -3.28612e-06 -2.91024e-07 3.43626e-07 -1.40149e-07 1.35635e-07 1.94589e-07
internal_weight=41 38 34 31 28 8 20 15 12 9 6
internal_count=41 38 34 31 28 8 20 15 12 9 6
is_linear=0
shrinkage=0.05


Tree=288
num_leaves=12
num_cat=0
split_feature=31 86 30 3 67 12 36 63 84 9 30
split_gain=2.44449e-06 6.69777e-07 8.7626e-07 1.09682e-07 5.90286e-08 1.25051e-08 9.7258e-09 4.21824e-09 2.18454e-09 4.45619e-10 8.98003e-12
threshold=1.844318609866801 -0.78710272001059123 -0.50457643785524731 1.0576530643017357 0.96044845770644816 -0.37568355051934671 -0.52845248860071514 0.11486272365329754 1.0000000180025095e-35 -0.51368374654545101 0.23196065767146562
decision_type=2 2 2 2 2 2 2 2 2 2 2
left_child=1 2 -1 4 5 8 -7 -8 10 -9 -3
right_child=-2 3 -4 -5 -6 6 7 9 -10 -11 -12
leaf_value=-4.0045195964921718e-06 3.713156465892098e-05 6.974057479662089e-09 -3.8185608476245153e-05 7.2064454343490077e-06 -8.2902366254226474e-06 -4.302483102947003e-06 -2.3142308236856489e-06 2.1285594584696785e-07 1.7206195707331057e-06 -6.4894306698685531e-07 1.293125706069986e-07
leaf_weight=5.0000000000000009 3.9999999999999991 3.0000000000000053 2.9999999999999991 3.9999999999999991 2.9999999999999991 3.0000000000000027 3.9999999999999982 3.0000000000000027 3 2.9999999999999973 3
leaf_count=5 4 3 3 4 3 3 4 3 3 3 3
internal_value=-2.02071e-13 -4.01422e-06 -1.68224e-05 -4.80926e-07 -1.71091e-06 -8.13723e-07 -1.80559e-06 -1.05652e-06 6.18969e-07 -2.18044e-07 6.81433e-08
internal_weight=41 37 8 29 25 22 13 10 9 6 6
internal_count=41 37 8 29 25 22 13 10 9 6 6
is_linear=0
shrinkage=0.05


Tree=289
num_leaves=12
num_cat=0
split_feature=62 51 58 43 28 76 54 0 46 11 18
split_gain=2.34278e-06 6.76096e-07 1.88306e-07 3.58988e-08 2.3306e-08 1.4178e-08 1.31631e-08 6.61648e-09 2.57041e-09 1.1089e-09 2.9786e-10
threshold=1.1407379490150575 -1.1115438371884896 -1.3256438904594359 0.42793734227565744 1.0000000180025095e-35 0.62475254766422983 -0.61123630519466554 -1.0000000180025095e-35 -1.0000000180025095e-35 -0.13103451500160451 0.37194042943252797
decision_type=2 2 2 2 2 2 2 2 2 2 2
left_child=1 -1 -3 5 -5 6 -4 -7 10 -10 -8
right_child=-2 2 3 4 -6 7 8 -9 9 -11 -12
leaf_value=-2.7180074054437381e-05 3.207079791536671e-05 -1.4332154266109379e-05 -3.5603092328528813e-06 -7.7693629767357684e-06 -1.5369146619074545e-06 1.1541685770074156e-07 6.7259956798200865e-07 3.4361800620293557e-06 -1.7700427330661716e-06 -4.1057110896266141e-07 4.2404047917443672e-08
leaf_weight=2.9999999999999991 4.9999999999999991 2.9999999999999991 4.0000000000000062 2.9999999999999991 3 3 3.0000000000000018 2.9999999999999991 3 2.9999999999999991 5
leaf_count=3 5 3 4 3 3 3 3 3 3 3 5
internal_value=7.18168e-14 -4.45428e-06 -2.3883e-06 -1.19391e-06 -4.65314e-06 -3.29103e-07 -1.03074e-06 1.7758e-06 -3.08002e-07 -1.09031e-06 2.78727e-07
internal_weight=41 36 33 30 6 24 18 6 14 6 8
internal_count=41 36 33 30 6 24 18 6 14 6 8
is_linear=0
shrinkage=0.05


Tree=290
num_leaves=12
num_cat=0
split_feature=49 2 86 9 70 31 67 43 0 43 29
split_gain=2.28087e-06 2.26838e-06 5.73991e-07 7.30552e-07 1.66568e-07 1.34219e-07 5.25714e-08 1.13565e-08 4.75603e-09 5.46567e-10 7.54411e-12
threshold=1.2633800705949241 0.83005469575250879 -0.78710272001059123 -0.45418738966214112 -1.0276450609751477 0.86853729573652683 0.96044845770644816 -0.8045988013843115 -1.0000000180025095e-35 -1.0000000180025095e-35 1.0000000180025095e-35
decision_type=2 2 2 2 2 2 2 2 2 2 2
left_child=2 -2 3 -1 -4 6 7 -6 9 10 -9
right_child=1 -3 4 -5 5 -7 -8 8 -10 -11 -12
leaf_value=-4.942238701914901e-06 5.9226525687942434e-05 -2.2603728818163892e-06 9.7103906531022607e-06 -3.615231204700346e-05 -2.3764080083310506e-06 -1.2678714726159038e-05 -7.5005233763173855e-06 2.0566938398284597e-07 2.1736211995933789e-06 -6.6091160420000963e-07 1.0077977066202946e-07
leaf_weight=5.0000000000000009 2.9999999999999991 3 3.0000000000000027 2.9999999999999991 5.000000000000008 2.9999999999999991 2.9999999999999991 3.0000000000000062 2.9999999999999938 2.9999999999999991 4
leaf_count=5 3 3 3 3 5 3 3 3 3 3 4
internal_value=5.85071e-14 2.84831e-05 -4.88281e-06 -1.6646e-05 -1.39742e-06 -2.7859e-06 -1.37264e-06 -3.51321e-07 4.27558e-07 -9.62608e-08 1.45732e-07
internal_weight=41 6 35 8 27 24 21 18 13 10 7
internal_count=41 6 35 8 27 24 21 18 13 10 7
is_linear=0
shrinkage=0.05


Tree=291
num_leaves=12
num_cat=0
split_feature=60 63 76 43 76 61 11 38 0 1 53
split_gain=2.23472e-06 6.72737e-07 1.16213e-07 7.21049e-08 1.78684e-08 1.85396e-08 8.01565e-09 6.14112e-09 5.1298e-09 3.53353e-09 5.58586e-10
threshold=-1.8620518998375541 0.095317395041392708 1.0778512934916167 0.87351600050211309 0.62475254766422983 1.0000000180025095e-35 -0.13103451500160451 1.0000000180025095e-35 0.67048036464423977 0.24445565244095926 0.66476490494561713
decision_type=2 2 2 2 2 2 2 2 2 2 2
left_child=-1 -2 3 4 5 6 7 -3 -7 -6 -8
right_child=1 2 -4 -5 9 8 10 -9 -10 -11 -12
leaf_value=4.1545149360899818e-05 -2.2675801028526623e-05 -3.116970788141767e-07 8.3987616259643512e-06 -9.2743571561489564e-06 2.5139664103335238e-06 -5.4653509626708306e-06 -2.8582724382886189e-08 -3.3043217172235013e-06 -2.7302167154630292e-06 8.7194871412066259e-08 8.3442458465772969e-07
leaf_weight=2.9999999999999991 3.9999999999999991 3.0000000000000027 2.9999999999999991 2.9999999999999991 2.9999999999999991 2.9999999999999991 5.0000000000000053 4 4 3 3
leaf_count=3 4 3 3 3 3 3 5 4 4 3 3
internal_value=8.53691e-14 -3.27988e-06 -9.98007e-07 -1.90737e-06 -1.11805e-06 -1.77768e-06 -7.86135e-07 -2.02177e-06 -3.90242e-06 1.30058e-06 2.95045e-07
internal_weight=41 38 34 31 28 22 15 7 7 6 8
internal_count=41 38 34 31 28 22 15 7 7 6 8
is_linear=0
shrinkage=0.05


Tree=292
num_leaves=11
num_cat=0
split_feature=31 86 30 26 61 49 71 19 68 10
split_gain=2.20671e-06 5.45091e-07 7.31407e-07 1.02316e-07 4.32228e-08 2.35457e-08 1.32204e-08 2.24918e-09 5.14326e-11 9.59335e-13
threshold=1.844318609866801 -0.78710272001059123 -0.50457643785524731 -1.0790087864735085 -1.0000000180025095e-35 0.39363667033338207 0.15617600107783722 -0.40556643261357533 0.77838100417639244 -1.0000000180025095e-35
decision_type=2 2 2 2 2 2 2 2 2 2
left_child=1 2 -1 -3 6 -6 -5 -8 9 -9
right_child=-2 3 -4 4 5 -7 7 8 -10 -11
leaf_value=-3.6580402684194256e-06 3.5279431904200466e-05 6.798279923714285e-06 -3.4886376427796978e-05 -2.9019538089869408e-06 -8.3470264750455173e-06 -2.7439622863312247e-06 1.5859116009172161e-06 7.7805939705891919e-08 -1.4826615905387064e-07 1.1520954785737586e-07
leaf_weight=5.0000000000000009 3.9999999999999991 4.0000000000000027 2.9999999999999991 4.0000000000000062 3 5 3.0000000000000044 3.0000000000000036 3 3.9999999999999893
leaf_count=5 4 4 3 4 3 5 3 3 3 4
internal_value=7.14529e-14 -3.81399e-06 -1.53687e-05 -6.26496e-07 -1.81446e-06 -4.84511e-06 -3.88272e-07 3.85169e-07 2.49458e-08 9.91794e-08
internal_weight=41 37 8 29 25 8 17 13 10 7
internal_count=41 37 8 29 25 8 17 13 10 7
is_linear=0
shrinkage=0.05


Tree=293
num_leaves=11
num_cat=0
split_feature=45 36 67 26 31 12 43 48 36 11
split_gain=2.23756e-06 5.27463e-07 1.42327e-07 9.24977e-08 2.98399e-08 1.30787e-08 1.1127e-08 5.19527e-09 3.45048e-09 2.48385e-10
threshold=-1.4738893408630298 -1.5994330797532534 1.7108425301081198 -1.0790087864735085 0.86853729573652683 -0.63272149801129818 -0.8045988013843115 -0.74232672986200965 -0.4884421823307819 0.22539959053665082
decision_type=2 2 2 2 2 2 2 2 2 2
left_child=-1 -2 3 -3 5 8 -7 -8 -5 -9
right_child=1 2 -4 4 -6 6 7 9 -10 -11
leaf_value=4.1571552780321028e-05 -2.3402880530435746e-05 7.7768764640495745e-06 -1.1970748164458201e-05 2.20355079818546e-06 -5.4553501286136455e-06 -3.8947305256442599e-06 -2.143407891708192e-06 1.2694395763901405e-07 5.864184380754974e-08 -4.4853834329690764e-07
leaf_weight=2.9999999999999991 2.9999999999999991 2.9999999999999956 2.9999999999999991 3 3.9999999999999991 4.0000000000000027 5.0000000000000027 5.0000000000000018 5.0000000000000018 3
leaf_count=3 3 3 3 3 4 4 5 5 5 3
internal_value=1.44994e-13 -3.28196e-06 -1.55731e-06 -5.81055e-07 -1.44567e-06 -8.0412e-07 -1.58864e-06 -8.79072e-07 8.62983e-07 -8.88619e-08
internal_weight=41 38 35 32 29 25 17 13 8 8
internal_count=41 38 35 32 29 25 17 13 8 8
is_linear=0
shrinkage=0.05


Tree=294
num_leaves=11
num_cat=0
split_feature=25 63 43 76 12 7 30 36 82 77
split_gain=2.09542e-06 5.95296e-07 4.91336e-07 8.04245e-08 1.70547e-08 9.49599e-09 1.01607e-08 2.84883e-09 1.55794e-09 3.40716e-10
threshold=-0.14357474122842537 0.095317395041392708 0.87351600050211309 0.77851375520763855 -0.63272149801129818 -0.45700812632866034 0.58482703831649341 -0.4884421823307819 0.68282487493919863 -1.0000000180025095e-35
decision_type=2 2 2 2 2 2 2 2 2 2
left_child=1 -1 3 4 7 -6 8 -3 9 -7
right_child=-2 2 -4 -5 5 6 -8 -9 -10 -11
leaf_value=-2.2398288820113521e-05 3.0330531499203064e-05 2.0933733708261564e-06 -2.1202295162462784e-05 5.82216257384971e-06 -1.7304486163993696e-07 -2.7646138429796912e-06 -2.4655458711701295e-07 5.510220288940099e-08 -4.5368991171320268e-06 -3.5181785885167039e-06
leaf_weight=3.9999999999999991 4.9999999999999991 3 2.9999999999999991 4.9999999999999991 5.0000000000000044 3.0000000000000027 3.0000000000000009 4.0000000000000027 3 2.9999999999999956
leaf_count=4 5 3 3 5 5 3 3 4 3 3
internal_value=-1.02292e-13 -4.21257e-06 -1.93936e-06 5.33579e-08 -1.14848e-06 -2.00376e-06 -2.76656e-06 9.28647e-07 -3.60656e-06 -3.1414e-06
internal_weight=41 36 32 29 24 17 12 7 9 6
internal_count=41 36 32 29 24 17 12 7 9 6
is_linear=0
shrinkage=0.05


Tree=295
num_leaves=11
num_cat=0
split_feature=71 63 84 43 70 67 40 63 41 25
split_gain=2.10495e-06 4.65098e-07 1.05912e-07 7.91271e-08 1.7529e-08 8.34693e-09 4.74649e-09 5.73529e-10 3.35603e-11 3.0203e-12
threshold=-0.16160430034313275 0.095317395041392708 1.0593783796225538 0.87351600050211309 -0.15618993564922337 1.0000000180025095e-35 -1.0000000180025095e-35 0.13184610945243469 1.3095641668621947 -0.15186932484731736
decision_type=2 2 2 2 2 2 2 2 2 2
left_child=-1 -2 3 4 6 7 -3 -6 9 -9
right_child=1 2 -4 -5 5 -7 -8 8 -10 -11
leaf_value=4.0320935371103889e-05 -1.7394160568073858e-05 -4.9327872451006739e-06 5.6731101176410448e-06 -9.9000189948128536e-06 7.9342523046458575e-07 -2.2167950669427229e-06 -2.3018237698124705e-06 2.7225331796406225e-08 -1.3473237695886076e-07 9.3592507255380137e-08
leaf_weight=2.9999999999999991 4.9999999999999991 3 4.9999999999999991 2.9999999999999991 3.0000000000000062 4.9999999999999991 4.0000000000000027 3.0000000000000027 3 3.9999999999999956
leaf_count=3 5 3 5 3 3 5 4 3 3 4
internal_value=-2.60674e-13 -3.18323e-06 -1.03006e-06 -2.22706e-06 -1.3063e-06 -4.80658e-07 -3.42938e-06 1.87087e-07 5.18489e-09 6.51494e-08
internal_weight=41 38 33 28 25 18 7 13 10 7
internal_count=41 38 33 28 25 18 7 13 10 7
is_linear=0
shrinkage=0.05


Tree=296
num_leaves=11
num_cat=0
split_feature=67 36 85 26 71 61 19 24 32 0
split_gain=2.02123e-06 4.43542e-07 3.37398e-07 7.76252e-08 2.15728e-08 1.24285e-08 4.65202e-09 2.5641e-09 3.11118e-10 2.19896e-11
threshold=1.7108425301081198 -1.5994330797532534 -0.85435975191747338 -1.0790087864735085 -1.0000000180025095e-35 1.0000000180025095e-35 -0.40556643261357533 0.82316361326718435 1.0000000180025095e-35 -1.217507457785947
decision_type=2 2 2 2 2 2 2 2 2 2
left_child=1 -1 -3 -4 -5 6 -6 8 -8 -10
right_child=-2 2 3 4 5 -7 7 -9 9 -11
leaf_value=-2.20797616445149e-05 3.3764251656975834e-05 -1.8035178557814411e-05 7.1692084588903526e-06 -4.270183999324214e-06 1.4699018038299951e-06 -2.8517657301563305e-06 -5.4440248125805127e-07 -1.7592623568892415e-06 -5.4353271631649953e-08 1.168758433323093e-07
leaf_weight=2.9999999999999991 3.9999999999999991 2.9999999999999991 2.9999999999999991 5.0000000000000027 4.000000000000008 4.9999999999999991 2.9999999999999991 3.0000000000000009 3.0000000000000062 4.9999999999999938
leaf_count=3 4 3 3 5 4 5 3 3 3 5
internal_value=-1.25541e-13 -3.65019e-06 -2.02405e-06 -4.74587e-07 -1.29356e-06 -6.46474e-07 -3.38927e-08 -4.63548e-07 -1.10172e-07 5.26649e-08
internal_weight=41 37 34 31 28 23 18 14 11 8
internal_count=41 37 34 31 28 23 18 14 11 8
is_linear=0
shrinkage=0.05


Tree=297
num_leaves=12
num_cat=0
split_feature=31 52 11 79 37 36 63 7 41 61 65
split_gain=2.00698e-06 4.87588e-07 3.19659e-07 9.93132e-08 1.81541e-08 1.96135e-08 6.90463e-09 2.40307e-09 5.69155e-10 1.65427e-10 6.52201e-12
threshold=1.844318609866801 1.0840582693199898 -1.1974538801251808 1.1413775887177948 -0.23677806502199736 -0.52845248860071514 0.11486272365329754 -0.47676677398645534 -1.0000000180025095e-35 -0.109085032512417 -0.12927130117565461
decision_type=2 2 2 2 2 2 2 2 2 2 2
left_child=1 2 -1 4 -4 -6 7 -7 -9 10 -8
right_child=-2 -3 3 -5 5 6 9 8 -10 -11 -12
leaf_value=-1.7200635435680549e-05 3.3644957693468316e-05 -2.0123578909192475e-05 2.6253496438144424e-06 8.5476786921390164e-06 -4.6962622946011758e-06 -7.3251489993708655e-07 1.5646974892054734e-07 -2.9526501748478033e-06 -1.9786932777302943e-06 -3.3718818031047784e-07 6.3217363219791864e-08
leaf_weight=2.9999999999999991 3.9999999999999991 3.9999999999999991 3.0000000000000027 2.9999999999999991 4.0000000000000062 3 3.0000000000000044 3 3.0000000000000018 2.999999999999992 5.0000000000000009
leaf_count=3 4 4 3 3 4 3 3 3 3 3 5
internal_value=2.74122e-14 -3.63729e-06 -1.63895e-06 -8.27869e-08 -1.04173e-06 -1.50011e-06 -8.60882e-07 -1.88795e-06 -2.46567e-06 -2.05517e-08 9.8187e-08
internal_weight=41 37 33 30 27 24 20 9 6 11 8
internal_count=41 37 33 30 27 24 20 9 6 11 8
is_linear=0
shrinkage=0.05


Tree=298
num_leaves=11
num_cat=0
split_feature=45 52 31 26 61 71 71 36 59 40
split_gain=1.98828e-06 4.59142e-07 1.58143e-07 9.1699e-08 1.64272e-08 8.26387e-09 5.95586e-09 3.11817e-09 2.44544e-10 4.12098e-11
threshold=-1.4738893408630298 1.0840582693199898 1.844318609866801 -1.0790087864735085 1.0000000180025095e-35 0.30032957421783452 0.15617600107783722 -0.4884421823307819 0.21697052283566562 -0.80930564314367259
decision_type=2 2 2 2 2 2 2 2 2 2
left_child=-1 2 3 -2 6 -6 -5 -8 9 -9
right_child=1 -3 -4 4 5 -7 7 8 -10 -11
leaf_value=3.918752396809093e-05 8.1600609822392776e-06 -1.91174002338812e-05 -1.2170253709579509e-05 -1.7664604820311032e-06 -1.708051122477627e-06 -5.0274622481083491e-06 1.6679671906179751e-06 -1.2117972687519781e-07 -4.5348656101396041e-07 1.132266334025191e-07
leaf_weight=2.9999999999999991 2.9999999999999991 3.9999999999999991 2.9999999999999991 5.0000000000000098 5 3 3.0000000000000027 3.0000000000000027 4 4.999999999999992
leaf_count=3 3 4 3 5 5 3 3 3 4 5
internal_value=-6.50233e-14 -3.09375e-06 -1.20862e-06 -1.47813e-07 -1.03794e-06 -2.95283e-06 -2.71988e-07 2.2617e-07 -1.34279e-07 2.53242e-08
internal_weight=41 38 34 31 28 8 20 15 12 8
internal_count=41 38 34 31 28 8 20 15 12 8
is_linear=0
shrinkage=0.05


Tree=299
num_leaves=11
num_cat=0
split_feature=62 51 58 43 28 25 54 71 48 36
split_gain=1.85046e-06 5.20775e-07 1.27309e-07 2.66829e-08 2.16526e-08 1.19408e-08 7.37624e-09 4.12452e-09 3.58805e-10 1.48713e-10
threshold=1.1407379490150575 -1.1115438371884896 -1.3256438904594359 0.42793734227565744 1.0000000180025095e-35 -0.16637877782139571 -0.61123630519466554 0.14667245990519676 0.1300363569748603 -0.2324660938463031
decision_type=2 2 2 2 2 2 2 2 2 2
left_child=1 -1 -3 5 -5 -4 -7 -8 9 -9
right_child=-2 2 3 4 -6 6 7 8 -10 -11
leaf_value=-2.3903976155755421e-05 2.8502571476565213e-05 -1.1966195233981126e-05 2.0760014535881041e-06 -7.1493956056656321e-06 -1.1420897919833802e-06 -2.5797508078539941e-06 -2.0204246993671406e-06 7.6282623524548371e-08 5.258981711146286e-07 -3.3274310737851943e-07
leaf_weight=2.9999999999999991 4.9999999999999991 2.9999999999999991 4.0000000000000027 2.9999999999999991 3 5.0000000000000062 2.9999999999999991 5.0000000000000018 2.9999999999999991 3.9999999999999964
leaf_count=3 5 3 4 3 3 5 3 5 3 4
internal_value=-2.4609e-15 -3.95869e-06 -2.14548e-06 -1.16341e-06 -4.14574e-06 -4.17829e-07 -9.16595e-07 -3.62209e-07 5.23446e-08 -1.05507e-07
internal_weight=41 36 33 30 6 24 20 15 12 9
internal_count=41 36 33 30 6 24 20 15 12 9
is_linear=0
shrinkage=0.05


end of trees

feature_importances:
Column_60=119
Column_63=108
Column_45=97
Column_25=88
Column_67=85
Column_1=82
Column_26=80
Column_31=79
Column_61=72
Column_42=71
Column_34=70
Column_71=64
Column_78=64
Column_36=60
Column_37=59
Column_10=57
Column_43=57
Column_5=55
Column_51=54
Column_14=52
Column_84=51
Column_12=46
Column_58=46
Column_27=45
Column_6=44
Column_11=44
Column_70=42
Column_28=41
Column_39=41
Column_53=41
Column_24=40
Column_0=38
Column_8=38
Column_74=38
Column_3=37
Column_54=37
Column_62=37
Column_29=36
Column_48=34
Column_86=34
Column_17=33
Column_73=32
Column_13=31
Column_66=31
Column_21=30
Column_38=30
Column_2=28
Column_49=28
Column_68=28
Column_9=27
Column_30=26
Column_40=26
Column_16=25
Column_76=25
Column_79=25
Column_52=24
Column_55=24
Column_56=23
Column_18=21
Column_22=21
Column_47=21
Column_72=21
Column_85=21
Column_33=20
Column_41=20
Column_7=18
Column_32=18
Column_44=18
Column_81=16
Column_35=14
Column_4=13
Column_80=13
Column_87=13
Column_89=13
Column_19=11
Column_50=11
Column_59=11
Column_69=11
Column_15=10
Column_23=10
Column_64=10
Column_46=9
Column_82=9
Column_75=8
Column_65=7
Column_83=7
Column_57=6
Column_77=6
Column_88=6
Column_20=3

parameters:
[boosting: gbdt]
[objective: regression]
[metric: l1]
[tree_learner: serial]
[device_type: cpu]
[data_sample_strategy: bagging]
[data: ]
[valid: ]
[num_iterations: 300]
[learning_rate: 0.05]
[num_leaves: 31]
[num_threads: 0]
[seed: 0]
[deterministic: 0]
[force_col_wise: 0]
[force_row_wise: 0]
[histogram_pool_size: -1]
[max_depth: -1]
[min_data_in_leaf: 3]
[min_sum_hessian_in_leaf: 0.001]
[bagging_fraction: 1]
[pos_bagging_fraction: 1]
[neg_bagging_fraction: 1]
[bagging_freq: 0]
[bagging_seed: 3]
[bagging_by_query: 0]
[feature_fraction: 1]
[feature_fraction_bynode: 1]
[feature_fraction_seed: 2]
[extra_trees: 0]
[extra_seed: 6]
[early_stopping_round: 0]
[early_stopping_min_delta: 0]
[first_metric_only: 0]
[max_delta_step: 0]
[lambda_l1: 0]
[lambda_l2: 0]
[linear_lambda: 0]
[min_gain_to_split: 0]
[drop_rate: 0.1]
[max_drop: 50]
[skip_drop: 0.5]
[xgboost_dart_mode: 0]
[uniform_drop: 0]
[drop_seed: 4]
[top_rate: 0.2]
[other_rate: 0.1]
[min_data_per_group: 100]
[max_cat_threshold: 32]
[cat_l2: 10]
[cat_smooth: 10]
[max_cat_to_onehot: 4]
[top_k: 20]
[monotone_constraints: ]
[monotone_constraints_method: basic]
[monotone_penalty: 0]
[feature_contri: ]
[forcedsplits_filename: ]
[refit_decay_rate: 0.9]
[cegb_tradeoff: 1]
[cegb_penalty_split: 0]
[cegb_penalty_feature_lazy: ]
[cegb_penalty_feature_coupled: ]
[path_smooth: 0]
[interaction_constraints: ]
[verbosity: -1]
[saved_feature_importance_type: 0]
[use_quantized_grad: 0]
[num_grad_quant_bins: 4]
[quant_train_renew_leaf: 0]
[stochastic_rounding: 1]
[linear_tree: 0]
[max_bin: 255]
[max_bin_by_feature: ]
[min_data_in_bin: 3]
[bin_construct_sample_cnt: 200000]
[data_random_seed: 1]
[is_enable_sparse: 1]
[enable_bundle: 1]
[use_missing: 1]
[zero_as_missing: 0]
[feature_pre_filter: 1]
[pre_partition: 0]
[two_round: 0]
[header: 0]
[label_column: ]
[weight_column: ]
[group_column: ]
[ignore_column: ]
[categorical_feature: ]
[forcedbins_filename: ]
[precise_float_parser: 0]
[parser_config_file: ]
[objective_seed: 5]
[num_class: 1]
[is_unbalance: 0]
[scale_pos_weight: 1]
[sigmoid: 1]
[boost_from_average: 1]
[reg_sqrt: 0]
[alpha: 0.9]
[fair_c: 1]
[poisson_max_delta_step: 0.7]
[tweedie_variance_power: 1.5]
[lambdarank_truncation_level: 30]
[lambdarank_norm: 1]
[label_gain: ]
[lambdarank_position_bias_regularization: 0]
[eval_at: ]
[multi_error_top_k: 1]
[auc_mu_weights: ]
[num_machines: 1]
[local_listen_port: 12400]
[time_out: 120]
[machine_list_filename: ]
[machines: ]
[gpu_platform_id: -1]
[gpu_device_id: -1]
[gpu_use_dp: 0]
[num_gpu: 1]

end of parameters

pandas_categorical:null
